:020000022000DC
:107000000000042015BD030055BD030057BD03005B
:1070100059BD03005BBD03005DBD0300000000001F
:1070200000000000000000000000000091BC030010
:1070300061BD030000000000B1BC030065BD03009A
:10704000DDBE030067BD0300D19103006585030029
:1070500067BD030067BD03001996030067BD030009
:1070600067BD030067BD030067BD030067BD030084
:1070700067BD030067BD030067BD030067BD030074
:1070800067BD030015BA030067BD030067BD0300B9
:1070900067BD030067BD030067BD030067BD030054
:1070A00067BD030067BD030067BD030067BD030044
:1070B00067BD030067BD0300000000000000000082
:1070C00067BD030067BD030067BD0300C9C40300BB
:1070D00067BD030067BD030067BD0300F17C0200CC
:1070E0001D92030067BD030067BD030000000000A0
:1070F0000000000067BD03000000000041C5030060
:10710000000000000000000000000000000000007F
:10711000000000000000000000000000000000006F
:10712000000000000000000000000000000000005F
:10713000000000000000000000000000000000004F
:10714000000000000000000000000000000000003F
:10715000000000000000000000000000000000002F
:10716000000000000000000000000000000000001F
:10717000000000000000000000000000000000000F
:1071800000000000000000000000000000000000FF
:1071900000000000000000000000000000000000EF
:1071A00000000000000000000000000000000000DF
:1071B00000000000000000000000000000000000CF
:1071C00000000000000000000000000000000000BF
:1071D00000000000000000000000000000000000AF
:1071E000000000000000000000000000000000009F
:1071F000000000000000000000000000000000008F
:10720000F1EE103A43F08073E1EE103A704700BFA0
:1072100010B5054C237833B9044B13B10448AFF3D0
:1072200000800123237010BD1C64002000000000BA
:10723000B814040008B5034B1BB103490348AFF36E
:10724000008008BD0000000020640020B814040085
:10725000154B002B08BF134B9D46A3F5803A002128
:107260008B460F461348144A121A16F0BDFE0F4BF8
:10727000002B00D098470E4B002B00D098470020E1
:10728000002104000D000D48002802D00C48AFF387
:10729000008016F0EBFD2000290014F08DFD16F0A3
:1072A000D1FD00BF00000800000004200000000025
:1072B000000000001C640020109900200000000065
:1072C000000000000146014800F08EBA546400201E
:1072D00038B5064B1D783DB100242046013400F03E
:1072E00049FEE0B28542F9D838BD00BF50640020A5
:1072F000407DFF2806D010B500F088FD044618B187
:10730000204610BD0020704715F096FA204610BDAB
:10731000407DFF280ED000B583B00DF1070100F0CD
:10732000C9FD20B19DF8070003B05DF804FB4FF0E4
:10733000FF30F9E74FF0FF30704700BF407DFF2876
:1073400011D000B583B001220DF1070100F06AFDF4
:1073500020B94FF0FF3003B05DF804FB9DF8070043
:1073600003B05DF804FB4FF0FF307047407DFF280D
:1073700001D000F0FFBD7047407DFF2801D000F034
:107380003FBE0020704700BFF8B50646407DFF288D
:107390001CD017465AB10D46144600F011FD29467F
:1073A000224680B1707D00F08FFD241A01D138464D
:1073B000F8BD054415F040FA707D00F001FD294646
:1073C00022460028EED13F1B3846F1E70020F8BDE9
:1073D0000AB32DE9F043524991F81C6191F81D510F
:1073E00091F81E7193B0994614467B1CAA1C8046E6
:1073F000B01C81F81C0181F81D2181F81E3101A803
:107400004222002116F0F0FDB9F1410F05D800200D
:1074100013B0BDE8F083422070478DF806608DF808
:107420000E608DF82660721C40F20126D2B2ADF8D3
:107430001060DFF8F0C08DF81E20242640F6083ECC
:107440006B1C8DF827208DF83120ADF804E08DF805
:1074500016608DF820608DF82460CDF818C00426E1
:107460004FF0060C65F07F0540F209424FF0010E27
:1074700098F81410ADF80C208DF81CE005228DF85A
:107480001F608DF830608DF822C040F207568DF8ED
:1074900025C08DF82A5020464FF0030E63F07F047C
:1074A0004FF0080C02234FF411658DF814108DF87D
:1074B00007308DF808308DF809308DF812308DF8CE
:1074C00021308DF815208DF823208DF82BE08DF8D4
:1074D0002CC04FF00A0EADF82E504FF0400C01A911
:1074E000ADF8286007258DF833308DF840208DF8F1
:1074F0004140422244F20204ADF838608DF83B303E
:107500008DF83A708DF834E08DF83CC08DF83F501E
:10751000ADF8424016F044FD422013B0BDE8F083C0
:107520005464002020010524A0F11000FFF750BF93
:1075300070B50368184A5B6882B093428DF80710F3
:1075400024D10546407DFF281DD000F039FC0DF107
:10755000070601243146224688B1687D00F0B4FC5C
:10756000241A02D1012002B070BD064415F064F95E
:10757000687D00F025FC314622460028EDD1C4F19B
:10758000010002B070BD002002B070BD01220DF1FB
:107590000701984702B070BD89730200437DFF2B3D
:1075A00000D07047094B1A78002AFAD110B500F1C3
:1075B000100442750649204601221A7000F0E0F9D5
:1075C00021460448BDE8104000F0F0B850640020A7
:1075D0003C02040054640020407DFF2807D000B521
:1075E00083B000F0EDFB20B103B05DF804FB002098
:1075F0007047019015F020F9019803B05DF804FB85
:1076000001B900B1704700B583B0694600F0EEFBE8
:10761000009BB3F5966F02D003B05DF804FB00F059
:107620007DFBF9E730B4084B084A4FF47F4102F183
:107630000805002430324FF47A7099821D60C3E946
:1076400001401A6130BC7047386400204C020400CD
:107650002DE9F0410024484E2546435D4719A3B16A
:1076600003F14002D2B2012A0AD9F42B08D81A0633
:107670000ED44FF0010EA3F55842B2F5006F56D26A
:1076800001354719435D002BEAD12046BDE8F08162
:1076900003F0E002C02A57D003F0F002E02A66D0DF
:1076A00003F0F802F02AEBD103F007024FF0040ECA
:1076B0007B7803F0C00CBCF1800FE1D197F802C0D9
:1076C0000CF0C00803F03F03B8F1800F43EA8213C7
:1076D000D6D10CF03F0CBEF1030F4CEA83132DD032
:1076E000FA7802F0C007802FCAD102F03F0242EAC6
:1076F0008313A3F58032B242C2D8A3F55847B7F539
:10770000006FBDD3B3F5803F05F1040510D31E2CE7
:10771000BBDC6300970A0B44C2F30902A7F52057AC
:10772000A2F5105221F814705A80023495E775447E
:10773000202CAAD021F8143001348EE7A3F5006282
:10774000B2F5784F97D39BE77A7802F0C007802F85
:1077500003F01F0394D102F03F0242EA8313A3F126
:107760008002B2F5F06F8BD24FF0020E83E703F088
:107770000F024FF0030E9BE7FFFF0F0090F8503110
:107780000B2B0CD871B103F1480210B45C1C80F8CB
:10779000504140F822105DF8044B18467047002312
:1077A000184670470B461846704700BF70B5044630
:1077B0000E68B4F81821B4F81A31656936689B1A56
:1077C00008469BB294F81C112A44B04758B1B4F84B
:1077D00018216369104480B2A4F81801588094F805
:1077E0001C211A71012070BD2DE9F043284DDFF8EE
:1077F000B090AC4604468846BCE80F0089B003AFA1
:107800000FC703AE0FCE05F1140E25460FC59EE837
:107810000700DCF800303B806B4636682E8003C3DF
:107820006B4603CB012504F118034FF480766361A6
:10783000A061E16184F8202004F59870C4F81891E3
:107840002022A4F81C61002184F81E5116F0CCFB04
:1078500040F20947042240F2EF230E4E0E48C4F8CE
:1078600028010021C4F82C1184F85021A3804FF482
:10787000E131A571C4F82071C4F824610748FFF70D
:107880008DFE404600F038FA284609B0BDE8F08386
:1078900080020400B0020400B80204003864002032
:1078A000090000010048704754640020014B5869EA
:1078B000704700BF546400202DE9F04F89B0F8B143
:1078C000032816D02B4C94F8503183424FD94830BE
:1078D00004F5AA7154F82000FFF7BAFEC0B20130D7
:1078E000400040F44070A4F85201234809B0BDE8BC
:1078F000F08F204CD4F82C0150B104F5AA71EBE7BD
:107900001C4CD4F82031A4F854314FF44170EAE70C
:10791000684600F005FA054610B300F1FF3A0DF194
:107920000103164FE94653FA8AFAA64604AE97E8D1
:107930000F0019F801CB86E80F000CF00F080DF1CD
:10794000200BD8440BEB1C1C18F8108C1CF8103CB6
:10795000AEF85681D145AEF854310EF1040EE6D1A1
:107960006800C0B20130400040F44070BBE7002026
:10797000BCE700BF54640020A6650020A0020400FC
:1079800010B504460248FFF7F9FE207110BD00BF94
:107990005464002030B5144C236883B013B31868C6
:1079A00051B90AF0DFFA236893F90400012103B00A
:1079B000BDE8304015F0B6BA0C4B0093002501230A
:1079C0008DF805308DF8045002AB13E906000AF07B
:1079D00065FA236893F90400294603B0BDE83040F6
:1079E00015F0A0BA03B030BDE865002080BA8C0164
:1079F0000448006828B108B500680AF0B9FA012007
:107A000008BD7047E8650020084B1B6843B141B9C9
:107A1000074B4022C3F88020BFF34F8FBFF36F8F17
:107A20007047034B40221A60704700BFE865002092
:107A300000E100E0024B53F8200000B1C06870473D
:107A4000EC65002030B4094CBDF8085054F82040D3
:107A500044B1246934B10846A44611461A462B465F
:107A600030BC6047002030BC704700BFEC65002090
:107A700030B4084CBDF8085054F8204044B1646953
:107A800034B10846A44611461A462B4630BC60471E
:107A900030BC7047EC65002000207047024B18682E
:107AA00008B190F860007047F46500202DE9F843B4
:107AB000234C2568002D3CD01E462C2303FB00538D
:107AC0001746D3F8209088460446B9F1000F32D00B
:107AD000484616F0C3FF2C2303FB0454D4E9095491
:107AE000DFF864C0174B08280246494628BF082221
:107AF0004046002D08BF6546002C08BF1C4616F006
:107B00004FFA284616F0AAFF10280246294628BF39
:107B10001022384616F044FA204616F09FFF04283B
:107B200002462146304628BF0422BDE8F84316F03D
:107B300037BABDE8F883DFF814900820CBE700BF20
:107B4000F4650020E4020400D4020400C80204002A
:107B500070B5104E3368D3B12C2404FB00340546B5
:107B600062691AB19047336884F832002C2202FB14
:107B7000053393F8324014B10124204670BD2846E5
:107B800023463A22022101F0E7F8204670BD1C4648
:107B9000204670BDF4650020074B1B6853B110B43C
:107BA0002C2404FB0030C46A038E0C6013805DF843
:107BB000044B7047704700BFF465002008B52022D1
:107BC0000023052101F0C8F84FF0FF3008BD00BFC9
:107BD00030B4094C24685CB10D4611462C2202FBDE
:107BE0000044E46924B11A462846234630BC1847AD
:107BF000012030BC704700BFF465002030B4094C50
:107C0000029A246854B10D462C2101FB0044A4685B
:107C100024B119462846234630BC18474FF0FF30A0
:107C200030BC7047F465002030B4094C029A2468D7
:107C300054B10D462C2101FB0044E46824B11946DF
:107C40002846234630BC18474FF0FF3030BC704701
:107C5000F4650020044B1B682BB12C2202FB003082
:107C6000036903B118477047F4650020054B1B6892
:107C70002BB12C2202FB0030836903B1184701208D
:107C8000704700BFF465002005F0DCBB00B5164B63
:107C900083B04022002483F8272301A90123204632
:107CA0008DF804308DF8054002F0DAFE4FF0804385
:107CB00002A8D3F8385400F8084D14F0C9F80B4B5B
:107CC000019301A814F0F0F814F000F9EB0707D4C1
:107CD00000214FF0FF3002F04DFFFFF7F9FAF7E710
:107CE000204605F0AFFBF3E700E100E0897C0200ED
:107CF000002005F01DB800BF00B5002383B00322AB
:107D0000CDE9002303490448C82212F043FE03B022
:107D10005DF804FBE80204008D7C020014F040BF13
:107D20004FF08052536E1BBA0360136E1BBA436050
:107D30000820704700487047F002040070B51E4CE0
:107D40002368D3B1012901D0012070BD1578C5F396
:107D50004115012D13D0022D0FD15478012C21D0C3
:107D6000022CF1D19388072B07D1144C114623899B
:107D70002246BDE8704003F035BE002070BD51784A
:107D80002229E1D111465288003218BF01225A75CA
:107D900003F010FE2268D369002BD5D0507D9847A0
:107DA000284670BD9C69002CE7D0114623782246F6
:107DB000BDE8704003F016BEF865002004600020A6
:107DC00010B5044602F034FE08B9002010BD02F0E0
:107DD00037FE0028F9D1044B4FF4367202FB04340D
:107DE000207900F0010010BD7C660020064A4FF4A7
:107DF000367303FB00230833186808609A889B7960
:107E00008B718A80704700BF7C66002008B5044AE9
:107E10004FF4367303FB0020103002F055FC08BD10
:107E20007C6600202DE9F8434FF4367404FB00F41F
:107E30001E4E4FF6FF73074604F110054FF6FE7015
:107E4000824288BF1A463544284692B202F066FC48
:107E5000804602F0EDFD10B94046BDE8F88302F01F
:107E6000EFFD81460028F7D13444E378002BF3D0AE
:107E7000284602F041FC3F28EED9E178484603F05D
:107E8000E7FC0028E8D0284602F036FC3F2804D85A
:107E9000E178484603F0ECFCDEE7054AE178484625
:107EA00002EBC712402303F0F3FCD5E77C66002009
:107EB000FC650020034A4FF4367303FB00201030AA
:107EC00002F096BC7C6600202DE9F8434FF436752D
:107ED00005FB00F5244F4FF6FF73064605F1240419
:107EE0004FF6FE70824288BF1A463C4492B220464A
:107EF00002F0B8FC8046204602F0E6FB3F2802D89C
:107F00004046BDE8F88302F093FD0028F8D002F067
:107F100097FD81460028F3D1204602F0D5FB0028CA
:107F2000EED03D444846A97803F092FC0028E7D003
:107F30000E4B402202EBC6161E442046314602F08C
:107F4000EDFB034660B13246A978484603F0A0FC39
:107F50000028D5D1064B1B68DB07D1D500BECFE783
:107F6000A97803F085FCCBE77C660020FC65002047
:107F7000F0ED00E02DE9F041804602F059FD10B926
:107F80000020BDE8F08102F05BFD07460028F7D134
:107F90004FF4367404FB08F4164E04F124053544FE
:107FA000284602F091FB0028EAD026443846B178F2
:107FB00003F04EFC0028E3D040220F4B02EBC81820
:107FC00098442846414602F0A9FB044660B1424667
:107FD000B1783846234603F05BFC40B9074B1B6879
:107FE000DB07CDD500BECCE7B17803F041FC2046DD
:107FF000C7E700BF7C660020FC650020F0ED00E0D4
:1080000008B5044A4FF4367303FB0020243002F015
:1080100073FB08BD7C66002070B5204C82B0002147
:108020004FF4367220460D4615F0DEFFFF234FF465
:10803000E132082604F138016371A26001234FF494
:108040008072009504F11000A67302F001FB144B3E
:108050001B78C3F38003009304F59C7101234FF454
:10806000807204F1240002F0F3FA04F50E7101208D
:1080700011F0D4FE04F522710646012011F0CEFE67
:1080800006B130B9074B1B68DB0700D500BE02B054
:1080900070BDC4E90756C4E90C05F8E77C6600200A
:1080A000B8600020F0ED00E038B5094C206A256B7F
:1080B00020B112F0D7FA0023C4E907332DB12846C6
:1080C00012F0D0FA0023C4E90C33012038BD00BF00
:1080D0007C66002010B50E4C0E482378002202600A
:1080E0000271DA0709D59B070DD521780A48C1F33B
:1080F0008001BDE8104002F063BC103002F040FC8B
:1081000023789B07F1D4044802F03AFCEDE700BF66
:10811000B86000207C660020A06600202DE9F041B8
:108120004B79022B82B004D00025284602B0BDE86E
:10813000F0818B79022BF7D1364EB3782BB1364BC9
:108140001B68DB07F0D500BEEEE78B7833700C7848
:108150000C4407466378242B4FF009050BD1082AFD
:1081600002D822E0AA4220D323781C441D4463781D
:10817000242BADB2F6D0052B38D0042B15D1637962
:108180000A2B12D1254A94F8008001920223013271
:108190000092384604EB08011A4603F095FA0028CD
:1081A000CDD00E3518FA85F5ADB202F041FC0028AD
:1081B000BBD002F045FC04460028B6D1F378002B72
:1081C000B3D0174802F098FA3F28AED9F17820468C
:1081D00003F03EFB0028A8D0114802F08DFA3F289A
:1081E000F17811D8204603F043FB9EE7214638463C
:1081F00003F00AFB0028A2D0A378737023781C44F4
:108200001D44ADB26378B8E7064A2046402303F028
:108210003FFB8AE77C660020F0ED00E07E660020F0
:108220008C660020FC65002038B5137803F06003ED
:10823000202B01D0002038BD294C938825789D4201
:10824000F8D15378203B032BF4D8DFE803F008156E
:108250001E02012936D0032939D0012038BD012959
:108260000CD00329F9D11F4B002BF6D01E4900205A
:10827000AFF30080012038BD0129EED1114607235C
:10828000194A03F0AFFB012038BD01291AD0032998
:10829000E3D1164B55881B781548257113F004015E
:1082A0001CBFE94301F0010102F08AFB114B002BD6
:1082B000D3D0C5F3400205F001010020FFF7A0F97B
:1082C000012038BD114603F075FB012038BD0A4B73
:1082D000002BC2D051880020AFF30080BDE700BF63
:1082E0007C6600200000000084660020B86000204A
:1082F000A066002001760200000000002DE9F04792
:108300005F4CE2788A420D4680461F4659D15D4E49
:108310009AB2314604F1100002F0A4FA5A4BC3B1EC
:108320006379FF2B15D0A7B106EB070A04F11009FA
:1083300002E056450DD0637916F8012B9A42F8D128
:10834000484602F0D1F90028F3D16179AFF30080FB
:10835000EFE74E4B23B14E4802F0C6F9002863D038
:1083600002F066FB002862D1A3789D4202D0012072
:10837000BDE8F087474B13B10020AFF3008002F057
:1083800057FB00282BD1444802F09EF90028EED17B
:10839000002FECD017F03F07E9D1A178404603F059
:1083A00057FA0028E3D0A17840463B463A4603F00E
:1083B0006FFA0028DBD1394B1B68DA070CD500BEF9
:1083C000D6E7A3788B42D5D0344B1B68DB0703D5A7
:1083D00000BE0020BDE8F0870020BDE8F08702F075
:1083E0002FFB05460028CED12B4802F06DF900285E
:1083F000C9D0A178284603F02BFA0028C3D0402228
:108400002749254802F08AF9034600282CD028463F
:10841000234AA17803F03CFA0028A8D11F4B1B681F
:10842000D907B0D500BEAEE7AFF3008098E702F001
:1084300007FB0646002897D1E378002B94D0144818
:1084400002F05AF93F288FD9E178304603F000FA5C
:10845000002889D00E4802F04FF93F28304607D84F
:10846000E17803F005FA7FE7A17803F001FA8AE7E3
:108470004023044AE17803F00BFAA37875E700BFC4
:108480007C660020FC650020000000000000000069
:108490008C66002000000000A0660020F0ED00E0E7
:1084A0003C660020704700BF01207047704700BF46
:1084B000704700BF044B0022C3E90022C3E9022237
:1084C000C3E90422704700BFD46A0020012070472E
:1084D000044B0022C3E90022C3E90222C3E90422BB
:1084E000704700BFD46A00202DE9F0434B79032B7D
:1084F00083B004D00024204603B0BDE8F0830B799C
:10850000C3EBC3041234A4B2944205D9254B1B68B3
:10851000DA07EFD500BEEDE7234A5578002D3ED0AF
:10852000557B002DF2D102F10C054FF4A0770E78A7
:108530008A1992F801C0BCF1210FE7D1AA608946DF
:10854000895D80466E1CA81C1144CDE900061A46C0
:108550004046032303F0B8F80028D7D099F8063036
:10856000A978012B04BF99F80730EB700123AB7198
:1085700099F80220AB682A70B3F80730AB80002965
:10858000B9D00A4A40463A44402303F081F9002812
:10859000B1D1044B1B68DB07ADD500BEABE7154678
:1085A0008027C4E7F0ED00E0D46A00205469002081
:1085B0002DE9F047137803F01F06012E82B003D097
:1085C000002002B0BDE8F087DFF80882978898F8AD
:1085D0000040FFB2BC4200F0B08098F80C40BC42B2
:1085E000EED13746B4464FF0C00E4FF0130A4FF0AD
:1085F000120913F060030C460546164604D1012902
:1086000000F0A4800120DCE7202BD9D15378013B76
:108610000A2BD5D801A252F823F000BFF186020040
:10862000E7860200D1860200C1850200C1850200F2
:10863000C1850200C1850200C18502009186020049
:10864000698602004986020001291BD00329D9D17D
:1086500073880C2606FB0786DBB260461946B371A9
:10866000FFF720FF0120ACE70129CBD173880C2252
:1086700002FB07871B0A60461946FB71FFF714FFD0
:1086800000289DD03146284603F094F9012098E750
:10869000012900F086800329B4D1F48871884B4BFE
:1086A000402C4FEA1122204628BF402011F0FF0144
:1086B000734407D0012C05D91C788C4202D10138B3
:1086C00080B2013300906046FFF7D2F9012078E7CD
:1086D000012997D108EB090231462846234603F0C9
:1086E00081F920466DE701298CD108EB0A02F3E7F6
:1086F000012987D1F3887188344F402B4FEA11222A
:10870000184628BF402011F0FF01774454D0012BB8
:1087100052D9013880B239707B1C00906046FFF757
:1087200091F90444A3B2002B49D1294A1268D20717
:108730007FF546AF00BE184643E74FF0000E774680
:10874000F4464FF0070A4FF0060952E75378062B1C
:108750007FF436AF53881B0A212B12D0222B7FF4D3
:108760002FAF6046FFF766F97B001F4408EB8708D0
:10877000024631462846B8F8043003F033F9204663
:108780001FE77B001F4408EB8708D8F80820002A61
:108790003FF416AF1378314602B0BDE8F04703F05E
:1087A00021B9F388402B3FF60BAF084A314672449B
:1087B00003F018F9204604E73B460024ADE73A46AB
:1087C0003146284603F00EF90120FAE654690020EC
:1087D000F0ED00E0D46A0020F0B52C4CA678657866
:1087E0008E4283B0074610D0A9422CD0A07B657B77
:1087F00088423FD0A94244D0254B1B68DA0702D4F7
:10880000002003B0F0BD00BEFAE780264FF0400C18
:108810000020A9429BB21AD01E4D3544FAB90093EC
:1088200011462B460222FFF723F92A46A178384643
:10883000402303F02DF80028E3D1154B1B68DB071C
:10884000DED500BEDDE74FF0400C00209BB21149A1
:1088500061444AB91A46FFF729FE0120D1E72A46AA
:108860000221FFF725FEE0E70A460121FFF720FE7F
:108870000120C6E70C344FF4A0764FF4807C012031
:10888000C7E74FF4807C0120E0E700BFD46A0020F6
:10889000F0ED00E05469002070B5194C82B0002161
:1088A0000D464FF4EC72204615F09EFB04F13801A2
:1088B0000123802204F11000009501F0C9FE04F1AB
:1088C000B80101238022009504F1240001F0C0FECC
:1088D00004F59C71012011F0A1FA04F5C47106465B
:1088E000012011F09BFA30B9064B1B68DB0700D55D
:1088F00000BE02B070BDC4E90756C4E90C05F8E734
:108900006C6B0020F0ED00E038B5094C206A256B57
:1089100020B111F0A7FE0023C4E907332DB128468A
:1089200011F0A0FE0023C4E90C33012038BD00BFC4
:108930006C6B002010B5084C002304F11000C4E952
:108940000033C4E9023302F01BF804F12400BDE84F
:10895000104002F015B800BF6C6B00202DE9F04309
:108960004B79012B83B004D00025284603B0BDE825
:10897000F0838B79012B0C46064616D049780429E2
:10898000F2D10025032BEFD1E379002BECD1DFF8F6
:10899000FC8098F8013013B998F802700FB3384B87
:1089A0001B68DB07E0D500BEDEE7CB79002BDBD10F
:1089B0000B781C449DB2617824290BD1954202D9D1
:1089C000D2E7AA42D0D323781C442B4461782429CF
:1089D0009DB2F6D00429C7D16379012BC4D1A37904
:1089E000D0E7A37888F8003094F8009021794D44BE
:1089F000ADB2A14439B925E099F800308F421D4449
:108A0000ADB299441ED2AA421CD399F80130052B6D
:108A1000F2D149463046019202F0F6FE019A002852
:108A2000BDD099F80230D90914BF88F8013088F810
:108A3000023099F80030217901371D44FFB2ADB200
:108A40009944D9E70F4801F057FE3F288DD998F88F
:108A50000210002002F0FCFE002886D0094801F038
:108A60004BFE3F2898F8021003D8002002F000FFC8
:108A70007BE7054A4023002002F00AFF75E700BFAC
:108A8000F0ED00E07C6B00202C6B00206C6B002074
:108A900000207047F8B53C4DAA788A421F4612D193
:108AA0009AB23A4905F1100001F0DCFE384B13B1DF
:108AB0000020AFF30080374801F01EFE3F282CD87D
:108AC00001242046F8BD6B788B4208D0324B1C68DD
:108AD00014F00104F5D000BE00242046F8BD06467F
:108AE00005F1240001F0F0FD40BB2C4801F0ECFD45
:108AF0000028E5D1002FE3D017F03F07E0D16978D7
:108B0000304602F0A5FE04460028D9D069783046E8
:108B10003B463A4602F0BCFED3E7A978002002F0BB
:108B200097FE04460028CBD01A4801F0E5FD3F2807
:108B3000A9781ED8002002F09BFEC2E769780020C9
:108B400002F086FE0028D0D04022154905F124000D
:108B500001F0E4FD034690B1114A6978002002F06B
:108B600097FE0028ACD10C4B1B68DB07BDD500BEBF
:108B7000BBE7064A4023002002F08AFEA1E769789D
:108B800002F076FEB1E700BF6C6B00202C6B00207A
:108B9000000000007C6B0020F0ED00E0906B0020F6
:108BA000EC6A002030B4114B9C689A6B93F83C50EF
:108BB00083F82C10A21A022183F830109A6225B98A
:108BC00042F2050183F83E50998744B13AB11A7BCD
:108BD000D20906D193F82F1030BC02F099BE30BCF8
:108BE000704793F82E1030BC02F092BE446F002004
:108BF00038B5214B214C05461BB1607BFFF736F899
:108C0000A8B1A06BA36894F82F101D4A1B1AB3F5E6
:108C1000007F28BF4FF4007328469BB202F038FE55
:108C200020B9184B1B68DB0700D500BE38BDA26811
:108C3000A36B84F83E0042F20771D31A0120A1878A
:108C40000221A36284F82C0084F83010002AEDD0B1
:108C5000002BEBD0237BDB0906D194F82F1028469C
:108C6000BDE8384002F054BE94F82E102846BDE806
:108C7000384002F04DBE00BF6D7C0200446F002002
:108C8000446D0020F0ED00E070B5304CE28AA3683E
:108C900052BA92B286B0054612B1B3FBF2F292B26A
:108CA000A66BD4F81110607B9B1BB3F5007F28BF27
:108CB0004FF4007309BA0093B6FBF2F302FB1362A0
:108CC0001944234BFEF79AFF031E20DB94F82E2055
:108CD0000DD011469BB228461D4A02F0D9FDA0B91D
:108CE0001C4B1B68DB0710D500BE06B070BD072407
:108CF000194603A88DF80C508DF8102005938DF8B7
:108D000011308DF80D4002F0B7FB06B070BDA268BF
:108D1000A36B43F602200021D31AA08784F83E10EB
:108D200001200221A36284F82C0084F83010002A6C
:108D3000EBD0002BE9D0237BDB0914BF94F82E1075
:108D400094F82F10284602F0E3FDDEE7446F002080
:108D5000446D0020F0ED00E010B4054C012084F8D3
:108D60003C1084F83D2084F83E305DF8044B704799
:108D7000446F002040220021014815F035B900BFA2
:108D8000446F002040220021014815F02DB900BF9A
:108D9000446F00204B79082B01D0002070478B795D
:108DA000062BFAD1CB79502BF7D1162A06D81C4BBB
:108DB0001B68D907F1D500BE0020704770B5194D6A
:108DC0008B7885F82D300B7882B005F12F0205F1F4
:108DD0002E0619440223CDE900261A46044602F065
:108DE00073FC48B90E4B1B68DA0702D500BE02B00F
:108DF00070BD002002B070BD204695F82F100A4AC1
:108E000000241F2385F8304002F042FD30B9044BA6
:108E10001B68DB0702D500BE1720E8E71720E6E74E
:108E2000F0ED00E0446F0020446D0020012901D0E6
:108E300001207047F0B5137803F07F01022985B057
:108E4000054606D003F06003202B1AD0002005B0A1
:108E5000F0BD5478012CF5D15388002BF6D1434E48
:108E6000918896F83030042BC9B279D096F82E400C
:108E70008C423DD096F82F408C4257D0012005B04F
:108E8000F0BD5378FE2B16D0FF2BDFD15388002B7B
:108E9000DCD1D488A3B2002BD8D1344E1146284659
:108EA00086F83030C6E90D33B48786F83E3002F0DC
:108EB00081FD0120CBE75388002BC7D1D388012B3C
:108EC000C4D12B498DF80F3000294DD00192FEF707
:108ED000E5FD019A0028B9D0431EDBB204AC11466F
:108EE00004F8013D28462246012302F07BFDC5E738
:108EF000022BC3D1B26BB3681E4F9B1AB36206F14B
:108F000020030FCB07C73A46214602F80C39032449
:108F100028460D2386F8304002F0BAFC0028ADD177
:108F2000154B1B68DB0791D500BE90E7002BA5D140
:108F3000214602F0DFFC0028A0D12146284602F09D
:108F400005FD00289AD1002496F82F10094A86F8CA
:108F5000304028461F2302F09BFC0028E0D08DE71C
:108F600002F0D6FC204672E70B46B7E7446F0020BC
:108F70009D7A0200446D0020F0ED00E02DE9F04103
:108F8000B44C94F83050012D8EB01E46074645D0A3
:108F900028D3032D05D0022D5FD001200EB0BDE8EF
:108FA000F08194F82E308B42F7D10D2EF5D1E37B72
:108FB000282B00F01A812A2B40F00D81A64B13B10B
:108FC000607BFEF747FE002594F82F10A34A84F833
:108FD00030501F23384602F05BFC002861D094F823
:108FE0003050D8E794F82F508D42D6D11F2B06D1A0
:108FF000DFF868829A4BD8F800209A4271D0042397
:1090000094F82E1084F83030384602F081FC38464F
:1090100094F82F1002F07CFC0020BFE7B3F5007F2E
:1090200008D9904B1B68D90700D500BE00200EB0B0
:10903000BDE8F081E27BA36B282A00F087802A2A12
:1090400000F08F80217B626B1E44CB09A66336D073
:1090500096422CD3022384F8303094F82E103846F0
:1090600002F074FC002898D1A368A26B94F82E60DB
:10907000934202D9217BC9092ED19B1A7A4AA36255
:109080000FCA764D07C52A46314602F80C3903252A
:1090900038460D2384F8305002F0FAFB00287FF4A4
:1090A0007CAF704B1B68DB07C0D500BE76E76D4B0D
:1090B0001B68DA0793D500BE94F830506BE793B283
:1090C000607B664A04F10F01FEF778FD0028C0F2CC
:1090D0009F80A66B626BBBE73146384602F018FCF6
:1090E0005BE7C446BCE80F0026460FC69CE80F00AD
:1090F00007C626F8023B1B0C3370D4E90123E17B41
:109100005A4E626201200022282963632662A2620D
:1091100084F82C20A26384F8300000F0AD802A2966
:1091200000F0DF80002B00F0EF80227BD20940F0BE
:10913000EB80B3F5007F00F26F819BB22946474A6E
:10914000384602F0A5FB0028ABD048E7626B1E440E
:109150009642A663BFF47EAFFFF796FD94F83050B9
:1091600019E7E28A52BA92B21AB1A168B1FBF2F2DF
:1091700092B2D4F81110394DB3FBF2FC09BA02FBDC
:109180001C32607B009661442B46FEF74DFD0028A3
:10919000C0F2FB81864230D9361A40B1A36B291840
:1091A00013FA80F332462846A36314F004FF002329
:1091B00094F82F508DF818500722194605A88DF8FD
:1091C000147007968DF819308DF8152002F054F9B7
:1091D00094F83050DFE6264B002B3FF4F4AE04F158
:1091E0000F01607BAFF30080EDE6224B002B3FF4D4
:1091F000EAAE607BAFF30080E5E6D4E90D231E44C0
:109200009642A663BFF426AF3846FFF7F1FCE6E6C8
:10921000A368A66B94F83C1084F82C509A1B02208B
:10922000A26284F8300021B942F2050084F83E10B1
:10923000A087002B3FF44EAF002A3FF44BAF237BB7
:10924000DB0940F0E58194F82F10384602F060FB0E
:109250003FE700BF446F0020557C0200446D0020B2
:1092600055534243F0ED00E0646F002055534253E4
:109270000000000000000000E28A52BA92B20BBB6C
:10928000002A3FF4E7AE94F83C10A362022284F86F
:109290002C2084F8302000297FF4DFAE42F2050153
:1092A0000022A18784F83E20002B3FF4D6AE237B1A
:1092B000DB0940F09A812946384602F029FB94F8F0
:1092C000305068E6207BC00913D0002A00F080816E
:1092D000B3FBF2F2002A00F0A3812829384694D18A
:1092E0003AE7E28A52BA92B2002BC9D0207BC00979
:1092F000EBD094F83C10A362022284F82C2084F86E
:1093000030200029CAD0D2E7667B252900F22B81C4
:10931000DFE811F0220129012901E50029012901D5
:1093200029012901290129012901290129012901ED
:109330002901290129012901BD002901290129014A
:109340002901290129012901990087002901290101
:10935000710029012901290129014C002901260058
:10936000304604AA05A9FEF717FC059B002B00F068
:109370004481BDF81020002A00F03F81013B1BBA58
:1093800012BAC8E900320820A368002B44D09842E2
:1093900028BF184683B26063A64A94F82E10384658
:1093A00002F076FA00283FF47CAE18E605AD002303
:1093B0000DF10E02304604A96B600593AB60FEF719
:1093C000EBFB049A002A00F01881BDF80E30002B48
:1093D00000F0138112BA082106925BBA0222ADF89E
:1093E0001E308DF817108DF81C2095E8070088E8CE
:1093F00007000C20C8E7904B03B33046227DE17C88
:10940000AFF30080D0B994F83C302BB943F6022278
:109410000023A28784F83E3001213846FFF7C2FBC3
:10942000DDE5864B53B1E17C3046C1F3400301F0EA
:1094300001020909FEF7CCFB0028E4D0A368002B49
:109440003FF408AEE8E79DF816307D49002203F0AE
:10945000800362F3C7138DF8163003238DF81520AF
:109460008DF817208DF81430002900F0E180304687
:10947000FEF7FCFB9DF8163080F0010060F3C71387
:109480008DF81630059BC8F8003004207CE74FF0BB
:10949000203302250022CDE90522304607A909AA7A
:1094A00008934FF0800C079309930D93CDE90A338D
:1094B0000C931F260DAB8DF816508DF8175005AD87
:1094C0008DF818608DF815C0FEF7F0FA0FCD594EE3
:1094D0000FC60FCD0FC62B683360242054E794F8D5
:1094E0003C2094F83D0094F83E10DFF848C1DFF8C6
:1094F00058E14FF000084FF00003CDE90588CDE9B1
:10950000078862F303038DF81630F0220A23ADF8C2
:1095100024808DF820008DF821108DF814208DF80E
:109520001B3005AD0FCDACE80F002B68ACF8003058
:10953000BEF1000F76D0ACF1100130464FF400724E
:10954000AFF300800028A4F83C8084F83E800FDB55
:1095500000283FF473AF17E73046FEF7F9FA00280A
:109560003FF451AF6AE794F83C30002B7FF454AFDE
:10957000A38E304A3349607BFEF720FB0028FFF6BC
:109580004BAF00283FF45AAFFEE6A36BA2681E441F
:1095900043F602200021931BA08784F83E1001208F
:1095A0000221A663A36284F82C0084F83010002AFC
:1095B0003FF453AD002B3FF450AD237BDB0914D1B6
:1095C00094F82F10384602F0A3F994F83050E2E4F2
:1095D000012294F83C1084F82C200222A36284F823
:1095E000302000293FF45AAE5EE694F82E1038463B
:1095F00002F08EF994F83050CDE494F83C30002B12
:109600007FF40AAF43F6022284F83E30A28703E7D4
:1096100094F82E10384602F07BF9D4E90D2617E5B0
:109620000222D6E7A4F83CE084F83EE01220ABE644
:1096300001201FE7446D002000000000D17B0200E4
:109640006D7C0200536F00200000000070B5134CC9
:10965000134E84B020464FF4AE72002114F0C4FCC7
:109660004025002304F58E720092CDE901561A467A
:10967000194604F1B000039504F068F92E4404F192
:1096800070020023CDE90025CDE90265201D1946B1
:10969000012204F05BF904B070BD00BF047000202B
:1096A000846F002010B5054C04F1B00004F07AF985
:1096B000201D04F077F9012010BD00BF04700020C8
:1096C00038B5074C2046002500F8B85B01F058F982
:1096D00004F10C0001F054F984F8B150657138BD03
:1096E000047000204B79FF2B01D0002070472DE93A
:1096F000F04FDFF824B19BF8B13083B04BBB9BF83F
:10970000053033BB0B788A460AEB02050AEB0304EB
:1097100089788BF80010A542064614D91AF8032060
:10972000A3189D420FD36278042A0CD00B2A0AD0CA
:10973000052A0BF1B8080BF1B0070BF10C0917D093
:109740009D421C4609D8A4EB0A0080B203B0BDE8D4
:10975000F08F002003B0BDE8F08F1A7813449D42CB
:10976000F1D36278042AEED00B2AECD0052AE7D197
:109770002146304602F048F8002843D0A378DB09A0
:1097800005D19BF8B1301BB32278A318D8E79BF81A
:109790000530002BF8D14846019301F0F1F8A2788A
:1097A0008BF80520A2889BF804C0019B1849C2F3DE
:1097B0000A02A2F50072B2FA82F2520962F3410C77
:1097C00018468BF804C004F037F92278A318B7E7DD
:1097D000404601F0D5F8A3788BF8B130A3889BF808
:1097E000B020C3F30A03A3F50073B3FA83F35B0954
:1097F00063F34102394630468BF8B02004F064F937
:109800000028C1D1034B1B68DB07A2D500BEA1E72E
:1098100008700020F0ED00E00470002070B51C4CD2
:1098200094F8B1208A4205461E460FD1B4F8BC20F8
:10983000F2B9184B23B1B2B217490020AFF3008040
:109840002846164904F040F9012070BD63798B4227
:1098500001D0002070BD124B1BB1B1B20020AFF39C
:1098600000801049284604F0E7F848B1012070BD97
:10987000B2B2D4F8B41004F1B80000F0F3FFD8E7A6
:1098800032462846074904F099F8012070BD00BF10
:109890000470002000000000846F0020B4700020DD
:1098A0000000000008700020F8B50E688D88B778B9
:1098B0003544AE420BD23B469F42344603D10BE0C7
:1098C0006378042B05D023781C44A542F8D80020E7
:1098D000F8BDA3789F42F6D1E3789A42F3D1A5422E
:1098E000F5D9237D012B06D9144B1B68DA07EED579
:1098F00000BE0020ECE723790D46DBB1012BE6D159
:109900002278E389617A1344114423442144994223
:1099100004D3DCE70A7811448B42D8D94A78052A67
:10992000F8D101F071FF28B9044B1B68DB07CED5D5
:1099300000BEF8BDA41BEC800120F8BDF0ED00E0F6
:10994000C28832B9654B1B68DB0700D500BE00201A
:109950007047F0B40378624803EB830403EB4403DD
:10996000C058831803D08E781C7BA64207D95B4B66
:109970001B68D90700D500BE0020F0BC70472EB987
:10998000012C01D90120F8E701268E7001248C609A
:10999000C1F80E404C7700256FF03F0481F822504B
:1099A0008C766FF003056FF06404CD760C774D4D27
:1099B000C1F81E50082481F82340825CB3F80D40A2
:1099C00014441C441344A342D1D2474F9D78102D18
:1099D0000CD827FA05F0C04310F0010006D1DA7860
:1099E000964203D107E05A78242AEFD01A7813441C
:1099F0009C42F8D8BBE79C42B9D0062D06D0102D6A
:109A000004D0042DB9D1012248730A73CF781A7992
:109A1000974218D81FB9012AB4D80127CF701A78F5
:109A20001A44A2420FD2967806F0FD0CBCF1050F45
:109A30000FD0112E03D10CE05678242EF3D01678D7
:109A400032449442F8D8254B1B68DA0794D500BEFF
:109A500093E7D678B742F2D19442F4D0D1F81240CD
:109A60008CB9062D30D0102D2ED0042D09D1B2F88E
:109A70000560B2F807505C7D05FB06F304FB03F4B8
:109A8000E408C1F812404B6863B9557E012D3FF6DA
:109A900079AFD2F81A3025B9D2F81E209A427FF455
:109AA00071AF4B60114AA2FB03235A0BCBD0631E4C
:109AB0001344B3FBF2F30233B3F5807F28BF4FF4B6
:109AC0008073C1F816305DE7B2F80530B2F8074090
:109AD00004FB03F42401E408D3E700BFF0ED00E049
:109AE0006071002003010101501001005917B7D126
:109AF0002DE9F84F0B785D4C03EB83050E4603EB25
:109B000045030989E7589146804679B13944CB78B5
:109B100003F00303012B00F09480738933B13B44BD
:109B2000DA7802F00302012A00F091807488B58887
:109B300000233C44B381F38133827382B382F38286
:109B40003D44A278AC4238BF134609D29A4203D1B1
:109B50000CE06378042B06D023781C44A542F8D887
:109B60000020BDE8F88FA3789A42F5D1E3789945B3
:109B7000F2D1A542F4D994F804A0BAF1020F15D895
:109B8000E31BF380B9F1000F16D023781C44BAF11F
:109B9000000F4CD04FF0000B06E06378052B28D067
:109BA000042B03D023781C44A542F6D8304B1B6805
:109BB000DA07D5D500BED3E7737F012B12D006F1AB
:109BC0001E03494686F81D90A6F81890A6F81A902C
:109BD0001846302214F008FA01463046FFF7B0FE6E
:109BE0000028BDD023781C44BAF1000FD2D1012047
:109BF000B7E7E37803F00303B9F1000F01D0012BBD
:109C000018D0022BACD12146404601F0FDFD28B30F
:109C100006EB4B03E21B1A8122780BF101039A45F4
:109C200014444FF0010BBFD8B9F1000FDFD002236D
:109C30007377DCE7A388B269C3F30A039342E2D2E5
:109C40008EE700233381897801F08EFE65E70022DC
:109C500072819978404601F087FE67E7044B1B68E4
:109C6000DB077FF57DAF00BE7BE700BF60710020A2
:109C7000F0ED00E010B4064C06480023C4E90033C0
:109C80001946C4F807304E225DF8044B14F0ACB905
:109C9000607100206C7200200120704710B4064CE7
:109CA00006480023C4E900331946C4F807304E22A1
:109CB0005DF8044B14F098B9607100206C720020BC
:109CC0002DE9F0414B790E2B04D04FF000084046AF
:109CD000BDE8F0818B79012BF7D1CB79012BF4D141
:109CE0003E4E33682BB13E4B1B68DB07EDD500BE03
:109CF000EBE714460F461A46314605463760B480F6
:109D0000FFF7D2FD0028E0D0F2883368B978134419
:109D10003C44A74293F814C03B4605D308E05A7868
:109D2000042A4DD00B2A4BD01A7813449C42F6D803
:109D3000BCF1000F4ED02B494A88002AD3D1D81B42
:109D40001FFA80F83272A1F802809C4293F802E078
:109D50000A8098BF034605D80BE05A78042A2BD016
:109D60000B2A29D01A7813449C42F6D8DB1B1FFA21
:109D700083F80022BCF1010FA1F804804A77B2D128
:109D800017FA80F017FA83F3984281780AD2827822
:109D90008A4203D118E04278042AF8D002781044AD
:109DA0008342F8D8284600220E49FFF7A1FE00287A
:109DB0008BD0A6F804808AE79A787245D2D0D5E78E
:109DC0009A788A42B0D0B3E7C278012AE6D18342BA
:109DD000EFD1E7E7DB1B1FFA83F8EAE760710020A9
:109DE000F0ED00E06C7200202DE9F047167806F0E7
:109DF0001F04012C8CB004D0002420460CB0BDE818
:109E0000F087DFF8F892B2F804C0D9F80070804605
:109E100015465FFA8CF317B1BA789A422CD0B44F3A
:109E20007C88002CE9D03A7802EB820002EB4002F9
:109E300059F802E07444A2789A42DDD1C6F3411683
:109E4000F3B2002B00F09C80012B12D15FEA1C2C96
:109E50000FD16B881B0A022B00F02E81062B00F01D
:109E60001781012B00F0F580A24B1B68DB0700D5A2
:109E700000BE07233B77BFE7C6F34116F4B2002CC0
:109E800047D0012C25D15FEA1C2C26D0B9F806203A
:109E9000BB18B95CDA89114419448B420ED29A7806
:109EA000023A052A06D8DA78624503D107E05A78E3
:109EB000242AF4D01A7813449942F8D849B10023DF
:109EC00089F80930012498E78A4B1B68D90700D527
:109ED00000BE072389F809308EE76B881B0A012B27
:109EE00000F09580022BEFD16B78812B00F0478139
:109EF000862BE9D10129E2D10B46404629467E4A0C
:109F000001F070FD0028DAD1FF2389F80930002420
:109F100073E76B780A2B4AD00B2B3ED10129CED1A7
:109F2000EB88002BF0D1B9F80630FA181179A9B1F5
:109F3000F85CD189537A0144034413440A449342A0
:109F400005D395E119780B449A4240F291815978F2
:109F50000529F7D19978404601F006FD0026A9F8B9
:109F600006606A8865494046FFF79EFC0446002863
:109F7000CAD02946404601F01DFD89F809603CE73A
:109F80006B780A2B27D00B2B7FF46EAF012900F0E2
:109F9000BD8000233B7701242FE7564B1B6813F04D
:109FA00001032FD107221C4689F8092025E7012942
:109FB00085D1EB88012BA7D1B9F80620BF18A3D013
:109FC0000CAAF97802F8301D294601F00BFD044671
:109FD0000028D2D198E70129DBD1EB88012B35D1BC
:109FE000FB889BB31EEB030330D00CAADB7802F88E
:109FF000303D40460B46294601F0F4FC044628B3A8
:10A000003E77FAE600BE072389F80930F5E66B785B
:10A01000812B00F0D180862B00F0BE80012B7FF4D5
:10A0200053AF012900F0CB8002297FF448AF344BB5
:10A03000002B3FF444AF99F80A100020AFF30080E2
:10A04000B0FA80F489F809006409D6E6FF233B776B
:10A05000D2E67B7F0BB187F81DC06C78842C61D869
:10A06000822C65D2012C00F00A81812C7FF4FCAE99
:10A0700001298ED1EB883BB1294640463023214A45
:10A0800001F0B0FC002884D1FF233B770024B4E624
:10A090006B78812B00F0A180862B7FF4E5AE01293F
:10A0A0007FF477AF294640460123134A01F09AFC1A
:10A0B00000287FF46EAFE7E76B78812BD8D040F2B1
:10A0C000B080852B00F09780862B7FF4CDAE0129E0
:10A0D0007FF45FAFEB88012BD6D10B464046294673
:10A0E000094A01F07FFC00287FF453AFCCE700BFA2
:10A0F0006C720020F0ED00E0290304006071002084
:10A10000000000008A7200202A0304006A88394691
:10A110004046FFF7EDFC002898D02946404601F064
:10A1200049FC36E7862CD2D065D3872C7FF49CAED1
:10A1300001297FF42EAFEB88002BA5D0B64EE9465F
:10A1400006F1300A30687168B268F368CC46ACE852
:10A150000F0010365645E146F4D19DF80210002953
:10A1600040F09F80832C00F08381872C00F0648175
:10A17000822C00F0618108233B7700243DE6012911
:10A180007FF49DAE294640460123A44A01F02AFCF3
:10A1900000287FF494AEB7E601297FF490AEEB88F7
:10A1A000012B7FF4B1AE294640469D4A01F01AFCCE
:10A1B00000287FF484AEA7E601297FF480AEEB8807
:10A1C000012B7FF4A1AE294640460123954A01F0B8
:10A1D00009FC00287FF473AE96E601297FF4D9AE1E
:10A1E0000B464046294607F11C0201F0FBFB002804
:10A1F0007FF4CFAE48E701297FF4CBAEEB88022B8A
:10A200007FF442AF0CAA302122F8301D4046294687
:10A2100001F0E8FB044600283FF436AF00233B770B
:10A22000EBE5012B7FF420AE01293FF425AF022995
:10A230007FF4AFAE7849A1F11E00FFF781FB044621
:10A2400060B3794B7A6BBA613BB1734A79783878ED
:10A25000AFF3008000287FF49CAE744900230220F5
:10A260004FF480720880C7E903337B61BA83C4E589
:10A270006F4B1B68D8077FF547AE00BE44E6012947
:10A280003FF4FAAE02297FF484AE6349A1F11E00C7
:10A29000FFF756FB044600287FF47BAE08233B778C
:10A2A000ABE59DF8030000287FD1FA88002A3AD058
:10A2B0001EEB020337D01EF80220B3F80D005D4EEE
:10A2C00010441844134498420FD99A78102A04D89D
:10A2D00026FA02F2D20700F1D5801A781344984288
:10A2E000F1D95A78242AF8D1EDE70346832C5AD0C5
:10A2F000872C4CD0822C7FF43EAF01218DF80310C7
:10A300001A781A44904237D9947804F0FD06052E45
:10A3100010D0112C0ED0147822449042F2D95478E7
:10A32000242CF8D1EEE7424B1B68D9077FF523AF09
:10A3300000BE20E7D478A142EDD1997806291DD03E
:10A3400010291BD004297FF416AFB2F80510B2F81B
:10A3500007205B7D02FB01F203FB02F3DB08CDF873
:10A3600012306A4629464046302301F03BFB044642
:10A3700000283FF489AE51E70246DEE7B2F8051047
:10A38000B2F8073003FB01F31B01DB08E7E79A781B
:10A39000062A06D0102A02D0042A7FF4ECAE997D5A
:10A3A000ACE79979AAE71979A8E7019B002BD8D1E6
:10A3B000FA88002AB7D01EEB0203B4D01EF802E0E0
:10A3C000B3F80D20DFF86CC072449E1873449E42AF
:10A3D0000ED99A78102A03D82CFA02F2D20756D452
:10A3E0001A7813449E42F2D95A78242AF8D1EEE71B
:10A3F00033461A7813449E4264D99A7802F0FD01DC
:10A40000052948D0112A46D01A7813449E42F2D921
:10A410005A78242AF8D1EEE78A7200206971002068
:10A420002A0304006A710020000000006C71002003
:10A43000F0ED00E05010010001238DF802300123FF
:10A440004FF00112029300230392ADF810304FF643
:10A45000C0428DF8223040F29B13ADF81A20ADF8BF
:10A460001C30404ACDF81E2008238DF8233078E7B1
:10A47000FB88002BE3D01EEB0303E0D01B7B8DF8A1
:10A480000230DCE7DA7891427FF427AF2EE7DA7802
:10A490009142A5D1ADE7DA789042B5D1823C052C46
:10A4A0003FF669AE01A252F824F000BF2DA50200CC
:10A4B00011A50200F3A4020077A1020077A1020017
:10A4C000C9A402003346E9E7D3F8151042F210732D
:10A4D000B1FBF3F3019100293ED0DDF812208BB9D6
:10A4E000931CB3F5807F28BF4FF48073CDF81630EE
:10A4F00037E75A7E72BBD3F8221042F21073B1FBD9
:10A50000F3F3E7E7013A1A44B2FBF3F30233E8E767
:10A510005A7ECAB1053203EB8202D2F80210D3F898
:10A520001A3042F21072B3FBF2F3D3E75A7E72B1E3
:10A53000053203EB8202D2F80220D3F81A1042F25D
:10A540001073B2FBF3F3C5E7D3F81E10E7E7D3F8B7
:10A550001E20F2E7002301930023ADF81630ADF87A
:10A560001830FEE6030101012DE9F84F334C238931
:10A5700053B12278324F02EB820502EB45057D593B
:10A580002B449F788F420AD02E4B1B68DB0703D5E4
:10A5900000BE0020BDE8F88F0020BDE8F88FD4E9A8
:10A5A00004369E4205460BD327490023C4E90333F2
:10A5B000636119B161781046AFF300800120E9E7CB
:10A5C00001F046F90028E7D0DFF88090A36999F8F8
:10A5D0000000D4E9042BA2EB0B0808EB00069E4216
:10A5E00028BF1E46B04213D9164B1B6813F0010357
:10A5F00001D000BE002339462846144A01F048F92C
:10A600000028DBD10F4B1B68DA07C5D500BEC1E7B8
:10A61000E168A6EB000A59444844524613F0C0FCD6
:10A620000BEB0A03D0456361B3B2E4D199F8012082
:10A6300042F0020289F80120DDE700BF6C720020C1
:10A6400060710020F0ED00E0000000006C7100205F
:10A650002DE9F041B2F5004F9DF8188030D804463E
:10A66000C0681E460F46154618B14FF0FF310FF077
:10A6700043FE206918B14FF0FF310FF03DFEE28834
:10A68000E068276066F30E02C2F30721002368F337
:10A69000C711E2806381A580E171238118B11A4658
:10A6A00019460FF0E1F9206938B100231A4619461E
:10A6B0000FF0DAF90120BDE8F0810120BDE8F0815A
:10A6C0000020BDE8F08100BF03894289808892B2F2
:10A6D0009BB2934236BFC2EB40029B1A9B189BB2BF
:10A6E000984228BF18467047028943899BB2981A3E
:10A6F000B0FA80F04009704703894289808892B29D
:10A700009BB2934236BFC2EB40029B1A9B189BB28E
:10A71000984286BFC01A80B2002070472DE9F843E6
:10A72000054600690E46174618B14FF0FF310FF08D
:10A73000E3FD2B896989A8889BB289B28B4236BF19
:10A74000C1EB40045C1AE418A4B2002C4AD0A04229
:10A7500006D283422CBF191A191889B2698104469E
:10A76000BC4228BF3C468842A4B203D8091A89B229
:10A770008842FBD9EA882B68401AC2F30E0887B2D8
:10A780001FFA88F2BC4202FB013125D917FB08F9F8
:10A790001FFA89F94A46304613F002FCE21B12FB0D
:10A7A00008F206EB090092B2296813F0F9FB6A89F6
:10A7B000A88892B211198BB29A4215D940001B1A7F
:10A7C0009BB228696B8120B100231A4619460FF00D
:10A7D0004BF92046BDE8F88302FB04F2304613F043
:10A7E000DFFBE4E769898BB240008342E9DBE6E7FF
:10A7F00038B5054600690C4618B14FF0FF310FF02F
:10A800007BFD29896B89AA8889B29BB2994236BFA0
:10A81000C3EB4200C81A401880B200B3824209D28A
:10A8200091422CBF8B1A8B189BB29A426B8103D832
:10A830009B1A9BB29A42FBD9EA882968C2F30E029E
:10A84000204602FB031113F0ABFB0124286920B161
:10A8500000231A4619460FF007F9204638BD044672
:10A86000F4E700BF2DE9F0471446002A4FD0054613
:10A87000C0680F4618B14FF0FF310FF03DFDEA7987
:10A880002E896989AB88D209B6B289B242D18E428B
:10A8900036BFC1EB4301711A891989B2994252D26C
:10A8A000591A89B28C42E88828BF0C46C0F30E08BA
:10A8B000B342304603D8C01A80B29842FBD21B1A6A
:10A8C0002A681FFA83F9A14508FB002047D219FB2B
:10A8D00008FA1FFA8AFA5246394613F061FBA4EBD4
:10A8E000090212FB08F207EB0A0192B2286813F082
:10A8F00057FBA3199BB2AA88B3424FEA420201D385
:10A90000934201DB9B1A9BB2E8682B81F8B9204681
:10A91000BDE8F087E8889C42C0F30E080FD28E4253
:10A9200023D3721A92B2580022448242C0DBCE185E
:10A93000361BB6B2B14220D9361AB6B2B8E7E41A1D
:10A9400008FB0477B3B9E86800240028DFD00023AF
:10A950001A4619460FF088F82046BDE8F08708FB34
:10A9600004F2394613F01CFBC3E75800421A324484
:10A9700092B2D9E70E461C4698E7B04298DCDBE776
:10A9800010B50446C06818B14FF0FF310FF0B4FCA9
:10A99000206918B14FF0FF310FF0AEFCE0680023E2
:10A9A0006381238118B11A4619460FF05DF82069BA
:10A9B00020B100231A4619460FF056F8012010BDA9
:10A9C00038B5C379B1EBD31F1FD00446C0680D461C
:10A9D00018B14FF0FF310FF08FFC206918B14FF024
:10A9E000FF310FF089FCE379E06865F3C713E37189
:10A9F00020B100231A4619460FF036F8206920B11D
:10AA000000231A4619460FF02FF8012038BD00BF69
:10AA1000704700BF704700BF00207047002070479C
:10AA2000704700BF704700BF704700BF704700BF4E
:10AA3000024B5878003018BF012070471473002073
:10AA4000024B1878C0F38000704700BF14730020D9
:10AA5000024B1878FF3818BF01207047186100209A
:10AA60002DE9F047374E3378FF2B82B004D0012513
:10AA7000284602B0BDE8F087002946D03822884633
:10AA800007460021304813F0AFFA304B304900251B
:10AA900001201D700FF0C2F92E4B1860002834D031
:10AAA0002D4C2346626833F80C0B618800950EF03C
:10AAB00069FFA16805460FF0F9FD284B1D6075B3CD
:10AAC000274B23B12748AFF30080274B1860254C54
:10AAD000DFF89CA02278DFF8909000252B460EE04E
:10AAE000D9F8003013EB45130FD05B686BB1984772
:10AAF00022780135EDB2511DA9422B4615DBAA4241
:10AB0000EED89B1A0AEB4313EFE7184B1B68DA07E2
:10AB100000D500BE0025284602B0BDE8F087134BE3
:10AB20001B68DB07F6D500BEA2E741463846377002
:10AB300001F050FE05460028F1D0384601F04CFEE9
:10AB400096E700BF186100201473002014740020E1
:10AB5000C47200204C730020BC60002050730020A1
:10AB600000000000C0720020BC720020F0ED00E088
:10AB70002C030400B94B1B78FF2B00F0A1812DE9B9
:10AB8000F04F04468BB04FF47A7200238002A10D7F
:10AB900012F0C4FFB24DDFF8E4B2B24E8246671C39
:10ABA000286800F02481002C00F02181BAF1000F08
:10ABB00014BF5246012207A90FF00CFAC0B19DF84C
:10ABC0001D30013B072B00F21481DFE813F0F20087
:10ABD000D300CA00BF00B700410014000800089B62
:10ABE0000BB10998984728680FF032FD0028D6D19C
:10ABF0000BB0BDE8F08F9DF820109B4B01F07F0754
:10AC000003EB470303EBD11393F826006FF3000027
:10AC100083F8260093F826006FF3820083F826005D
:10AC2000002F00F04581914A1B7D12789342C0F0BD
:10AC30003381501D9842C0F234819B1A0BEB4313B1
:10AC40009F699DF82120099B9DF81C00B847CAE721
:10AC5000874A1378002B00F024811378013BDBB284
:10AC60001370137803F0FF00002BBCD1DFF8F891CC
:10AC70009DF81C8099F8003043F0010389F80030FA
:10AC800099F8263060F3000389F8263099F82630C9
:10AC900060F3820389F8263099F8273060F30003C7
:10ACA00089F8273099F8273060F3820389F8273034
:10ACB00000F002FF9DF8203003F06002602A00F0EF
:10ACC0000681402A00F00A8103F01F03012B00F0E7
:10ACD000D581C0F01281022B40F0F9809DF824103C
:10ACE00001F07F07082F00F2F2807B00C809019372
:10ACF0004B44034400905D481F7D03789F4280F0E1
:10AD00000F82336803EB4717002A00F0108257B117
:10AD1000786900F0D1FE7B69404608AA0121984776
:10AD200000287FF460AF9DF81C00002101F0BEFFF9
:10AD300080219DF81C0001F0B9FF54E74A4B1B78B5
:10AD4000D8077FF550AFFFF771FE4CE7464B1A78F6
:10AD5000D7077FF548AF1878C0F3C000FFF764FE4F
:10AD600041E7414BDB78D9077FF53DAF0898FFF706
:10AD700051FE38E73D4F9DF81C903A7800239846E5
:10AD800010E0336813EB481300F08080DB6848461E
:10AD900098473A7808F101085FFA88F8511D88450C
:10ADA000434645DC9045A3EB0203EAD30BEB431388
:10ADB000ECE72E4F9DF81C903A78002398460FE060
:10ADC000336813EB48135BD0DB68484698473A7802
:10ADD00008F101085FFA88F8511D884543460FDCE9
:10ADE0009045A3EB0203EBD30BEB4313ECE72246B6
:10ADF000E1E6204B1B68DA077FF5F5AE00BEF2E610
:10AE000038220021184813F0EFF81B4A4FF0FF33A7
:10AE1000C2E90533C2E90033C2E90233D3611384C6
:10AE2000136100F03FFE104B9DF820209A70DAE687
:10AE3000382200210C4813F0D7F80F4A4FF0FF33A7
:10AE4000C2E90533C2E90033C2E90233D361138496
:10AE5000136100F027FEFFF7E5FDC4E6186100204E
:10AE600050730020BC72002014730020C0720020B8
:10AE700014740020F0ED00E0187300202C0304008F
:10AE8000A44B1B68D907CCD500BECAE7A14B1B68F1
:10AE9000DA07DED500BEDCE7326812EB43137FF43D
:10AEA000CFAE9C4B1B68DB077FF5A2AE00BE9FE6D2
:10AEB000099B9DF821209DF81C0000F013FE92E6EE
:10AEC0007047FCF7F3FC0246002840F0E981914B03
:10AED0001B68DA077FF527AF00BE24E78E480028FD
:10AEE0003FF421AF00F0E8FD404608AA0121FCF73D
:10AEF00025FF00287FF477AE15E7202A00F0F180C7
:10AF0000002AE4D19DF82130092BE0D801A252F8A3
:10AF100023F000BF3BB002001BB00200CFAE020026
:10AF20005DB00200CFAE0200FDAF0200A9AF02008B
:10AF3000CFAE020093AF02003DAF02009DF8223079
:10AF400001931A4699F801309A4200F0548199F819
:10AF50000130002B40F05481019B89F80130002B17
:10AF600000F04781581EC0B2FCF7A0FC18B143782E
:10AF7000022B00F0C181674B1B68DB0700D500BEC8
:10AF8000644B1B68D80700D500BE002389F8013048
:10AF9000C9E60AAA99F8013002F80E3D404601239D
:10AFA00008A900F01FFD1EE6BDF82200030A5A1E84
:10AFB000C0B20E2A3FF6B7AE01A151F822F000BF91
:10AFC000B3B202008FB202007FB2020027AD0200CE
:10AFD00027AD020061B202008FB2020027AD02006D
:10AFE00027AD020027AD020027AD020027AD020009
:10AFF00027AD020027AD0200E3B2020008A800F06E
:10B0000061FD40469DF8221001F0ECFB99F80030FC
:10B0100043F0020389F80030E5E5BDF82230012B4A
:10B020007FF481AE99F8003040466FF3C30308A95E
:10B0300089F8003000F0BEFCD5E599F80030990899
:10B0400001F00201C3F340130AAA0B4322F80E3D9C
:10B050004046022308A900F0C5FCC4E5BDF8223033
:10B06000012B7FF460AE99F80030404643F00803AE
:10B0700008A989F8003000F09DFCB4E59DF8243063
:10B080000F2B3FF650AE4B44244A1B791778BB4236
:10B0900038D2376817EB43173FF445AE786900F0B4
:10B0A0000BFD7B6908AA01214046984700287FF4E0
:10B0B0009AAD9DF8203013F060077FF434AE9DF810
:10B0C00021300A3B012B3FF62EAE00F0F5FC9DF837
:10B0D00021300A2B00F0FC8008A9404600F06AFCF1
:10B0E00081E59DF824300F2B3FF61DAE4B440B4AF3
:10B0F0001B791778BB4260D2376817EB43173FF4D0
:10B1000012AE05E67A1D9A42FFF60DAEDB1B0BEB85
:10B110004317C3E7F0ED00E03D7D0200C072002060
:10B12000581DB84239DA002A7FF4FDAD17469DF864
:10B130002130012B03D036D3032B7FF4C8AEBDF8EA
:10B1400022200292AAB9B84A012B10783DD001F012
:10B15000ADFD019B009A4B44134493F8262042F026
:10B16000020283F8262093F8262042F0010283F899
:10B170002620002F3FF437AD786900F09DFC7B69F5
:10B18000012108AA40469847002000F095FC99F854
:10B190002730D9073FF527AD9EE7FB1A0BEB431786
:10B1A000002AC4D0B4E5019B009A4B4413442033D9
:10B1B0000AAA9B79C3F3400348E77A1D9A42FFF637
:10B1C000B2ADDB1B0BEB4317A2E501F097FD019B32
:10B1D000009A02994B44134493F8262061F34102EC
:10B1E00083F8262093F8262061F3000283F82620B6
:10B1F000BFE7FFF717FC404608A900F0DBFBF2E4CD
:10B200000021404601F000FB404601F09FFB874FC4
:10B2100099F802300293002300943A781C460CE01F
:10B220000BEB4313DB68404698473A780134E4B2AD
:10B23000501D8442234600F3CE809442A3EB0203C8
:10B24000EED2336813EB4413ECD1794B009C1B68AE
:10B25000DB0700D500BE9DF8083089F802307BE698
:10B26000FFF7DAFB024600283FF45DAD4046137855
:10B2700008A900F0B7FB00287FF4B5AC53E5BDF892
:10B280002410FCF719FB02460028EFD14BE5022BF6
:10B290003FF417AEFFF7C2FB024600283FF443AD70
:10B2A0004046538808A900F09DFB00287FF49BAC22
:10B2B00039E5FCF7F7FA024600283FF408AE4046AD
:10B2C000122308A900F08EFB00287FF48CAC2AE53D
:10B2D0000AAA08A902F80E7D4046012300F082FB6D
:10B2E00081E4544B002B3FF41EADFCF723FD0246D6
:10B2F00000283FF418ADD3E7C27999F80030511116
:10B3000061F30413921162F3451389F80030438806
:10B31000CDF81080CDE900A4C318039300F109070C
:10B32000039BBB4237D97B780B2B03BF3B7897F845
:10B3300003A0FF184FF0010A7B78042B43D1039B35
:10B340003A4ACDF814A0DB1B00219BB2029112787F
:10B3500088469A4617E0346814EB481433D05246B6
:10B360003946049823699847082808F1010201D951
:10B37000824543D22D4B5FFA82F81A78CDF80880C7
:10B38000511D88451CDC029B9045A3EB0202E2D3D1
:10B390000BEB4214E3E7DDF81080DDE900A4FFF7D2
:10B3A0003FFB28E70246434604463946224802F05E
:10B3B000B1FA1E4B029A1B78053393422744AFDA49
:10B3C000DDE900A4D7E51A4B1B68DF07DDE900A41F
:10B3D0007FF5D6ADD3E5382200211848009C12F045
:10B3E00003FE174A4FF0FF33C2E90533D3611384DC
:10B3F000C2E90033C2E9023313612CE7DDF814A07F
:10B40000BAF1010F1ED00021CBB2534501F1010169
:10B41000C8D2BA78134459FA83F31A79FF2AD2D1E1
:10B4200083F80480F0E700BF18610020C07200209C
:10B43000F0ED00E0357D0200287300201473002039
:10B440001873002023690A4A0A498B4208BF4FF04B
:10B45000020A9342D7D17B79012BD4D1BB79012B3E
:10B46000D1D1FB79002B08BF4FF0020ACBE700BF18
:10B470005D8902001D8102002DE9F0434378023B03
:10B4800085B005460E46042B0CD8DFE803F0495D75
:10B49000037E3F00844B1A78D70715D51A7842F0FF
:10B4A00004021A70814B18688EB933464FF0FF3290
:10B4B00029460EF0D9FA003018BF0120F0B97C4BB4
:10B4C0001B68DB0700D500BE05B0BDE8F08304AA09
:10B4D000002342F80C3D29460EF0D6FC019B43B1F7
:10B4E000744B4FF080525A6040BFBFF34F8FBFF391
:10B4F0006F8F003018BF01200028E0D032466978F5
:10B500002878FFF785FA05B0BDE8F0836A4A13781A
:10B510000133DBB21370654B1868002ED7D1C4E736
:10B52000614B1A786FF300021A701A7800216FF3DA
:10B5300041021A7059701A7861F382021A705B4BDB
:10B540001868002EC3D1B0E75C4FDFF874913978EA
:10B55000DFF87081002423460AE0D8F8003013EBAE
:10B5600044130AD10134E4B24A1DA242234615DB3A
:10B570008C42F2D35B1A09EB4313DB69002BF1D049
:10B580006968287898473978ECE7474B1A78D407E8
:10B590009AD51A786FF382021A7083E7424C2378A7
:10B5A00058072FD5237841496FF3820323702B78F6
:10B5B0008DF8043005220023CDF80A30CDF806308E
:10B5C000ADF80E3008688DF80520002E59D004AA79
:10B5D00001A942F8103D0EF057FC009B43B1354BDA
:10B5E0004FF080525A6040BFBFF34F8FBFF36F8F51
:10B5F000003018BF012000284DD12D4B1B68D90702
:10B6000000D500BEE378DA077FF55EAF274A2B78D6
:10B61000696810688DF8043003220023CDF80A30E1
:10B62000CDF80630ADF80E3002918DF80520F6B158
:10B6300004AA01A942F8103D0EF026FC009B43B17C
:10B640001C4B4FF080525A6040BFBFF34F8FBFF387
:10B650006F8F003018BF012000283FF430AF324612
:10B660009DF805109DF80400FFF7D2F92CE733464A
:10B670004FF0FF3201A90EF0F7F9003018BF01209A
:10B68000EAE733464FF0FF3201A90EF0EDF9003042
:10B6900018BF0120AFE732469DF805109DF8040061
:10B6A000FFF7B6F9AEE700BF147300205073002017
:10B6B000F0ED00E000ED00E014740020C072002006
:10B6C0002C030400BC7200202DE9F84F0A9F002AC9
:10B6D0004CD090464A78052A0C460ED1CE7806F01A
:10B6E0000306B34209D18A7802F07F02082A0DD9F5
:10B6F000204B1B68DA0700D500BE1E4B1B68DB071A
:10B7000002D40020BDE8F88F00BEFAE7DFF868B089
:10B71000DFF868A09BF8009000250EE06278052A0B
:10B72000EBD1E27802F00302B242E6D1A27802F055
:10B730007F02082ADCD89BF800909AF802100022B9
:10B74000204602F095F80028D2D04846214601F064
:10B750006FF80028D1D0A278D30916BF0B9B3A709E
:10B760001A702278013545451444D7D10120BDE82F
:10B77000F88F00BFF0ED00E0186100201473002086
:10B7800030B51E4D85B0082400230290019303912B
:10B790008DF805402868144682B9134601A94FF078
:10B7A000FF320EF061F9003018BF0120E0B9144BF0
:10B7B0001B68DB0700D500BE05B030BD04AA01A997
:10B7C00042F8103D0EF060FB009B43B10D4B4FF073
:10B7D00080525A6040BFBFF34F8FBFF36F8F00306E
:10B7E00018BF01200028E2D022469DF805109DF8E0
:10B7F0000400FFF70DF905B030BD00BF5073002005
:10B80000F0ED00E000ED00E038B58B7803F07F0349
:10B81000082B06D90B4B1B68DB0700D500BE0020A8
:10B8200038BD094A094B0C46204691781D78002204
:10B8300002F01EF80028EDD021462846BDE8384029
:10B8400000F0F6BFF0ED00E0147300201861002056
:10B85000CB09263301F07F010348044A03EB410181
:10B860000844116801F0BABF147300204C73002023
:10B87000CB09263301F07F010348044A03EB410161
:10B880000844116801F0D6BF147300204C730020E7
:10B8900038B5154C01F07F0504EB450404EBD114D9
:10B8A0002034A079C00706D5104B1B68DA0700D5F5
:10B8B00000BE002038BDA5790D4845F0010500788F
:10B8C000A57101F0F1F80028F4D1A379074A60F3DB
:10B8D0000003A371A37960F38203A3711368DB07EC
:10B8E000E7D500BE38BD00BF14730020F0ED00E0C6
:10B8F00018610020054B01F07F0203EB420303EBCC
:10B90000D11191F8260000F0010070471473002057
:10B9100010B50C4B18780C4601F0C8F90A4904F030
:10B920007F0301EB430101EBD41191F8263043F082
:10B93000020381F8263091F8263043F0010381F8A4
:10B94000263010BD1861002014730020054B01F053
:10B950007F0203EB420303EBD11191F82600C0F301
:10B96000400070471473002010B50F4B18780C4638
:10B9700001F036F80D4904F07F0301EB430101EBC0
:10B98000D41191F826306FF3410381F8263091F8F5
:10B9900026306FF3000381F8263091F826306FF3DC
:10B9A000820381F8263010BD186100201473002036
:10B9B000704700BF0A4630B4094C49680546106814
:10B9C000234603C30023C4E9023392F900209A42BC
:10B9D0002846ACBF802119461A4630BCFFF758BF35
:10B9E00058740020F0B50E462B4C49680746306865
:10B9F000A260254603C50021E181F588AB4228BF3E
:10BA00002B4683B0A381ADB13BB3002A3DD094F95E
:10BA10000000402B28BF402300282CDB1F4A38465B
:10BA2000FFF736FF98B91E4B1B68DB0712D500BE27
:10BA300003B0F0BD96F90030002BACBF802100218F
:10BA400038462B462A46FFF723FF0028EBD001207B
:10BA500003B0F0BD002003B0F0BD94F90020002A2F
:10BA6000ACBF194680211A463846FFF711FF00285F
:10BA7000D9D00120ECE71146084801931A4612F08C
:10BA80008FFA064A019B8021EEE7054B1B68D90718
:10BA9000E0D500BE1046CBE7587400201874002093
:10BAA000F0ED00E0034B0022C3E90022C3E90222CB
:10BAB0001A61704758740020014B1861704700BF2D
:10BAC000587400200346064A5968006810B41346AB
:10BAD000002403C3C2E902445DF8044B704700BF71
:10BAE0005874002070B5404C2278C909B1EBD21FC0
:10BAF00082B0064615D03BB13C4B1B68DA0700D537
:10BB000000BE002002B070BD2146FFF751FF23693F
:10BB1000002B40D02246304603219847012002B036
:10BB200070BD94F90020A068002A08DB0028E8D046
:10BB30001A462F49019312F033FAA068019BE58958
:10BB4000E2881D44ADB21844AA42A060E58101D04C
:10BB50003F2B23D8236923B1234A0221304698473B
:10BB600088B194F9002000239A42ACBF8021194685
:10BB700030461A46FFF78CFE68B91C4B1B68DB0782
:10BB8000BFD500BEBEE70146304601F08FF8304613
:10BB9000802101F08BF8012002B070BDA28994F9D8
:10BBA0000010531B9BB2402B28BF402300290ADB07
:10BBB00095424FF0000112D00D4A3046FFF768FE63
:10BBC0000028DAD0E7E795420BD001461A4608482C
:10BBD000019312F0E5F98021054A019BEDE70A4641
:10BBE000EBE780210022E8E758740020F0ED00E048
:10BBF0001874002000B170470FF0F4BE00B1704718
:10BC00000FF0FABE0138C3B2042B07D856230D4AF1
:10BC100003FB00F013181B79DB0706D40A4B1B68E3
:10BC2000DB0700D500BE00207047CB09363301F09A
:10BC30007F0103EB4101054B08441044196801F0F2
:10BC4000CDBD00BF6C740020F0ED00E01C7600203C
:10BC50000138C3B2042B07D856230A4A03FB00F06D
:10BC600013181B79DB0701D400207047CB0936334A
:10BC700001F07F0103EB4101034B084410441968B4
:10BC800001F0D8BD6C7400201C760020F0B5441E75
:10BC9000E5B2042D83B017D8562505FB04F5174EE1
:10BCA00001F07F0405EB4404344404EBD114303438
:10BCB000A779FF070BD5124B186810F0010001D0CF
:10BCC00000BE002003B0F0BD002003B0F0BD1F4651
:10BCD00013460A460146705DA579009745F00105B7
:10BCE000A57100F0BDFB0028ECD1A37960F300033F
:10BCF000A371A37960F38203A371E3E76C7400205E
:10BD0000F0ED00E02DE9F047764DAF798F4284B039
:10BD100091461E4604465BD0E2234FF0000AA9710B
:10BD20008DF809108DF80830ADF80CA0002E00F049
:10BD3000B380012103AF0DF10808FBF72BFE41464C
:10BD40003A4602232046FBF753FE51462046FBF7B6
:10BD500021FE9DF80C30EB702223D9F800908DF86D
:10BD60000730002E3ED020460121FBF713FE3A4655
:10BD70000DF1070101232046FBF73AFE9DF80C3038
:10BD8000EB704946082300222046FBF731FE20468F
:10BD90000021FBF7FFFD0026102241F2F2032046AE
:10BDA0000121EA71ADF80830ADF80C60FBF7F2FD47
:10BDB0003A46414602232046FBF71AFE314620460A
:10BDC000FBF7E8FD9DF80C30EB7004B0BDE8F087A0
:10BDD000222303AF0DF10808D9F800908DF8073041
:10BDE000002EC0D14FF0FF31E86D0EF085FA3146DC
:10BDF0002046FBF709FE20460121FBF7CBFD3A4622
:10BE00000DF1070101232046FBF7F2FD9DF80C30F0
:10BE1000EB703246082349462046FBF7E9FD3146E0
:10BE20002046FBF7B7FD20460121FBF7EDFD334629
:10BE300032463146E86D0DF017FE102241F2F20352
:10BE40004FF0FF31E86DEA71ADF80830ADF80C60E5
:10BE50000EF052FA31462046FBF7D6FD204601216E
:10BE6000FBF798FD3A46022341462046FBF7C0FD0A
:10BE700031462046FBF78EFD20460121FBF7C4FD2D
:10BE8000334632463146E86D0DF0EEFD9DF80C303C
:10BE9000EB7004B0BDE8F0874FF0FF31E86D0EF0B5
:10BEA0002BFA31462046FBF7AFFD03AF20460121B8
:10BEB0000DF10808FBF76EFD3A4602234146204685
:10BEC000FBF796FD31462046FBF764FD2046012135
:10BED000FBF79AFD334632463146E86D0DF0C4FD5E
:10BEE00037E700BF207600202DE9F04F4B781D0783
:10BEF0000E4685B090460978044662D1DA0600F114
:10BF00004881B26812B1B288002A5AD1E24D03F0DA
:10BF10002006AB7966F07F068B42F6B200F06481B2
:10BF2000E2230027A9718DF809108DF80830ADF8CB
:10BF30000C70B8F1000F00F06C82012120460DF169
:10BF40000C090DF1080AFBF725FD51464A4602236C
:10BF50002046FBF74DFD39462046FBF71BFD9DF8BB
:10BF60000C30EB70F223EE718DF8096000268DF82D
:10BF70000830ADF80C60B8F1000F40F0D980E86DE2
:10BF80004FF0FF310EF0B8F941462046FBF73CFD7B
:10BF900020460121FBF7FEFC4A460223514620467B
:10BFA000FBF726FD41462046FBF7F4FC2046012125
:10BFB000FBF72AFD434642464146E86D0DF054FD2D
:10BFC00045E0B54D13F02007AA7946D1914240F0E3
:10BFD000BE800DF10C090DF1080AB37813F0100FB3
:10BFE0000CBF10222022EA2300278DF809208DF8AB
:10BFF0000830ADF80C70B8F1000F00F0FA800121A4
:10C000002046FBF7C7FC02234A4651462046FBF771
:10C01000EFFC39462046FBF7BDFC9DF80C30EB7079
:10C020007378EB71F222012120468DF809308DF8EA
:10C030000820ADF80C70FBF7ADFC51464A460223D0
:10C040002046FBF7D5FC39462046FBF7A3FC9DF8BC
:10C050000C30EB7005B0BDE8F08F914240F0A1804C
:10C060000DF10C090DF1080AB37813F0100F0CBF95
:10C0700040228022EA2300278DF809208DF808301D
:10C08000ADF80C70B8F1000F00F0E48001212046FB
:10C09000FBF780FC514602234A462046FBF7A8FCEA
:10C0A00039462046FBF776FC9DF80C30EB70328861
:10C0B0002B899A422AD0B788F2887388BF1ABFB2F8
:10C0C0005B099F4228BF1F4617F0FF0740F0088119
:10C0D0003A23AF708DF8097000278DF80830ADF85D
:10C0E0000C70B8F1000F00F0D98001212046FBF759
:10C0F00051FC514602234A462046FBF779FC39465B
:10C100002046FBF747FC9DF80C30EB7033782B7220
:10C1100073786B727378EB71F22200268DF8093018
:10C120008DF80820ADF80C60B8F1000F3FF427AF90
:10C1300020460121FBF72EFC51464A4602232046A9
:10C14000FBF756FC31462046FBF724FC7FE7E22351
:10C15000A9718DF80910ADF80C708DF80830B8F1A0
:10C16000000F00F0DE80012120460DF10C090DF1D9
:10C17000080AFBF70FFC51464A4602232046FBF70C
:10C1800037FC39462046FBF705FC9DF80C30EB7078
:10C1900023E7434606F10802FFF7B4FD05B0BDE80A
:10C1A000F08FE2230027A9718DF809108DF808306F
:10C1B000ADF80C70B8F1000F00F0D98001212046D5
:10C1C0000DF10C090DF1080AFBF7E4FB51464A4654
:10C1D00002232046FBF70CFC39462046FBF7DAFB2E
:10C1E0009DF80C30EB703FE70DF10C090DF1080ADA
:10C1F000B8E64FF0FF31E86D0EF07EF8414620467C
:10C20000FBF702FC01212046FBF7C4FB02234A4650
:10C2100051462046FBF7ECFB41462046FBF7BAFBB4
:10C2200001212046FBF7F0FB434642464146E86DBC
:10C230000DF01AFC9DF80C30EB707378E86DEB7123
:10C24000F2224FF0FF318DF80930ADF80C808DF8F7
:10C25000082097E64FF0FF31E86D0EF04DF84146AB
:10C260002046FBF7D1FB20460121FBF793FB4A4612
:10C27000022351462046FBF7BBFB41462046FBF715
:10C2800089FB20460121FBF7BFFB4346424641465E
:10C29000E86D0DF0E9FB07E7207600204FF0FF3155
:10C2A000E86D0EF029F841462046FBF7ADFB20462D
:10C2B0000121FBF76FFB4A46022351462046FBF75C
:10C2C00097FB41462046FBF765FB20460121FBF723
:10C2D0009BFB434642464146E86D0DF0C5FB12E725
:10C2E00012238DF80730D6F808B0B8F1000F64D0EB
:10C2F00020460121FBF74EFB4A460DF107010123C1
:10C300002046FBF775FB9DF80C30EB7059463B4619
:10C3100000222046FBF76CFB00212046FBF73AFB8E
:10C32000D6E64FF0FF31E86D0DF0E6FF41462046BE
:10C33000FBF76AFB0DF10C09204601210DF1080AFB
:10C34000FBF728FB4A46022351462046FBF750FBE9
:10C3500041462046FBF71EFB20460121FBF754FB1C
:10C36000434642464146E86D0DF07EFB0DE74FF037
:10C37000FF31E86D0DF0C0FF41462046FBF744FB5E
:10C380000DF10C09204601210DF1080AFBF702FB13
:10C390004A46022351462046FBF72AFB41462046E7
:10C3A000FBF7F8FA20460121FBF72EFB43464246F5
:10C3B0004146E86D0DF058FB12E74FF0FF31E86D94
:10C3C0000DF09AFF41462046FBF71EFB2046012157
:10C3D000FBF7E0FA4A460DF1070101232046FBF77F
:10C3E00007FB9DF80C30EB7042463B465946204611
:10C3F000FBF7FEFA41462046FBF7CCFA2046012126
:10C40000FBF702FB434642464146E86D0DF02CFB2C
:10C410005EE64FF0FF31E86D0DF06EFF41462046BD
:10C42000FBF7F2FA0DF10C09204601210DF1080A83
:10C43000FBF7B0FA4A46022351462046FBF7D8FAEA
:10C4400041462046FBF7A6FA20460121FBF7DCFA1D
:10C45000434642464146E86D0DF006FB7FE500BFCE
:10C460002DE9F04102F07F0CBDF818E0D20981BB44
:10C47000BCF1000F5ED13E4EA6F160077178B47832
:10C4800082F0010262F345110A466FF3041244F090
:10C4900010017270B170B278B360032363F30302CA
:10C4A00000258046A6F804E0B270F5802846FFF724
:10C4B000A1FBBC7AC4BB01252046BD72FFF79EFBE1
:10C4C0002246404631462C46FFF70EFD2046BDE889
:10C4D000F08182F00108BCF1000F2ED0254F01221F
:10C4E0003C4604E00132142A04F10C0418D094F8FC
:10C4F0006C508D42F6D102EB420507EB850595F8AD
:10C50000615005F00F066645ECD1C5F34015454571
:10C5100004F16C06BFD00132142A04F10C04E6D1F8
:10C5200000242046BDE8F0812846FFF767FB20463F
:10C53000BDE8F08182F00108D0E70E4F01243D46AE
:10C5400002E00134142CEBD095F86C608E4205F1BA
:10C550000C05F6D104EB4406B60007EB060C9CF87C
:10C5600061C01CF00F0FECD160363E4486E700BF7F
:10C57000807600202076002042DF704743DF70473E
:10C5800044DF704712DF7047F0B5334CBFF35B8F69
:10C59000014604F590730125D3E84F2FC3E8405FAF
:10C5A0000028F9D1BFF35B8F12F0FF0F48D10829A3
:10C5B00029D04E01A21954F806C028489388284F64
:10C5C00001F5947601EB810E50F82660D2889A1A14
:10C5D00093B2B6B200EB8E0209B2B34228BF334623
:10C5E000C2F800C707EB8100C2F8043747F82150B2
:10C5F000BFF36F8FBFF34F8F1A4B984218D0043B95
:10C60000984215D0F0BD154BD3F8C024D1030FD4F8
:10C6100094F80B1161B11449D4F80001C3F8A007D4
:10C62000C3F8A4270D60BFF36F8FBFF34F8FF0BD2A
:10C630000023BFF35B8F84F82031BFF35B8FF0BD25
:10C640000A4B0B485A68C2F30802003218BF012295
:10C65000BDE8F040FFF794B870770020007002400A
:10C6600028700240507002404870024000ED00E027
:10C67000E9C60200174BBFF35B8F01460122D3E8E6
:10C680004F0FC3E84C2FBCF1000FF8D1BFF35B8F05
:10C6900010F0FF0F14D10A60BFF36F8FBFF34F8FFD
:10C6A0000D4B994203D0043B994200D070470B4B8D
:10C6B000BFF35B8F002283F82021BFF35B8F7047AD
:10C6C000074B08485A68C2F30802003218BF01221B
:10C6D000FFF756B890780020507002407077002025
:10C6E00000ED00E075C60200F0B5334CBFF35B8F80
:10C6F000C1B204F590730126D3E84F2FC3E8406F11
:10C700000028F9D1BFF35B8F12F0FF0F47D1082942
:10C7100028D04D01621954F805E028489388DFF8C5
:10C72000B0C001F5947550F82570D2888D009A1A22
:10C7300093B2BFB26A1800EB8202BB4228BF3B46ED
:10C74000C2F800E76544C2F804374CF82160BFF333
:10C750006F8FBFF34F8F1A4B9D4218D0043B9D4201
:10C7600015D0F0BD154BD3F8C024D1030FD494F8E5
:10C770000B1161B11349D4F80001C3F8A007C3F845
:10C78000A4270E60BFF36F8FBFF34F8FF0BD002360
:10C79000BFF35B8F84F82031BFF35B8FF0BD0A4B92
:10C7A0000A485A68C2F30802003218BF0122BDE8E5
:10C7B000F040FEF7E5BF00BF707700200070024038
:10C7C000507002404870024000ED00E0E9C60200EF
:10C7D0002870024001207047014B80225A60704748
:10C7E00000E100E0074BD3F80014D3F80024002048
:10C7F0000A434FF48001C3F80024C3F85801C3F87A
:10C800000413704700700240074B4FF4001229B91F
:10C81000C3F80823054B83F821117047C3F804239C
:10C82000024B83F82111704700700240707700209E
:10C8300070B48A788C88414EC97802F07F03D5099C
:10C8400005EB430006EB001001F00301C4F30A04FA
:10C85000012904812BD0012101FA03F4BDB138482C
:10C8600002339940C0F80413D0F810352343C0F8C0
:10C870001035334B42F48071C3F81825C3F80C15FA
:10C88000BFF36F8FBFF34F8F012070BC70472C48F0
:10C8900003F10C06B140C0F80413D0F8141503F5E9
:10C8A00094730C43C0F8144540F82350E1E7082B7B
:10C8B00008D0244B186810F00100E6D000BE00201C
:10C8C00070BC7047EDB9B6F818311BB11C4B802213
:10C8D000C3F81C251A4A0023C2F85031D2F800339D
:10C8E00013F4001308BFC2F85431154B4FF4401233
:10C8F000C3F80423D3F8142542F48072C3F8142536
:10C90000BEE7B6F808210E4B0021C3F82C1112B176
:10C910008022C3F81C250A4AD2F8003313F400130E
:10C9200008BFC2F85431064B074AC3F80423D3F8B2
:10C93000102542F48072C3F81025A1E7707700201B
:10C9400000700240F0ED00E0000820001F4B802244
:10C950002DE9F041C3F88420BFF34F8FBFF36F8FF1
:10C9600001241B4D1B4FA0460026A30004F10C021E
:10C97000A11C03F1804303F51C3308FA01F108FA06
:10C9800002F20A43C7F8082328465E6001342022D9
:10C990009E62002111F028FB082C05F12005E4D14E
:10C9A0000D4BC7F808332022C7F81C6500217E62B2
:10C9B0000A48BE6411F018FBC7F81485C7F8108543
:10C9C000024B80225A60BDE8F08100BF00E100E028
:10C9D000907700200070024000083000707800203E
:10C9E00001F07F02082A70B44FEAD11128D0012348
:10C9F00003FA02F0C043B1B1294C951CAB40C4F816
:10CA00000833D4F81055274B2840C4F8100501EB23
:10CA1000420103EB01110023CB72BFF36F8FBFF311
:10CA20004F8F70BC70471E4C02F10C05AB40C4F830
:10CA30000833D4F814551B4B2840C4F81405E6E716
:10CA4000184B03EB01100024A0F808411448D1B1A1
:10CA50004FF40064C0F80843D0F8104524F4807403
:10CA6000C0F81045B3F81841B3F808510C48EC422F
:10CA70004FF0000608BF4FF40014C0F81C6508BF53
:10CA8000C0F80843C3E74FF48014C0F80843D0F857
:10CA9000144524F48074C0F81445C0F85011E1E73F
:10CAA000007002407077002001F07F004FEAD11C37
:10CAB000F0B50CEB4005744E2D01771985B0FC7A6A
:10CAC0004CB1724B1C6814F0010401D000BE00246C
:10CAD000204605B0F0BD04F0FF0E7251BB80A7F8F0
:10CAE00006E0002843D1002B57D0BCF1000F00F026
:10CAF0008E8006EB401100EB8003CD8A8A8A0C8B76
:10CB00000969521B9B0092B203F1804303F51C3369
:10CB1000A24228BF22465E4DC3F8001600B2C3F8F9
:10CB200004265C4BBFF35B8F05EB80010122D3E849
:10CB30004F4FC3E8472F002FF9D1BFF35B8FE4B20B
:10CB4000002C40F0908045F82020BFF36F8FBFF39A
:10CB50004F8F514B994202D0043B994219D1BFF3F8
:10CB60005B8F002386F82031BFF35B8F11E0BCF1AF
:10CB7000000FBED106EB40160123F372BFF36F8F97
:10CB8000BFF34F8FB37A23B1F37A03F0FF04002B86
:10CB900074D10124204605B0F0BD404AD2F880246B
:10CBA000C2F3C0126245A0D03D4D6A688DF80810EE
:10CBB000C2F3080100314FF4E06218BF012101A85F
:10CBC00003938DF80930ADF80420FEF755FCBFF350
:10CBD0005B8F06F590720123D2E84F1FC2E8403FF9
:10CBE0000028F9D1BFF35B8FCCB2002C38D12A4A90
:10CBF0001360BFF36F8FBFF34F8F1C46BFF35B8F84
:10CC0000204686F82011BFF35B8F05B0F0BD0123ED
:10CC1000204AF372BFF35B8FD2E84F4FC2E8413F27
:10CC20000029F9D1BFF35B8FE4B26CB91D4A1360E0
:10CC3000BFF36F8FBFF34F8FBFF35B8F86F820C1B9
:10CC40001C46BFF35B8F43E7154B16495A681648DD
:10CC5000C2F30802003218BF0122FEF791FD37E748
:10CC60006A680D49F3E70E4B0F485A68C2F3080291
:10CC7000003218BF0122FEF783FD29E786F80AC0BB
:10CC8000FFF782FC24E700BF70770020F0ED00E0A2
:10CC90000470024090780020507002400070024002
:10CCA00000ED00E04C70024075C6020011F07F00FC
:10CCB00008B512D008280BD00E4B41F48072C90978
:10CCC000C3F8182504D10C4B03EB40139A7A62B9D0
:10CCD000BFF36F8FBFF34F8F08BD064B01225A651C
:10CCE000BFF36F8FBFF34F8F08BD9972FFF74CFCF6
:10CCF000EEE700BF007002407077002011F0770F60
:10CD000012D00A4B41F48072C3F80C15C3F80C25FD
:10CD1000CA09C3F8181504BF01F5947143F821201E
:10CD2000BFF36F8FBFF34F8F704700BF007002409B
:10CD30002DE9F04FA54BA64CD3F8000300238BB090
:10CD40001E461F46012520FA03F11A19C9074FEAAA
:10CD5000820209D5116839B105FA03F117600E4353
:10CD6000BFF36F8FBFF34F8F0133192BEBD1F20756
:10CD700000F13582974D330508D5944BD3F8A8368A
:10CD800001229BB2A5F8163185F81C21B70206F4E2
:10CD9000800424D58D4BD3F81425D00540F1FC81B7
:10CDA000002C00F0A182D3F80024D20740F19C822D
:10CDB000D3F81035DA0540F1FB8195F81C3107AF47
:10CDC000002B40F0BD82814BD3F8203508933846C4
:10CDD0004FF440730121ADF81C30FEF74DFB04B356
:10CDE0007A4AD2F8004440F201732340C2F800347A
:10CDF000E30500F15682670510D5744B0122C3F894
:10CE000008259A65D3F8002312F4001208BFC3F86E
:10CE100054216E4B4FF40012C3F80423A00500F117
:10CE2000358231023DD5694BD3F880C4D3F88414E0
:10CE3000D3F888E4D3F88C74D3F89084D3F894446E
:10CE4000D3F89804D3F89C245FFA8CF35FFA80FC43
:10CE5000D0B25A06C9B25FFA8EFEFFB25FFA88F806
:10CE60005FFA84F901D105291BD00024224668F31A
:10CE7000070263F3070461F30F2469F30F226EF3D3
:10CE800017446CF3174260F31F6267F31F644FF49B
:10CE9000C063012107A8CDE90842ADF81C30FEF7B8
:10CEA000EBFA4D4B3340002B40F09181DFF8249199
:10CEB000464F4D46CA4609F5907800241DE02B44A4
:10CEC000DA7A002A00F0D781DA88AAF80420002252
:10CED000DA72D98809914FF4E063012107A88DF82F
:10CEE00020B08DF82120ADF81C30FEF7C5FABBF15B
:10CEF000080F47D001340AF1200A04F10C0326FA86
:10CF000003F3DB075FFA84FBF1D504EB840307EB43
:10CF10008303DAF80020D3F80807630112FA80F2DD
:10CF2000E918CAF80020CA8880B2024492B2082CDC
:10CF3000CA80C4D0BAF808208242C0D1CA88BAF8E0
:10CF400004109142BBD9BBF1000FD0D10122BFF335
:10CF50005B8FD8E84F3FC8E8412F0029F9D1BFF3D4
:10CF60005B8F13F0FF0F40F052821C490A60BFF341
:10CF70006F8FBFF34F8FBFF35B8F85F82031BFF307
:10CF80005B8FB7E7164B3340002B00F002810F4B4D
:10CF9000D3F86C240192C3F86C24BFF36F8FBFF3F6
:10CFA0004F8F16F4806600F06E81D3F88024D3F89A
:10CFB000803483F08003C3F3C0130593C2F3C0131E
:10CFC0000493DFF808A00024A84613E00070024094
:10CFD000409C001070770020FCFB1F004C7002404A
:10CFE00000040001002C00F0F281072E52D0013421
:10CFF00009F120090199E14004EB8403C9070AEB18
:10D00000830308EB4412E6B2ECD5D3F80816D9F83E
:10D010001070C9B20F44C9F81070D08A014489B2A7
:10D02000D182A849D08AB9F8145061188900854284
:10D0300002914FF0010C66F07F0103914FF4E06B19
:10D040004FF0000E614607A840F2B480D18AB9F8CB
:10D050001820C3F800766D1AADB2954228BF154668
:10D06000994AC3F80456BFF35B8FD2E84F3FC2E83A
:10D0700041CF0029F9D1BFF35B8F13F0FF0F40F0D0
:10D08000ED80029BC3F800C0BFF36F8FBFF34F8FDB
:10D09000072EACD1019BDB03454601D4059B43B170
:10D0A000EB7A23B1EB88AA889A4200F271810123BE
:10D0B000AB72019B9F030BD595F82B3023B1EB8C02
:10D0C000AA8C9A4200F28881012385F82A30019BBC
:10D0D0005E030DD595F84B3033B1B5F84630B5F851
:10D0E00044209A4200F27D81012385F84A30019B59
:10D0F0001C030DD595F86B3033B1B5F86630B5F833
:10D1000064209A4200F27E81012385F86A30019BF7
:10D11000D8020DD595F88B3033B1B5F88630B5F817
:10D1200084209A4200F23881012385F88A30019BDD
:10D1300099020DD595F8AB3033B1B5F8A630B5F8F6
:10D14000A4209A4200F22D81012385F8AA30019B88
:10D150005A020DD595F8CB3033B1B5F8C630B5F8D5
:10D16000C4209A4200F22281012385F8CA30019B33
:10D170001B020ED595F8EB30002B00F0F380B5F8CC
:10D18000E630B5F8E4209A4240F2EC800720FFF741
:10D19000FBF90BB0BDE8F08FD3F81025D1053FF5B2
:10D1A0000CAE95F821211AB94FF40012C3F80823E8
:10D1B00007AF08E6D38A09939DF80C30ADF81CB090
:10D1C0008DF820308DF821E0FEF756F90DE70023A9
:10D1D000BFF35B8F85F82031BFF35B8F66E63B4B77
:10D1E0003B4A3C4D3C4800240127C2F81475C2F864
:10D1F0001075546094625C609C629C60DC62DC60D0
:10D200001C631C615C635C619C639C61DC63DC612E
:10D210001C6454629464C2F85841D2F80034D2F8C5
:10D2200000140B43C2F80034D2F80033C2F80833BC
:10D230002146C2F8040328464FF4927210F0D4FE3F
:10D2400040234FF48072394607A82B832B818DF839
:10D250002040ADF81C20FEF70FF98CE51F4B20484D
:10D260005A680299C2F30802B2EB0E0218BF0122FB
:10D27000FEF786FAB9E61B4B1B68D80789D500BEB6
:10D280000BB0BDE8F08FCDE904669AE600220523D5
:10D29000012107A88DF81C208DF81D30FEF7ECF851
:10D2A000BFE50121C2F82C150423002207A88DF840
:10D2B0001C208DF81D30FEF7DFF867057FF5AEAD59
:10D2C0009BE500BF019C0010907800200470024094
:10D2D00000700240707700200514C00100ED00E0EE
:10D2E00075C60200F0ED00E04F4BBFF35B8F0122EB
:10D2F000D3E84F1FC3E8402F0028F9D1BFF35B8F5D
:10D3000011F0FF0F32D1494BD3F8C004C70352D4F8
:10D3100095F80B1101F0FF07002967D04449D5F8B3
:10D320000071C3F8A077C3F8A4070A60BFF36F8F3A
:10D33000BFF34F8FD3F81035D8053FF53EAD37E733
:10D34000B5F816310993002285F81C2188234FF483
:10D35000E06238460121ADF81C20ADF82030FEF720
:10D360008BF830E5012385F8EA3012E7314B32487B
:10D370005A68C2F30802003218BF01220821FEF7E2
:10D38000FFF92A4BD3F81035DB053FF516AD0FE753
:10D390000020FFF7F9F88CE60420FFF7F5F8019B71
:10D3A000C6E60520FFF7F0F8019BD1E60620FFF75F
:10D3B000EBF8019BDCE6BFF35B8F85F82011BFF330
:10D3C0005B8FD3F81035DF053FF5F7ACF0E6049935
:10D3D00000293FF40CAE18E60120FFF7D5F8019BB9
:10D3E00076E60220FFF7D0F8019B81E6BFF35B8F62
:10D3F00085F82071BFF35B8FD3F81035D9053FF561
:10D40000DCACD5E60320FFF7BFF8019B80E6094BB3
:10D410000A485A680A49C2F30802003218BF0122BA
:10D42000FEF7AEF966E500BF90780020007002407C
:10D430004870024000ED00E0E9C6020075C6020037
:10D440004C70024030B5012885B000F09F8057D362
:10D45000022840D1BA4BD3F80435002B40F0D780D6
:10D46000B74AD2F800341C05FBD54FF40063C2F86C
:10D470000034BFF36F8FBFF34F8FB24AB24B1268C5
:10D480001B68082A00F0D780AD4BB04D80240122E4
:10D49000C3F81C45C3F80423C5F88441FDF7D8FA46
:10D4A000002840F0F880AA4D43F204044FF0804376
:10D4B0002268AA4211D0D3F80C14D3F80C24D0035C
:10D4C000F6D5CA07F4D59E4B0122C3F80425BFF355
:10D4D0006F8FBFF34F8F05B030BD04AA002102F853
:10D4E0000C1D1046FFF74EF89DF804000028E2D00E
:10D4F00010460191FFF744F8019A002AD8D0E2E7DC
:10D500008F4BD3F80025002AE5D14FF480014FF46A
:10D510000062C3F80813C3F80024BFF36F8FBFF392
:10D520004F8F884B1B68082B00F0B780844B01227B
:10D53000C3F80025BFF36F8FBFF34F8F43F2040290
:10D5400003F18D5303F57723126803F2DB539A42FC
:10D5500000F0CA804FF08043D3F80C24D3F80C3489
:10D56000D90301D5D207B6D443F20402784B12682E
:10D570009A4200F01881774B00221A601B680193D1
:10D580004FF08043012201991A60A4E76C4BD3F855
:10D590000025002A9FD00022C3F80425BFF36F8F17
:10D5A000BFF34F8F69498020C1F88400BFF34F8FCC
:10D5B000BFF36F8FD3F80013C3F80813C3F8002527
:10D5C000BFF36F8FBFF34F8F43F2040103F18D530D
:10D5D00003F57723096803F2DB53994200F0998041
:10D5E00001AB5D4A012111605C4A5168C1F3080139
:10D5F000003118464FF000024FF0020318BF01211E
:10D600008DF804208DF80530FDF736FF63E743F20F
:10D6100004024F4B12689A4200F0B0804FF08043F2
:10D62000D3F80C24D3F80C34DB037FF519AFD507FE
:10D630007FF516AF4FE7032B0AD8494A1168002936
:10D6400040F09880474C49F27530106021601060BE
:10D650005A1E022A10D8424A1168002967D1424D49
:10D660003848394B00681B6849F2753414602960EA
:10D67000146008287FF408AF032B3FF605AF3B4941
:10D680003B4B40F2E370402208601A60BFF36F8F9B
:10D69000BFF34F8FF8E66C6005E72B4B1B685A1EF3
:10D6A000022A12D82E4B1A68002A40F08E802E498A
:10D6B00049F2753203201A6008601A60214A224B31
:10D6C00012681B68082A7FF431AF032B3FF62EAF98
:10D6D000234B1A68002A74D1224949F27532C020BE
:10D6E0001A6008601A6021E704AB002203F80C2DD1
:10D6F0001846FEF747FF9DF8041000293FF42AAFB3
:10D7000018460192FEF73CFF019B002B7FF4E3AE2D
:10D710002AE704AB03F80C2D1846FEF733FF9DF8FB
:10D720000420002A3FF45DAFFEF728FF5CE70549BF
:10D73000054B0D4A08681B680021116099E700BF7E
:10D7400000700240300100103401001000E100E0E0
:10D75000DBE5B151000100400400004000ED00E0B5
:10D7600000EC064014EC064014ED06400078024040
:10D7700004780240174A0021116069E704AB0022D7
:10D7800003F80C2D1846FEF7FDFE9DF80410002945
:10D790003FF444AF18460192FEF7F2FE019B002BC6
:10D7A0007FF499AE5CE604A8002300F80C3DFEF778
:10D7B000E9FE9DF80430002B3FF4DDAEFEF7DCFE01
:10D7C00089E6044BC0221A60B0E6034B03221A60BC
:10D7D00074E700BF14EC064014ED0640F8B503787A
:10D7E00013F0010405D10678C6F3800626B1204661
:10D7F000F8BD00242046F8BD0F4605464FF0FF3126
:10D8000038460CF079FD2A7812F001040FD12B78FC
:10D810005B0704D42B7843F004032B70012400230E
:10D8200038461A4619460CF01FF92046F8BD344612
:10D83000F5E700BF70B505460E4608464FF0FF31CC
:10D840000CF05AFD2878C0F3800444B9002400236A
:10D8500030461A4619460CF007F9204670BD2B7861
:10D8600013F00102F2D12B7862F382032B70EEE702
:10D8700010B4C378848803F00303022BC4F30A04B2
:10D8800026D019D8012B04D0002318465DF8044B8C
:10D890007047022940F2FF3208BF4FF48062A24273
:10D8A000F3D21A4B1B6813F00103EED000BE002325
:10D8B00018465DF8044B7047022914BF40234FF40B
:10D8C0008063A342EDD3012318465DF8044B7047F3
:10D8D00002290BD012B1B4F5007F11D0A4F10803D6
:10D8E0009BB2182B06D9402CEDD0DAE7B4F5007FB7
:10D8F000D7D1E8E7064A22FA03F3DB07D1D5E2E7FE
:10D9000000244021134644710171BEE7F0ED00E0B0
:10D91000010100010A44914216D230B44C78052C22
:10D9200005D00C7821448A42F8D830BC70478C78F6
:10D9300004F07F0500EB4505E4092B550C782144E4
:10D940008A42EBD830BC7047704700BF2DE9F041E8
:10D9500082B00678089DBDF82470009361F300063C
:10D960000446294600F8086B012316463A46BDF8DE
:10D970002C80FCF76DFE05B13FB90A9B6360012066
:10D98000A4F8028002B0BDE8F08104F11C0101207E
:10D990000CF044FA26B903463046C4E90503ECE727
:10D9A0000023FAE710B50446406908B10CF05AFEAE
:10D9B000A06908B10CF056FE012010BDF0B50B4671
:10D9C0000D4613F8081B83B011F0020F07461846E6
:10D9D00040F2FF130CBF3F241C461646FCF774FEB2
:10D9E000E8B9E6B126421AD12B786978DA073846C9
:10D9F00018D5FEF707F990B12B78697813F0010379
:10DA000013D000233846CDE900331A46FEF73EF91D
:10DA100030B9084B1B68DB0701D500BE00E00020D1
:10DA200003B0F0BDFDF714FFE5E738461A46FDF7F1
:10DA30002FFFEDE7F0ED00E070B501F1080582B0D1
:10DA4000064628460C46FCF73FFE38B1237861783D
:10DA5000DB07304605D5FEF7D5F830B9002002B017
:10DA600070BDFDF7F5FE0028F8D028466288616891
:10DA7000FCF754FE054690B1237862686178D807B8
:10DA800017D50023CDE9003330462B46FEF7FEF8CC
:10DA9000B0B90C4B1B68DB07E0D500BEDFE7207890
:10DAA000617810F00104304608D1FDF7E1FE204610
:10DAB000D5E730462B46FDF7EBFEE9E7FEF7C8F861
:10DAC0002846CCE7F0ED00E02DE9F0418A890B789B
:10DAD00082B00C460646E2B9DD07497857D5FEF715
:10DAE00091F800284FD0227863886178D20751D509
:10DAF000002B5DD0626800253046CDE90055FEF769
:10DB0000C5F800284DD1374B1B68DB073BD500BE5D
:10DB10003AE003F0020301F10808002B40460CBF75
:10DB200040274FF40077304D08BF6FF03F05FCF7FA
:10DB3000E3FD874227D823786178DB07304634D568
:10DB4000FEF760F8F8B14046FCF7D6FD874233D8BF
:10DB500005EA000265882378617890B2854228BF83
:10DB60000546DA0732D5002D37D062680023CDE9AB
:10DB7000003330462B46FEF789F80028C3D02846EC
:10DB800002E0FEF765F8002002B0BDE8F081FDF785
:10DB90005FFEA6E773B162683046FDF779FE0028A4
:10DBA000B1D0608802B0BDE8F081FDF751FEC9E751
:10DBB0001A46A0E71A46EFE72078617810F00104D2
:10DBC0003046DED1FDF754FE2046DDE73DB1626808
:10DBD00030462B46FDF75CFECFE72A46C6E72A46CD
:10DBE000F6E700BFF0ED00E000FEFFFF002800F0C8
:10DBF000B480002900F0B1802DE9F04F17688DB096
:10DC0000002F00F0A58013795C1E1E2C00F2A0806E
:10DC100094680594002C00F09B80D468002C00F0E0
:10DC20009780157D0695002D00F09280158A528A06
:10DC300002959542049200F28B80A3F120028E4659
:10DC4000C3F120050121164601FA02F921FA05F572
:10DC5000C3F1200201FA03F804FA03F324FA02F2F2
:10DC600049EA0509089304FA06F500230024CDE9E2
:10DC700000344FF0000C2A430797861EE2460992B3
:10DC8000CDF80CC0774636F8022F002594B24D45EA
:10DC900008BF444521D2079BA2FB032352EA03019C
:10DCA00075D000200021CDE90A01002B73D1DDE9F8
:10DCB0000A01014311D10598A2FB00BC00FB03CC73
:10DCC0006146DDE9082358460FF028FF00234FF690
:10DCD000FE728B4208BF824242D20AF1010A5745C6
:10DCE000D1D1DDF80CB0069B079F5B4530D80024EE
:10DCF0005A46DDE9000123460FF010FF0021494597
:10DD000008BF404524D2A7FB002307FB01352B4663
:10DD100052EA03011AD04FF000084FF00009002D1D
:10DD20004BD158EA090113D1059CA2FB040104FB65
:10DD30000311DDE908230FF0F1FE0B460021024636
:10DD400099424FF6FE7008BF904201D390B201E0B5
:10DD50004FF6FF700DB0BDE8F08F4FF6FF707047C3
:10DD6000029B80B28342B8D8049B8342B5D3DDE9DD
:10DD70000001EB43E2438B4208BF8242E8D3039B9E
:10DD8000001969410133CDE900010393A5E7029B26
:10DD9000002BECD0A1E70599A1FB02018B460020E6
:10DDA00005998446E3FB01BC614600293FF47FAF3F
:10DDB00001200021CDE90A0179E70599A1FB02675D
:10DDC0002146059C3846E5FB04010029A9D04FF007
:10DDD00001084FF00009A4E790F90030002B46DB62
:10DDE000C368002B43D0037C002B40D04369002B39
:10DDF0003DD08369002B3AD0037F013B1F2B36D8DF
:10DE0000F0B52A4E87B004460BF02AFD3368C31ADA
:10DE1000002B054629DB264F3B78B3B994F9010066
:10DE2000002807DB01210EF0F9FFA17894F9010029
:10DE30000FF078F8002194F900000EF0EFFF0220B7
:10DE40000EF0E6FE207C0EF0DDFE94F900000EF0F0
:10DE50000FFF3B78174A22F813000133217FDBB212
:10DE60008B423B7004D20135356007B0F0BD70477E
:10DE70001046E368227C00938DF804206369A26950
:10DE80000293D4F81EC094F8223003926A468DF8AB
:10DE90001430CDF810C0FFF7A9FE05F59C55064AD1
:10DEA00008350023356010803B70DEE7D87800200D
:10DEB000D4780020947800201A61002038B5047AC4
:10DEC00094B990F90030002B23DBC3680BB3037CBB
:10DED000FBB14369EBB18369DBB1037F013B1F2BCE
:10DEE00017D8154B188838BD457A144821460AF0D2
:10DEF000C5FA294611480AF02FFA01210F480AF005
:10DF0000C9FA30B9214602220C480AF06DFA0228FB
:10DF100002D04FF6FF7038BD08480AF015FA0446E3
:10DF200006480AF011FA064B03EA0423184380B2AC
:10DF300000EB8000800938BD1A610020708100204C
:10DF400000FFFF0008B50EF027FEFEE7704700BF98
:10DF5000704700BF2DE9F0470478089E1F46062C45
:10DF60001AD8DFE814F055015B0160010700650174
:10DF700072011B00438843EA0121B1F5887F4FF00D
:10DF8000000341808380C0F06681114604460EB1D3
:10DF90000520B04700232370BDE8F08790F801C04A
:10DFA000B0F81641B0F802806FEA0C231BB24FF0B4
:10DFB00000094B4544EA01219CB2B6BF41F221035E
:10DFC000630083EA44039CB2230446BF41F2210369
:10DFD00083EA440363009CB2230446BF41F2210359
:10DFE00083EA440363009CB2230446BF41F2210349
:10DFF00083EA440363009CB2230446BF41F2210339
:10E0000083EA440363009CB2230446BF41F2210328
:10E0100083EA440363009CB2230446BF41F2210318
:10E0200083EA440363009BB21C0446BF41F221040F
:10E0300084EA43045C005FFA88FEA4B284EA0E24FA
:10E0400024B2002CB8BF41F221031FFA84FEACBFFA
:10E050004FEA4E0383EA4E039CB2230446BF41F2CB
:10E06000210383EA440363009CB2230446BF41F2C8
:10E07000210383EA440363009CB2230446BF41F2B8
:10E08000210383EA440363009CB2230446BF41F2A8
:10E09000210383EA440363009CB2230446BF41F298
:10E0A000210383EA440363009CB2230446BF41F288
:10E0B000210383EA440363009CB223044ABF41F274
:10E0C0002103630083EA44034FEA18259BB283EAE5
:10E0D00005231BB2002B9CB2B6BF41F221036300A3
:10E0E00083EA44039CB2230446BF41F2210383EA3E
:10E0F000440363009CB2250446BF41F2210383EA36
:10E10000440363009CB2230446BF41F2210383EA27
:10E11000440363009CB2250446BF41F2210383EA15
:10E12000440363009CB2230446BF41F2210383EA07
:10E13000440363009CB2250446BF41F2210383EAF5
:10E14000440363009BB21C044ABF41F221045B00FC
:10E1500084EA4303A0F8161180F800909BB2B8F14E
:10E16000000F4AD008F1FF3400F1060E1EFA84FEBB
:10E1700041F22105441D14F8019F83EA09230FFA97
:10E1800083F91FFA89F3B9F1000FACBF5B0085EA90
:10E1900043039BB213F4004F0CBF5B0085EA4303BB
:10E1A0009BB213F4004F0CBF5B0085EA43039BB2A4
:10E1B00013F4004F0CBF5B0085EA43039BB213F4DA
:10E1C000004F0CBF5B0085EA43039BB213F4004F82
:10E1D0000CBF5B0085EA43039BB213F4004F0CBFF6
:10E1E0005B0085EA43039BB213F4004F0CBF5B0056
:10E1F00085EA430374459BB2BDD1994230D0002ECD
:10E200003FF4CAAE334611460120BDE8F047184737
:10E21000AA297FF4C1AE01230370BDE60223417039
:10E220000370BDE8F087032341800370BDE8F087E9
:10E230008288531C02449BB28380917142889A4227
:10E240003FF6AAAE05230370A6E60623A0F8161132
:10E250000370BDE8F0870029F4D0042303709BE627
:10E26000002F3FF499AE1346811D42466046BC46DE
:10E27000BDE8F047604700BF70B5054600F5537034
:10E280000BF05AFA05F550700BF056FA05F54D7083
:10E290000BF052FA05F54A700BF04EFA05F108063C
:10E2A00005F54274183C20460BF046FAA642F9D117
:10E2B000284670BD2DE9F047DFF8D0A0DFF8B09018
:10E2C0002A4F0023CAE900330AF108040AF542780C
:10E2D0004FF6FF762046494600250BF0DFF918344B
:10E2E00024F80C6C24F80A6C44F8087C04F8045CEC
:10E2F000A045EFD100231E491E48CAF80833CAF8CA
:10E300000C33CAF81033CAF81833CAF820338AF825
:10E3100014538AF81C538AF824530BF0BFF914499C
:10E3200015480BF0BBF9124914480BF0B7F9104926
:10E3300013480BF0B3F9134A13491448CAF8585359
:10E34000CAF85C53CAF86053CAF86453CAF86853F1
:10E350000EF034FF06490E480BF0A0F9094A0D49AA
:10E360000B48BDE8F0470EF029BF00BF000080BF9A
:10E3700030090400107C00201C7C0020287C002038
:10E38000347C00200060002079E20200E878002060
:10E39000DC78002039970300034B044A01211970EF
:10E3A00013680B44136070475A7F0020E07D002003
:10E3B000704700BF00B583B00023009340F276227F
:10E3C00002236FF07F4109F0F1FD03B05DF804FB1B
:10E3D000F8B52948294D06F0B5F807460BF040FA84
:10E3E000FA06064616D52B78254F002B37D0FF218D
:10E3F000214806F085FD234B3A68A3FB00308009D5
:10E4000000EB400043086433B61A9E422BD8012427
:10E410002046F8BD2C78E4B97B071AD5184F3B6825
:10E4200003B938600121144806F06AFD154A3B68BB
:10E43000A2FB0020800900EB400040086430F61A7F
:10E440008642E4D904210C4806F004F800233B601E
:10E4500003E00B4B00241C602C702046F8BD012308
:10E4600038602B70C3E700241421034805F0F2FF45
:10E470003C602C702046F8BD707F0020F07D0020AD
:10E48000EC7D0020D34D621010B5044650300BF0E7
:10E4900053F904F118000BF04FF904F10C000BF0E4
:10E4A0004BF920460BF048F9204610BD10B54FF44B
:10E4B000E67104460DF0B4FC204610BD00B583B0F3
:10E4C00003F07AFC0023009340F2762202236FF0DF
:10E4D0007F41044809F06AFDB0FA80F0400903B0BA
:10E4E0005DF804FB707F0020F0B5602289B000F178
:10E4F00028070021404E04460FF076FD3F4938467C
:10E500000BF0CCF80FCE25460FC596E8070003C5E3
:10E510002A800BF0A5F93A4A3A4BA2FB0020800969
:10E520001B782060E3750EF03FFBDFED377AB4EE29
:10E53000E70AF1EE10FA5DDCDFED347AB4EEE70ABB
:10E54000F1EE10FA53D4FDEEC07ACDED017A9DF9CB
:10E5500004302F4AA375D2ED007A2E48B2EE047A29
:10E5600067EE877A0025FDEEE77A17EE903AA382F0
:10E57000FFF7A4FC84F85450208303F039FC84F89E
:10E580005C5084ED160A03F039FC234B84F85D00DF
:10E5900007CB1B88C4F81A00E384C4F81E10C4F823
:10E5A00022201E4938460BF0CFF81D4A1D4B127829
:10E5B0001B7884F8365084F8342084F8353002A86B
:10E5C00003F006FC0698039F049E059D07999DF89D
:10E5D00008209DF80930E064204627646664A5643D
:10E5E000216584F83C2084F83D3009B0F0BD6FF01F
:10E5F0007E03AEE77F23ACE7407F002030090400B4
:10E60000D34D6210B87C00200000FE420000FEC224
:10E610002061002050050400246100205C7F002060
:10E62000E87D0020187F002038B52C4B1B7813B1F3
:10E630002B4B1B7803B138BD0BF012F9294B1B682B
:10E64000C01AB0F5FA7FF6D3274B1B7803F0FF040E
:10E65000002BF0D1254D0BF003F92B68C01A0928C7
:10E66000E9D90BF0FDF821462860214807F0ACF805
:10E670009FED207AB4EEC70AF1EE10FADBD4FBEE80
:10E680000E7AB4EEE70AF1EE10FAD4DC1A4A1B490E
:10E69000D2ED007A0B6870EE277A0133132BC2EDAE
:10E6A000007A0B60C7DD9FED166ADFED166A164B28
:10E6B0000C6067EE867A0020F4EEE67AF1EE10FA4E
:10E6C00088BFF0EE667AF4EEC77AF1EE10FAB8BFC2
:10E6D000F0EE477A1060C3ED007A38BDB97C0020B7
:10E6E000B87C00202C7F00205A7F0020347F00203F
:10E6F000707F0020000016C3107F0020387F0020AC
:10E70000CDCC4C3D000048C2206100202DE9F043F3
:10E7100083B00024DFF8B090224F234DDFF8AC80A7
:10E7200000942346224621462048214E09F0D2FF7C
:10E73000494638460AF0B2FF2A46414638460EF0AE
:10E740003DFD48200DF066FB1D2307460093032284
:10E750001C23042103F07EFC3946304605F056FDAB
:10E76000144B1549154F33602A4630460EF026FDEE
:10E77000134A144BC2F8024049463846C3F80240D7
:10E7800014705470A2F816411C705C70A3F8164106
:10E790000AF084FF2A464146384603B0BDE8F043FC
:10E7A0000EF00CBD5C7F002000600020D47D0020B6
:10E7B000707F002008040400B1E302001C7F0020E9
:10E7C000F47D0020BC7C0020300904003997030050
:10E7D000F0B5C5B001AC150A4FF0AA0CE570D51C18
:10E7E0001E466070A27084F800C0ADB2DAB1002994
:10E7F00071D0174602A80FF0D3FB07F1040CBA1D25
:10E8000005371FFA8CFC92B2BFB285B9FF210B46C7
:10E8100004F80C30E155002E5BD021463148F8F762
:10E82000B3FD45B0F0BD052706224FF0040C23468A
:10E830004FF6FF7141F2210013F801EF81EA0E213A
:10E840000FFA81FE1FFA8EF1BEF1000FACBF490036
:10E8500080EA410189B211F4004F0CBF490080EAFF
:10E86000410189B211F4004F0CBF490080EA410117
:10E8700089B211F4004F0CBF490080EA410189B20E
:10E8800011F4004F0CBF490080EA410189B211F434
:10E89000004F0CBF490080EA410189B211F4004FDA
:10E8A0000CBF490080EA410189B2A3EB040E11F4C8
:10E8B000004F1FFA8EFE0CBF490080EA4101AE45B1
:10E8C00089B2B9D3CBB2090A04F80C30E155002E55
:10E8D000A3D145B0F0BD052706224FF0040C002D52
:10E8E000A5D193E738640020F0B50121ADF5057D91
:10E8F000374805F077FF431EFE2B55D9354B1B7863
:10E90000002B42D00DF5057DF0BD314805F058FFD4
:10E91000BDEEC00A2E4810EE103A1DB205F030FFD1
:10E92000F2EE047A20EE270A2B4ABDEEC00A5068A8
:10E93000158210EE103A01301BB2538250608DF8F0
:10E940000A3102A91F122246EBB20DF58770C5F3FA
:10E9500007258DF808318DF80C318DF80B718DF885
:10E9600009518DF80D510FF01BFBA21D92B201232E
:10E9700042A904200096FFF72BFF0AF071FF154B08
:10E98000164A1B781060002BBCD103F015FA002347
:10E99000009340F2762202236FF07F410C4809F089
:10E9A00005FB0DF5057DF0BD0246044602A90848A9
:10E9B00005F0DEFF06460028A7D0074A0549D368C0
:10E9C00009780133D3600029DFD00DF5057DF0BD56
:10E9D000707F0020E87D0020407F00202C7F0020F9
:10E9E0000EB410B5B5B037AB044653F8042B019301
:10E9F00002A8C82110F084F800280BDB022C0ED0EE
:10EA0000084A094B012C18BF1A460849084802ABAE
:10EA100009F0C6FE35B0BDE8104003B07047054AA6
:10EA2000F3E700BFE4080400D4080400EC08040085
:10EA300038640020DC080400F0B52DED028B04469C
:10EA400087B0417A3B48002208F0F8FA38BB94F9C5
:10EA50000A500646162D3748A8BF162508F070FB49
:10EA600029463448BDEEC08A04F09AFC0746314876
:10EA7000D7B108F065FB304B94F90A201B6800926F
:10EA8000BDEEC00A162202928DED048A039701950D
:10EA900030468DED050A294A2949FFF7A1FF0020DC
:10EAA00007B0BDEC028BF0BD08F04AFB8DED048A87
:10EAB000BDEEC00A204B94F90A201B680092162173
:10EAC000384602911D4A1E49039701958DED050AAE
:10EAD000FFF786FFB4F80B101648C9B2442208F0BD
:10EAE000E3FA0028DBD1617B124808F041FB0028E3
:10EAF000D5D1104808F032FF0028D0D1012400946D
:10EB0000214641F2210341F60F520A4808F084FEE3
:10EB10000028C4D10146074808F0BAFF0028BED13A
:10EB2000044808F0A9FF0028B9D1064B20461C7004
:10EB3000B6E700BF707F00205C7F0020D405040092
:10EB4000F0050400E97D00202DE9F04383B003F0D7
:10EB500039F910B903B0BDE8F0832A4A2A4B14787A
:10EB60001B782A4A2A4E92F800803778DDB203F0EB
:10EB700027F981460AF074FE002CEBD0002FE9D172
:10EB8000B8F1000FE6D1234CA7884F4503D0A4F875
:10EB900004902060DEE7002FDCD023684FF47A7207
:10EBA000C31A02FB07F29A42D4D81B4B1B68C01A47
:10EBB000B0F5FA7FCED3002DCCD1184807F0E2FD96
:10EBC00002200AF059FE33785BB903F0F5F8002310
:10EBD000009340F2762202236FF07F410F4809F044
:10EBE000E5F90AF03DFE0E490E4D20600026002397
:10EBF0000E600D492B603A46184603B0BDE8F0435D
:10EC0000FFF7EEBEB97C00205A7F0020B87C0020C0
:10EC1000E87D0020346100202C7F0020707F0020E0
:10EC2000107F0020387F002058060400F0B5C5B0E2
:10EC300001ACAA250123607025706380002900F0D3
:10EC400019810B7823710621072605256FEA00201C
:10EC500000B20028B8BF41F2210387B2ACBF7B00ED
:10EC600083EA470398B2030446BF41F2210383EAD3
:10EC70004003430098B2070446BF41F2210383EAF0
:10EC80004003430098B2030446BF41F2210383EAE4
:10EC90004003430098B2070446BF41F2210383EAD0
:10ECA0004003430098B2030446BF41F2210383EAC4
:10ECB0004003430098B2070446BF41F2210383EAB0
:10ECC0004003430098B203044ABF41F221034300CA
:10ECD00083EA40039BB283F480731BB2002B98B28B
:10ECE000B6BF41F22103430083EA400398B2070410
:10ECF00046BF41F2210383EA4003430098B2030474
:10ED000046BF41F2210383EA4003430098B207045F
:10ED100046BF41F2210383EA4003430098B2030453
:10ED200046BF41F2210383EA4003430098B207043F
:10ED300046BF41F2210383EA4003430098B2030433
:10ED400046BF41F2210383EA4003430098B207041F
:10ED500046BF41F2210383EA4003430098B2030413
:10ED600046BF41F2210383EA4003430098B20704FF
:10ED700046BF41F2210383EA4003430098B20304F3
:10ED800046BF41F2210383EA4003430098B20704DF
:10ED900046BF41F2210383EA4003430098B20304D3
:10EDA00046BF41F2210383EA4003430098B20704BF
:10EDB00046BF41F2210383EA4003430098B20304B3
:10EDC00046BF41F2210383EA4003430098B207049F
:10EDD0004ABF41F22103430083EA400320799BB2FA
:10EDE00083EA00231BB2002B98B2B6BF41F2210385
:10EDF000430083EA400398B2030446BF41F2210373
:10EE000083EA4003430098B2070446BF41F221035E
:10EE100083EA4003430098B2030446BF41F2210352
:10EE200083EA4003430098B2070446BF41F221033E
:10EE300083EA4003430098B2030446BF41F2210332
:10EE400083EA4003430098B2070446BF41F221031E
:10EE500083EA400343009BB2180446BF41F22100FD
:10EE600080EA43035B009BB2180A635560542AB9D9
:10EE700045B0F0BD052106260425E7E632462146C9
:10EE80000248F8F781FA45B0F0BD00BF38640020B1
:10EE900030B5012883B005460C4603D10C4AD3682F
:10EEA0000133D36023462A460A490220FFF798FD22
:10EEB00002A9A4F10203B4FA84F2B3FA83F301F8CD
:10EEC000015D52095B09FE20FFF7B0FE03B030BDC3
:10EED000407F0020B00804002DE9F04F5A4C247800
:10EEE000E9B00F4616461D46F4B9431E332B1BD816
:10EEF000DFE803F0BA1A1A1A1A1A1A1A1A1A1A1A80
:10EF00001A1A1ABABA1A1A1A1A1A1A1A1A1A1A1A21
:10EF10001A1A1ABA1ABA1A1A1A1A1A1A1A1A1A1A11
:10EF20001A1A1ABABA1A1ABA482801F045861AD912
:10EF3000742802F0318440F27683942801F01C8119
:10EF400040F25C84982800F09182FF2800F08E82C5
:10EF5000962840F0298646F6FF039BB225AC5B005D
:10EF60003A4A00F057BC302801F0468640F29481BE
:10EF7000402801F0028600F21B85312801F0DC8078
:10EF8000342840F01186042E40F094813048314BF3
:10EF90003C78314A0470787818703049B878304B32
:10EFA0001070FE7838682F4A0E7025AC0121C4E934
:10EFB0000020197022460DF19B004FF6FF7341F2BD
:10EFC000210112F8016F83EA06231EB2B3B2002EAC
:10EFD000ACBF5B0081EA43039BB21E0454BF5B00DD
:10EFE00081EA43039BB21F0454BF5B0081EA4303E1
:10EFF0009BB21E0454BF5B0081EA43039BB21F0413
:10F0000054BF5B0081EA43039BB21E0454BF5B0004
:10F0100081EA43039BB21F0454BF5B0081EA4303B0
:10F020009BB21E0454BF5B0081EA430382429BB241
:10F03000C7D11A0A23726272002D02F084821E2048
:10F040000AF01AFC23E100BFB97C0020AA97010056
:10F050003D6100201C6100203C610020DC7D00201F
:10F060005B7F0020AA35040040F2FF1325AC9BB261
:10F070005B00884A22601E044FF00B02227146BFDB
:10F0800041F2210282EA43035B009AB2100446BFB8
:10F0900041F2210383EA420353009AB2110446BFAE
:10F0A00041F2210383EA420353009AB2130446BF9C
:10F0B00041F2210383EA420353009AB2170446BF88
:10F0C00041F2210383EA420353009AB2160446BF79
:10F0D00041F2210383EA420353009AB210044ABF6B
:10F0E00041F22103530083EA4203A2789BB283EAF0
:10F0F00002231BB2002B9AB2B6BF41F22103530088
:10F1000083EA42039AB2110446BF41F2210383EA23
:10F11000420353009AB2130446BF41F2210383EA2B
:10F12000420353009AB2170446BF41F2210383EA17
:10F13000420353009AB2160446BF41F2210383EA08
:10F14000420353009AB2100446BF41F2210383EAFE
:10F15000420353009AB2110446BF41F2210383EAED
:10F16000420353009AB213044ABF41F221035300F1
:10F1700083EA4203E2789BB283EA02231BB2002BAC
:10F180009AB2B6BF41F22103530083EA42039AB216
:10F19000170446BF41F2210383EA420353009AB2A7
:10F1A000160446BF41F2210383EA420353009AB298
:10F1B000100446BF41F2210383EA420353009AB28E
:10F1C000110446BF41F2210383EA420353009AB27D
:10F1D000130446BF41F2210383EA420353009AB26B
:10F1E000170446BF41F2210383EA420353009AB257
:10F1F00016044ABF41F22103530083EA42039BB243
:10F2000083F430631BB2002B9AB2C0F22681530004
:10F210009AB2160446BF41F2210383EA4203530027
:10F220009AB2100446BF41F2210383EA420353001D
:10F230009AB2110446BF41F2210383EA420353000C
:10F240009AB2130446BF41F2210383EA42035300FA
:10F250009AB2170446BF41F2210383EA42035300E6
:10F260009AB2160446BF41F2210383EA42035300D7
:10F270009BB2180446BF41F2210282EA43035B00BD
:10F280009BB21A0A6371A271002D00F0C48169B0AB
:10F29000BDE8F08FAAFE0100112801F09B8300F267
:10F2A000C385012801F01C82102840F07D840E2EB9
:10F2B00001F0528540F2FF1325AC9BB25B006A4A15
:10F2C00022601F044FF0060222714ABF41F2210260
:10F2D0005B0082EA43039AB2170446BF41F221035E
:10F2E00083EA420353009AB2160446BF41F2210357
:10F2F00083EA420353009AB2100446BF41F221034D
:10F3000083EA420353009AB2110446BF41F221033B
:10F3100083EA420353009AB2130446BF41F2210329
:10F3200083EA420353009AB217044ABF41F2210311
:10F33000530083EA4203A2789BB283EA02231BB202
:10F34000002B9AB2B6BF41F22103530083EA420375
:10F350009AB2160446BF41F2210383EA42035300E6
:10F360009AB2100446BF41F2210383EA42035300DC
:10F370009AB2110446BF41F2210383EA42035300CB
:10F380009AB2130446BF41F2210383EA42035300B9
:10F390009AB2170446BF41F2210383EA42035300A5
:10F3A0009AB2160446BF41F2210383EA4203530096
:10F3B0009AB210044ABF41F22103530083EA420388
:10F3C000E2789BB283EA02231BB2002B9AB2B6BF4B
:10F3D00041F22103530083EA42039AB2110446BF6B
:10F3E00041F2210383EA420353009AB2130446BF59
:10F3F00041F2210383EA420353009AB2170446BF45
:10F4000041F2210383EA420353009AB2160446BF35
:10F4100041F2210383EA420353009AB2100446BF2B
:10F4200041F2210383EA420353009AB2110446BF1A
:10F4300041F2210383EA420353009AB213044ABF04
:10F4400041F22103530083EA42039BB283F4C06379
:10F450001BB2002B9AB2BFF6DAAE41F2210383EA67
:10F4600042039AB2D5E600BFAAFE0100FF2325ACF5
:10F470009BB24FF6AA725B0022601A0446BF41F2AB
:10F48000210282EA43035B009AB2170446BF41F2AD
:10F49000210383EA420353009AB2160446BF41F2A5
:10F4A000210383EA420353009AB2100446BF41F29B
:10F4B000210383EA420353009AB2110446BF41F28A
:10F4C000210383EA420353009AB2130446BF41F278
:10F4D000210383EA420353009AB217044ABF41F260
:10F4E0002103530083EA4203A2789BB283EA0223FA
:10F4F0001BB2002B9AB2B6BF41F22103530083EA3C
:10F5000042039AB2160446BF41F2210383EA420342
:10F5100053009AB2100446BF41F2210383EA42032A
:10F5200053009AB2110446BF41F2210383EA420319
:10F5300053009AB2130446BF41F2210383EA420307
:10F5400053009AB2170446BF41F2210383EA4203F3
:10F5500053009AB2160446BF41F2210383EA4203E4
:10F5600053009AB210044ABF41F22103530083EAC8
:10F570004203E2789BB283EA02231BB2002B9AB2C9
:10F58000B6BF41F22103530083EA42039AB2110449
:10F5900046BF41F2210383EA420353009AB21304A7
:10F5A00046BF41F2210383EA420353009AB2170493
:10F5B00046BF41F2210383EA420353009AB2160484
:10F5C00046BF41F2210383EA420353009AB210047A
:10F5D00046BF41F2210383EA420353009AB2110469
:10F5E00046BF41F2210383EA420353009BB21A044F
:10F5F00046BF41F2210282EA43035B009BB21A0A32
:10F6000023716271002D7FF442AE214606227A48B2
:10F61000F7F7BAFE3BE6214607227748F7F7B4FE34
:10F6200069B0BDE8F08F612801F0288200F2918373
:10F630004A2800F08986602840F0B6826FF4C04303
:10F6400025AC46F2AA02002B22609AB2C1F22A84AB
:10F6500053009AB2130446BF41F2210383EA4203E6
:10F6600053009AB2170446BF41F2210383EA4203D2
:10F6700053009AB2160446BF41F2210383EA4203C3
:10F6800053009AB2100446BF41F2210383EA4203B9
:10F6900053009AB2110446BF41F2210383EA4203A8
:10F6A00053009AB2130446BF41F2210383EA420396
:10F6B00053009AB217044ABF41F22103530083EA70
:10F6C0004203A2789BB283EA02231BB2002B9AB2B8
:10F6D000B6BF41F22103530083EA42039AB21604F3
:10F6E00046BF41F2210383EA420353009AB2100459
:10F6F00046BF41F2210383EA420353009AB2110448
:10F7000046BF41F2210383EA420353009AB2130435
:10F7100046BF41F2210383EA420353009AB2170421
:10F7200046BF41F2210383EA420353009AB2160412
:10F7300046BF41F2210383EA420353009AB2100408
:10F740004ABF41F22103530083EA4203E2789BB2AD
:10F7500083EA02231BB2002B9AB2B6BF41F2210307
:10F76000530083EA42039AB2110446BF41F22103D7
:10F7700083EA420353009AB2130446BF41F22103C5
:10F7800083EA420353009AB2170446BF41F22103B1
:10F7900083EA420353009AB2160446BF41F22103A2
:10F7A00083EA420353009AB2100446BF41F2210398
:10F7B00083EA420353009AB2110446BF41F2210387
:10F7C00083EA420353009BB21A0446BF41F221026E
:10F7D00082EA43035B009BB21A0A237162713DB94E
:10F7E000214606220448F7F7CFFD0348F7F7BEFD90
:10F7F000C8200AF041F84AE538640020902800F05B
:10F800009386922840F0D08146F6FF439BB2674A28
:10F8100025AC5B00226019044FF00102227101F156
:10F82000088293409AB2130446BF41F2210383EA4F
:10F83000420353009AB2170446BF41F2210383EA00
:10F84000420353009AB2160446BF41F2210383EAF1
:10F85000420353009AB2100446BF41F2210383EAE7
:10F86000420353009AB2110446BF41F2210383EAD6
:10F87000420353009AB213044ABF41F221035300DA
:10F8800083EA4203A2789BB283EA02231BB2002BD5
:10F890009AB2B6BF41F22103530083EA42039AB2FF
:10F8A000170446BF41F2210383EA420353009AB290
:10F8B000160446BF41F2210383EA420353009AB281
:10F8C000100446BF41F2210383EA420353009AB277
:10F8D000110446BF41F2210383EA420353009AB266
:10F8E000130446BF41F2210383EA420353009AB254
:10F8F000170446BF41F2210383EA420353009AB240
:10F9000016044ABF41F22103530083EA4203E2781E
:10F910009BB283EA02231BB2002B9AB2B6BF41F21C
:10F920002103530083EA42039AB2100446BF41F216
:10F93000210383EA420353009AB2110446BF41F205
:10F94000210383EA420353009AB2130446BF41F2F3
:10F95000210383EA420353009AB2170446BF41F2DF
:10F96000210383EA420353009AB2160446BF41F2D0
:10F97000210383EA420353009AB2100446BF41F2C6
:10F98000210383EA420353009AB211044ABF41F2B1
:10F990002103530083EA42039BB283F480731BB2BA
:10F9A000002B9AB2BFF633AC57E500BFAA93010013
:10F9B000412800F0F980422840F0F680754E764AE2
:10F9C000764800233370137006F0DCFE002801F047
:10F9D0007182002210467249FFF702F801226FF48B
:10F9E0008C4325AC002B6F49216099B2BBBF41F21B
:10F9F000210383EA41034B001BB29BB21E0446BFA6
:10FA000041F2210181EA43035B0099B2080446BF39
:10FA100041F2210383EA41034B0099B20B0446BF34
:10FA200041F2210383EA41034B0099B20F0446BF20
:10FA300041F2210383EA41034B0099B20E0446BF11
:10FA400041F2210383EA41034B0099B2080446BF07
:10FA500041F2210383EA41034B0099B20B044ABFF0
:10FA600041F221034B0083EA4103A17822719BB24A
:10FA700083EA01231BB2002B99B2B6BF41F22103E6
:10FA80004B0083EA410399B20F0446BF41F22103C0
:10FA900083EA41034B0099B20E0446BF41F22103B1
:10FAA00083EA41034B0099B2080446BF41F22103A7
:10FAB00083EA41034B0099B20B0446BF41F2210394
:10FAC00083EA41034B0099B20F0446BF41F2210380
:10FAD00083EA41034B0099B20E0446BF41F2210371
:10FAE00083EA41034B0099B208044ABF41F2210363
:10FAF0004B0083EA4103E1789BB283EA01231BB206
:10FB0000002B99B2B6BF41F221034B0083EA4103B7
:10FB100099B20B0446BF41F2210383EA41034B0033
:10FB200099B20F0446BF41F2210383EA41034B001F
:10FB300099B20E0446BF41F2210383EA41034B0010
:10FB400099B2080446BF41F2210383EA41034B0006
:10FB500099B20B0446BF41F2210383EA41034B00F3
:10FB600099B20F0446BF41F2210383EA41034B00DF
:10FB700099B20E044ABF41F221034B0083EA4103CC
:10FB80009BB283EA02231BB2002B9AB2BFF63FABB3
:10FB900063E400BFE87D0020E97D0020707F002045
:10FBA00020080400AA46010040F2FF1325AC9BB2D6
:10FBB0005B00994A22601F044FF0020222714ABF83
:10FBC00041F221025B0082EA43039AB2160446BF67
:10FBD00041F2210383EA420353009AB2100446BF64
:10FBE00041F2210383EA420353009AB2110446BF53
:10FBF00041F2210383EA420353009AB2130446BF41
:10FC000041F2210383EA420353009AB2170446BF2C
:10FC100041F2210383EA420353009AB216044ABF19
:10FC200041F22103530083EA4203A2789BB283EAA4
:10FC300002231BB2002B9AB2B6BF41F2210353003C
:10FC400083EA42039AB2100446BF41F2210383EAD9
:10FC5000420353009AB2110446BF41F2210383EAE2
:10FC6000420353009AB2130446BF41F2210383EAD0
:10FC7000420353009AB2170446BF41F2210383EABC
:10FC8000420353009AB2160446BF41F2210383EAAD
:10FC9000420353009AB2100446BF41F2210383EAA3
:10FCA000420353009AB211044ABF41F221035300A8
:10FCB00083EA4203E2789BB283EA02231BB2002B61
:10FCC0009AB2B6BF41F22103530083EA42039AB2CB
:10FCD000130446BF41F2210383EA420353009AB260
:10FCE000170446BF41F2210383EA420353009AB24C
:10FCF000160446BF41F2210383EA420353009AB23D
:10FD0000100446BF41F2210383EA420353009AB232
:10FD1000110446BF41F2210383EA420353009AB221
:10FD2000130446BF41F2210383EA420353009AB20F
:10FD300017044ABF41F22103530083EA42039BB2F6
:10FD400083F400731BB2002B9AB2BFF660AAFFF7D0
:10FD500084BB702800F0D58272287FF425AF09F0AB
:10FD60007FFD2E4B2E491A68CDF8990025AC002353
:10FD700021602371C4F80930C4F80D30C4F8112093
:10FD800021462AAE4FF6FF7341F2210011F8012FF0
:10FD900083EA02231AB293B2002AACBF5B0080EA66
:10FDA00043039BB21F0454BF5B0080EA43039BB232
:10FDB0001A0454BF5B0080EA43039BB21F0454BF84
:10FDC0005B0080EA43039BB21A0454BF5B0080EAE5
:10FDD00043039BB21F0454BF5B0080EA43039BB202
:10FDE0001A0454BF5B0080EA43039BB21F0454BF54
:10FDF0005B0080EA4303B1429BB2C7D11A0A637524
:10FE0000A275002D7FF443AA214617220548F7F773
:10FE1000BBFAFFF73CBA00BFAAFE0100687F0020D2
:10FE2000AA73110038640020202800F005822228DF
:10FE30007FF4BAAEA04BA14AD3ED007A2592B2EE80
:10FE4000047A67EE877A25ACFDEEE77A17EE903AF2
:10FE50001BB219128DF835108DF83430BDF83430DE
:10FE6000A3806FF40C53002B9AB2BBBF41F2210365
:10FE700083EA420353001BB29BB21F0446BF41F208
:10FE8000210282EA43035B009AB2160446BF41F2A4
:10FE9000210383EA420353009AB2100446BF41F2A1
:10FEA000210383EA420353009AB2110446BF41F290
:10FEB000210383EA420353009AB2130446BF41F27E
:10FEC000210383EA420353009AB2170446BF41F26A
:10FED000210383EA420353009AB216044ABF41F257
:10FEE0002103530083EA4203A2789BB283EA0223F0
:10FEF0001BB2002B9AB2B6BF41F22103530083EA32
:10FF000042039AB2100446BF41F2210383EA42033E
:10FF100053009AB2110446BF41F2210383EA42031F
:10FF200053009AB2130446BF41F2210383EA42030D
:10FF300053009AB2170446BF41F2210383EA4203F9
:10FF400053009AB2160446BF41F2210383EA4203EA
:10FF500053009AB2100446BF41F2210383EA4203E0
:10FF600053009AB211044ABF41F22103530083EABD
:10FF70004203E2789BB283EA02231BB2002B9AB2BF
:10FF8000B6BF41F22103530083EA42039AB213043D
:10FF900046BF41F2210383EA420353009AB2170499
:10FFA00046BF41F2210383EA420353009AB216048A
:10FFB00046BF41F2210383EA420353009AB2100480
:10FFC00046BF41F2210383EA420353009AB211046F
:10FFD00046BF41F2210383EA420353009AB213045D
:10FFE00046BF41F2210383EA420353009AB2170449
:10FFF0004ABF41F22103530083EA420322799BB2B4
:020000023000CC
:1000000083EA02231BB2002B9AB2B6BF41F221034E
:10001000530083EA42039AB2160446BF41F2210319
:1000200083EA420353009AB2100446BF41F221030F
:1000300083EA420353009AB2110446BF41F22103FE
:1000400083EA420353009AB2130446BF41F22103EC
:1000500083EA420353009AB2170446BF41F22103D8
:1000600083EA420353009AB2160446BF41F22103C9
:1000700083EA420353009AB210044ABF41F22103BB
:10008000530083EA420362799BB283EA02231BB2E4
:10009000002B9AB2B6BF41F22103530083EA420318
:1000A0009AB2110446BF41F2210383EA420353008E
:1000B0009AB2130404E000BF20610020AA230200CA
:1000C00046BF41F2210383EA420353009AB2170468
:1000D00046BF41F2210383EA420353009AB2160459
:1000E00046BF41F2210383EA420353009AB210044F
:1000F00046BF41F2210383EA420353009AB211043E
:1001000046BF41F2210383EA420353009BB21A0423
:1001100046BF41F2210282EA43035B009BB21A0A06
:10012000A371E271002D7FF4B2A8214608227F4816
:10013000F7F72AF9FFF7ABB87D4B1C7854B901F0FB
:100140003BFE0094022340F276226FF07F41794813
:1001500007F02CFF6FF44C5325AC002B43F2AA326E
:1001600022609AB2BBBF41F2210383EA42035300EB
:100170001BB29BB2FFF781B9212200210DA80DF01F
:1001800033FF01238DF834300DAE0FCE25AC6A4F0E
:10019000276026AF0FC70FCE0FC733683B702146CD
:1001A0002EAE4FF6FF7341F2210011F8012F83EAC2
:1001B00002231AB293B2002AACBF5B0080EA430369
:1001C0009BB21F0454BF5B0080EA43039BB21A0436
:1001D00054BF5B0080EA43039BB21F0454BF5B0023
:1001E00080EA43039BB21A0454BF5B0080EA4303D6
:1001F0009BB21F0454BF5B0080EA43039BB21A0406
:1002000054BF5B0080EA43039BB21F0454BF5B00F2
:1002100080EA43038E429BB2C7D11A0A84F8253084
:1002200084F82620002D7FF432A8214627223F485B
:10023000F7F7AAF8FFF72BB80DA80DACFEF754F9A5
:100240000FCC3E4EDFF8FCC00FC694E8070003C693
:1002500026F818290FCE25AC26AFC4F800C00FC76A
:1002600096E8070003C70DF1B10621463A804FF624
:10027000FF7341F2210011F8012F83EA02231AB221
:1002800093B2002AACBF5B0080EA43039BB21A041E
:1002900054BF5B0080EA43039BB21F0454BF5B0062
:1002A00080EA43039BB21A0454BF5B0080EA430315
:1002B0009BB21F0454BF5B0080EA43039BB21A0445
:1002C00054BF5B0080EA43039BB21F0454BF5B0032
:1002D00080EA43039BB21A0454BF5B0080EA4303E5
:1002E000B1429BB2C7D11A0AA377E27725B921465A
:1002F00020220E48F7F748F817A809F01DFAFEF774
:10030000C6BF0F4B1C6820460EF0A8FBA5F10206E5
:10031000B6FA86F67609B5FA85F382B221460096DA
:100320005B097120FEF754FAFEF7B1BF3864002074
:10033000E87D0020707F0020AA952100407F0020EA
:100340005C7F0020AA211A00002E00F0F3853C7883
:10035000704B7148714A7249002C14BF012400246B
:100360001C7008BF024625AC0020FEF739FB6D4B20
:1003700023606FF496430022002B22719AB2C0F2E0
:10038000138453009BB21A0446BF41F2210282EA51
:1003900043035B009AB2170446BF41F2210383EA8C
:1003A000420353009AB2160446BF41F2210383EA86
:1003B000420353009AB2100446BF41F2210383EA7C
:1003C000420353009AB2110446BF41F2210383EA6B
:1003D000420353009AB2130446BF41F2210383EA59
:1003E000420353009AB217044ABF41F2210353005B
:1003F00083EA4203A2789BB283EA02231BB2002B5A
:100400009AB2B6BF41F22103530083EA42039AB283
:10041000160446BF41F2210383EA420353009AB215
:10042000100446BF41F2210383EA420353009AB20B
:10043000110446BF41F2210383EA420353009AB2FA
:10044000130446BF41F2210383EA420353009AB2E8
:10045000170446BF41F2210383EA420353009AB2D4
:10046000160446BF41F2210383EA420353009AB2C5
:1004700010044ABF41F22103530083EA4203E278A9
:100480009BB283EA02231BB2002B9AB2B6BF41F2A1
:100490002103530083EA42039AB2110446BF41F29A
:1004A000210383EA420353009AB2130446BF41F288
:1004B000210383EA420353009AB2170446BF41F274
:1004C000210383EA420353009AB2160446BF41F265
:1004D000210383EA420353009AB2100446BF41F25B
:1004E000210383EA420353009AB2110446BF41F24A
:1004F000210383EA420353009AB213044ABF41F234
:100500002103530083EA42039AB217043EF5A5AFD4
:10051000FEF77DBE187F0020800604007C060400E4
:10052000EC070400AA4B01006B490120FEF758FAC2
:1005300025AC46F6FF63694A22609BB25B0003224A
:1005400022711A0446BF41F2210282EA43035B0092
:100550009AB2170446BF41F2210383EA42035300D3
:100560009AB2160446BF41F2210383EA42035300C4
:100570009AB2100446BF41F2210383EA42035300BA
:100580009AB2110446BF41F2210383EA42035300A9
:100590009AB2130446BF41F2210383EA4203530097
:1005A0009AB217044ABF41F22103530083EA42037F
:1005B000A2789BB283EA02231BB2002B9AB2B6BF89
:1005C00041F22103530083EA42039AB2160446BF64
:1005D00041F2210383EA420353009AB2100446BF5A
:1005E00041F2210383EA420353009AB2110446BF49
:1005F00041F2210383EA420353009AB2130446BF37
:1006000041F2210383EA420353009AB2170446BF22
:1006100041F2210383EA420353009AB2160446BF13
:1006200041F2210383EA420353009AB210044ABF05
:1006300041F22103530083EA4203E2789BB283EA4A
:1006400002231BB2002B9AB2B6BF41F22103530022
:1006500083EA42039AB2110446BF41F2210383EABE
:10066000420353009AB2130446BF41F2210383EAC6
:10067000420353009AB2170446BF41F2210383EAB2
:10068000420353009AB2160446BF41F2210383EAA3
:10069000420353009AB2100446BF41F2210383EA99
:1006A000420353009AB2110446BF41F2210383EA88
:1006B000420353009AB213044ABF41F2210353008C
:1006C00083EA42039BB283F440731BB2002B9AB2BD
:1006D000BEF69DADFEF7C1BE7C080400AA910100E4
:1006E000DFF8BCB29BF80030002B00F0A982731E2B
:1006F000FE2B00F25B84FDF76BFE002840F04E8677
:10070000A14BA2491B7801220A70002B40F0A08760
:10071000DFF8908225AC9E48DFF88CA206F032F814
:100720004FF00009012009F0A7F801F043FB88F819
:10073000009039464B46DAF80070954808973246E3
:1007400007F00EFC2B46074600903246484691497A
:10075000FEF746F9002F00F0788502203A468E49D0
:10076000FEF73EF9894B8A4883F8009003F0B6FF04
:1007700040F2FF139BB25A00884B236016044FF0DF
:100780000403237146BF41F2210383EA420353006D
:100790009AB2100446BF41F2210383EA4203530098
:1007A0009AB2110446BF41F2210383EA4203530087
:1007B0009AB2130446BF41F2210383EA4203530075
:1007C0009AB2170446BF41F2210383EA4203530061
:1007D0009AB2160446BF41F2210383EA4203530052
:1007E0009AB210044ABF41F22103530083EA420344
:1007F000A2789BB283EA02231BB2002B9AB2B6BF47
:1008000041F22103530083EA42039AB2110446BF26
:1008100041F2210383EA420353009AB2130446BF14
:1008200041F2210383EA420353009AB2170446BF00
:1008300041F2210383EA420353009AB2160446BFF1
:1008400041F2210383EA420353009AB2100446BFE7
:1008500041F2210383EA420353009AB2110446BFD6
:1008600041F2210383EA420353009AB213044ABFC0
:1008700041F22103530083EA4203E2789BB283EA08
:1008800002231BB2002B9AB2B6BF41F221035300E0
:1008900083EA42039AB2170446BF41F2210383EA76
:1008A000420353009AB2160446BF41F2210383EA81
:1008B000420353009AB2100446BF41F2210383EA77
:1008C000420353009AB2110446BF41F2210383EA66
:1008D000420353009AB2130446BF41F2210383EA54
:1008E000420353009AB2170446BF41F2210383EA40
:1008F000420353009AB216044ABF41F22103530047
:1009000083EA42039BB283F480631BB2002B9AB24A
:10091000B6BF41F22103530083EA42039AB21004A6
:1009200046BF41F2210383EA420353009AB2110405
:1009300046BF41F2210383EA420353009AB21304F3
:1009400046BF41F2210383EA420353009AB21704DF
:1009500046BF41F2210383EA420353009AB21604D0
:1009600046BF41F2210383EA420353009AB21004C6
:100970004ABF41F22103530083EA42039BB21904A8
:1009800000F1E88512E000BF187F0020B87C00204D
:10099000707F0020B4060400D8060400AAFE0100FF
:1009A000E97D00205A7F0020E07D00205B009BB2A3
:1009B0001A0A6371A27125B921460722AA48F6F7DF
:1009C000E3FCAA4B1B78002B7EF461ACFDF776FDAF
:1009D000FEF75DBCA64BA74F0FCB25AC26AE27601C
:1009E00007C62146338041F221000DF1A5064FF6DE
:1009F000FF7311F8012F83EA02231AB293B2002A7F
:100A0000ACBF5B0080EA43039BB21F0454BF5B0092
:100A100080EA43039BB21A0454BF5B0080EA43039D
:100A20009BB21F0454BF5B0080EA43039BB21A04CD
:100A300054BF5B0080EA43039BB21F0454BF5B00BA
:100A400080EA43039BB21A0454BF5B0080EA43036D
:100A50009BB21F0454BF5B0080EA4303B1429BB2C8
:100A6000C7D11A0AA374E274002D7EF410AC21469B
:100A700014227D48F6F788FCFEF709BC25AC002659
:100A8000314626700BA8DFF8208207F037FE31468A
:100A90000DA807F033FED8F800300C9AC4F80120F6
:100AA00013F00107744E36D17449304608F0F6FD54
:100AB000724906F10C0008F0F1FD704906F11800CA
:100AC00008F0ECFD06F1280086F8247007F0FAFD26
:100AD00006F1300007F0F6FD06F1380007F0F2FDF0
:100AE00006F1400007F0EEFD06F1480007F0EAFDD0
:100AF000624906F1500008F0D1FD01233046604AFA
:100B00006049A6F85C7086F85E7086F85F70C8F879
:100B100000300CF053FBB6F85C3063711B0A5A4886
:100B2000A37120210DF0B4FFC6B2E671002E40F093
:100B3000F78108260927202153480DF0A9FFC0B2EC
:100B4000202840F201812023A35598461A46E01937
:100B50004D490DF025FA4744BFB2A5F10200B0FAA5
:100B600080F04009B5FA85F300903A4621465B09CA
:100B70006220FDF72DFEFEF78ABB01F01FF9434806
:100B800005F000FE394B4249012225AC00201A70C5
:100B9000FDF726FF3F4B23606FF488430022002BB4
:100BA00022719AB2BFF6EDAB41F2210383EA420310
:100BB0001BB29BB2FFF7E7BB172E324639464FF008
:100BC000000628BF17220DA8CDE90D66CDE90F66F6
:100BD000CDE911660DF0E4F90DAA30462E49FDF776
:100BE000FFFE25AC6FF492432C4A2260B34226717B
:100BF0009AB2BFF6C6ABD7E7FDF7EAFB0646002878
:100C000054D025AC264B23606FF44853002B4FF093
:100C1000010222719AB2BBBF41F2210383EA42036F
:100C200053001BB29BB21A0403D45B009AB2FEF7C6
:100C3000FABD41F2210282EA43039AB2FEF7F3BD04
:100C400040F2FF139BB225AC5A00164B23600623DB
:100C5000237113044ABF41F22103530083EA420384
:100C60009AB2FEF739BB00BF38640020E87D00204F
:100C700024610020AA120E00587C002030090400D4
:100C80000060002089E40200E8070400707F002073
:100C900010080400AA440100F8070400AA49010052
:100CA000AA320100AAFE0100547C0020AB48DFF804
:100CB000F88205F067FD012008F0DEFDA84B88F8FA
:100CC00000601B78002B00F04682A64AA64B1178E4
:100CD000A64A18782696334661F307031178A44A8A
:100CE00060F30F2312789D4825AC61F3174362F33C
:100CF0001F63236021464FF4C073C4E9023303F03D
:100D0000FDFC002800F02C8200239A4988F800306E
:100D10000722FE232160A280A3711DB921469648B7
:100D2000F6F732FB954B1C78002C7EF4B0AA01F04C
:100D300043F80094022340F276226FF07F41874807
:100D400007F034F9FEF7A3BAA05500283FF405AF29
:100D500002461FFA80F8FAE6894C38687968BA6862
:100D6000884E234607C3BA891A80617B3368B4F87A
:100D70000B2094F90A0067680791617A0692227A3B
:100D8000029726680196CDE90410039200932A4643
:100D90007D4B7E490020FDF723FE7D4B6F480022EE
:100DA0001A7005F0EFFC00287FF44AAFD4ED007A0A
:100DB0009FED780A6948F8EE677A27EE800A02F01C
:100DC000BDFA00287FF43CAFD4ED017A9FED720AA2
:100DD0006248F8EE677A27EE800A06F0B3F800283A
:100DE0007FF42EAF217A5D4806F00AF800287FF4E0
:100DF00027AF2046FDF720FE00283FF421AF94E8FE
:100E00000F0025AC654E266026AE07C6224633800D
:100E10000DF1A5004FF6FF7341F2210112F8016FA9
:100E200083EA06231EB2B3B2002EACBF5B0081EA98
:100E300043039BB21E0454BF5B0081EA43039BB291
:100E40001F0454BF5B0081EA43039BB21E0454BFDE
:100E50005B0081EA43039BB21F0454BF5B0081EA3D
:100E600043039BB21E0454BF5B0081EA43039BB261
:100E70001F0454BF5B0081EA43039BB21E0454BFAE
:100E80005B0081EA430390429BB2C7D11A0AA37464
:100E9000E274002D7FF446AF214614223648F6F75F
:100EA00073FA3FE741F2210383EA4203C3F30D02E1
:100EB000FEF7D0BB324C9FED370AD4ED007A2748BD
:100EC000F8EE677A27EE800A02F038FA00287EF4FE
:100ED00080ADD4ED017A9FED300A2048F8EE677AB4
:100EE00027EE800A06F02EF800287EF472AD217AF3
:100EF0001A4805F085FF00287EF46BAD2046FDF70B
:100F00009BFD00283EF465AD3478002C00F065812F
:100F1000012223490020FDF763FD0022FEF75FBD9B
:100F200032462049B6B227A806F109070DF038F875
:100F3000083600E640F2FF139BB225AC5A000D4B79
:100F4000236011044FF0020323714ABF41F22103D1
:100F5000530083EA42039AB2FEF738BE707F002046
:100F60005B7F00203D6100201C6100203C6100206F
:100F7000DC7D0020AAFE010038640020E87D00200E
:100F8000246100205C7F0020D40504008807040051
:100F9000E97D0020BD3786356F12833AAA120E0014
:100FA00020080400E80704005A7F002040F2FF13E5
:100FB00025AC9BB25A00A94B236010044FF00503E7
:100FC000237146BF41F2210383EA420353009AB2E0
:100FD000110446BF41F2210383EA420353009AB24F
:100FE000130446BF41F2210383EA420353009AB23D
:100FF000170446BF41F2210383EA420353009AB229
:10100000160446BF41F2210383EA420353009AB219
:10101000100446BF41F2210383EA420353009AB20F
:1010200011044ABF41F22103530083EA4203A2782C
:101030009BB283EA02231BB2002B9AB2B6BF41F2E5
:101040002103530083EA42039AB2130446BF41F2DC
:10105000210383EA420353009AB2170446BF41F2C8
:10106000210383EA420353009AB2160446BF41F2B9
:10107000210383EA420353009AB2100446BF41F2AF
:10108000210383EA420353009AB2110446BF41F29E
:10109000210383EA420353009AB2130446BF41F28C
:1010A000210383EA420353009AB217044ABF41F274
:1010B0002103530083EA4203E2789BB283EA0223CE
:1010C0001BB2002B9AB2B6BF41F22103530083EA50
:1010D00042039AB2160446BF41F2210383EA420357
:1010E00053009AB2100446BF41F2210383EA42033F
:1010F00053009AB2110446BF41F2210383EA42032E
:1011000053009AB2130446BF41F2210383EA42031B
:1011100053009AB2170446BF41F2210383EA420307
:1011200053009AB2160446BF41F2210383EA4203F8
:1011300053009AB210044ABF41F22103530083EADC
:1011400042039BB283F4A0631BB2002B9AB2BEF69B
:101150005EA8FEF782B9424803F064FB25ACD0E5F7
:10116000064608F07DFBDFF8F890074608E04846A1
:1011700003F0E8F9030686B208D4012008F07CFBEE
:1011800008F06EFBC01BB0F5FA7FF0D316F08007B5
:1011900033D134490120FDF723FC314805F0F2FA40
:1011A000052008F069FB304B2D481F7005F0EAFA66
:1011B000002800F016820023284988F80030072212
:1011C000FE232160A280A371002D7FF4FAAB21469B
:1011D0002648F6F7D9F8FFF7F4BB00F0EDFD0094D0
:1011E000022340F276226FF07F411D4806F0DEFEBA
:1011F00000283FF48DAEFEF7ECBB4FF4C0711848E9
:1012000003F028F9C6F300264AF6D00343EA462342
:101210009B009BB283F4015383F002031B019BB23A
:1012200083F4014383F008030021114A26711F044F
:1012300088F8001022607FF5B9AB41F2210242EA42
:1012400043031BB29BB2FFF7B3BB08F009FB98F84E
:1012500000308146D3B941F2931711E0AAFE010094
:10126000707F002064070400E97D002038640020BE
:10127000AA320100022008F0FFFA98F800302BB9DA
:1012800008F0EEFAA0EB0900B842F3D93C4898F810
:10129000007003F023FA3B4A002388F800301370F3
:1012A00008F0DEFA384BFFB21860002F00F05981C9
:1012B000364A3348936831460133936003F020FE89
:1012C000010A020C030E8DF835108DF834008DF8EC
:1012D00037308DF836200D9A2D4B0646C4E9003282
:1012E00021460DF19B004FF6FF7341F2210211F8E8
:1012F000017F83EA07231FB2BBB2002FACBF5B00A4
:1013000082EA43039BB21F0454BF5B0082EA43039B
:101310009BB21F0454BF5B0082EA43039BB21F04CD
:1013200054BF5B0082EA43039BB21F0454BF5B00BF
:1013300082EA43039BB21F0454BF5B0082EA43036B
:101340009BB21F0454BF5B0082EA43039BB21F049D
:1013500054BF5B0082EA430388429BB2C7D11A0A9A
:101360002372627225B921460A220A48F6F70CF860
:101370002B46324608490020FDF732FBFFF721BB20
:10138000707F0020B87C00202C7F0020407F002050
:10139000AA02040038640020FC06040040F2FF1397
:1013A00025AC9BB25A00A34B236011044FF00E03EF
:1013B000237146BF41F2210383EA420353009AB2EC
:1013C000130446BF41F2210383EA420353009AB259
:1013D000170446BF41F2210383EA420353009AB245
:1013E000160446BF41F2210383EA420353009AB236
:1013F000100446BF41F2210383EA420353009AB22C
:10140000110446BF41F2210383EA420353009AB21A
:1014100013044ABF41F22103530083EA4203A27836
:101420009BB283EA02231BB2002B9AB2B6BF41F2F1
:101430002103530083EA42039AB2170446BF41F2E4
:10144000210383EA420353009AB2160446BF41F2D5
:10145000210383EA420353009AB2100446BF41F2CB
:10146000210383EA420353009AB2110446BF41F2BA
:10147000210383EA420353009AB2130446BF41F2A8
:10148000210383EA420353009AB2170446BF41F294
:10149000210383EA420353009AB216044ABF41F281
:1014A0002103530083EA4203E2789BB283EA0223DA
:1014B0001BB2002B9AB2B6BF41F22103530083EA5C
:1014C00042039AB2100446BF41F2210383EA420369
:1014D00053009AB2110446BF41F2210383EA42034A
:1014E00053009AB2130446BF41F2210383EA420338
:1014F00053009AB2170446BF41F2210383EA420324
:1015000053009AB2160446BF41F2210383EA420314
:1015100053009AB2100446BF41F2210383EA42030A
:1015200053009AB211044ABF41F22103530083EAE7
:1015300042039BB283F460631BB2002B9AB2BDF6E8
:1015400066AEFDF78ABF21460A223B48F5F71CFF2D
:10155000FDF775BD41F2210282EA43039BB2FFF71A
:1015600027BA089ADAF8003034499B1A022032462A
:10157000FDF736FA324805F005F9052008F07CF948
:101580002F488BF8007005F0FDF800287FF4F0A8D4
:101590002C4E9FED2D0AD6ED007A2948F8EE677A99
:1015A00027EE800A01F0CAFE00287FF4E1A8D6EDFC
:1015B000017A9FED260A2248F8EE677A27EE800A24
:1015C00005F0C0FC00287FF4D3A8317A1C4805F050
:1015D00017FC00287FF4CCA83046FDF72DFAFFF762
:1015E000C7B8184E9FED180AD6ED007A1448F8EEE9
:1015F000677A27EE800A01F0A1FE00287FF4DBADB8
:10160000D6ED017A9FED110A0D48F8EE677A27EEC4
:10161000800A05F097FC00287FF4CDAD317A0848A8
:1016200005F0EEFB00287FF4C6AD3046FDF704FA66
:10163000C1E500BFAAFE01003864002024070400B1
:10164000707F002024610020BD3786356F12833AF9
:101650000223CDE90837FCF7BBFE074600287FD1FF
:10166000584B594A18781478584B594ADFF88481F6
:1016700011781A7888F800703B4664F3070360F32A
:101680000F2325AC61F3174362F31F6323605148B6
:1016900067604FF4C0732146C4E9023303F02EF8AB
:1016A000002873D1074608F0DBF8DFF828A181464F
:1016B00008E0504602F046FF020687B208D4022036
:1016C00008F0DAF808F0CCF8A0EB0900C728F0D948
:1016D0004FF4C0713F4802F0BDFE002388F800308F
:1016E0003B0619D5F80554D53B4BDB68D9012ED5FF
:1016F0003A4B1A68D2072AD55B689B09384AA2FB85
:1017000003121209962101FB123303F1320008F093
:10171000B3F8089B012B36D132490120FDF760F95F
:10172000A5F1020C3048B5FA85F2DCF100034FF068
:1017300000014FF00E0501704FEA521243EB0C030B
:101740002146FE202570FDF771FAFFF73AB909F03E
:1017500001FB264BA0FB0301830A43EA8153CDE73B
:10176000A91E4B42B5FA85F24FF00E001E4D8DF8C2
:1017700034004B41002452090DA9FE202C70FDF7C6
:1017800055FAFDF784BD0123089364E788F80070DB
:10179000C2E7099FFEF7BFBFA81E41424141002298
:1017A000B5FA85F35B090091FF201146FDF710F8AB
:1017B0000F490020FDF714F9642008F05DF8FCF7EC
:1017C000C1FB00BF1C6100203D610020DC7D0020CA
:1017D0003C610020707F0020F0ED00E0001000E090
:1017E000B5814E1B84060400B87C002040420F00E7
:1017F000380804005A7F00202DE9F04104460E46C7
:101800001746984608F02CF8044D434628603A469F
:1018100031462046BDE8F041FDF75EBBE47D002087
:10182000F0B5C1488DB04FF461210446F5F7B6FE1E
:1018300008F016F840F6B736054608E008F010F84C
:10184000401BB0424FF00A0006D808F015F82046B9
:10185000F5F7C2FE0028F1D0C82008F00DF8B34912
:10186000B34E06A807F01AFF06A909A807F03CFF27
:10187000B04909A807F0C2FFAF4907F0BFFF014612
:10188000AE4807F061FF09A807F056FF06A807F069
:1018900053FFAB4BAB49A448002206F081FFFCF795
:1018A00055FB00F091FA07F0DBFF306000F080FAA2
:1018B00000F0A6FAA44800F0A5FA2F242E202D212E
:1018C0001D221C23CDE90304CDE90121009304224C
:1018D00003239E490020FDF783F800250A220823F0
:1018E0008DE82C000921122307229FED991ADFEDC4
:1018F000990A9FED990A994802F072F988A3D3E9F1
:1019000000230446009096492846FDF769F8002C0C
:101910007DD0854C02E00A2007F0AEFF2046F5F7A7
:101920002BFD0028F7D00023012209A9FE2008245E
:101930008DF82440FDF77AF98A497B4806F018FFB4
:10194000894B00221A70894F3D6815F0010536D188
:10195000874C8849204607F0A1FE864904F10C0017
:1019600007F09CFE834904F1180007F097FE04F18C
:10197000280084F8245006F0A5FE04F1300006F09B
:10198000A1FE04F1380006F09DFE04F1400006F0CF
:1019900099FE04F1480006F095FE764904F15000E6
:1019A00007F07CFE01232046734A7449A4F85C507A
:1019B00084F85E5084F85F503B600BF0FFFB704989
:1019C000704807F0EBFE41F2873401E007F054FF66
:1019D00007F046FF3368C31AA3424FF03200F5D92F
:1019E000694B01221A7007F03BFF684B00F5EA4093
:1019F0003030186007F034FF504A654B1268654973
:101A000049481E24009406F0CBFE0DB0F0BD012124
:101A1000524806F031F960490246434806F0C0FEDC
:101A20004FF0FF3205214D4806F022F84FF0FF330A
:101A300005225A493C4806F0B3FE9FED590A474833
:101A400005F056FB8C2203465649374806F0A8FE9F
:101A500001221146414805F00BFE53490246324827
:101A600006F09EFE514B3D481C7004F08BFE68B1A1
:101A7000062409A900230122FE208DF82440FDF749
:101A8000D5F84FF47A7007F0F7FEFAE7484C9FED6F
:101A9000490AD4ED007A3148F8EE677A27EE800AD9
:101AA00001F04CFC0028E3D1D4ED017A9FED420A0D
:101AB0002A48F8EE677A27EE800A05F043FA0028F4
:101AC000D6D1217A254805F09BF905460028CFD1CB
:101AD0002046FCF7B1FF0028CAD038491F4805F05E
:101AE00067F9284603223649FCF77AFF354B1B7805
:101AF00013B9FCF7E3FC38B11B4B01221A7007F055
:101B0000AFFE314B18601EE74FF47A7007F0B4FE59
:101B10004FF47A7007F0B0FEF6E700BFAFF3008035
:101B2000000000C0CCCCFC3F38640020F808040062
:101B30003C7F002000090400040904005C7F0020B1
:101B4000C80A0400140904003C8100203409040080
:101B50006666E63F0000FA420000D943707F00202D
:101B60007009040090090400B97C0020547C002016
:101B7000587C0020300904000060002089E4020045
:101B8000E80704001C7F00200C7F0020147F002049
:101B9000D4050400980A0400D8090400000A0400CF
:101BA00000000C43280A0400500A0400E97D0020CC
:101BB00024610020BD3786356F12833A99E3020015
:101BC0007C0A0400E87D00203461002070B5654C7B
:101BD000226886B0B2B1644BDB68DD0103D5634B8C
:101BE0001968C80774D409F0B5F8614B2268A0FBE6
:101BF0000301830A43EA81535E4908689B1A9842AD
:101C000038BF0B60584BDB68D90103D5574B1A68B6
:101C1000D20736D409F09EF8554BA0FB0301830A86
:101C200043EA8153544A236013781BB1534B1B780A
:101C3000002B50D0524C534E534D09E02046F5F73F
:101C40007DFB0096C1B22B4600225048FCF782F97A
:101C50002046F5F74DFB0028F0D1FCF7E5FCFCF73A
:101C600073FF00F0B3F8FCF773F94948FCF7B4F8D8
:101C700012200BF073F938B1464C2378EBB906B05B
:101C800070BD5B689B09CDE7434C07F0E9FD236815
:101C90009842F1D907F0E4FDC830206007F0E0FD7C
:101CA0003C4C3E4D237800F5EA4030302860032B51
:101CB0004BD8DFE803F0383E4438384D07F0D0FD0C
:101CC0002B68C01A00280ADB0023237006B070BD01
:101CD0005B689B0990E71370FCF706FEAAE7304D9E
:101CE00007F0BEFD2B68C31AB3F5FA6FC7D907F02A
:101CF000B7FD23782860012B2BD0022BBFD007F033
:101D0000AFFD03A8274907F0C9FC274B1B680BB19F
:101D100007F0A6FD1E48FCF7D1F800F069F803A80B
:101D200007F00AFDABE71E4A002101231160237072
:101D3000C4E71B4A0021022311602370BEE7184A42
:101D40000021032311602370B8E7154B00221A60AD
:101D5000B4E70F48FCF7B2F8044600F049F8134B1B
:101D60001C838CE76C7F0020F0ED00E0001000E0A9
:101D700040420F00687F00205A7F0020B87C00207E
:101D80003864002091EE0200F9170300F47D002072
:101D9000500504000C7F0020307F0020147F0020BD
:101DA000287F002030090400E47D0020407F0020CF
:101DB000704700BF704700BF704700BF704700BF4B
:101DC0000020704700207047704700BF704700BF79
:101DD00070B4064D06460FCD34460FC495E8030097
:101DE00084E80300304670BC704700BFD80A040086
:101DF0009FED010A704700BF0000C07F00207047C0
:101E0000704700BF437C03B1704730B5012285B0F5
:101E100042740321FF22019304468DF803208DF8BC
:101E200006208DF80510827B417B8DF800204FF055
:101E300080451A4602958DF80110057BC3736946EB
:101E4000037403938DF802500AF0BEF8A37B1F2B96
:101E500086BF03F01F030C4A4FF0A04203F5E07366
:101E600040F2013142F82310637B1F2B86BF03F041
:101E70001F0305494FF0A04103F5E07340F2033220
:101E800041F8232005B030BD0003005010B50446D2
:101E90000AF0E2F90023637410BD00BF10B483B0F0
:101EA00002AB03E906009DF805309DF804100268B6
:101EB00013F1FF3318BF012300240229C2F80045A3
:101EC0001C460374C17332D003292DD0012925D0BB
:101ED000224B0099B3FBF1F3B3F5007FC2F85445F0
:101EE0001FD2FF2B0FD87F2B24D83F2B25D81F2B99
:101EF00026D80F2B27D8072B02D819498A4225D07C
:101F00004FF0004101E04FF080610723C2F8241533
:101F1000C2F8003503B05DF8044B704743F002048B
:101F2000D6E74FF00071F0E743F00604D0E743F046
:101F30000404CDE74FF00061E7E74FF08051E4E79C
:101F40004FF00051E1E74FF08041DEE7042B34BF52
:101F50004FF0A0514FF02061D7E700BF0090D003B1
:101F600000F0024003680022C3F80025704700BF5C
:101F7000002B3AD02DE9F047814684B00D46174634
:101F80001E464FF6FF784FF0000A4645344628BFFC
:101F90004446002D14BF2346002300950297361BAC
:101FA00001938FB100226946484603940AF0B6F9BE
:101FB00005B125442744002EE7D104B0BDE8F087E1
:101FC000CDE900550295361B002269464846CDF8FA
:101FD0000CA00AF0A3F94DB94645344628BF444643
:101FE000002EEDD104B0BDE8F08770472544002EE7
:101FF000CBD1E2E710B586B006AB012403F8111D82
:10200000002202A90293CDE9034305940AF086F960
:102010009DF8070006B010BD30B40B4A0B4BD2F848
:10202000B840D2F8B400D2F8BC101C7300220124CE
:10203000074D1C7198735973DA731A741D605A74C2
:102040009A6030BC704700BFCC1004003C81002077
:1020500000F002402DE9F047154D089EAC460746BA
:102060008A4691469846BCE80F003C464FF0000E69
:1020700044F804EB0FC49CE807001C3584E8070013
:102080000FCD07F13004C7E908A9C7F82880FE6220
:102090000FC42B6823603020C7F844E009F0BAFE73
:1020A000044601F009F93C603846BDE8F08700BFFE
:1020B000F00A040010B50446006803685B6C98479A
:1020C0002068216A036882689B6898472068216AB3
:1020D00003680269DB689847004B10BD406100202F
:1020E000006803689B6C18472DE9F04F057C83B0AE
:1020F0000446407C0D9F0C9E0196ED0805EBD00533
:102100003D442846894690469B4609F085FE064692
:10211000284609F081FE8246207C08285FFA89F370
:102120005FFA88F132D843EA0102638932704B4585
:1021300006F1010034D03A46A1890BF055FF206822
:1021400003685B6B98472068216A0368C268DB6894
:102150009847206803682A4631469D6B5346A84736
:102160002068216A03680269DB6898472068036871
:10217000DB6B984723894B4517D0304609F04EFE5C
:10218000504603B0BDE8F04F09F048BE43EA1822BC
:1021900063897170D2B24B4506F102003270CAD128
:1021A00059463A460BF0FCFEC9E7217C01983A46B5
:1021B0000AEBD1010BF0F4FEDFE700BF2DE9F04799
:1021C00090F804C084B004460F4615461E46BCF184
:1021D000000F00F0B580437C5AB2002AB8BF073226
:1021E000D210013A52B2002A0DF10808C0F2BC80A8
:1021F000B0F80AE04146D000013A52B24EFA00FC73
:10220000B2F1FF3F01F801CBA0F10800F4D194F83E
:1022100010C04FEADC0C0CF1FF3252B2501C09D056
:102220000139D000013A27FA00F052B201F8010F4B
:10223000501CF6D10CEBD30707EB0609484609F012
:10224000EBFD824647B1013FFFB2013741463A46B6
:102250000BF0A6FE0AEB0700324629460BF0A0FE63
:10226000E36A20680133036866D05B6A98470546D5
:102270000BE0206803685B6D9847206803685B6A21
:102280009847E369401B984264D22068E16A03687A
:102290001B6998470028ECD1484609F0BDFD064669
:1022A000206803685B6B98472068216A0368C268EE
:1022B000DB689847206803684A469D6B5146334661
:1022C000A8472068216A03680269DB68984720688C
:1022D0000368DB6B9847E36A2068013303683FD0EB
:1022E0001B6A01219847206803685B6A9847054686
:1022F0000BE0206803685B6D9847206803685B6AA1
:102300009847E369401B98420DD22068E16A036850
:102310001B6998470028ECD1636923B1E27C9145A1
:1023200001D9B05C9847504609F078FD304604B0BA
:10233000BDE8F04709F072BDDB6932219847ABE791
:102340004189CDE900C313463A46FFF7CDFE04B0FC
:10235000BDE8F087504604B0BDE8F04709F05EBD27
:10236000DB6901219847D7E7414650E72DE9F04F57
:1023700083B004460C9F807C9DF838500095D51999
:1023800005EBD00528469DF834A0019316468B46F0
:1023900009F042FD80465EB106F1FF395FFA89F926
:1023A00009F1010959464A460BF0FAFD08EB09000C
:1023B000A27CA18907EBD2020BF016FEBAF1000F46
:1023C0001DD0E26A2068013203687FD05B6A9847BB
:1023D00081460DE0206803685B6D984720680368BC
:1023E0005B6A9847E369A0EB0900984280F0888017
:1023F0002068E16A03681B6998470028EAD12846EB
:1024000009F00AFD8146206803685B6B98472068E5
:10241000216A0368C268DB689847206803682A4617
:10242000D3F838B041464B46D8472068216A036844
:102430000269DB68984720680368DB6B9847BAF14C
:10244000000F21D0E26A20680132036861D01B6A64
:1024500001219847206803685B6A984782460CE030
:10246000206803685B6D9847206803685B6A98473B
:10247000E369A0EB0A00984252D22068E16A03683F
:102480001B6998470028EBD163691BB3E27C954236
:1024900020D919F802009847A17C06EBD101054626
:1024A0003A46494401980BF07BFD404609F0B6FCE2
:1024B000484609F0B3FCFDB9009BE3B1A569DDB165
:1024C00020462B4603B0BDE8F04F1847DB693221A8
:1024D000984794E7A17C019806EBD1013A4649441C
:1024E0000BF05EFD404609F099FC484609F096FC69
:1024F000009B002BE2D11D46284603B0BDE8F08FBB
:10250000404609F08BFC6FF43075284603B0BDE8F7
:10251000F08FDB69012198476369002BB6D1D9E7B9
:10252000A17C019806EBD10149443A460BF038FDF5
:10253000404609F073FC484609F070FC6FF43075B2
:10254000284603B0BDE8F08F90F811C02DE9F04F98
:1025500004464FFA8CF00028B8BF0730C01001388D
:1025600083B040B200289DF830509DF83460174683
:1025700098460CDBC30001AA013840B241FA03FEC1
:10258000B0F1FF3F02F801EBA3F10803F4D14FEAE9
:10259000DC0B0BEB080A504609F03EFC8146BBF110
:1025A000000F09D001AB13F8012B00F8012BA0EBB1
:1025B0000901C9B28B45F6D8424639460BF0F0FC0A
:1025C000DDB1E26A20680132036870D05B6A984727
:1025D00007460BE0206803685B6D98472068036836
:1025E0005B6A9847E369C01B984271D22068E16A30
:1025F00003681B6998470028ECD1504609F00CFC91
:102600000746206803685B6B98472068216A036867
:10261000C268DB689847206803685246D3F8388060
:1026200049463B46C0472068216A03680269DB6867
:10263000984720680368DB6B984705B3E26A206817
:10264000013203684DD01B6A012198472068036856
:102650005B6A984705460BE0206803685B6D984706
:10266000206803685B6A9847E369401B98423FD241
:102670002068E16A03681B6998470028ECD1636908
:10268000CBB1E27C924516D9B85C984705464846DE
:1026900009F0C4FB384609F0C1FBADB99EB1A5698C
:1026A00095B120462B4603B0BDE8F04F1847DB69D3
:1026B00032219847A1E7484609F0B0FB384609F0B7
:1026C000ADFB002EEBD13546284603B0BDE8F08FB8
:1026D000484609F0A3FB6FF43075284603B0BDE807
:1026E000F08FDB69012198476369002BC9D1E2E7CC
:1026F000484609F093FB384609F090FB6FF43075BB
:10270000284603B0BDE8F08F2DE9F04F83B00446B2
:10271000DDF830809DF834909DF838B0019102EBDF
:102720000806304615469A4609F076FB07463DB145
:10273000013DEDB2013501992A460BF031FC7819C3
:10274000424651460BF02CFCB9F1000F1BD0E26A57
:1027500020680132036875D05B6A984705460BE034
:10276000206803685B6D9847206803685B6A984738
:10277000E369401B984277D22068E16A03681B69CD
:1027800098470028ECD1304609F046FB0546206802
:1027900003685B6B98472068216A0368C268DB683E
:1027A0009847206803683246D3F8388039462B466C
:1027B000C0472068216A03680269DB68984720687F
:1027C0000368DB6B9847B9F1000F21D0E26A2068FB
:1027D0000132036851D01B6A0121984720680368C1
:1027E0005B6A984780460CE0206803685B6D9847F9
:1027F000206803685B6A9847E369A0EB0800984289
:1028000042D22068E16A03681B6998470028EBD12F
:102810006369DBB1E27C964218D9A85C984706460A
:10282000384609F0FBFA284609F0F8FAC6B9BBF1B8
:10283000000F14D0A6699EB12046334603B0BDE810
:10284000F04F1847DB69322198479CE7384609F07A
:10285000E5FA284609F0E2FABBF1000FEAD15E463C
:10286000304603B0BDE8F08F384609F0D7FA6FF470
:102870003076304603B0BDE8F08FDB690121984720
:102880006369002BC6D1E1E7384609F0C7FA28464C
:1028900009F0C4FA6FF43076304603B0BDE8F08F2B
:1028A0002DE9F043457C6BB2002BB8BF0733DB103A
:1028B000013B5BB2002B83B004460CDBC689DA0017
:1028C00001A9013B46FA02F05BB201F8010B581C6A
:1028D000A2F10802F5D1A77CED0805EBD707013777
:1028E000384609F099FA064645B101AA12F8013BAB
:1028F00000F8013B831BDBB29D42F7D8A27CA18983
:10290000D20801320BF070FBE36A206801330368E0
:1029100000F089805B6A984780460CE02068036875
:102920005B6D9847206803685B6A9847E369A0EB92
:10293000080098427BD22068E16A03681B699847C7
:102940000028EBD1384609F067FA81462068036811
:102950005B6B98472068216A0368C268DB68984708
:10296000206803683A46D3F8388031464B46C04762
:102970002068216A03680269DB6898472068036859
:10298000DB6B9847E36A2068013303683AD01B6A1F
:1029900001219847206803685B6A984780460CE0ED
:1029A000206803685B6D9847206803685B6A9847F6
:1029B000E369A0EB0800984242D22068E16A03680C
:1029C0001B6998470028EBD163690BB3E27C9742FF
:1029D0001ED919F802009847A37C09EBD3030746D8
:1029E00030465D5D09F01AFA484609F017FA2FB92A
:1029F00067691FB12846B8470027E080384603B012
:102A0000BDE8F083DB69012198476369002BDDD1C4
:102A1000A37C09EBD30330465D5D09F0FFF948461E
:102A200009F0FCF9E4E7DB69322198478AE7304690
:102A300009F0F4F96FF43077384603B0BDE8F0835D
:102A4000304609F0EBF9484609F0E8F96FF43077C1
:102A5000384603B0BDE8F0832DE9F04F85B0154648
:102A6000109A9DF8444001948A460446AF18029398
:102A7000002B40F0FD80837C07EBD307384609F03C
:102A8000CBF90646002D00F0CB8046EA0A035A0730
:102A900040F011810B2D40F20E81002D14BF2B460A
:102AA000012303934FEAD30B721CAAF1080C3146A1
:102AB0000023FCE9028901335FFA83FE1046F345E7
:102AC000E1E8028900F1070002F10802F1D8039958
:102AD00001F0F8038B4206EB03023BD003F1010C3B
:102AE0005FFA8CFC1AF80310F154654502F10100FD
:102AF00030D9991CC9B21AF80C0050708D4202F1FD
:102B0000020027D9D81C1AF801109170C1B28D4269
:102B100002F103001ED9181D1AF80110D170C1B2BC
:102B20008D4202F1040015D9581D1AF801101171D7
:102B3000C1B28D4202F105000CD90633DBB21AF89E
:102B4000011051719D4202F1060003D91AF80330B9
:102B50009371D01D029B002B62D0109A0E990BF03E
:102B60001FFA019B002B65D1384609F055F98046C4
:102B7000206803685B6B98472068216A0368C26815
:102B8000DB689847206803683A46D3F838903146A6
:102B90004346C8472068216A03680269DB68984792
:102BA00020680368DB6B9847019B13B3E26A2068D7
:102BB0000132036800F08B801B6A0121984720686E
:102BC00003685B6A984781460CE0206803685B6D88
:102BD0009847206803685B6A9847E369A0EB09009F
:102BE00098427BD22068E16A03681B6998470028F5
:102BF000EBD16369002B48D0E27CBA4245D218F889
:102C0000020098470746029B002B42D0304609F04D
:102C100005F9404609F002F9384605B0BDE8F08FE5
:102C2000109BA27CA18903EBD2020BF0DDF9019B82
:102C3000002B99D0E26A20680132036821D05B6AD8
:102C4000984780460CE0206803685B6D98472068D1
:102C500003685B6A9847E369A0EB0800984221D2B9
:102C60002068E16A03681B6998470028EBD17BE77D
:102C7000384609F0D1F80646002D7FF406AF3046FD
:102C80006BE7DB69322198476EE7029B0027002B38
:102C9000BCD1A17C05EBD1014144DDE90F020BF071
:102CA0007FF9B3E7304609F0B9F86FF4307738466A
:102CB00005B0BDE8F08F0AF1FF3A30461AF8013F3F
:102CC00000F8013B831BDBB29D42F7D842E7DB698A
:102CD000012198476369002B8ED1D6E76FF43077D6
:102CE00091E700BF2DE9F041067986B005460C4614
:102CF000002E3FD0477C78B20028B8BF0730C01004
:102D0000013840B2002804A93EDBB5F808800E4621
:102D10004FEAC00C013840B248FA0CFEB0F1FF3F58
:102D200006F801EBACF1080CF4D195F810E04FEA8D
:102D3000DE0E0EF1FF3040B2B0F1FF3F0BD0013E8E
:102D40004FEAC00C013840B224FA0CFCB0F1FF3F4E
:102D500006F801CFF4D100240126029201930EEB74
:102D6000D7022846039600942346FFF775FE06B067
:102D7000BDE8F0810189CDE9003233462246FFF7F4
:102D8000B3F906B0BDE8F0810E46CEE790F811C069
:102D90002DE9F04305464FFA8CF00028B8BF073004
:102DA000C010013887B040B200289DF838E09DF887
:102DB0003C600DF114090CDB4F46C400013840B2F1
:102DC00041FA04F8B0F1FF3F07F8018BA4F10804C1
:102DD000F4D10020CDE9023E0192009003464FEA73
:102DE000DC0249462846FFF737FE20B91EB1AB6921
:102DF0000BB12846984707B0BDE8F0832DE9F04FA6
:102E00008BB0072B9DF858509DF850809DF854705A
:102E100005959DF85CB000F22F81B8F1070F00F224
:102E20002B814345C0F028811E460379914600223C
:102E300004460D468DF81F20002B00F00681427CD1
:102E400053B2002BB8BF0733DB10013B5BB2002B42
:102E500008A9C0F20F81B0F808A08E46D800013B47
:102E60005BB24AFA00FCB3F1FF3F0EF801CBA0F1D0
:102E70000800F4D194F810C04FEADC0C0CF1FF33D9
:102E80005BB2581C0AD00EF1FF3ED800013B25FA78
:102E900000F05BB20EF8010F581CF6D101200DF1C5
:102EA0001F0A0023CDE902000CEBD202CDE9003A63
:102EB0002046FFF7D1FDFF22731CC8F1080802FA73
:102EC00003F342FA08F843EA08039DF81F60DB4366
:102ED000DBB289EA0602134203D1BBF1000F00F016
:102EE000A18026EA030603EA0909237946EA0906CE
:102EF0008DF81E60002B00F0B280627C53B2002B74
:102F0000B8BF0733DB10013B5BB2002B08A9C0F24E
:102F1000B680B4F80A8008464FEAC30C013B5BB2A6
:102F200048FA0CFEB3F1FF3F00F801EBACF1080CDE
:102F3000F4D194F810C04FEADC0C0CF1FF335BB213
:102F4000B3F1FF3F0BD001384FEAC30E013B5BB238
:102F500025FA0EFEB3F1FF3F00F801EFF4D1002097
:102F600001230CEBD2020DF11E0CCDE900C0CDE91E
:102F700002332046FFF770FD206803689B6A98477C
:102F80004FF47A7909FB07F983464FF000080127CF
:102F9000206803689B6A9847A0EB0B0048454FD216
:102FA00023798DF81F80002B40D0617C4BB2002B21
:102FB000B8BF0733DB10013B5BB2002B3EDBB4F83C
:102FC00008C0DA0008A8013B5BB24CFA02FEB3F17C
:102FD000FF3F00F801EBA2F10802F4D1227CD208F5
:102FE000531E5BB2B3F1FF3F0BD001384FEAC30C65
:102FF000013B5BB225FA0CFCB3F1FF3F00F801CFB7
:10300000F4D102EBD102CDE90277CDE9008A0023A9
:1030100008A92046FFF720FD9DF81F30059A734050
:103020001A42B5D100200BB0BDE8F08F21892A46A5
:10303000CDE900A72046FFF757F8EDE708A8CDE750
:103040006FF00F000BB0BDE8F08F01220DF11F0AE9
:103050000189CDE900A22A46FFF746F82BE76189EE
:103060000093012301932A460DF11E032046FFF72A
:103070003BF881E78E46FDE66FF00A00D3E708468D
:1030800057E700BFF0B51A4D0468DFF868C087B095
:103090004FF0FF33019129680593CDE90333CB0746
:1030A000064602920BD4D4E90332CCE90723CCE9DB
:1030B0000D320121CCF80430CCF80830296001AD84
:1030C0000FCD30632868306401AD7163B263F36380
:1030D00006AFC6F844C0236855F8041B9B68A26875
:1030E00020469847BD4201D03468F4E707B0F0BDF0
:1030F000508100209C610020F8B5446C24B906E0A2
:10310000914205D0183402D02278002AF8D1F8BDB7
:103110000646043400F1300500F1440755F8041B5D
:10312000002904DB306822680368DB689847AF42F7
:1031300004F10404F2D1F8BD21B1034B880143F03E
:1031400001031847704700BF900B04000846704702
:10315000704700BF006AFEF755BE00BF006AFEF769
:1031600095BE00BF72B1F8B54C1E0746A6185D1E8D
:1031700014F8011F386AFEF73DFFB44205F8010F4D
:10318000F6D1F8BD704700BF09F056BB4B1C02D00A
:10319000C8B205F077BB704708461146421C03D001
:1031A0001A46C0B205F034BC704700BF006AFEF793
:1031B000D9BE00BF00F1240393E80600006AFEF7C1
:1031C0006DBE00BF08461146421C02D01A4609F0E7
:1031D000D5BA0020704700BF08B50A4BDB68D9019B
:1031E00003D5094B1A68D20708D407F0B3FD074B83
:1031F000A0FB0323900A40EA835008BD5868800969
:1032000008BD00BFF0ED00E0001000E040420F00FC
:1032100006F026BB084606F02FBB00BF4B1C02D0B1
:10322000084606F09FB9704708461146421C02D076
:103230001A4606F08DB870474B1C02D0084609F0BC
:103240008DBE0020704700BF4B1C084602D01146BF
:1032500009F068BE704700BF4B1C084602D01146FB
:1032600009F0DCBD704700BF10B53021044608F0FE
:10327000D7FD204610BD00BF90F82C2002B9704742
:1032800002680449126C8A4202D1006AFEF7FEBD50
:10329000104700BF5D31030090F82C2002B9704741
:1032A00002680449126B8A4202D1006AFEF7AABD85
:1032B000104700BF5531030030B585B0012500230C
:1032C00003210422CDE9012100952A46194604462E
:1032D00005F01CF807480849084A206000232046EA
:1032E00084F8295084F82C50C4E9081284F8283056
:1032F00005B030BD280B04003C81002080841E00F6
:103300004AB116290B466FF00800A8BF1623834266
:10331000B8BF034613700931C9B21F298CBF6FF0C3
:103320000C000020704700BF704700BF10B54FF47D
:10333000E671044608F074FD204610BD9FED167A34
:10334000B4EEC70AF1EE10FA23D49FED147AB4EE6E
:10335000C70AF1EE10FA1CDC38B5D0ED587A70EEE1
:10336000677AB3EE047AF0EEE77AF4EEC77AF1EE1C
:1033700010FA054610EE104A06DA00EE104A28460A
:10338000BDE8384004F0BEBC02F04CFA0028F4D08E
:1033900038BD6FF00B00704700001643000070440A
:1033A00030B50368154A9B6D934283B005460C46C1
:1033B00019D10931CBB21F2B1CD8D5F86831104A6E
:1033C000002B08BF134603EB410013F8112090F9BE
:1033D000011000241309284602F00F02009404F0A3
:1033E0005DFC03B030BD002298470028F9D104F1FC
:1033F0000901E2E76FF00C00F3E700BF01330300BF
:10340000C80B0400F0B52DED028B85B005689DF862
:10341000346080F85461C0ED540AD5F81051494E1B
:103420009DF930708DF80C10B5428DED020A8DF8C3
:103430000D208DF80E308DF80F705BD1044602F030
:1034400001FD18B105B0BDEC028BF0BD23683E4A0A
:10345000DB6B9DED028A93425AD1DFED3C7AB4EEEC
:10346000E78AF1EE10FA5ED4DFED397AB4EEE78A3E
:10347000F1EE10FA57DCD4ED587A78EE677AB3EEB5
:10348000047AF0EEE77AF4EEC77AF1EE10FA37DA62
:10349000B0EE480A204604F035FC0028D2D10121C4
:1034A000204602F031FA0028CCD1236829495A6D10
:1034B0009DF90F508A4232D19B6D274A934235D1F4
:1034C00005F10903DAB21F2A39D8D4F86821234953
:1034D000002A08BF0A4602EB430112F8132091F9B3
:1034E000011000251309204602F00F02009504F098
:1034F000D5FBA7E702A9A84705B0BDEC028BF0BD3C
:10350000B0EE480A204602F08DF90028C0D099E7B5
:10351000B0EE480A20469847002893D1BFE72946D5
:10352000204690478EE76FF00B008BE70246294656
:1035300020469847002885D105F10903C5E76FF0BB
:103540000C007FE78D3603003D3303000000164377
:1035500000007044A133030001330300C80B0400D2
:1035600030B52DED028B91ED010A83B00D46044676
:1035700002F04AFC18B103B0BDEC028B30BD2368E9
:103580003C4ADB6B95ED008A934254D1DFED3A7AE9
:10359000B4EEE78AF1EE10FA5DD4DFED387AB4EEDE
:1035A000E78AF1EE10FA56DCD4ED587A78EE677AB5
:1035B000B3EE047AF0EEE77AF4EEC77AF1EE10FAA1
:1035C00031DAB0EE480A204604F09CFB0028D2D144
:1035D0000121204602F098F90028CCD1236828491F
:1035E0005A6D95F908508A4238D19B6D254A93420D
:1035F00028D105F10903DAB21F2A37D8D4F8682197
:103600002149002A08BF0A4602EB430112F81320A1
:1036100091F9011000251309204602F00F020095D0
:1036200004F03CFBA7E7B0EE480A204602F0FAF8A7
:103630000028C6D09FE7B0EE480A204698470028E9
:1036400099D1C5E70246294620469847002892D1DD
:1036500005F10903D2E76FF00B008CE729462046FD
:1036600003B0BDEC028BBDE8304010476FF00C009A
:1036700081E700BF3D3303000000164300007044A3
:10368000A133030001330300C80B040030B52DED56
:10369000028B0C4683B08B794A790979054602F092
:1036A000D1FB18B103B0BDEC028B30BD2B683C4A96
:1036B000DB6B94ED008A934254D1DFED3A7AB4EE9D
:1036C000E78AF1EE10FA5DD4DFED377AB4EEE78ADF
:1036D000F1EE10FA56DCD5ED587A78EE677AB3EE53
:1036E000047AF0EEE77AF4EEC77AF1EE10FA31DA06
:1036F000B0EE480A284604F005FB0028D2D101218B
:10370000284602F001F90028CCD12B6827495A6DD0
:1037100094F907408A4238D19B6D254A934228D1BB
:1037200004F10903DAB21F2A37D8D5F868212149F4
:10373000002A08BF0A4602EB430112F8132091F950
:10374000011000241309284602F00F02009404F02F
:10375000A5FAA7E7B0EE480A284602F063F8002869
:10376000C6D09FE7B0EE480A28469847002899D16E
:10377000C5E70246214628469847002892D104F121
:103780000903D2E76FF00B008CE72146284603B00F
:10379000BDEC028BBDE8304010476FF00C0081E7B4
:1037A0003D3303000000164300007044A1330300C2
:1037B00001330300C80B040030B52DED028B0C461D
:1037C00083B091ED031AD4ED020A498A94ED010AFF
:1037D000054602F093FA18B103B0BDEC028B30BD80
:1037E0002B683C4ADB6B94ED008A934254D1DFEDA9
:1037F0003A7AB4EEE78AF1EE10FA5DD4DFED377A6B
:10380000B4EEE78AF1EE10FA56DCD5ED587A78EE90
:10381000677AB3EE047AF0EEE77AF4EEC77AF1EE67
:1038200010FA31DAB0EE480A284604F06BFA0028A4
:10383000D2D10121284602F067F80028CCD12B68AC
:1038400027495A6D94F910408A4238D19B6D254A18
:10385000934228D104F10903DAB21F2A37D8D5F8E8
:1038600068212149002A08BF0A4602EB430112F8E9
:10387000132091F9011000241309284602F00F02C9
:10388000009404F00BFAA7E7B0EE480A284601F0CE
:10389000C9FF0028C6D09FE7B0EE480A28469847DF
:1038A000002899D1C5E702462146284698470028B6
:1038B00092D104F10903D2E76FF00B008CE72146A7
:1038C000284603B0BDEC028BBDE8304010476FF0D6
:1038D0000C0081E73D3303000000164300007044F4
:1038E000A133030001330300C80B0400F0B52DED34
:1038F000028B04464F4B056880ED541A16460F465E
:1039000084F8546193E80700D5F808514A4E87B00F
:1039100003ABB54283E807008DF81470CDED040ABF
:103920008DED030A5DD1B0EE600A204602F06CFA1C
:1039300018B107B0BDEC028BF0BD23683F4ADB6BCA
:103940009DED038A93425BD1DFED3D7AB4EEE78AC9
:10395000F1EE10FA5FD4DFED3B7AB4EEE78AF1EED8
:1039600010FA58DCD4ED587A78EE677AB3EE047A20
:10397000F0EEE77AF4EEC77AF1EE10FA38DAB0EE4C
:10398000480A204604F0BEF90028D2D10121204681
:1039900001F0BAFF0028CCD123682B495A6D9DF95C
:1039A00014508A4233D19B6D284A934236D105F197
:1039B0000903DAB21F2A3AD8D4F868212449002A28
:1039C00008BF0A4602EB430112F8132091F90110D7
:1039D00000251309204602F00F02009504F05EF95D
:1039E000A7E719462046A84707B0BDEC028BF0BDFB
:1039F000B0EE480A204601F015FF0028BFD098E736
:103A0000B0EE480A20469847002892D1BEE72946E2
:103A1000204690478DE76FF00B008AE70246294663
:103A200020469847002884D105F10903C4E76FF0C8
:103A30000C007EE7980B0400613503003D33030062
:103A40000000164300007044A1330300013303005B
:103A5000C80B04002DE9F041594DDFF880C12DED70
:103A6000028B06468E46174698460FCD88B003ACAB
:103A70000FC4336886ED542A86F85481D3F8003198
:103A80002A6822606345F0EE607ACDED040A8DF875
:103A90001CE08DED051ACDED061AADF81E708DED0A
:103AA000030A63D1F0EE410A3946B0EE611AB0EE76
:103AB000670A304602F022F920B108B0BDEC028B53
:103AC000BDE8F08133683F4ADB6B9DED038A93428A
:103AD0005CD1DFED3D7AB4EEE78AF1EE10FA60D406
:103AE000DFED3A7AB4EEE78AF1EE10FA59DCD6ED62
:103AF000587A78EE677AB3EE047AF0EEE77AF4EE6D
:103B0000C77AF1EE10FA39DAB0EE480A304604F01E
:103B1000F9F80028D1D10121304601F0F5FE002846
:103B2000CBD133682A495A6D9DF91C408A4234D161
:103B30009B6D284A934237D104F10903DAB21F2A58
:103B40003BD8D6F868212449002A08BF0A4602EB70
:103B5000430112F8132091F9011000241309304693
:103B600002F00F02009404F099F8A6E703A930468A
:103B7000984708B0BDEC028BBDE8F081B0EE480A72
:103B8000304601F04FFE0028BED096E7B0EE480A5E
:103B900030469847002890D1BDE7214630469047EF
:103BA0008BE76FF00B0088E70246214630469847C6
:103BB000002882D104F10903C3E76FF00C007CE711
:103BC000A40B04003D3303000000164300007044C2
:103BD000A133030001330300C80B0400B93703000D
:103BE0002DE9F0412DED028B614DDFF8A0C186B0CB
:103BF00004468E4616461F4695E80F009DF8408005
:103C0000256884ED541A84F85481D5F8F88002AD03
:103C100085E80F00E0459DF93820BDF83C308DF86F
:103C200010E08DF811608DF812708DED020ACDED67
:103C3000030A8DF81320ADF8143070D13A4631469E
:103C4000204601F0FFFF20B106B0BDEC028BBDE8BD
:103C5000F08123689DF81010D3F8F0302046984783
:103C60000028F1D123689DED030AD3F8EC302046FB
:103C700098470028E8D123683E4ADB6B9DED028A15
:103C800093425CD1DFED3C7AB4EEE78AF1EE10FAB4
:103C90005ED4DFED3A7AB4EEE78AF1EE10FA57DC43
:103CA000D4ED587A78EE677AB3EE047AF0EEE77ADC
:103CB000F4EEC77AF1EE10FA39DAB0EE480A20468F
:103CC00004F020F80028BFD10121204601F01CFE9D
:103CD0000028B9D123682A495A6D9DF913508A42A8
:103CE00032D19B6D274A934235D105F10903DAB2EF
:103CF0001F2A3AD8D4F868212349002A08BF0A4667
:103D000002EB430112F8132091F901100025130969
:103D1000204602F00F02009503F0C0FF94E7294609
:103D20002046C04706B0BDEC028BBDE8F081B0EE86
:103D3000480A204601F076FD0028BED084E7B0EEA8
:103D4000480A20469847BDE72946204690477BE72A
:103D50006FF00B0078E70246294620469847002876
:103D60007FF472AF05F10903C4E76FF00C006BE755
:103D7000B80B04003D3303000000164300007044FC
:103D8000A133030001330300C80B0400913D03007D
:103D900030B52DED028B0C4683B08B898A7A497A37
:103DA000054601F04FFF18B103B0BDEC028B30BDEA
:103DB0002B68217AD3F8F030284698470028F3D1B1
:103DC0002B6894ED010AD3F8EC3028469847002878
:103DD000EAD12B683C4ADB6B94ED008A934254D1C4
:103DE000DFED3A7AB4EEE78AF1EE10FA5CD4DFED5B
:103DF000387AB4EEE78AF1EE10FA55DCD5ED587A50
:103E000078EE677AB3EE047AF0EEE77AF4EEC77AEA
:103E1000F1EE10FA31DAB0EE480A284603F072FFEC
:103E20000028C1D10121284601F06EFD0028BBD138
:103E30002B6828495A6D94F90B408A422CD19B6D0E
:103E4000254A934233D104F10903DAB21F2A38D844
:103E5000D5F868212149002A08BF0A4602EB430130
:103E600012F8132091F9011000241309284602F0DA
:103E70000F02009403F012FF96E7B0EE480A2846BE
:103E800001F0D0FC0028C6D08EE7B0EE480A2846E4
:103E90009847002888D1C5E72146284603B0BDECE5
:103EA000028BBDE8304010476FF00B007CE7024604
:103EB00021462846984700287FF476AF04F109038D
:103EC000C6E76FF00C006FE73D33030000001643B8
:103ED00000007044A133030001330300C80B040049
:103EE000F0B52DED028B01298BB0044600F0EE8079
:103EF000C0F0868002297DD10368B04AD3F81451FE
:103F0000954240F00D81AE49AE4AC0F8501105927D
:103F10000A2100224FF483758DF81B10ADF818505C
:103F200080F85421D3F81021A74901238A428DF843
:103F30001A3040F011811A46062101F083FF002853
:103F40005AD12368A14ADB6B9DED058A934240F06C
:103F50002081DFED9F7AB4EEE78AF1EE10FA00F1EE
:103F60001D81DFED9C7AB4EEE78AF1EE10FA00F3E2
:103F70001581D4ED587A78EE677AB3EE047AF0EED4
:103F8000E77AF4EEC77AF1EE10FA80F2F480B0EE40
:103F9000480A204603F0B6FE70BB0121204601F01E
:103FA000B3FC48BB23688C495A6D9DF91B508A426B
:103FB00040F088809B6D894A934240F0F28005F181
:103FC0000903DAB21F2A00F2F680D4F86821844986
:103FD000002A08BF0A4602EB430112F8132091F9A8
:103FE000011000251309204602F00F02009503F08E
:103FF00055FE01E06FF013000BB0BDEC028BF0BD7D
:104000000768784BD7F804519D4240F09680764E71
:10401000DFF8ACC1C4F850C10FCE05AD0FC5002309
:1040200084F85431D7F80031704A9FED711A316825
:10403000296093428DED081A40F091801021F1EE35
:10404000040A9FED6C0A204601F058FE0028D3D1E7
:1040500023685E4ADB6B9DED058A934240F09480B5
:10406000DFED5B7AB4EEE78AF1EE10FA00F19680AC
:10407000DFED587AB4EEE78AF1EE10FA00F38E80A5
:10408000D4ED587A78EE677AB3EE047AF0EEE77AF8
:10409000F4EEC77AF1EE10FA65DAB0EE480A20467F
:1040A00003F030FE0028A7D10121204601F02CFCAE
:1040B0000028A1D1236848495A6D9DF924508A42AD
:1040C0003FF478AF29462046904795E706684A4B6B
:1040D000D6F8FC509D4213D1484B394FC4F850716B
:1040E0000FCB002705AD84F8547185E80F00D6F892
:1040F000F8302946204698470BB0BDEC028BF0BD46
:104100000A21082200238DE80E009FED3D1ADFED05
:104110003D0A9FED3D0A122307220921A8476BE7BC
:1041200000210A220123CDE90021DFED350A9FEDB0
:10413000360A1A460621A8475EE700239FED302A7B
:10414000DFED2B1ADFED2B0A9FED2F0A10220A213B
:10415000B1EE041AA8474FE705A990474CE705A917
:104160002046984748E7B0EE480A204601F05AFB3F
:10417000002892D040E7B0EE480A204601F052FBFA
:1041800000283FF404AF37E7B0EE480A20469847CE
:1041900088E7B0EE480A20469847FDE66FF00B002E
:1041A0002AE7024629462046984700287FF424AF94
:1041B00005F1090309E76FF00C001DE70534030062
:1041C000CDCCCC3F0000D9438D3603003D330300F6
:1041D0000000164300007044A133030001330300C4
:1041E000C80B0400553A0300A40B0400B9370300C0
:1041F00033331C439A999940E13B0300B80B040008
:10420000CDCCCC3F0000FA420000D94310B50446A3
:1042100001F0EAF9034A044B2260C4F85831204601
:1042200010BD00BF180C0400080C040070B5074B4B
:1042300005460FCB84B02E686C4684E80F00D6F894
:10424000A03021462846984704B070BD300D0400C8
:1042500010B582B0036800220092DC6940F272223D
:1042600002236FF07F41A04702B010BD82B0F0B4CE
:10427000012904A880E80C009DF81E209DF81F303D
:104280003AD00FD3022904D06FF01300F0BC02B073
:1042900070479DF81130032B00F2BF80DFE803F078
:1042A000B2ACA876BDF81C109DED046ADFED5C5A37
:1042B00007EE902ADB0006EE901AB8EEE77A07EEDA
:1042C000903A099BF8EEE66ADB0076EE876AF8EE34
:1042D000E77A07EE103A76EEA77AB8EE477A66EEFE
:1042E000256A37EE877AF0BCC7EE267A02B0FCEE7C
:1042F000E77A17EE900A70479DF81010DDED056A19
:104300009DF8204042F21070884007EE100AF2EE4D
:10431000047AB8EE477A66EEA76A481FC7EE267A97
:10432000C0B2022835BF1925112500260826FCEE4B
:10433000E77A17EE900A24BB8C00E4B2099F07EBE2
:104340004303C1EB4301002A06EB81030CBF142198
:1043500000211944BDF81C209DF81860631E09B2A5
:104360000029A8BF5B18083293FBF4F39BB206FB4D
:10437000032305EB8303F0BC00FB03F0800802B0CD
:10438000704701F13E04A400E4B2D7E7099B03EBB8
:1043900043039BB22349A1FB0321490901EB81029D
:1043A00001EB410102EB8202A3EB011352009BB22D
:1043B00092B213B1023313449AB29DF81C101A4BF7
:1043C0009FED1A7AC1EBC10001EBC00102EB410283
:1043D00092B203FB02F307EE903AF8EE677AF0BC74
:1043E00067EE877A02B0FCEEE77A17EE900A704724
:1043F000099B5B009BB2CDE7099B03EB4303C3F32F
:104400004F03C7E7099B0A4A03EB43035B000433EE
:10441000A2FB0323C3F38F03BCE76FF0090035E76A
:104420006F12833AABAAAAAA00127A00AD37063BF4
:10443000CDCCCCCC07EE901A9FED057AF8EE677ADA
:1044400067EE877AFCEEE77A17EE900A704700BFB6
:104450006F12833D036889B2D3F8F430184700BF68
:104460000368D3F8E4301847D0F86C01704700BFF8
:1044700000F00E03062B0BD0082B0CD00A2B0CD00F
:104480000138C0B2FD288CBF6FF0010000207047DA
:104490006FF430707047024870470248704700BFA1
:1044A0003EFDFFFF3DFDFFFF704700BFA9B110B506
:1044B0000C4602F0EDFA01280CD005D3032806D1F2
:1044C00002232370002010BD0020207010BD6FF06B
:1044D000130010BD2070002010BD6FF00200704767
:1044E00008B50221D0F86C01FEF706FE4FF0FF3050
:1044F00008BD00BF30B504460D4683B0D0F86C014E
:1045000094F86411FEF7F8FD25B12946204602F023
:1045100095FA48B901220023D4F86C01D121CDE9E4
:1045200000221A46FEF710F803B030BD00B583B084
:104530008AB200231146009302F044FA03B05DF8FA
:1045400004FB00BF00B585B004AA002322F8043D97
:104550000123D0F86C011221CDE900330223FEF7CC
:1045600015FCBDF80C0040BA80B205B05DF804FB44
:104570002DE9F04186B000240646FF270225D0F839
:104580006C010394CDE901572346224640F6E2012F
:104590000094FEF733FCD6F86C0123462246CDE9A1
:1045A0000274CDE9004540F6E501FEF727FC6FF007
:1045B0007F41304602F03CF9D6F86C311868036848
:1045C0000A21DB6998472546274601230DF117028A
:1045D00040F6190130468DF8177002F0BBF99DF8CE
:1045E000170000F00100A04001342843082CC5B298
:1045F000EBD133684FF0FF08022430461B6998471F
:10460000D6F86C0103970097CDE9014800230122F9
:1046100040F6E201FEF7F2FBD6F86C010397CDE914
:10462000014800970023012240F6E501FEF7E6FB72
:10463000284606B0BDE8F08138B590F83810022958
:10464000044626D0032903D06FF01805284638BD4C
:1046500090F86411D0F86C01FEF74EFD0021204661
:1046600002F0D0F8054630B1F0E7D4F86C311868A4
:1046700003685B6D9847D4F86C311868D96A036891
:104680001B6998470028F0D1002384F83830284669
:1046900038BDD0F86C01FEF72FFDD4F8A8112046E4
:1046A00002F0C6F80023054684F83830EFE700BF73
:1046B00010B5D0F86C310446186803681B69984738
:1046C000C1B22046BDE8104003F0D0BC10B54FF495
:1046D000E671044607F0A4FB204610BD10B5036840
:1046E00044F2FF31D3F8F4300446984700B110BDCE
:1046F000236820461B69BDE810401847F0B583B019
:104700000E46054602F0C4F9012836D12B6828462A
:104710001B699847044610B1204603B0F0BD022142
:10472000D5F86C01FEF7E8FCB168284603F088FC78
:10473000F1680746284603F083FC009482B22346C2
:10474000B9B2284602F03EF904460028E4D12B68AD
:1047500044F2FF31D3F8F430284698470446002845
:10476000DAD17068F478B378727831780190009477
:10477000284602F075F80446CEE76FF01304CBE745
:1047800010B5044602F084F9012802D0BBEE040AF9
:1047900010BD204602F0C4FA000A030654BFC0B29E
:1047A00060F0FF0008F0EEFE0022044B08F054FF1A
:1047B00009F064F900EE100A10BD00BF0000D03F00
:1047C00008B502F0ADFAC0B208F0DCFE0022044BDE
:1047D00008F042FF09F052F900EE100A08BD00BFD0
:1047E0000000E0BF10B584B0044602F051F9012882
:1047F00003D194F87431012B10D004AA002322F8BD
:10480000043D0123D4F86C011321CDE900330223C8
:10481000FEF7BCFA9DF80C0004B010BDD4F8A0015E
:1048200004B010BDF0B52B4B2B4F04460FCB2568C1
:10483000D5F8946087B002ADBE4285E80F003FD145
:10484000204602F025F9012841D1236820461B6942
:104850009847054610B1284607B0F0BD0221D4F8AC
:104860006C01FEF749FC0499204603F0E9FB059929
:104870000646204603F0E4FB009582B22B46B1B217
:10488000204602F09FF805460028E4D1236844F250
:10489000FF31D3F8F4302046984705460028DAD196
:1048A00003989DF80B50019000959DF80A309DF8F3
:1048B00009209DF80810204601F0D2FF0546CAE7FE
:1048C00029462046B0470546284607B0F0BD6FF0A0
:1048D0001305C0E7300D0400FD460300F0B5036882
:1048E00083B01B6905469847044610B1204603B0C3
:1048F000F0BD95F87431012B0AD02B682846D3F807
:10490000F43044F2FF3198470446204603B0F0BD2E
:10491000284602F0BDF801280646EED102AA034659
:1049200002F8024D40F60211284602F00BF8044648
:104930000028DBD102AF334607F8010D40F64411E1
:104940003A46284602F006F804460028CED19DF8E3
:104950000740334644F002043A4640F644112846E4
:104960008DF8074001F0EEFF04460028BED1C4E7F1
:104970002DE9F041044684B0D0F86C0116460F468C
:10498000FDF78EFF2368324AD3F884309342054600
:104990005AD104AA002322F8043D0123D4F86C0163
:1049A0001221CDE900330223FEF7F0F9BDF80C0027
:1049B00040BA80B26FF430739D423CD0A5BB430631
:1049C00036D400F0300020280CBF6FF006084FF0FE
:1049D0000008204602F05CF804AA002322F8043DF7
:1049E0000123D4F86C011321CDE900330223FEF733
:1049F000CDF99DF80D309DF80C2016B1B24228BFBC
:104A00003246D2B23946204601F0C8FF054658B9B1
:104A100023682046D3F8F43044F2FF319847B8F1C8
:104A2000000F14BF45460546284604B0BDE8F08196
:104A30006FF00608CDE710F4007F18BF6FF0050592
:104A4000284604B0BDE8F08120469847B2E700BF91
:104A50004545030010B584B0044602F019F801285A
:104A600003D06FF0130004B010BD22681349D2F8D0
:104A700084208A421ED104AA0346002122F8041D84
:104A8000D4F86C011221CDE900330223FEF77EF940
:104A9000BDF80C0040BA80B2C30508D410F0800FF6
:104AA0000CBF4FF0FF306FF00E0004B010BD044893
:104AB00004B010BD20469047EEE700BF4545030017
:104AC00042FDFFFF2DE9F0410F46016884B00969FE
:104AD000044616461D46884728BB6DB92368454DD8
:104AE000DB6F002E14BF3146FF212046984700EBB4
:104AF0008000A5FB0035AD0907EE905A9FED3E7A88
:104B00002368F8EE677A002267EE877A0092FCEE5F
:104B1000E77AD3F81C8017EE901A022340F2722233
:104B20002046C04710B104B0BDE8F081D4F86C3124
:104B3000186803685B6A984780460FE0D4F86C31C8
:104B4000186803685B6D9847D4F86C31186803687F
:104B50005B6A9847A0EB0800854232D3D4F86C31E9
:104B60001868596A03681B6998470028E6D02368CB
:104B700020461B6998470346002836D123681F4A00
:104B8000D3F8843093422DD104AA002322F8043DA7
:104B90000123D4F86C011221CDE900330223FEF782
:104BA000F5F8BDF80C0040BA80B2626B2368104281
:104BB00012D11B6B324639462046984704B0BDE8F7
:104BC000F081236820461B699847034618B16FF4AB
:104BD00030729342A7D12368DB6A204698476FF072
:104BE0000500A0E720469847DFE76FF43072934254
:104BF00099D1C3E7D34D62100000804245450300C0
:104C0000F0B50368484AD3F89430934285B004461F
:104C10005CD10E4601F03CFF012852D123682046AA
:104C20001B699847054610B1284605B0F0BD022122
:104C3000D4F86C01FEF760FAB168204603F000FA80
:104C4000F1680746204603F0FBF9009582B22B4637
:104C5000B9B2204601F0B6FE05460028E4D123682B
:104C600044F2FF31D3F8F430204698470546002837
:104C7000DAD17568F078B37872783178CDE90005CB
:104C8000204601F0EDFD054635B1CDE7D4F86C3195
:104C9000186803685B6D9847D4F86C311868596AD6
:104CA00003681B6998470028F0D023681F4AD3F88F
:104CB0009830934220462CD101F0EAFE01280346A9
:104CC00007D06FF01305284605B0F0BD984705469C
:104CD000DAE722681649D2F884208A4220D104AA51
:104CE000002122F8041DD4F86C011221CDE9003313
:104CF0000223FEF74BF8BDF80C0040BA80B2C305A2
:104D00000CD410F0800F0CBF4FF0FF356FF00E0584
:104D10008AE798470546284605B0F0BD054D83E76C
:104D200020469047EBE700BFFD460300554A0300CD
:104D30004545030042FDFFFF2DE9F0470F4601689E
:104D400084B0096904461646984688470546D8B98E
:104D500094F87131042B06D9072E40F2C48094F8E0
:104D60007331012B50D0FF2E50D823683146DB6FB2
:104D700020469847824620684346456A324639466F
:104D80002046A847054618B1284604B0BDE8F0877C
:104D9000204601F07DFED4F86C31564EDFF85C8180
:104DA0008146186803685B6A98470AEB8A0AA6FB83
:104DB0000A36B6090746053607E0D4F86C3118689C
:104DC000596A03681B69984718BBD4F86C31186896
:104DD00003685B6D9847D4F86C31186803685B6AA8
:104DE0009847C01B8642E8D2236843499A6A8A42A0
:104DF00058D1D3F8F43044F2FF31204698470028C8
:104E000049D06FF00405BFE7FD2EACD96FF0030564
:104E1000BAE7B9F1030F226851D1D2F88430434583
:104E200045D10123D4F86C01ADF80C50CDE9003325
:104E300003AA02231221FDF7A9FFBDF80C0040BA16
:104E400080B210F00103226839D1D2F884204245A3
:104E500030D1ADF80C300123D4F86C0103AACDE9B0
:104E6000003312210223FDF791FFBDF80C305BBA2D
:104E70005A04AAD5D4F8C811204601F00F0101F058
:104E8000B9FB0028A1D1236844F2FF31D3F8F430F4
:104E90002046984799E7236820461B6998476FF09A
:104EA000040571E7204690476FF004056CE7204643
:104EB0009847C6E720469047430486D5DAE7936AC9
:104EC0000D498B4212D1D2F8F43044F2FF31204622
:104ED0009847054600287FF457AF236820461B6992
:104EE0009847054650E76FF01D054DE72046984767
:104EF000054649E7D34D6210DD46030045450300F2
:104F00002DE9F04F8FB00F46054601F0C1FD08AE08
:104F10000DF1100C0024012874600894B46004940E
:104F2000ACF8044056D00346A0B1032800F021811C
:104F3000022840F0DD8095ED607A9FEDC96ADFEDD3
:104F4000C97AB8EE477A2346C6EE076AA346CDED86
:104F5000086A1AE0D5ED607A9FEDC16A95F88B2159
:104F6000B8EE677AD5ED617AC6EE076A12F0FB02F9
:104F7000F8EE677ACDED086A40F0B6800123B5F807
:104F8000902195F88CB1ADF810202968B64AD1F877
:104F9000788090454FF0000400F0AF80A64622468E
:104FA0008DF813308DF812B08DF814409CE8030092
:104FB0008DF828E00A9B0190ADF80810CDED097A34
:104FC000039700931146284696E80C00C0470FB09F
:104FD000BDE8F08F95F871E1BEF1040F7FD9BEF105
:104FE000070F08BF4FF0080E2A6895F8733195F83F
:104FF000749195F872A1D2F878809B4A95F8701157
:105000008DF82010003318BF0123A9F1010B1AF10C
:105010000004B5F87611ADF81010BBFA8BFB18BF81
:10502000012490454FEA5B1BD5ED5E7A40F09F80EE
:10503000CDED097A8DF828E096E807000EAD05E978
:1050400007009DF82C508DF812B042F21072AA4061
:1050500006EE902AB2EE047AF8EE666A27EE877AB8
:105060008DF81330C6EE877A8DF814409CE8030063
:105070006A1FD2B2022A069035BF192111210022DF
:105080000822FCEEE77A17EE900ABAF1000F00F062
:10509000968005F13E04A400E4B207EB4303B9F1A6
:1050A000010FC5EB430302EB830314BF142200225C
:1050B0001344BDF818501AB2631E002AA8BF9B18EB
:1050C00005F1080293FBF4F39BB20EFB032E01EBF8
:1050D0008E0E00FB0EF080080FB0BDE8F08F0EF1D1
:1050E000040E5FFA8EFE7FE7022A08BF022346E71E
:1050F0006FF013000FB0BDE8F08FCDED097A8DF899
:10510000284096E807008DF813308DF814408DF88C
:1051100012B00EAC04E907009CE8030080B207EE71
:10512000900AFF00F8EEE76A07EE907A07EE10BAF1
:10513000F8EE677AB8EEC77A76EEA77A1BB2DB0094
:1051400077EE877A07EE103ADDED0B6A9FED476A3E
:10515000B8EEC77A66EE866A37EE877AC7EE267AA9
:10516000FCEEE77A17EE900A0FB0BDE8F08F01224F
:1051700016E729683C4BD1F8788095F8AD118DF889
:10518000201095F8AC118DF8211095F8B3118DF819
:105190002210984595F8AE118DF8101058D196E868
:1051A00007000EAB03E907009CE803009DF82D30D3
:1051B0000690032B49D8DFE803F03E393605AC00F2
:1051C000E4B26AE707EB4707BFB2294AA2FB0732FE
:1051D000520902EB820302EB4202A7EB021703EB38
:1051E00083035A00BFB292B217B102373A4492B267
:1051F0009DF818101F4B9FED207AC1EBC10001EB09
:10520000C00102EB410292B203FB02F307EE903AB7
:10521000F8EE677A67EE877AFCEEE77A17EE900A87
:105220000FB0BDE8F08F7F00BFB2CEE707EB4707B6
:10523000C7F34F07C9E707EB47077F000F4B04375A
:10524000A3FB0737C7F38F07BFE76FF0090043E7FA
:105250002346A346A646DFED037A0222A0E600BF5E
:1052600000007A49000000006D4203006F12833A8B
:10527000ABAAAAAA00127A00AD37063BCDCCCCCCA3
:105280002DE9F0410229C8B00E46174604465DD00C
:10529000032956D15368FF2B00F2748101F0F8FB0B
:1052A0000128054600F0E080002800F0B2800228C6
:1052B00000F0E980032840F06881002344F20102F5
:1052C00000931146204601F07DFB00283BD10246A9
:1052D0000146204601F000FDA8BB032D00F0EA8046
:1052E00003463A793968204601F044FB58BB2368ED
:1052F00044F2FF31D3F8F43020469847054610BBFE
:1053000008AA012340F6890120468DF8205001F0BB
:1053100021FBC0B9204601F0BBFB012800F04B8106
:105320009DF8200040F004008DF8200008AA012319
:1053300040F68901204601F005FB20B984F8386069
:1053400001E06FF0180048B0BDE8F08190F87431CA
:10535000012B00F08280236820461B6998470028B3
:10536000F1D13A686FF07F439A4203D0BB6843F4AF
:105370000073BB607968204602F062FEB96805469A
:10538000204602F05DFE002382B2A9B200932046BF
:1053900001F018FB0028D6D102460146204601F054
:1053A0009BFC0028CFD1236844F2FF31D3F8F430BE
:1053B000204698470028C6D1204601F069FB012805
:1053C00000F0E980002840F0E08094F88E01B4F805
:1053D000901194F8882194F88B3194F88CC194F84A
:1053E0008DE1002840F0D48094F8A081CDF808E049
:1053F0000025CDE90308CDE900C5204601F012FCE7
:105400003B685A1C04BF6FF07F433B60C4F8A8316F
:1054100094E797F804C094F88E0194F88B3194F8CF
:105420008821B4F890110195CDF810C094F88DC181
:10543000039094F88C010090CDF808C0204601F04C
:10544000F1FB00287FF47FAF00900346012240F279
:105450000121204601F0B6FA37E7D368002B3FF46C
:105460007AAFC0F8A03176E794F8740194F8A4C13B
:105470003B7994F87321B4F87611CDE9000C2046FD
:1054800001F0A6FBDDE77968D4F88031C800642B11
:1054900080B241F6705E43F20F7C40F2E14300902F
:1054A00040F62F12C9B204BF73466246204601F08F
:1054B000E5FBC6E7204600F0CBFF00287FF443AFB2
:1054C00094F8AE31C3F10403002B0ADD05462046F3
:1054D00001F06AF894F8AE310135C3F10403AB4230
:1054E000F5DC0025FF22002108A808F07DFDC4F8A6
:1054F000C051C4F8C451C4F8C851D7E9001204F52A
:10550000E27004F5E07307AFCDE90130009708AB16
:105510002046079500F0E6FC00287FF414AF034610
:1055200008A93A78204601F025FA00287FF40BAF4D
:105530003B68D4F8C4018DF8193001218DF818109A
:105540008DF81A0006AA032340F28531204601F0A7
:10555000F9F900287FF4F7AE94F8C431102B1F46F8
:1055600028BF1027002B3FF4C2AE054602E0BD4223
:105570003FF4BDAEE9B2204601F03CF80135002809
:10558000F5D0E0E66FF00300DDE64FF0FF30DAE63D
:105590004FF0FF082AE794F8740194F8A45194F8A6
:1055A000A03194F87321B4F87611CDE900052046B6
:1055B00001F00EFB24E7D4ED5E7ADFED096A9FED82
:1055C000097A9DF8200077EEE67AF0EEE77AF4EEBD
:1055D000C77AF1EE10FA3FF6A3AE00F0FB00A3E6A7
:1055E0000000FA436F12833AF8B504460F4602F002
:1055F00001FD3948394B0069C4F85031002240F2AE
:105600000163A4F8AC31C4F8AF0100230320C4F84F
:105610006021C4F87821C4F8942131492160012225
:1056200084F84D3184F85431C4F8583184F85C3131
:10563000C4F86831C4F8703184F87431A4F8763154
:10564000C4F88031C4F88431C4F88831A4F88C31AE
:1056500084F88E31A4F89031C4F8983184F89C31E4
:1056600084F89D3184F89E31C4F8A03184F8A431C7
:10567000C4F8A83184F8640184F8AE0184F87C2170
:10568000FF2584F8B3310220042122610822A5609D
:10569000606120254020A161E26180214FF4807289
:1056A000C4F8B431C4F8B831A4F8BC31C4F8C0317E
:1056B000C4F8C431C4F8C831C4E909501023C4E99E
:1056C0000B12084E23624FF40073C4F86C716660CD
:1056D00063632046F8BD00BF300D0400CDCCCC3F45
:1056E000500D04000024743F10B4032ABDF8044098
:1056F00013D8092980F8AC2112D85A1E032A80F841
:10570000AD1110D8B4F5007F80F8AE310ED2A0F8FC
:10571000BC4100205DF8044B70476FF00900F9E7C9
:105720006FF00700F6E76FF00A00F3E76FF069002B
:10573000F0E700BF70B5D0F86C31044618680D462C
:10574000996A036882689B689847D4F86C31186836
:10575000996A0368C268DB689847D4F86C311868A6
:1057600003680121DB699847D4F86C311868996A9D
:1057700003680269DB68984715B90025284670BDA3
:10578000D4F86C31186803685B6A9847064611E0E4
:10579000D4F86C31186803685B6A9847801BB0F5D1
:1057A0007A7F4FF00A01E9D2D4F86C3118680368A7
:1057B000DB699847236800215B69204698470546C6
:1057C0000028E5D1D9E700BF00B585B0B9B904AA72
:1057D000012302F8011DD0F86C011521CDE9003339
:1057E000FDF7D4FA9DF80F3000EE103AB8EE400AFB
:1057F000FEEE007A20EE270A05B05DF804FB01F00A
:105800008FFAC0B207F0BEFE0022054B07F024FF5E
:1058100008F034F900EE100A05B05DF804FB00BF93
:105820000000E0BF30B5FDEEC07A2DED048B17EE21
:10583000903A85B0A3F2863200211A2A0546ADF8C7
:1058400008100BD84EF6E113ADF80830284602A92F
:1058500001F00EF905B0BDEC048B30BDA3F25F3250
:10586000072A04D84DF6D733ADF80830EEE7A3F297
:105870000B32082A08D9A3F5EB72282A09D848F276
:105880007513ADF80830E1E74CF2C153ADF80830BC
:10589000DCE7A3F5D7730A2B31D9B1EE049AB0EE49
:1058A000408A30EE490AF5EE008A20EE280A07F019
:1058B000D1FC38EE098AFCEEC07A28EE280ACDED3C
:1058C000017A07F081FC9DF80440FCEEC07AE20703
:1058D000CDED017A9DF8043001D4013CE4B2D90742
:1058E0005CBF0133DBB2284603A98DF80C408DF86C
:1058F0000D3001F0BDF805B0BDEC048B30BD46F6AF
:105900006B73ADF80830A1E7F0B583B002AC0023AB
:1059100004F8013D0F462246012340F6D801064611
:1059200001F018F878B99DF8075077B925F01E05F1
:1059300045F0080522463046012340F6D8018DF88F
:10594000075000F0FFFF03B0F0BD45F01E05F1E782
:10595000F0B583B002AC002304F8013D0F462246A7
:10596000012340F23671064600F0F4FF80B99DF83D
:105970000750012F0CBF05F0FB0545F0040522463A
:105980003046012340F236718DF8075000F0DAFFFF
:1059900003B0F0BDF0B585B0044601F079F8F0B978
:1059A000D4F88031D4F86C11B3F5966F46D0FF2649
:1059B0000225B3F5167F4FF00303039000930846CA
:1059C000CDE901564FF0040347D0082240F2D161DF
:1059D000FDF714FA024630B1104605B0F0BD0022C2
:1059E000104605B0F0BDD4F86C010423CDE9026285
:1059F000CDE9005540F69B01FDF700FA024600286C
:105A0000EAD10427D4F86C010392CDE901561022A3
:105A100000973B4640F6B801FDF7F0F90246002832
:105A2000DAD1D4F86C010623CDE90262CDE9007524
:105A300040F2AC61FDF7E2F90246CDE70423FF2511
:105A4000022402460390CDE901450846009340F642
:105A5000B801FDF7D3F90246BEE7182240F2D16142
:105A6000FDF7CCF902460028B6D10423D4F86C0126
:105A70000392CDE901561A46009540F69B01FDF7C9
:105A8000BDF902460028A7D10427D4F86C0103927F
:105A9000CDE9015600973B4640F6B801FDF7AEF957
:105AA0000246002898D1D4F86C010623CDE90262A1
:105AB000CDE90075502240F2AC61FDF79FF9024636
:105AC0008AE700BF2DE9F041044684B0D0F86C01AC
:105AD0008846FCF7EFFAD4F86C311868596AD0E9B7
:105AE00000329B689847D4F86C311868D96AD0E9BD
:105AF00000329B689847D4F86C314F4A10211974D2
:105B0000D4F86C1108234B74D4F86C118B74D4F84E
:105B10006C110123CB74D4F86C111D200881D4F8CA
:105B20006C110D204881D4F86C1100258D81D4F8BA
:105B30006C11C020C881D4F86C110B71D4F86C3191
:105B40005A61D4F858710A26237B002B46D16B4644
:105B500010224FF44871D4F86C01CDE90055CDE91D
:105B60000255FDF7BFF869460622384608F07EFF69
:105B70000A21F8B994ED540AB5EEC00AF1EE10FA14
:105B800006DD41F28831204601F09EFF054668B9E6
:105B90004146204602F0C4F8054620BB94F8543133
:105BA000002B40D1204601F0FDFE0546284604B0FA
:105BB000BDE8F081D4F86C3118680368DB69984758
:105BC000731E13F0FF06BFD1D4F86C01FCF788FAFE
:105BD0006FF00105284604B0BDE8F08101212046A0
:105BE000FFF7A8FDB3E7236820461B6998472046C6
:105BF00001F0B4F8114B9D42D8D18306D6D59FED64
:105C0000100A41F2883184ED540A204601F05CFF0D
:105C100005460028CAD14146204602F081F80546D3
:105C20000028C3D1BAE7204601F0B8FE0546284651
:105C300004B0BDE8F08100BF714403003DFDFFFFEB
:105C400000000000F0B52A4DC0F878511D4606232B
:105C5000284E80F85C310F460023FF2183B0C0F846
:105C60007061C0F8A011A0F87651C0F8983180F8A2
:105C70007431012104461646FFF724FF08B103B032
:105C8000F0BD02463946204601F0D8F90028F6D189
:105C900031464422204601F007FA0028EFD123685C
:105CA00029461B6E204698470028E8D19FED120A2E
:105CB000204601F01DFA0028E1D10121204601F023
:105CC000DBFF0028DBD10123009341F60F5241F2A4
:105CD00021030221204601F09FFD0028CFD1236837
:105CE0001B6D0146204603B0BDE8F040184700BFD9
:105CF0000000FA43090300010000704270B545F24C
:105D000055332DED048B4CF6CC42C0F880311A236C
:105D10003A4EC0F8842180F889310922062384B0E4
:105D20000D46A0F89011C0F8946180F88A2180F89F
:105D30008B3100210446B0EE408AF0EE608AB0EE6E
:105D4000419AFFF7BFFE18B104B0BDEC048B70BDE3
:105D50002368B0EE480A1B6C204698470028F3D110
:105D60002368B0EE680A5B6C204698470028EBD1A8
:105D7000B0EE490A204601F01DFC0028E4D19FED59
:105D8000200A204601F0B4F90028DDD12368294615
:105D90001B6E204698470028D6D11A4A2368908A5D
:105DA000DB6D04A9022221F8040D20469847002843
:105DB000CAD1236801469B6C204698470028C3D16E
:105DC00023680146DB6C204698470028BCD1FF21A0
:105DD000204601F09FFD0028B6D10125009541F233
:105DE000210341F60F520221204601F015FD002843
:105DF000AAD12946204601F03FFFA5E733331C43D3
:105E000000007042300D040010B502212DED028B10
:105E10000446B0EE408AFFF755FE10B1BDEC028B90
:105E200010BD2368B0EE480A1B6C20469847002836
:105E3000F4D1BDEC028B20460121BDE8104001F0F9
:105E40001BBF00BF70B50D4686B080F8B33103218B
:105E500004461646FFF736FE08B106B070BD9FED4A
:105E60001F0A204601F044F90028F6D101212046FE
:105E700001F002FF0028F0D1CDE90300CDE90100D7
:105E80000090034602460146204600F0CBFE002863
:105E9000E3D10B22236884F88901C4F8840184F8D3
:105EA0008A211B6C9FED0E0A204698470028D4D10A
:105EB000032E0DD8092D84F8AC610CD803224FF4C1
:105EC000807384F8AD5184F8AE21A4F8BC31C4E7E6
:105ED0006FF00900C1E76FF00700BEE700007042F5
:105EE0000000FA3E2DE9F04FADF52B7D1C460590E4
:105EF0000892D2B18D18013D0139601EFF231A119D
:105F000011F8016F82EA531282EAD3025E4002F076
:105F1000010282EAD312370942EA430347EA06162E
:105F20008D42DBB200F8016FE9D1DDF820C0CE4828
:105F300062464FF6FF7E0025102747F25B5621464A
:105F4000C0E9016E0770961C6746C56002F0D6F87E
:105F5000E319C0F30722E255294658704FF418722E
:105F6000F300A55512A81E46099308F03DF8032139
:105F7000BE480B9502F010F90BAB0093B21D12ABAB
:105F80002146BA4802F00CF92946FF22204608F0C3
:105F90002BF8059B93F8ACC1BCF1030F00F04C82C9
:105FA000B34BDDF82C800FCB0EAF3E4607C626F86C
:105FB000023BBCF1020F4FEA134333709CBFAD4B61
:105FC00013F80C50B8F1000F00F0398200218A4616
:105FD00008464FF001096FEA0A0303F0070317F8B8
:105FE00000C0CA4309FA03F34FEAD10E4FEADA06BA
:105FF00002F007025BB2BCF1000F12D00DF1480CA9
:106000000AF1010A1CF80EC014F906E04CFA02F27B
:1060100012F0010F43EA0E020ABF2EEA0303A25553
:10602000A3550130A84200F0B38101318845D2D197
:106030000AF10702D208214612A8CDF82CA007F0D9
:10604000AFFF059B93F8AE31C3EBC30203EBC20273
:10605000520092B29446BAF1000F00F087800022FD
:10606000013292B202FB02F15145F9D30FFA8AF1E3
:106070004FEA420E00294FEA520204911FFA8EFEA7
:10608000079273DD0020CDF808A0039007464FF07B
:106090000109E2464FEADA026FEA0A03A15CCDF891
:1060A00018A003F0070309FA03F321EA03010AF138
:1060B0000103A154DA10DB43A15C03F0070309FAE2
:1060C00003F321EA0303A354049B6FF00208302B6F
:1060D000A8EB0A08A8BF30230AF1020BDDF81CA0C8
:1060E0009C460026C0F3CF0212A9A8EB06038D5CE4
:1060F0000BEB0601C910C24303F0070302F00702CD
:1061000045FA02F209FA03F365565BB212F0010F89
:1061100025EA030208BF62547044029A18BF2B4359
:1061200080B218BF635490420AEB070309D39FB2B1
:10613000039BBE4503F101039DBF9FB23846039701
:106140003846013633B26345CCDB049BDDF818A03A
:10615000303B1BB20CF1020CE244002B04931FFAFB
:106160008AFA97DC059B93F8AE31D446059A9DF8E0
:10617000207092F8AC51B2F8BC0192F8B36192F879
:10618000AD118DF83070EA0042EA8602061146EA47
:10619000411642EAD1026FF0710101FB03C142F0E6
:1061A00002028DF83260304E8DF831202F27020127
:1061B0004FF0FF0C08200B910021D2B23070C6E9DD
:1061C000017CF160002B00F0ED80DFF8B0900291CF
:1061D0000E4609F1280AA9F127080EAF0125013B57
:1061E0005B1A22F00C0242EA83030CA904221E4827
:1061F0008DF8333001F082FF4FF0000B8DF8340042
:1062000002211A48A7F808B0C7E900BB01F0C4FF93
:106210003B4628220CA9CDF800B0144801F0C0FF7D
:106220003B4628220CA9CDF800B0104801F0B8FF79
:10623000F208F343A15C104803F0070305FA03F3E7
:1062400021EA0301731CA154DA10DB43A15C03F0C3
:10625000070305FA03F321EA030306F1020CA35432
:106260006FEA0C0C0CE000BF588100205481002024
:10627000480E04006C0E04006F0E0400970E04001C
:106280004378C21CD908A2EB0802324417F801E097
:10629000D208DB430CF0070103F007034EFA03F3C7
:1062A00005FA01F114F902E013F0010F49B24EEAC8
:1062B000010300F101000ABF2EEA0101A354A15419
:1062C00048450CF1FF3CDBD106F14A0C5D486FEA12
:1062D0000C0C437800F12302D908A2EB08023244E7
:1062E00017F801E0D208DB430CF0070103F00703C5
:1062F0004EFA03F305FA01F114F902E013F0010F6D
:1063000049B24EEA010300F101000ABF2EEA010181
:10631000A354A15450450CF1FF3CDAD16FF02A0E82
:10632000DDF814C00396AEEB060E06F12A0B002032
:106330000CEBD00200EB0B0192F8AF61C908AEEB99
:106340000003C24303F0070302F0070246FA02F219
:1063500005FA03F3665612F0010F5BB246EA030238
:1063600000F101000ABF26EA0303625463542028A7
:10637000DED1059B029A039E93F8AE31013272364C
:1063800093420292B6B20AD99DF83320029926E7C9
:10639000013141454FF000007FF41DAE48E6059AFB
:1063A00092F8AC51099A063292B2032D06D8DFE872
:1063B00005F03934310202EB420292B2224DA5FBC4
:1063C0000210400902F12F0400EB800100EB4000B5
:1063D000A2EB0012A5FB045401EB8101B69803EB7C
:1063E0005413490092B203608BB212B102321A44C4
:1063F00093B2059A92F8AE11722212FB0133B5994D
:10640000DA1D0B60B49BD20800201A600DF52B7DBD
:10641000BDE8F08F520092B2D0E702EB4202C2F325
:106420004F02CBE702EB4202520008490432A1FBC3
:106430000212C2F38F02C1E7DDF82CA002E6C246C9
:106440004246F8E5970E0400ABAAAAAACDCCCCCC64
:1064500070B4524D524B8BB0064603930FCD05AC32
:106460000FC42A6896F8AD3196F8B31122600AAAD3
:1064700002EB430300294FF0060243F63611ADF854
:1064800010104848A6F8B62114BF0821342149F25B
:106490008E5233F8143CB3FBF1F33C2B0290ADF871
:1064A0000420A6F8B43109D02ED9B92B68D01DD854
:1064B000562B48D0632B46D03E2B20D1B6F8BC31AA
:1064C0000AAA02EB931203F03F0112F81C2CA6F863
:1064D000B821B3F5C07F4FF03802A6F8BA11A6F87C
:1064E000B6210CD200200BB070BC7047B3F5C37F4F
:1064F0003AD040F29312934236D0C62B40D06FF080
:1065000069000BB070BC70471C2B06D016D9232B2A
:1065100003D02F2B01D01E2BF1D1B6F8BC310AAA23
:1065200002EB9311B3F5C07F03F03F0211F81C1C7E
:10653000A6F8B811A6F8BA21D4D3E0E70A2BECD01C
:10654000162BDCD1E9E7B6F8BC310AAA02EBD3126C
:10655000002012F8202CA6F8B82103F07F03A6F83B
:10656000BA310BB070BC7047B6F8BC31A6F8BA317E
:106570004FF484720020A6F8B8210BB070BC7047AD
:10658000B6F8BC310AAA02EB1322DBB212F8242CB3
:10659000A6F8B821A6F8BA31A4E700BF580E040047
:1065A000212D30334144474810B4B0F8B631B0F82B
:1065B000BA21B0F8B44103F001015B0819B1B0F899
:1065C000B8114B409BB29A4282EA030107D0A14224
:1065D000F1D8A0F8B6315DF8044B08467047A342E5
:1065E00001D91346E7E7A0F8B631194608465DF829
:1065F000044B7047D0F8C431002B00F08680F0B512
:10660000B0F8B631B0F8BA41B0F8B45183B003F085
:1066100001025B081AB1B0F8B82153409BB29C420A
:1066200084EA030269D0AA42F1D8013A92B214B2C4
:10663000B4EB550FA0F8B63190F8B331A8BF521B98
:1066400005F00105A8BF14B20135002B59D11A235A
:1066500003FB05F54FF4D043D0ED587A9FED357A22
:10666000D0F8C86190F8AE2167EE877A9642FCEECA
:10667000E77A17EE907A03FB1473A3EB452504D257
:10668000921BD30758BF05F5807501EB4106044600
:106690002A0E280C760004230F464FEA152C8DF89D
:1066A00004208DF8050006F28A310DEB0302204626
:1066B0008DF807508DF806C000F044F9D8B937BB03
:1066C0007320054606F562718DF80100002602234D
:1066D0006A4620468DF8006000F034F958B904F598
:1066E000E0710EC94D1B013A0133C4F8C051C4F822
:1066F000C421C4F8C83103B0F0BDAB4212D923465F
:1067000085E7AD004FF48053A6E71846704794F82C
:10671000AE31BB4208D8D4F8C001312807D885B2C1
:10672000C0B2CFE71A4680E772200546CAE732209A
:106730000546C7E700008049014801F029BD00BFB8
:106740005481002030B5012185B00446D0F86C0199
:10675000FCF7D2FC04AA042302F8013D0023D4F87C
:106760006C018421CDE900330123FBF7EDFED4F861
:106770006C310546186803680121DB699847284693
:1067800005B030BD30B5044685B00121D0F86C01AC
:1067900094F84D51FCF7B0FC0023D4F86C011A4674
:1067A000CDE900331946FBF7CFFE04AA0123D4F844
:1067B0006C0102F8045D8021CDE90033FBF7C4FED3
:1067C00005B030BD30B5044685B00D46D0F86C013B
:1067D0000121FCF791FC0023D4F86C011A46CDE9A5
:1067E00000331946FBF7B0FE04AA0123D4F86C016C
:1067F00002F8045D8021CDE90033FBF7A5FE05B06A
:1068000030BD00BF30B585B001230D0C0C0A8DF8EA
:106810000E10D0F86C018DF80C50CDE9003303AAAE
:10682000032383218DF80D40FBF78EFE05B030BDAC
:1068300030B585B000220123D0F86C018DF80E1020
:106840000D0C01920C0A009303AA032382218DF8F8
:106850000C508DF80D40FBF777FE05B030BD00BF42
:10686000F0B585B0DDED0B7A9FED277A9DF82860B5
:10687000F8EE677A054667EE877A95F87041FCEE88
:10688000E77AFF2917EE900A4FEA10478DF80C704F
:106890004FF002078DF80E0004F10D044FEA1020AE
:1068A0008DF8087018BF8DF80810FF2A8DF8094080
:1068B0008DF80D0018BF8DF809200A20FF2B4FF02E
:1068C0000104ADF80A0002AA18BF8DF80A30D5F805
:1068D0006C01FF2E4FF00703CDE900444FF0880113
:1068E00018BF8DF80B60FBF72FFE034640B9D5F8B3
:1068F0006C011A46CDE90044C521FBF725FE03468D
:10690000184605B0F0BD00BF6F12833D10B50024DE
:1069100084B061F3070463F30F249DF81830D0F8B6
:106920006C0162F3174404AA63F31F64012342F865
:10693000044D9521CDE900330423FBF705FE04B097
:1069400010BD00BF08B5D0F86C01FBF737FC002084
:1069500008BD00BF38B504461D46D0F86C0113468B
:106960002A46FCF7BFF9D4F86C01BDE83840FBF7C4
:1069700097BF00BF10B586B00124D0F86C018DF828
:10698000153000920B46CDE9014402220E2405A9E0
:106990008DF81440FBF7B8FE06B010BD10B586B0F8
:1069A0000124D0F86C018DF8153000920B46CDE92A
:1069B000014402221E2405A98DF81440FBF7D6FCE1
:1069C00006B010BD70B51D4684B00123D0F86C012F
:1069D000BDF820408DF80910CDE900330823D940D7
:1069E0008DF8081022FA03F18DF80F408DF80B2076
:1069F00025FA03F68DF80A10240A19460DEB030256
:106A00008DF80D508DF80C608DF80E40FBF79CFD55
:106A100004B070BD30B5022385B001220C460D0ACA
:106A2000D0F86C018DF80D40CDE90022194603AA7B
:106A30008DF80C50FBF788FD05B030BD70B584B003
:106A400001230E0E0D0C0C0A8DF80F10D0F86C01FE
:106A50008DF80C60CDE9003303AA042386218DF85C
:106A60000D508DF80E40FBF76FFD04B070BD00BFF8
:106A700000B5012383B00A46D0F86C019821CDE916
:106A800000330223FBF760FD03B05DF804FB00BF99
:106A900000B585B004AAFF2302F8013D0123D0F818
:106AA0006C011121CDE90033FCF770F99DF80F005E
:106AB00005B05DF804FB00BF30B585B001230D467D
:106AC00004468DF80D20D0F86C018DF80C50CDE9FE
:106AD000003303AA02238E21FBF736FD08B984F8A0
:106AE0009C5105B030BD00BF30B585B090F87C41F9
:106AF0009DF820509CB190F8704190ED5E6A0125A0
:106B000005FA04F407EE904AF8EE677AB3EE007ADD
:106B1000C7EE866AF4EEC76AF1EE10FA18DB80F869
:106B20007251002461F3070462F30F2463F31744E6
:106B300004AA65F31F64012342F8044DD0F86C01E8
:106B40008B21CDE900330423FBF7FEFC05B030BDFB
:106B5000002580F87251E4E770B584B0D0F86C017C
:106B6000089C8DF80B208DF80C3001220B0CCDE920
:106B700000228DF808300A0A08238DF80A108DF8D3
:106B80000920260C250A0DEB03028B218DF80F40FE
:106B90008DF80D608DF80E50FBF7D6FC04B070BD7B
:106BA00030B585B001238DF80F200D0C0C0A8DF83F
:106BB0000E10D0F86C018DF80C50CDE9003303AA0B
:106BC00004238B218DF80D40FBF7BEFC05B030BDD2
:106BD0002DE9F04385B00C469DF834509DF8308087
:106BE000294616461F468146FEF7B2FEB0B901237C
:106BF000D9F86C018DF80940CDE90033240A062349
:106C000002AA8C218DF808408DF80A808DF80B704F
:106C10008DF80C608DF80D50FBF796FC05B0BDE8C3
:106C2000F08300BF70B586B00C0A8DF80E200122EB
:106C30008DF81330D0F86C019DF828309DF8306045
:106C40008DF80D10CDE900229DF82C209DF83450D0
:106C50008DF80C408DF80F309DF838408DF81020DD
:106C6000092303AA8C218DF814608DF811508DF83A
:106C70001240FBF769FC06B070BD00BF70B584B070
:106C80000546BDF820408DF808108DF80A201946F9
:106C9000120A01238DF809200A0AD0F86C018DF838
:106CA0000C10260A8DF80B20CDE9003302AA8C21A6
:106CB0008DF80E408DF80D60FBF746FC044638B9A0
:106CC000D5F86C0106230DF10902F021FBF776FAE5
:106CD000204604B070BD00BF00B585B001238DF81B
:106CE0000C108DF80D20D0F86C0103AACDE900330B
:106CF0008F210223FBF728FC05B05DF804FB00BFE1
:106D000000B585B004AA012302F8041DD0F86C0177
:106D10009621CDE90033FBF717FC05B05DF804FBC5
:106D200010B5012384B0002403AAD0F86C01ADF89B
:106D30000C40CDE90033142103238DF80E40FCF7FD
:106D400025F89DF80D309DF80C209DF80E001B02D3
:106D500043EA0243184304B010BD00BF00B585B03C
:106D600004AA002322F8043D0123D0F86C01172166
:106D7000CDE900330223FCF709F89DF80C009DF8DB
:106D80000D3043EA002005B05DF804FB00B585B086
:106D900004AA002322F8043D0123D0F86C01072146
:106DA000CDE900330223FBF7CFFB05B05DF804FB10
:106DB0002DE9F041D0F86C311C680F46596A236800
:106DC00005469A6D5E6920469047D5F86C311B6880
:106DD00001463A462046B4465B69BDE8F04160474B
:106DE00070B5D0F86C311C68596A236820469A6DDA
:106DF0009D6990472B4601462046BDE870401847E4
:106E000030B583B00D460446FFF742FE012814D189
:106E10006B1F072B0ED894F8720194F8713194F817
:106E20005C2184F87051294600902046FFF75CFEF3
:106E300003B030BD6FF00800FAE76FF01300F7E71A
:106E400010B52DED028B82B0B0EE408A0446FFF7FC
:106E50001FFE80BBB5EEC08AF1EE10FA25D4DFED3F
:106E6000177AB4EEE78AF1EE10FA21D4DFED147A46
:106E7000B4EEE78AF1EE10FA1ADC9FED120A28EE62
:106E8000008AFCEEC87A17EE900AC4F8840194F8E0
:106E9000893194F88A21D4F8801100902046FFF7B8
:106EA0005BFE02B0BDEC028B10BD40F27520ECE73A
:106EB0006FF06500F5E76FF01300F2E79A99193F5C
:106EC000000048436F1283442DE9F04102680F4DE2
:106ED000D2F8E440AC4215D1D0F86C311D680E46B2
:106EE000596A2B6804469A6D5F6928469047D4F822
:106EF0006C311B68014632462846BC465B69BDE8DA
:106F0000F04160472346BDE8F0411847B16D0300EA
:106F100002680B49D2F8E8208A420FD170B5D0F848
:106F20006C311C68596A236820469A6D9D699047A8
:106F30002B4601462046BDE870401847104700BF69
:106F4000E16D030030B52DED028B85B0B0EE408AC7
:106F50000446FFF79DFD012868D1B5EEC08AF1EE29
:106F600010FA49D4DFED337AB4EEE78AF1EE10FA85
:106F700042DCDFED317AB6EE007AE8EE077AFCEE1D
:106F8000E77ACDED037A9DF80C300F2B3AD00AD971
:106F90003E2B43D022D97D2B38D0FA2B2CD1062082
:106FA00084F85C0109E0052B34D01FD9072BF7D0FA
:106FB0000A2B21D1092084F85C0194F8725194F8CD
:106FC000713194F8701184ED5E8A02460095204676
:106FD000FFF78AFD05B0BDEC028B30BD142B21D02C
:106FE0001F2B09D1032084F85C01E6E7032B03D1B2
:106FF000002084F85C01E0E76FF0070005B0BDEC0D
:10700000028B30BD022084F85C01D6E7052084F8AD
:107010005C01D2E7082084F85C01CEE7042084F804
:107020005C01CAE70A2084F85C01C6E76FF0130030
:10703000D0E700BF0000FF430AD7233C70B582B001
:107040000D4616460446FFF723FD012828D1281FC8
:10705000C3B2042B21D86EB984F8713194F872014F
:1070600094F85C2194F8701100902046FFF73CFDE5
:1070700002B070BD042810D8DFE800F00B07070F3E
:107080000300072384F87131E8E784F871512B4637
:10709000E4E7002384F87131E0E76FF00900E7E7E7
:1070A0006FF01300E4E700BF2DE9F04182B00E4617
:1070B00017468046FFF7ECFC012815D126F00F0596
:1070C00007F00F0445EA171544EA06144046022368
:1070D00001AA4FF4E8618DF804508DF80540FFF7E0
:1070E00031FC02B0BDE8F0816FF01300F9E700BF9A
:1070F000B5EEC00AF1EE10FA1BD4DFED0F7AB4EE54
:10710000E70AF1EE10FA14DC00B5DFED0C7A20EEA0
:10711000270A83B0FCEEC07A02AA17EE901A012368
:1071200002F8011D40F6E701FFF70CFC03B05DF823
:1071300004FB6FF01000704700000C43CDCCCC3E38
:1071400000B583B002AA002302F8013D40F6E70132
:107150000123FFF7FFFB9DF8073000EE103AB8EE71
:10716000400AF0EE047A20EE270A03B05DF804FB33
:10717000F0B587B00D460446FFF78AFC012833D0EE
:10718000002843D194F88C01ABB28342A8BF0346D8
:10719000A9B21F2BA4F8901116DD072294F88E5186
:1071A00084F8882194F88B3194F88D71ADB994F8F6
:1071B000A0C100900026CDE9035C0297204601960D
:1071C000FFF730FD07B0F0BD172BDAB208DC0F2A4D
:1071D00008D8002A18BF0422E0E74FF0FF0CE8E7C8
:1071E0000622DBE70522D9E794F8A41194F874018C
:1071F00094F8A03194F873210191A9B2A4F8761102
:1072000000902046FFF7E4FC07B0F0BD4FF0FF30E0
:10721000D8E700BF10B52DED028B82B0B0EE408AEA
:107220000446FFF735FC90B3032822D002284FD143
:10723000DFED297AB4EEE78AF1EE10FA45D4DFEDFE
:10724000277AB4EEE78AF1EE10FA3EDC9FED247A5D
:10725000C7EE087A16222046FCEEE77A17EE901A5F
:10726000C4ED607AFFF79CFC38B302B0BDEC028B32
:1072700010BDDFED1C7AB4EEE78AF1EE10FA24D4EB
:10728000DFED197AB4EEE78AF1EE10FA1DDC9FED1E
:10729000147AD4F8840194F8893194F88A21C7EEDD
:1072A000087AFCEEE77AC4ED607A17EE901A009047
:1072B0002046FFF751FC0028D7D1204602B0BDEC94
:1072C000028BBDE81040FEF765BB6FF06400CCE7B1
:1072D0006FF01300C9E700BFCDCCCC3D9A99193FA0
:1072E00000007A4923DBF93E355EFA3E70B52DED9C
:1072F000028B88B003AC84E80E0003689DED048A1D
:10730000D3F8D4309DF838600DF11F010546984739
:10731000044658B9032E9DF81F3015D0B34212D041
:107320002B6828461B69984728B10446204608B0B8
:10733000BDEC028B70BD2B683146D3F8D0302846A7
:1073400098470028F1D13346002B5AD0012B14D096
:10735000022BEBD14FF4807300939DF80D209DF824
:107360000C1003232846FEF7BFF904460028DDD1A0
:107370009DF80E3085F8B331D8E72B684B4AD3F827
:10738000F0309DF80C40934279D12846FFF780FBFE
:1073900001287FD1631F072B00F2828095F87201CC
:1073A00085F8704195F8713195F85C21009021467F
:1073B0002846FFF799FB0446002CB7D12B68B0EEA6
:1073C000480AD3F8EC302846984704460028ADD147
:1073D00028469DF81440FFF75BFB01285AD1231F74
:1073E000DBB2042B5FD895F8720195F85C2195F813
:1073F000701185F8713100902846FFF775FB04463F
:1074000094E72B689DED030A1B6C284698470446B9
:1074100000288BD12B68264A5B6C934234D12846D6
:10742000FFF736FBB0BBB5EEC08AF1EE10FA23D4FD
:10743000DFED207AB4EEE78AF1EE10FA2DD4DFED1D
:107440001E7AB4EEE78AF1EE10FA26DCDFED1B7A45
:1074500028EE278AFCEEC87A17EE900AC5F8840158
:1074600095F8893195F88A21D5F880110090284641
:10747000FFF772FB044659E740F27520EEE721461C
:1074800028469847044697E7B0EE480A28469847AA
:1074900004464BE76FF0130448E76FF0650445E7D7
:1074A0006FF0080442E76FF009043FE7016E030044
:1074B000416E03009A99193F000048436F128344BC
:1074C00000B52DED028B85B00DF1100C0CE90E000E
:1074D0009DF820309DED028A032B2DD04FF0FF3018
:1074E0001BBBDDED017A9FED2F7AF4EEC77AF1EE4A
:1074F00010FA4BD4DFED2C6AF4EEE67AF1EE10FAD6
:1075000044DCB4EEC78AF1EE10FA42D4DFED277AFC
:10751000B4EEE78AF1EE10FACCBF6FF06500002000
:1075200005B0BDEC028B5DF804FB012B10D005B05B
:10753000BDEC028B5DF804FB036808A9D3F8D430D6
:1075400098470028F3D19DF82030002BEDD1C8E7F3
:107550009DF80430053B072B21D8B5EEC08AF1EE2B
:1075600010FA19D4DFED127AB4EEE78AF1EE10FAD0
:1075700012DC9DF80C30043B042B94BF00206FF00C
:10758000090005B0BDEC028B5DF804FB6FF06400F0
:10759000CDE76FF06500CAE76FF00700C7E76FF04F
:1075A0000800C4E79A99193F000096430000484339
:1075B0000000FF43F0B52DED028B93B0B0EE408A92
:1075C0000746FFF765FA002848D1274C05460FCC3F
:1075D00002AE0FC694E8030046F8040B383C317045
:1075E0000FCC08AE0FC60FCCB2EE040A28EE008A0C
:1075F0000FC6BCEEC88A94E8030018EE103A86E87D
:1076000003009BB2284608AA32F8021B8B421ED305
:1076100001301428F8D107EE903A9FED147AF8EE75
:10762000E77AF4EEC77AF1EE10FA1AD8092387F850
:107630008931D7F8840197F88A21D7F88011009012
:107640003846FFF789FA13B0BDEC028BF0BD12ABE0
:10765000184410F8403C87F88931EAE76FF01300CE
:10766000F1E76FF06700EEE7E80E040000F09145E7
:1076700030B583B0002902AB14BF9625942503F8DA
:10768000055D80F89E11154640F6AC011A460123AF
:107690000446FFF757F900B90DB903B030BD084BE8
:1076A0001B6CADF80430204601AA1C0C40F29F214F
:1076B00003238DF80640FFF745F903B030BD00BF46
:1076C000C00E040030B583B00C460546FFF7E0F964
:1076D00008B1032826D1042C27D8DFE804F01317BB
:1076E0001B1F03000B2485F88A41D5F8842195F8E7
:1076F0008931D5F88011009228462246FFF72CFAEE
:1077000003B030BD002385F88A31EEE7082485F800
:107710008A41EAE7092485F88A41E6E70A2485F8E0
:107720008A41E2E76FF01300EAE76FF06900E7E7EC
:10773000F0B589B00E4614460546FFF7A9F970BBAF
:10774000082C32D8E4B2324623464FF4D86128469A
:10775000FFF7F8F858BBB5F89011E400E4B2A14285
:107760000B46A8BF23461F2B85F88C413DDD072221
:1077700095F88E0185F8882195F88B3195F88D71F3
:10778000002842D195F8A0C102970026CDE9030C4C
:10779000009428460196FFF745FA09B0F0BD01288C
:1077A00007D003282DD1042C28D06FF0680009B031
:1077B000F0BD012CF9D828463478FFF769F9012883
:1077C0001FD124F00F032401284644F0040443F0A1
:1077D000040507AA02234FF4E8618DF81C508DF8C8
:1077E0001D40FFF7AFF809B0F0BD172BDAB20FDC80
:1077F0000F2A0FD8002A18BF0422B9E73368C5F84A
:10780000AF316FF0130009B0F0BD4FF0FF0CBBE7D4
:107810000622ADE70522ABE72DE9F04188B00D4621
:1078200016461F4604469DF83880FFF731F90028B8
:107830003FD1012D59D062D3022D51D1B8F1000FA3
:1078400061D0062084F88B0194F88E31B4F8901141
:1078500094F8882194F88CC194F88DE1002B4BD1D9
:1078600094F8A081CDF808E00025CDE90338CDF8E3
:1078700000C0034601952046FFF7D4F968BB350ADE
:1078800007AA022340F2BC6120468DF81D608DF8E6
:107890001C50FFF757F800BB07AA204602233C0AFA
:1078A00040F2BE618DF81D708DF81C40FFF74AF85C
:1078B00013E001282BD194F8A42194F8740194F8D2
:1078C000A031B4F8761101922A1C18BF012284F865
:1078D000732100902046FFF77BF908B0BDE8F081E6
:1078E0006FF42F7008B0BDE8F081B8F1000FA9D097
:1078F000042084F88B01A7E74FF0FF08B2E70120CE
:1079000084F88B01A0E784F88B5128469CE74FF060
:10791000FF30E2E7F0B587B00D460446FFF7B8F850
:10792000C8B994F88DC194F88C7194F88B3194F89F
:107930008821B4F89011019001260495CDE902C682
:1079400000972046FFF76EF918B984F88E61C4F8E5
:10795000A05107B0F0BD6FF01300FAE710B582B088
:107960000446FFF795F8012814D194F8A43194F84F
:107970007321B4F876110193002300932046FF236E
:10798000FFF726F920B9FF2384F87401C4F8A03169
:1079900002B010BD6FF01300FAE700BF0021FFF73F
:1079A000AFB900BF0121FFF7ABB900BFF0B589B097
:1079B0000D460446FFF76CF8002855D1DDB994F860
:1079C0008E0184F88D51B4F8901194F8882194F8C0
:1079D0008B3194F88C6160B994F8A0710096002501
:1079E000CDE90307CDE901552046FFF71BF909B0A2
:1079F000F0BDFF27F2E7012384F88D3107AA4FF489
:107A0000D7612046FEF7A6FF0028F0D19DF81C5054
:107A100025F0010545F00105FF2607AA02234FF4D2
:107A2000D76120468DF81C508DF81D60FEF78AFF47
:107A30000028DCD194F88E01B4F8901194F88821D4
:107A400094F88B3194F88C7194F88DC108B994F83E
:107A5000A061CDF808C00025CDE9030600972046B7
:107A60000195FFF7DFF8C2E76FF01300BFE700BF33
:107A7000D0F86C01FBF706BB10B50446FFF708F819
:107A800001280ABF84F87C016FF01300002010BDAC
:107A900030B583B00D460446FEF7FAFF012810D139
:107AA00094F8740194F8A03194F87321B4F8761125
:107AB00084F8A451CDE900052046FFF789F803B00A
:107AC00030BD6FF01300FAE730B52DED028B03687F
:107AD00085B05B6904460D460021B0EE408A9847A8
:107AE0002046FFF73BF9830654D49FED597AF0EE18
:107AF000C87AF4EEC77AF1EE10FA4FD9DFED557A75
:107B000078EE677AF0EEE77AF4EEC77AF1EE10FAE3
:107B100026D800238DF80C3007EE905A9FED4E7A50
:107B2000C4F89851F8EE677A012367EE877AD4F8A3
:107B30006C01FCEEE77ACDE9003317EE901A0423CE
:107B40000D0C0C0A8DF80F1003AA97218DF80D501B
:107B50008DF80E40FAF7F8FC05B0BDEC028B30BD95
:107B6000DFED3E7A78EE677AF0EEE77AF4EEC77AE8
:107B7000F1EE10FA1AD9DFED3A7A78EE677AF0EE84
:107B8000E77AF4EEC77AF1EE10FA13D802238DF8F3
:107B90000C30C1E72046FFF7F9F8A6E7204601219F
:107BA000FDF7C8FD05B0BDEC028B30BD01238DF89B
:107BB0000C30B1E7DFED2B7A78EE677AF0EEE77AFA
:107BC000F4EEC77AF1EE10FA0ED9DFED277A78EEEF
:107BD000677AF0EEE77AF4EEC77AF1EE10FA07D89A
:107BE00004238DF80C3097E703238DF80C3093E7CE
:107BF000DFED1E7A78EE677AF0EEE77AF4EEC77A78
:107C0000F1EE10FA03D805238DF80C3084E7F0EE7E
:107C1000087A78EE677AF0EEE77AF4EEC77AF1EE5A
:107C200010FA03D806238DF80C3075E7DFED107AD3
:107C300078EE677AF0EEE77AF4EEC77AF1EE10FAB2
:107C400003D807238DF80C3066E70A4884E700BFA5
:107C50006F12833ACDCCCC3F6F12833D9A99D93FB6
:107C60006666E63FCDCC0C409A991940CDCC2C40AD
:107C70003333534041FDFFFF10B584B0D0F86C4161
:107C800080F89D1104AA012302F8011D2046CDE9C8
:107C900000339D21FAF758FC04B010BD2DE9F047E0
:107CA00084B004AC002504F8015D89461646984668
:107CB0002246012340F6E70105469DF83070FEF7A5
:107CC00049FE10B104B0BDE8F0874FF0010A434609
:107CD0003A463146CDF800A02846FEF717FE0028A8
:107CE000F0D15FFA89F104222846FEF7E5FE00286C
:107CF000E8D153462246284640F6E701FEF722FE29
:107D0000E0E700BFDFED057A80ED580A20EE270A94
:107D1000FCEEC07A17EE901AFEF790BE0000804984
:107D20002DE9F041037B84B006460C4623B10022C6
:107D30001146FEF7D1FF00BB04AFD6F86C0107F87F
:107D4000084D01243A46CDE9004423468A21FAF73A
:107D5000FBFB90B996F84D31D6F86C010194002BDD
:107D600014BF30252025234600943A4693218DF8F0
:107D70000850FAF7E9FB034610B104B0BDE8F08102
:107D800096F87021D6F86C01ADF80C300D32032155
:107D90008DF80E308DF809208DF80810CDE90044DB
:107DA0000A2507233A468821ADF80A50FAF7CCFB9A
:107DB00080460028E1D1336844F2FF31D3F8F43033
:107DC00030469847CDF80080054643464246414636
:107DD0003046FEF7F7FD284300B20028CDD1D6F893
:107DE0006C112346CDE900403A4608467F2489219C
:107DF0008DF80840FAF7A8FB0028BED1D6F86C3100
:107E0000186803680521DB69984705E0D6F86C31EE
:107E1000186803685B6D9847D6F86C311868D96AA2
:107E200003681B6998470028F0D1D6F86C01FAF76F
:107E300037FDA2E76FF01800704700BF6FF0180021
:107E4000704700BF6FF01800704700BF6FF0180058
:107E5000704700BF6FF01800704700BF6FF0180048
:107E6000704700BF6FF01800704700BF6FF0180038
:107E7000704700BF6FF01800704700BF6FF0180028
:107E8000704700BF84B004A800E90E006FF018002E
:107E900004B070476FF01800704700BFBBEE090ACE
:107EA000704700BF82B08DE80C00002002B0704720
:107EB000002070476FF01800704700BF6FF0180087
:107EC000704700BF00207047704700BF704700BF79
:107ED0002DE9F0410368D3F8E0300F46904698470B
:107EE0000468416A236805469A6D5E69204690479A
:107EF0002B680146B8F1000F06D13A462046B44639
:107F00009B69BDE8F04160473A462046B4465B694C
:107F1000BDE8F041604700BF70B50368D3F8E030BA
:107F200098470468416A236820469A6D9D69904786
:107F30002B4601462046BDE870401847704700BFF9
:107F40006FF01800704700BF0368044A5B699342F2
:107F500002D16FF018007047002118474D7E0300D2
:107F600030B585B0056801920022CDE90222D5F82E
:107F7000D8500C4A009195428DF8083003D16FF02B
:107F8000180005B030BD6A4603210446A847002802
:107F9000F7D12368044AD3F8DC309342EFD020466F
:107FA0009847EEE7417F0300457E030070B5056802
:107FB0000E4ED5F8D85084B0B5420192089A00917F
:107FC000CDE9023203D16FF0180004B070BD6A46EB
:107FD00002210446A8470028F7D12368044AD3F8B1
:107FE000DC309342EFD020469847EEE7417F030014
:107FF000457E030070B5114B036004460126002145
:108000000D4606732822103005F0EEFFA5632946C1
:1080100004F13C004FF4807205F0E6FF4FF07E5310
:10802000C4F83C51C4F8405184F84451C4F8485154
:1080300084F84C51A6606360204670BD0C0F0400AC
:10804000002370B41E46012505FA03F20A4200EB34
:10805000830403F1010303D022691F2A18BF1643CA
:10806000202BF1D1304670BC704700BF38B590F876
:108070004C316BB9D0F83C51D0F84821D0F8404190
:1080800041EA45010A40A242C0F83C112BD038BD5C
:1080900090F83A5090F83930054401249C4095F905
:1080A0003C2064B2D1B922EA0402D2B285F83C2065
:1080B000591CC9B2082980F83910E8D10446104685
:1080C00000F002F994F83A30E1180022013381F807
:1080D0003C0084F83A3084F8392038BD2243D2B2CB
:1080E00085F83C20E4E7012280F83A3080F83B3004
:1080F00080F8393080F84C2138BD00BF2DE9F843B5
:108100005FEAC2090646846820D0002588462F46CB
:108110000FE031784B1E24FA03F313F0010F18BF60
:10812000736805F101054FEA440418BF5C404D45F2
:108130000DD06B07EDD1337C18F807000137B3B9C8
:108140003178A1F1080398404440E3E70178F068F2
:10815000737C604013B100F0B7F831784FF0FF3313
:10816000C1F1200123FA01F10840BDE8F88308219C
:1081700000F0AAF8E4E700BF044B002208211970C0
:10818000C3E90122DA601A745A74704758810020DA
:1081900000220270427070470023417003707047E4
:1081A000002900F08A80002B00F087802DE9F04F35
:1081B00083B0002A7FD04FF0000890F801A0C3469A
:1081C000C146CDE900120AE0072C057050D0019A93
:1081D00008F10108D14490451FFA89F950D04FEABF
:1081E000D805009A0678575D3549364A6FEA080483
:1081F00004F007042741BAF1020F18BF964607F0B2
:1082000001074FEA960508BF8E46C7F1010C5EF8DC
:1082100025504FEA8C0C6FEA060E5FFA8CFC0EF0CC
:10822000030E0CEBCE0C25FA0CF54FF0020204FB0A
:108230000AFC05F00F0404FA0CF412FB06764BEA74
:10824000040B06F03F0508F00704BDD106F00F0649
:10825000072C0670BBD11C464FEA1B2504F8025BB5
:1082600083F801B090F801A023464FF0000BAEE771
:10827000BAF1030FEFD14FEA1B441C700133EAE758
:1082800018F0070F0BD0BAF1030F03D14FEA1B42CE
:108290001A7001334FEA1B2283F801B01A700C9B4D
:1082A0002BB10020C3F8009003B0BDE8F08F184652
:1082B00003B0BDE8F08F9146F1E74FF0FF30704713
:1082C000F00F04000010040099B10022F0B405463C
:1082D0004F1E1046012606FA02F32B40BC1AD3406B
:1082E0000132A340D4B2A14240EA0300F3D8F0BC6B
:1082F00070470846704700BF704700BF704700BF17
:10830000704700BF08467047704700BFF0B4094C83
:10831000094F2568049EC360C0E901120599069AB9
:10832000076000230661C0E90512C36105B920603A
:10833000F0BC70476C81002048100400704700BFFB
:10834000203000F07FBA00BF203000F069BA00BFD3
:10835000203000F081BA00BF38B5437F0BB9002050
:1083600038BD00F50A7420460D4600F07FFA00285B
:10837000F5D12046294600F03BFA012038BD00BF68
:108380002DE9F0475AB30646DFF8588033681B687A
:108390004D1E434517464FF0000400F50A7915F8C5
:1083A00001AF16D1737F13B92046BDE8F087484668
:1083B00000F05CFA0028F7D15146484600F018FA60
:1083C0000134A742F0D0336815F801AF1B6843456C
:1083D000E8D05146304698470028F1D1E4E71446EA
:1083E000E2E700BF598303000AB910467047F8B5A9
:1083F000054600F12007384614460E4600F00AFAFA
:108400002B69C3F888652A69012313622A69C2F8B7
:1084100034752A69C2F838452A6913602B6902E06D
:10842000D3F824211AB9D3F84C21002AF8D000221D
:10843000C3F84C212B6902E0D3F824211AB9D3F8F0
:108440005C21002AF8D00022C3F85C212B690122AC
:108450005A612A69D2F80431002BFBD00021C2F8FE
:1084600004112B69D3F8242112B1C3F824112B690C
:10847000D3F83C05C5F82002C0B2F8BD10B50446DB
:1084800000F50A7084F8301400F0C4F90123637712
:1084900010BD00BFF8B50446026990F8300400230F
:1084A0006377C2F888052269C2F80431236901277D
:1084B0001F62236904F50A76C3F8446530460D4609
:1084C00000F0C0F92369C3F8480523699F60236958
:1084D00002E0D3F824211AB9D3F85021002AF8D0A9
:1084E0000022C3F85021304600F0ACF9236940BBAC
:1084F0000022C3F86021236915B9D3F824212AB3D7
:1085000001225A612269D2F80431002BFBD00023EA
:10851000C2F804312369D3F8240168B10022C3F8FA
:1085200024212369D3F8C404C3F8C404022803D067
:10853000042814BF04200320F8BDD3F82421002A06
:10854000D6D1D3F86021002AF7D0D1E70122DA6131
:108550002269D2F84831002BFBD00023C2F8483101
:10856000D8E700BF70B52A4C6369D3F86421002AAC
:108570003BD1D3F86821EAB9D3F804216AB1227F4C
:108580000021C3F8041142B1D4F83824D3F83C05D3
:10859000C4F820020AB190476369D3F8242142B19C
:1085A0000022C3F82421D3F8D024C3F8D024012218
:1085B0005A6170BD0022C3F8682116482277012352
:1085C000637700F027F9D4F8343403B1984763692E
:1085D0001048C3F844050023637700F033F963695A
:1085E0000122C3F848055A63C6E7002204F12006B9
:1085F000C3F8642101253046257700F00BF9636943
:108600004FF40072C3F83465C3F838251D63B0E732
:10861000708100209883002038B50E4C0E4A204609
:108620004FF47A7340F8202B0025C4E9015300F081
:10863000D3F804F50A7000F0CFF8084A084B6577C4
:10864000D2E90412032020766176A276C4E90433CD
:1086500038BD00BF70810020B0100400CC100400B1
:108660000030004008B501210E2004F0D7FB0121A5
:108670000E2004F057FC02211220BDE8084004F04F
:10868000CDBB00BF2DE9F84380460F46051D00F124
:108690000709002615F8011B0A22384600F038F8B1
:1086A0002E210446384600F02FF84D45204406445C
:1086B000F0D198F8071038460A2200F029F8304423
:1086C000BDE8F883024A026000224260704700BFA2
:1086D0009411040010B4002461F3070462F30F2422
:1086E0009DF80410044A63F3174461F31F64C0E962
:1086F00000245DF8044B704794110400014AC0E95E
:10870000002170479411040003681B68184700BFDC
:10871000F0B506688BB01AB9336898470BB0F0BD56
:108720000AAF0B46D2B20021022A07F8041D054603
:108730002CBF14460A241846B0FBF4F204FB1201C5
:10874000CBB2092903F130018ABF3733CBB2DBB298
:10875000104607F8013D002AEED1384606F07EF9B2
:10876000736802463946284698470BB0F0BD00BFF3
:10877000036870B505460C465E6849B1084606F0C8
:108780006DF9214602462846B0472B685E680446CC
:10879000284602220149B047204470BD98110400C8
:1087A0000EB430B5C2B045A9054651F8042B01916D
:1087B0000B4602A84FF4807106F0A2F92B6804461C
:1087C00002A95B68284622469847204642B0BDE889
:1087D000304003B0704700BF08B54FF4007200216D
:1087E00005F002FC0022C0F80022C0F8042208BDF7
:1087F000D0F8002210B4531CD0F80442C3F308038D
:108800009C4218BF81545DF8044B18BFC0F8003279
:10881000704700BF0023C0F80032C0F80432704730
:10882000D0F80432D0F80022934207D05A1CC35C1F
:10883000C2F30802C0F80422184670474FF0FF3018
:10884000704700BFD0F80032D0F80402181A48BFB1
:1088500000F50070704700BFD0F80432D0F8002255
:10886000934214BFC05C4FF0FF307047D0F8003225
:10887000D0F804020133C3F30803181AB0FA80F0E9
:1088800040097047114B124A1968BFF35B8F496862
:10889000BFF35B8F914200D070470E4AD2F80015AB
:1088A000C9070FD530B40C4C012500204FF0FF3123
:1088B0002560C2F8000530BCC2F86015186804498C
:1088C00004F0C8BB1868024904F0C4BBAC850020A2
:1088D000546F6E6500200240042002402F2901D908
:1088E0000020704770B5434E3368BFF35B8F0C4672
:1088F0005B684149BFF35B8F8B4288B0054606D069
:10890000306804F061FB10B9002008B070BD326817
:10891000394BBFF35B8F5268BFF35B8F9A4259D0DC
:10892000364A374B52F82420698AEC7DC3F860251B
:108930004FF0FF32C3F864250120C3F86825C3F85F
:108940006C250722C3F80005C3F80C250022C3F8E4
:108950000425C3F8081505F11401C3F81025C3F860
:108960000042C3F80023C3F82015C3F84015C3F82C
:108970002405C3F84405A968C3F828152149EE6801
:108980002C8AC3F84865C3F82C25C3F84C25C3F8D6
:1089900014450A600B680193019B4A6004311A4B2D
:1089A0000968029102991A601968039103995A6043
:1089B0005968049104999A60996805910599DA605B
:1089C000D968069106991A6110331B680793079BB3
:1089D00008B070BD0A4BD3F80025D207A0D50B4ACA
:1089E0000120106000214FF0FF32C3F80015C3F8DA
:1089F000602595E7AC850020546F6E65CC100400AF
:108A000000200240042102400C21024004200240C8
:108A10002DE9F843A1F1140446F294139C4215D8B1
:108A2000144606460D469AB94FF000084FF000096B
:108A3000634C64492368BFF35B8F5B68BFF35B8F54
:108A40008B421CD0206804F0BFFAC0B9BDE8F8839F
:108A5000B2F57A7F09D202FB01F3B3F57A7F04D233
:108A60004FF001084FF00009E2E74FF47A7200235B
:108A7000A4FB050105F052F880468946D8E7226834
:108A8000504BBFF35B8F5268BFF35B8F9A42DDD1CF
:108A90004D4BD3F80025D20709D54C4A0120106070
:108AA00000214FF0FF32C3F80015C3F8602558EAE3
:108AB00009034749B1FBF5F189B230D1454F464B27
:108AC0007982C7E900896FF07F486FF07F4943EAF8
:108AD0005103C7E902894FF6FF70BB8208220423C5
:108AE0003882BA75FB7531463A48FFF7F7FE002821
:108AF000ACD023683349BFF35B8F5B68BFF35B8FF8
:108B00008B4204D0206804F05FFA00289ED0BB7D21
:108B100003F1804303F5083301221A6096E74246C9
:108B20004B4600205B084FEA320252EA030500F18F
:108B30000100F7D1252889DC2748264FB9F1000F1D
:108B400040EA510008BFB8F1010FB882C7E90089B7
:108B500079822CD040464946002349084FEA30002C
:108B600050EA010203F10103F7D11C4A5B00A2FBAA
:108B700003235B0801259D4018F1FF3049F1FF31C7
:108B80002A46002304F0CAFF72B96A084FF00C0CA1
:108B90006B1E9B1A0130013A1021FB603882BA60CB
:108BA00087F816C0F9759EE74FF0080CF0E7C7E9A3
:108BB000022301210C2210233982BA75FB7592E73A
:108BC000AC850020546F6E650020024004200240F6
:108BD00048E80100B08500200080FFFFABAAAAAAE8
:108BE000024A034B92681A60704700BF0862002077
:108BF000AC85002090F82304704700BF38B590F989
:108C00001D34002B04460DDB5A0920320121234874
:108C100003F01F0301FA03F340F82230BFF34F8F34
:108C2000BFF36F8F23694FF48872C3F8082322695A
:108C30000023C2F844312269C2F858312269012365
:108C400053602269D36001E003F0F6FD2369D3F895
:108C50005821002AF8D0D3F84421002AF4D0002566
:108C6000C3F8005522694FF0FF33C2F80C35226972
:108C7000C2F814352269C2F80835226904F11400DB
:108C8000C2F81035FFF7C6FDD4F8240401F0EAFC61
:108C9000C4F8245484F8235438BD00BF00E100E038
:108CA0001430FFF7CFBD00BF1430FFF7D5BD00BFB4
:108CB0001430FFF7B5BD00BF08B5D0F8240401F0AB
:108CC000C7FC002814BF4FF40070002008BD00BF8F
:108CD00090F8233403B9704710B54FF0FF310446C4
:108CE000D0F8240401F008FB0023D4F824041A4629
:108CF0001946BDE8104000F0B7BE00BF10B50368CC
:108D0000104A5B6882B093428DF8071013D1044675
:108D10004FF0FF31D0F8240401F0EEFA22699DF8FB
:108D2000073084F81D320123C2F8483522691846FD
:108D3000936002B010BD01220DF10701984702B007
:108D400010BD00BF498D03002DE9F0472AB3174637
:108D50008846064600F21D2A00254FF001097C1BBB
:108D6000B4F5007F28BF4FF400744FF0FF31D6F800
:108D7000240401F0C1FA08EB05012246504605F033
:108D80000FF93369C3F8484533692544AF42C3F846
:108D90000890E4D82846BDE8F08715462846BDE887
:108DA000F08700BF70B504687D4A246A944240F0A1
:108DB000B68090F823240346002A40F0AF800D4689
:108DC000016990F81F04C1F80C05196993F81E0495
:108DD000C1F8140593F82214012900F0AF80196935
:108DE000C1F86C25B5F5966F45D9B5F5166F40F20B
:108DF0009B80B5F5965F40F2AF80B5F5165F40F207
:108E0000AD80B5F5615F40F2AB80B5F5964F40F2AD
:108E1000A980B5F5E14F40F2A78047F612229542AE
:108E200040F2A480B5F5164F40F2A3804DF6C02263
:108E3000954240F2A180B5F5614F40F2A080B5F5B2
:108E4000963F40F29F80B5F5E13F40F2A080B5F536
:108E5000613F40F29980534A954240F29E80B5F5B9
:108E6000E12F40F29780B5F5612F8CBF4FF0805213
:108E70004FF0706201E04FF49E221969C1F8242579
:108E80001A690821C2F800151A6903F21D21C2F8F7
:108E900044151A690021C2F820111A6903F50771F7
:108EA000C2F834151A690121C2F838151A6911601F
:108EB0001A694FF48870C2F8040393F91D24002A3C
:108EC00035DB5409603402F01F02374801FA02F220
:108ED00040F8242093F91D24002A28DB0244602155
:108EE00082F8001393F91D24002A07DB2E4802F0B4
:108EF0001F0401215209A14040F822100322002141
:108F000001201C4600F06EFD00231A461946C4F8E5
:108F1000240400F0A9FD012384F8233470BD234606
:108F20000022BDE8704018474FF41D22A5E71F49F5
:108F300002F00F02114460220A76D3E71A6993F80F
:108F40002004C2F810051A6993F82104C2F8080534
:108F50001A69C2F86C1545E7154A8EE7154A8CE781
:108F6000154A8AE7154A88E7154A86E74FF4000252
:108F700083E74FF41D0280E74FF465027DE74FF46D
:108F80006B027AE70F4A78E74FF06C7275E74FF0A3
:108F9000EB7272E74FF0E8626FE74FF080626CE7C8
:108FA000C98F030090D0030000E100E0FCEC00E07A
:108FB00000B013000050270000F03A0000A04E005F
:108FC00000C0750000903A0190F82334002B5BD16B
:108FD00010B5036990F81F44C3F80C45036990F875
:108FE0001E44C3F8144590F82234012B036900F0A5
:108FF000A080C3F86C25B1F5966F46D9B1F5166F10
:1090000040F2A680B1F5965F40F2AC80B1F5165FF4
:1090100040F2AA80B1F5615F40F2A880B1F5964FA9
:1090200040F2A680B1F5E14F40F2A48047F612234A
:10903000994240F2A180B1F5164F40F2A0804DF662
:10904000C023994240F29E80B1F5614F40F29D806D
:10905000B1F5963F40F29C80B1F5E13F40F29A8035
:10906000B1F5613F40F29980504B994240F29B80AC
:10907000B1F5E12F40F29480B1F5612F8CBF4FF034
:1090800080534FF0706302E070474FF49E230269F3
:10909000C2F8243503690822C3F80025036900F2E9
:1090A0001D22C3F8442503690022C3F82021036967
:1090B00000F50772C3F8342503690122C3F8382587
:1090C00003691A6003694FF48871C3F8041390F9B7
:1090D0001D34002B3FDB5C09603403F01F0334496F
:1090E00002FA03F341F8243090F91D34002B32DBEF
:1090F0000B44602283F8002390F91D34002B07DB1A
:109100002B4903F01F0401225B09A24041F82320F0
:10911000044603220021012000F064FC00231A46CB
:109120001946C4F8240400F09FFC012384F823347A
:1091300010BD90F82044C3F81045036990F821440D
:10914000C3F80845036942F00102C3F86C2552E7F1
:109150004FF41D239BE7174A03F00F031A446023C3
:109160001376C9E7144B92E7144B90E7144B8EE744
:10917000144B8CE7144B8AE74FF4000387E74FF456
:109180001D0384E74FF4650381E74FF46B037EE72B
:109190000E4B7CE74FF0EB7379E74FF06C7376E79B
:1091A0004FF0E86373E74FF0806370E790D00300FF
:1091B00000E100E0FCEC00E000B0130000502700EC
:1091C00000F03A0000A04E0000C0750000903A0187
:1091D00010B5114C2369D3F810213AB10022C3F81D
:1091E0001021D3F83C2572B901221A60D3F820214E
:1091F00002B910BD0021C3F82011D4F82404BDE841
:10920000104000F0BBBE94F81C1204F11400FFF7EC
:10921000EFFA2369E8E700BFC885002010B5114CBC
:109220002369D3F810213AB10022C3F81021D3F8F2
:109230003C2572B901221A60D3F8202102B910BD71
:109240000021C3F82011D4F82404BDE8104000F038
:1092500095BE94F81C1204F11400FFF7C9FA2369B3
:10926000E8E700BFF08900202DE9F8431D4D1E4CB2
:10927000DFF884901D4F284600264FF47A7840F896
:10928000149BC5E90168FFF7A7FAC4E90168204605
:10929000174B2B610223D7F8B02085F81D3440F816
:1092A000149BD7F8AC3085F81E2485F81F3485F858
:1092B0002264C5F8246485F82364FFF78DFAD7E9A2
:1092C0002B320C4884F822642821C4F8246484F8E2
:1092D0002364206184F81D1484F81E2484F81F344C
:1092E000BDE8F883C8850020F0890020CC10040078
:1092F0000020004000800240A411040008B50E4B7D
:109300001BB10E48EDF7F4FF90B90D4B1BB10D48A2
:10931000FFF798FA48B90C4B1BB10C48FFF792FACB
:1093200000B908BDAFF3008008BDAFF30080F2E7DD
:10933000AFF30080E9E700BF0000000038640020C0
:1093400000000000DC85002000000000048A0020EE
:109350002DE9F0477C4F3D6806460C46904675B1B6
:109360002F2E09D828F48073032BC8F3002224D0B1
:10937000042B59D0022B3BD00020BDE8F0872946B2
:109380002022724804F030FE714A7249724B0D601F
:109390004FF0FF30C2E9000040224D60C3F880204A
:1093A000BFF34F8FBFF36F8F6021C3F8802183F825
:1093B00006131A6001233B60D2E74FF40037674B76
:1093C000634853F8265090F900102B0203F47C53A5
:1093D00043F001038D4243EA07030CD090F901608A
:1093E000B54224D090F90270BD4222D1022603E09A
:1093F0004FF44037E3E70026B10001F1804101F569
:10940000C0418555D1F81005504F524D47F82640C0
:1094100020F0031020F47C5003430120AA55C1F82A
:109420001035B040BDE8F0874FF48037C7E701261C
:10943000E2E790F903C0654549D090F904E075452D
:109440005BD090F9058045456DD090F906904D456B
:1094500077D090F907A0AA4501D10726CCE70131C2
:1094600023D13F49D1F8101589071ED10026B1003C
:1094700001F1804101F5C0418555D1F81005334F08
:10948000344D47F8264020F0031020F47C5003436D
:10949000C1F810350023C1F800310120304BAA5526
:1094A000B040C3F80403BDE8F087013606D12C496B
:1094B000D1F81415890701D10126D8E7013708D161
:1094C0002749D1F818158F0703D10226CFE70326C5
:1094D00092E7BCF1FF3F06D12149D1F81C158E0758
:1094E00001D10326C3E7BEF1FF3F08D11C49D1F8E3
:1094F0002015890703D10426B9E704267CE7B8F1D3
:10950000FF3F06D11649D1F824158F0701D1052652
:10951000ADE7B9F1FF3F08D11149D1F828158E0701
:1095200003D10626A3E7052666E7BAF1FF3F7FF4DD
:1095300023AF0B49D1F82C1589077FF41DAF0726FF
:1095400095E7062658E700BF488E0020208E0020B1
:10955000408E0020188E002000E100E0CC100400B6
:10956000006000402F2825D8264A274B52F820209B
:1095700093F900108A4238D093F901108A4236D00C
:1095800093F902108A4234D093F903108A4232D000
:1095900093F904108A4230D093F905108A422ED0F4
:1095A00093F906108A4206D093F90710914208BF3A
:1095B000072101D07047062170B40120134E144CCE
:1095C000144D8840C6F808038A00002002F180424A
:1095D00044F82100FF2402F5C0425C546854C2F8EC
:1095E000100570BCC2F8000170470021E4E70121BA
:1095F000E2E70221E0E70321DEE70421DCE70521C1
:10960000DAE700BFCC100400408E0020006000406C
:10961000208E0020188E00202DE9F0431B4B1C4F9C
:10962000D3F80463DFF86C80DFF86C9085B0002419
:109630000123A200A34002F18045334205F5C04555
:109640000FD0D5F8003163B1E357013306D052F89B
:1096500008201AB114F809307BB990470023C5F8E7
:1096600000310134082CE3D1BFF34F8F00BF00BF9E
:1096700000BF00BF05B0BDE8F08304AB002143F894
:10968000041D0846009103F0B1F9E7E700600040CF
:10969000408E0020208E0020188E0020F8B5002576
:1096A0000446C0E90055856091B108460E4605F0B4
:1096B000D5F90746411C284600F028F950B1A368A7
:1096C000C4E9000703B90370A760314605F0BEF98D
:1096D0002046F8BD206808B100F002F9002323609D
:1096E000C4E901332046F8BD70B504468C424FF002
:1096F0000000C4E90000A06001D00D680DB920464B
:1097000070BD8E68711C00F001F950B1A368C4E906
:10971000000603B90370A660294605F097F92046B4
:1097200070BD206808B100F0DBF800232360C4E9B5
:109730000133204670BD00BF10B50446006800F03C
:10974000CFF8204610BD00BF884270B5044609D04E
:109750000D68006845B908B100F0C2F80023C4E9FB
:1097600001332360204670BD8E6810B163689E424D
:1097700009D9711C00F0CAF858B1A368C4E9000601
:109780000BB903702068A660294605F05FF92046F2
:1097900070BD20680028DFD1E0E700BFF8B50446BF
:1097A000056849B915B1284600F09AF800232360EE
:1097B000C4E901332046F8BD08460E4605F04EF9CF
:1097C000074615B1636898420BD92846791C00F00A
:1097D0009DF8054660B1A368C4E900070BB90370A2
:1097E0002568A7603146284605F030F92046F8BDC7
:1097F00020680028DAD000F073F8D7E770B5044687
:1098000031B108460D4605F029F958B9204670BD1A
:10981000206808B100F064F800232360C4E9013334
:10982000204670BDA2682368861813B161688E4215
:109830000DD91846711C00F069F803460028E7D0DE
:10984000A268C4E9000612B902702368A26829461A
:10985000981805F0FBF8A660D8E700BFFEE700BF48
:1098600008B501F077FA4FF47A72A0FB0223900A50
:1098700040EA835008BD00BF014638B54FF47A7204
:1098800000238002890D04F049F9054601F062FACF
:109890000446EDF71DFD01F05DFA001B854200D87E
:1098A00038BD281ABDE8384001F078BB10B5044631
:1098B00001F0CEFD022804D02046BDE8104004F09F
:1098C000F9BA01F03FFA204604F0F4FA044601F038
:1098D000DFFA0CB1204610BD02F0C0FFFAE700BF6E
:1098E00010B5044601F0B4FD02280AD144B101F0DC
:1098F00029FA204604F0E6FABDE8104001F0C8BAA3
:1099000010BD2046BDE8104004F0DCBA38B504466E
:109910000D4601F09DFD022805D029462046BDE8F0
:10992000384005F07BB801F00DFA2046294605F0D5
:1099300075F8044601F0ACFA0CB1204638BD02F0CF
:109940008DFFFAE710B5044601F0FCF9204604F05B
:10995000B1FA044601F09CFA0CB1204610BD02F0A9
:109960007DFF204610BD00BF50B110B5044601F088
:10997000E9F9204604F0A6FABDE8104001F088BAE3
:10998000704700BF38B51C469DF8105043B30029FE
:1099900008BF1A460123C4E90F01226084F846304B
:1099A00002F020F8D4E90F132268A26001FB03F152
:1099B000CB1A134400200A44FF21A063E36084F81B
:1099C0004410626084F8451004F1100003F0A8FB15
:1099D00004F1240003F0A4FB02F00EF884F84C50CC
:1099E000204638BDF8B5074615460E4669B100FB5E
:1099F00001F05030FFF7A6FF044690B3002200F1BB
:109A0000500380F84620036007E05020FFF79AFFDC
:109A1000044630B384F846602460C4E90F7601F050
:109A2000E1FFD4E90F132268A26001FB03F1CB1A16
:109A3000134400200A44FF21A063E36084F844102B
:109A4000626084F8451004F1100003F069FB04F132
:109A5000240003F065FB01F0CFFF84F84C50204652
:109A6000F8BD00242046F8BD2DE9F04F044685B02E
:109A70001D460192884601F0B5FFA26BE36BA84F2B
:109A80004FF000099A424E46C0F08B80022D00F044
:109A900006810198002800F03081B9F1000F00F034
:109AA000958001F0A9FF01F04DF901F09BFF94F8BA
:109AB0004430FF2B08BF84F8446094F84530FF2BF6
:109AC00008BF84F8456001F097FF01A902A801F0E2
:109AD00067FC002840F0188101F084FFA26BE36B63
:109AE0009A4277D001F088FF01F07CFF94F845306E
:109AF0004FFA83FABAF1000F1ADD636AC3B104F1B9
:109B0000240907E00AF1FF33DBB24FFA83FA7BB195
:109B1000636A6BB1484601F0E9FB0028F2D001F01E
:109B200077FC0AF1FF33DBB24FFA83FA002BEFD157
:109B3000FF2384F8453001F05FFF01F053FF94F8F4
:109B400044304FFA83FABAF1000F1ADD2369C3B12A
:109B500004F1100907E00AF1FF33DBB24FFA83FA90
:109B60007BB123696BB1484601F0C0FB0028F2D0FD
:109B700001F04EFC0AF1FF33DBB24FFA83FA002BFF
:109B8000EFD1FF2384F8443001F036FF01F080F973
:109B900001F028FFA26BE36B9A424FF00109BFF47A
:109BA00075AF226CA66B002A40F0FC802568013658
:109BB000002D00F01881A663636A002B40F08C80B2
:109BC00001F01AFF012005B0BDE8F08F02A801F0F6
:109BD000DBFB66E704F1100901F00EFF484601992E
:109BE00001F008FB01F0FEFE94F845A04FFA8AFA56
:109BF000BAF1000F1CDD636AD3B104F1240B08E055
:109C00000AF1FF3A5FFA8AF34FFA83FA83B1636A83
:109C100073B1584601F06AFB0028F1D00AF1FF3A0F
:109C200001F0F6FB5FFA8AF34FFA83FA002BEED1CC
:109C3000FF2384F8453001F0DFFE01F0D3FE94F8F5
:109C400044304FFA83FABAF1000F06DC15E00AF14E
:109C5000FF33DBB24FFA83FA7BB123696BB148461D
:109C600001F044FB0028F2D001F0D2FB0AF1FF33EF
:109C7000DBB24FFA83FA002BEFD1FF2384F8443094
:109C800001F0BAFE01F004F9002881D14FF08053B1
:109C90007B6040BFBFF34F8FBFF36F8F78E7226CBD
:109CA000A66B002A82D04146E06804F079F9236C63
:109CB000E26821685B421A448A42E26080F089804F
:109CC00062681344E360022D00F083800136A663CE
:109CD000636A002B3FF474AF04F1240001F006FB2B
:109CE00000283FF46DAF0E4B4FF080525A6040BFDA
:109CF000BFF34F8FBFF36F8F62E7009001F07CFEE0
:109D0000009805B0BDE8F08F01F06CFE94F8455066
:109D10006DB2002D18DD636AB3B104F1240607E0CB
:109D200000ED00E0013DEBB25DB26BB1636A5BB187
:109D3000304601F0DBFA0028F4D0013D01F068FB69
:109D4000EBB25DB2002BF1D1FF2384F8453001F076
:109D500053FE01F047FE94F844506DB2002D16DD1D
:109D60002369A3B104F1100605E0013DEBB25DB239
:109D70006BB123695BB1304601F0B8FA0028F4D02A
:109D8000013D01F045FBEBB25DB2002BF1D1FF23A9
:109D900084F8443001F030FE01F07AF8002005B07C
:109DA000BDE8F08F41465DBBA06804F0F9F8A368F8
:109DB000216C62680B44934206F10106A360FFF434
:109DC000FAAEA663636A2268A260002B3FF4F8AE85
:109DD00082E7002E7FF4EFAE0123A363636A002BBA
:109DE0003FF4EEAE78E7606801F084FBA663636A37
:109DF0006560002B7FF470AF00287FF474AFDFE65E
:109E0000E06804F0CDF8236CE26821685B421A44F4
:109E10008A42E260BFF457AF52E700BFF8B50C4684
:109E200079B300250123216081F84630C1E90F355F
:109E3000064601F0D7FDD4E90F322168A56303FB84
:109E400002F39A1A0A440B44FF27C4E90131E26085
:109E500084F8447004F1100084F8457003F060F950
:109E600004F1240003F05CF901F0C6FDC4E90055DB
:109E7000E56084F84C602B462A4629462046FFF7C9
:109E8000F3FD2046F8BD00BF2DE9F0418C4682B0BD
:109E900004461746EFF31186402282F31188806B47
:109EA000E26B904221D3022B05D0002086F311886B
:109EB00002B0BDE8F08194F84550226CD4F83880A7
:109EC0006DB252BB236808F10108002B4FD06B1C08
:109ED000C4F8388037D001356DB284F84550012080
:109EE00086F3118802B0BDE8F08194F84550226CE9
:109EF000D4F838806DB2002AE4D073B9A06804F0B9
:109F00004FF8A368216C62680B44934208F1010882
:109F1000A360DCD32368A360D9E76146E0680193BE
:109F200004F03EF8206CE2682168019B4042024444
:109F30008A42E26002D262681044E060022B10D0D4
:109F400008F10108C3E7636A002BC8D004F12400BC
:109F500001F0CCF90028C2D0002FC0D00120386019
:109F6000A4E7B8F1000F08BF4FF00108AFE7606841
:109F7000019301F0BFFA019B6360A8E738B5EFF3E6
:109F80001184402383F31188826BC36B93420ED9F3
:109F900090F8453001325BB282635A1C0BD001331A
:109FA0005BB280F84530012084F3118838BD002071
:109FB00084F3118838BD436A002BF4D024300D4659
:109FC00001F094F90028EED0002DECD0012028609B
:109FD000EAE700BF2DE9F047044684B088460192C5
:109FE00001F000FDD4F83890B9F1000F40F09380F3
:109FF000019B002B00F00A8102A801F0C5F9B34FC4
:10A000004E4604F1240501F0F7FC00F09BFE01F040
:10A01000E9FC94F84430FF2B08BF84F8446094F8BE
:10A020004530FF2B08BF84F8456001F0E5FC01A92D
:10A0300002A801F0B5F9002840F0878001F0D2FCB9
:10A04000A36B002B40F0E88001F0D6FC0199284674
:10A0500001F0D0F801F0C6FC94F845304FFA83F9CE
:10A06000B9F1000F06DC15E009F1FF33DBB24FFA5E
:10A0700083F97BB1636A6BB1284601F037F9002898
:10A08000F2D001F0C5F909F1FF33DBB24FFA83F9E1
:10A09000002BEFD1FF2384F8453001F0ADFC01F037
:10A0A000A1FC94F844304FFA83FABAF1000F1ADD9C
:10A0B0002369C3B104F1100907E00AF1FF33DBB2F1
:10A0C0004FFA83FA7BB123696BB1484601F00EF970
:10A0D0000028F2D001F09CF90AF1FF33DBB24FFA0D
:10A0E00083FA002BEFD1FF2384F8443001F084FC85
:10A0F00000F0CEFE00287ED14FF080537B6040BF41
:10A10000BFF34F8FBFF36F8F01F06CFCD4F8389022
:10A11000B9F1000F76D0226C52B1E1686368114446
:10A120009942E16024BF2168E160404603F038FFB6
:10A1300009F1FF33A3632369002B40F0C98001F0CC
:10A140005BFC012004B0BDE8F08701F04BFC94F803
:10A1500045304FFA83F9B9F1000F06DC15E009F13B
:10A16000FF33DBB24FFA83F97BB1636A6BB12846E8
:10A1700001F0BCF80028F2D001F04AF909F1FF33F0
:10A18000DBB24FFA83F9002BEFD1FF2384F845307F
:10A1900001F032FC01F026FC94F844304FFA83FAC7
:10A1A000BAF1000F1ADD2369C3B104F1100907E009
:10A1B0000AF1FF33DBB24FFA83FA7BB123696BB14B
:10A1C000484601F093F80028F2D001F021F90AF195
:10A1D000FF33DBB24FFA83FA002BEFD1FF2384F871
:10A1E000443001F009FC00F053FE01F0FBFBA36BCF
:10A1F00063B101F001FC01F0F5FBD4F83890B9F13E
:10A20000000F88D1019B002B7FF4FDAE01F0F4FB21
:10A21000002004B0BDE8F08701F0EEFB01F0E2FBA6
:10A2200094F845304FFA83F9B9F1000F06DC15E0D8
:10A2300009F1FF33DBB24FFA83F97BB1636A6BB18B
:10A24000284601F053F80028F2D001F0E1F809F1B6
:10A25000FF33DBB24FFA83F9002BEFD1FF2384F8F1
:10A26000453001F0C9FB01F0BDFB94F844304FFAD2
:10A2700083FABAF1000F1ADD2369C3B104F11009A2
:10A2800007E00AF1FF33DBB24FFA83FA7BB12369AF
:10A290006BB1484601F02AF80028F2D001F0B8F876
:10A2A0000AF1FF33DBB24FFA83FA002BEFD1FF2321
:10A2B00084F8443001F0A0FB00F0EAFD01F092FBCD
:10A2C000D4F83890B9F1000F9CD024E700ED00E0FD
:10A2D00004F1100001F00AF800283FF430AF054BFC
:10A2E0004FF080525A6040BFBFF34F8FBFF36F8F64
:10A2F00025E700BF00ED00E02DE9F043044685B0FE
:10A300000026019101F06EFBA36BB24FB0463546BB
:10A31000002B40F0F380019B002B00F05D81B8F131
:10A32000000F00F0FC8001F067FB00F00BFD01F076
:10A3300059FB94F84430FF2B08BF84F8445094F83C
:10A340004530FF2B08BF84F8455001F055FB01A9AB
:10A3500002A801F025F800286CD101F043FBA36BA3
:10A36000002B40F0E08001F047FB2368002B00F059
:10A370003C8104F124094846019900F03BFF01F0BB
:10A3800031FB94F845304FFA83F8B8F1000F06DC42
:10A3900015E008F1FF33DBB24FFA83F87BB1636A53
:10A3A0006BB1484600F0A2FF0028F2D001F030F86F
:10A3B00008F1FF33DBB24FFA83F8002BEFD1FF2314
:10A3C00084F8453001F018FB01F00CFB94F84430A0
:10A3D0004FFA83F8B8F1000F1ADD2369C3B104F115
:10A3E000100907E008F1FF33DBB24FFA83F87BB1C5
:10A3F00023696BB1484600F079FF0028F2D001F0E4
:10A4000007F808F1FF33DBB24FFA83F8002BEFD1E6
:10A41000FF2384F8443001F0EFFA00F039FD002802
:10A4200064D14FF080537B6040BFBFF34F8FBFF3C9
:10A430006F8F5BE001F0D6FA94F845304FFA83F85D
:10A44000B8F1000F1ADD636AC3B104F1240907E013
:10A4500008F1FF33DBB24FFA83F87BB1636A6BB16B
:10A46000484600F043FF0028F2D000F0D1FF08F189
:10A47000FF33DBB24FFA83F8002BEFD1FF2384F8D0
:10A48000453001F0B9FA01F0ADFA94F844304FFAD2
:10A4900083F8B8F1000F1ADD2369C3B104F1100984
:10A4A00007E008F1FF33DBB24FFA83F87BB1236991
:10A4B0006BB1484600F01AFF0028F2D000F0A8FF68
:10A4C00008F1FF33DBB24FFA83F8002BEFD1FF2303
:10A4D00084F8443001F090FA00F0DAFC01F082FADE
:10A4E000A36B002B00F08A8001F086FA01F07AFA63
:10A4F000A36B4FF00108002B3FF40DAF2268013B26
:10A50000A363002A00F09E802369002B40F089801D
:10A5100001F072FA0126304605B0BDE8F08302A8CA
:10A5200000F032FFFFE601F067FA01F05BFA94F801
:10A5300045304FFA83F8B8F1000F1ADD636AC3B1F2
:10A5400004F1240907E008F1FF33DBB24FFA83F886
:10A550007BB1636A6BB1484600F0C8FE0028F2D0B8
:10A5600000F056FF08F1FF33DBB24FFA83F8002BFF
:10A57000EFD1FF2384F8453001F03EFA01F032FAC2
:10A5800094F844304FFA83F8B8F1000F1ADD2369CC
:10A59000C3B104F1100907E008F1FF33DBB24FFA51
:10A5A00083F87BB123696BB1484600F09FFE002819
:10A5B000F2D000F02DFF08F1FF33DBB24FFA83F841
:10A5C000002BEFD1FF2384F8443001F015FA00F09E
:10A5D0005FFC8BE700ED00E0009301F00DFA009BBB
:10A5E0001E46304605B0BDE8F08301F0FBF9606817
:10A5F00000F03EFF064601F0FFF9BAE601F0FCF973
:10A60000002E88D001F0EEF9616A19B1236B196848
:10A61000C1F10501606800F099FF002601F0ECF936
:10A6200079E704F1100000F061FE00283FF470AFFC
:10A63000064B4FF080525A6040BFBFF34F8FBFF3BD
:10A640006F8F65E700F0B8FF60605DE700ED00E048
:10A6500010B5044601F0C6F9A46B01F0CDF920460F
:10A6600010BD00BF104B5A68904208D0DA68904283
:10A6700008BF012204D090F8463093B17047002201
:10A68000002110B403EBC20443F8321090F84630B6
:10A69000616013B15DF8044B70475DF8044BFFF740
:10A6A00063B9FFF761B900BFEC980020074B1A6847
:10A6B0001AB19A6802B17047012210B403EBC204C8
:10A6C00043F8321060605DF8044B7047EC9800204E
:10A6D00070B505460C46164601F084F995F84430ED
:10A6E000FF2B04BF002385F8443095F84530FF2B3D
:10A6F00004BF002385F8453001F07EF9AB6B2BB920
:10A700003246214605F1240000F0B0FD01F06AF95F
:10A7100095F8454064B2002C16DD6B6AA3B105F1D3
:10A72000240605E0013CE3B25CB26BB16B6A5BB13D
:10A73000304600F0DBFD0028F4D0013C00F068FE5C
:10A74000E3B25CB2002BF1D1FF2385F8453001F074
:10A7500053F901F047F995F8444064B2002C16DD36
:10A760002B69A3B105F1100605E0013CE3B25CB230
:10A770006BB12B695BB1304600F0B8FD0028F4D016
:10A78000013C00F045FEE3B25CB2002BF1D1FF23A7
:10A7900085F84430BDE8704001F02EB92DE9F04154
:10A7A000044601F01FF9344A344D13680133136035
:10A7B0002B68002B2FD0324EE36A32682AB331481F
:10A7C000314907680A689F4238BF03602F48013249
:10A7D00003EB83030A6000EB8300E263211D02F0B8
:10A7E000AFFC01F009F933686BB12A68E36AD26AF9
:10A7F0009A4208D2264B4FF080525A6040BFBFF3B6
:10A800004F8FBFF36F8FBDE8F0812A68D26A9A42FA
:10A8100098BF2C60D3E72C601368012B02D0E36A49
:10A82000174ECCE71948DFF894801A4F144E02F007
:10A8300077FC194802F074FC184802F071FC1848C3
:10A8400002F06EFC174802F06BFC404602F068FC18
:10A85000384602F065FC144802F062FC134802F02E
:10A860005FFC134802F05CFC124B134AC2F80080F4
:10A870001F60E36AA3E700BFBC8E00204C8E00205F
:10A880001C8F0020D08E0020CC8E0020588E0020FF
:10A8900000ED00E0E88E00206C8E0020808E00200D
:10A8A000948E0020A88E0020088F0020348F002076
:10A8B000208F0020548E0020508E0020D48E002047
:10A8C0002DE9F843DDE90964002C60D016B9304663
:10A8D000BDE8F8830D469700984602233A4684F86F
:10A8E0005130814626633046A52103F07DFB2A784E
:10A8F000236B84F83420043F2A781F4427F007078D
:10A9000002B36B7884F835306B78DBB1AB7884F8C0
:10A910003630AB78B3B1EB7884F83730EB788BB165
:10A920002B7984F838302B7963B16B7984F839301E
:10A930006B793BB1AB7984F83A30AB7913B1EB79F1
:10A9400084F83B30089D042D28BF04250026E562CD
:10A950006564201D84F83B60A66402F0EDFBC5F140
:10A96000050504F1180002F0E7FBE664424649469B
:10A97000A561246184F850606462384600F0F6FFF7
:10A9800020602046FFF70AFF2046BDE8F8832046F6
:10A99000BDE8F8832DE9F0479600804630460D4625
:10A9A0009946099FFEF7CEFF002869D082465420C1
:10A9B000FEF7C8FF044600285BD00023C0F830A093
:10A9C0003246504684F85130A52103F00DFB2A7819
:10A9D000236B84F83420043E2A781E4426F0070AAC
:10A9E00002B36B7884F835306B78DBB1AB7884F8E0
:10A9F0003630AB78B3B1EB7884F83730EB788BB185
:10AA00002B7984F838302B7963B16B7984F839303D
:10AA10006B793BB1AB7984F83A30AB7913B1EB7910
:10AA200084F83B30089D042D28BF04250026E562EC
:10AA30006564201D84F83B60A66402F07DFBC5F1CF
:10AA4000050504F1180002F077FBE664A5612461B6
:10AA500084F8506064624A464146504600F086FFE2
:10AA6000206007B13C602046FFF798FE0120BDE85A
:10AA7000F0875046FEF778FF4FF0FF30BDE8F087D3
:10AA80004FF0FF30F3E700BF70B504464C4E00F0C6
:10AA9000A9FF002C39D0251D284602F07BFBA36AB4
:10AAA0001BB104F1180002F075FB29464548464DDC
:10AAB00002F046FB94F85030012B04BF002384F8C9
:10AAC000503000F099FF2B6893B93368A34200D04F
:10AAD00070BD2B68DBB93B493C4A0968126891425A
:10AAE00026D03B4B1B682BB33A4B01221A6070BD3A
:10AAF00000F078FF384B1A68126892B9374B4FF064
:10AB0000FF321A6000F078FFDFE73468C3E7344BA8
:10AB10004FF080525A6040BFBFF34F8FBFF36F8F2B
:10AB200070BD1A682D4BD268D26852681A60E9E786
:10AB3000336070BD274A13603268336812681B6B3C
:10AB40009A4236D9274C28492268930098188000E9
:10AB50000858E0B9551EAB0058198000085830BBA2
:10AB6000951EAB0058198000085800BBD51EAB00DD
:10AB7000581980000858D0B9151FAB00581980002B
:10AB80000858A0B9053A9300981880000858134453
:10AB90009B00CD1808336868406868600B44984291
:10ABA00004BF40686860C3683360226070BD2A4695
:10ABB000EDE730683168343101F04EFEC2E700BF86
:10ABC0004C8E0020208F00201C8F0020BC8E002087
:10ABD000C88E00204C8F0020508E0020008F002057
:10ABE00000ED00E0D08E0020588E002080B170B5BE
:10ABF0001B4D2B6883420AD0044600F0F3FE194B2C
:10AC000062699A4205D0BDE8704000F0F5BE70BDA3
:10AC10007047A36A144A9342F5D0002BF3D1261D46
:10AC2000304602F0B7FA114AE36A116810488B42C5
:10AC300088BF136003EB830300EB8300314602F00F
:10AC40007FFA2B68E26ADB6A9A42DCD3094B4FF049
:10AC500080525A6040BFBFF34F8FBFF36F8FD2E770
:10AC60004C8E0020208F0020088F0020D08E0020E6
:10AC7000588E002000ED00E070B584B0002503AAD6
:10AC800002A901A8CDE9015501F0EAFD019C002CC3
:10AC900046D00298002843D0039E20630223B600CA
:10ACA000A521324684F8513003F09EF9236B1F4AE8
:10ACB0006263201D84F83850043E84F83B50E562FE
:10ACC000C4E911551E4402F037FA04F1180002F0ED
:10ACD00033FA26F007060523A3612A461449E564E2
:10ACE00030462461646284F8505000F03FFE2060DA
:10ACF0002046FFF753FD0F4B1C6000F0DBFD0128E1
:10AD000011D1402383F311880B490C4A0C4B4FF0AF
:10AD1000FF340C6010601D6000F03EFE04B070BD9A
:10AD2000044B00221A6004B070BD00BF49444C457A
:10AD300021B00300FC8E0020008F00201C8F00201B
:10AD4000488F0020024A136801331360704700BF28
:10AD5000C88E0020014B1868704700BF488F002044
:10AD6000024A136818441060704700BF488F0020E3
:10AD70002DE9F04F3B4B1B6883B0002B42D13A4B7F
:10AD80001F6801371F60002F4AD0384B01931B68A2
:10AD9000BB423BD8364EDFF8EC80DFF8ECA0DFF8A2
:10ADA000EC90002525E03368DB68DC68636804F11B
:10ADB000040B9F42584651D302F0ECF9A36A04F108
:10ADC00018000BB102F0E6F9E36AD8F8002003EBB3
:10ADD0008300934259460AEB800088BFC8F80030D0
:10ADE00002F0AEF9D9F80030E26ADB6A9A4228BF75
:10ADF000012533681B68002BD5D1019A4FF0FF3332
:10AE0000136004E01B4A13680133136000251A4BDA
:10AE10001B68002B0CBF2846012003B0BDE8F08F53
:10AE2000134E164B3168164A186830601960136863
:10AE30000133136033681B683BB90C4B01931A460E
:10AE40004FF0FF3313601346A1E73368074ADB680E
:10AE50000192DB685B681360134698E7019A136000
:10AE6000D5E700BFC88E0020488F0020008F00204B
:10AE7000508E0020C48E00204C8F0020548E002065
:10AE8000048F0020D08E0020588E00204C8E002091
:10AE90002DE9F04700F0A6FD354B1A68013A1A601B
:10AEA0001C68002C57D1334B1B68002B53D0DFF8A4
:10AEB000E0A0314E314FDFF8DC90DFF8DC80336802
:10AEC00013B3F368DC68251D04F1180002F062F981
:10AED000284602F05FF9E36A3A6803EB8300934285
:10AEE000294609EB800088BF3B6002F029F9D8F8B9
:10AEF0000030E26ADB6A9A424FF00103DFD3CAF8FE
:10AF000000303368002BDCD13CB11D4B1A6812684D
:10AF10003ABB1C4B4FF0FF321A601B4D2C6844B1FA
:10AF20000126FFF725FF08B1CAF80060013CF8D1FF
:10AF30002C60DAF8003073B1144B4FF080525A6035
:10AF400040BFBFF34F8FBFF36F8F012400F054FD5C
:10AF50002046BDE8F087002400F04EFD2046BDE805
:10AF6000F0871A68074BD268D26852681A60D4E733
:10AF7000C88E0020BC8E0020088F0020D08E0020BC
:10AF8000508E0020008F0020C48E002000ED00E0D5
:10AF90004C8F0020588E00204C8E002070B548B990
:10AFA000184B4FF080525A6040BFBFF34F8FBFF332
:10AFB0006F8F70BD144A15491368154E0133136025
:10AFC0000D6804463068043002F0E4F83368641910
:10AFD0005C600FD20F4B18683168043102F0C0F882
:10AFE0000D4B1A68944238BF1C60FFF751FF0028D0
:10AFF000D6D070BD094B18683168043102F0B0F842
:10B00000F3E700BF00ED00E0C88E0020488F00206D
:10B010004C8E0020508E0020008F0020548E002087
:10B020002DE9F84F3C4E3D4D3D4CDFF80891DFF8DF
:10B030000881DFF808B14FF0805A2368D3B100F0DF
:10B04000D1FCF368DF68381D02F0A4F82B68013BDF
:10B050002B602368013B236000F0CEFC97F8513051
:10B06000002B37D0012BE8D13846FEF77DFC236852
:10B07000002BE4D12B4B1B68012B06D9CBF804A085
:10B0800040BFBFF34F8FBFF36F8F00F041FED9F881
:10B09000003033BBD8F80030DB6A002BCDD1214B18
:10B0A0001B68012BC9D8204B204A1B6812689B1AC9
:10B0B000012BC2D91E4A136801331360D9F800303E
:10B0C000BBB1D8F80030DB6A0BB9164B1B68FFF731
:10B0D000DFFEB2E7386BFEF747FC3846FEF744FC6C
:10B0E000ABE7D8F80030DB6A002BA6D10D4B1B680C
:10B0F000A3E7D8F80030DB6A002BE8D1094B1B68C6
:10B10000012BE4D8084B1868084B1B68C01A0128AB
:10B11000DDD900F0DDFCDAE7348F0020BC8E0020A2
:10B12000C08E0020588E0020008F0020488F002005
:10B13000C88E0020D08E00204C8E002000ED00E054
:10B14000274B1B68002B40D1264A70B5264C136054
:10B150002268236812681B6B9A423AD9234D24490E
:10B160002A689300981880000858E0B9561EB3006A
:10B1700098198000085830BB961EB30098198000BB
:10B18000085800BBD61EB300981980000858D0B9E3
:10B19000161FB300981980000858A0B9053A93000B
:10B1A00098188000085813449B00CE180833706824
:10B1B000406870600B44984204BF40687060C36888
:10B1C00023602A6070BD3246EDE7064B01221A600B
:10B1D000704720682168343101F03EFBBEE700BFB4
:10B1E000C88E00204C8F00204C8E0020D08E002076
:10B1F000588E002070B5174D2B680C4603F11801CE
:10B2000001F0AEFF144B1E682868043001F0C2FF45
:10B21000631C17D02B68A4195C600BD20F4B186805
:10B220002968043101F09CFF0D4B1A68944238BF25
:10B230001C6070BD0B4B18682968BDE87040043174
:10B2400001F08EBF296808480431BDE8704001F064
:10B2500077BF00BF4C8E0020488F0020508E00200A
:10B26000008F0020548E0020208F002070B5194DD3
:10B270002B680C46164603F1180101F061FF164BCE
:10B280005EB11B682868043001F084FF2968134808
:10B290000431BDE8704001F053BF1E6828680430D7
:10B2A00001F078FF2B68A4195C600BD20C4B186876
:10B2B0002968043101F054FF0A4B1A68944238BFE0
:10B2C0001C6070BD084B18682968BDE870400431E7
:10B2D00001F046BF4C8E0020488F0020208F0020B8
:10B2E000508E0020008F0020548E002038B5C36897
:10B2F000DC6804F11805284601F04CFF1A4B1B6866
:10B300002BBB251D284601F045FF184AE36A11684A
:10B3100017488B4288BF136003EB8303294600EB79
:10B32000830001F00DFF134BE26A1B68DB6A9A424F
:10B3300082BF114B01201860104B1A68126898BF29
:10B3400000204AB90E4B4FF0FF321A6038BD294633
:10B350000C4801F0F5FEE6E71A68094BD268D2689E
:10B3600052681A6038BD00BFC88E0020D08E002001
:10B37000588E00204C8E00204C8F0020508E0020D4
:10B38000008F0020088F0020034A044B12681B68BE
:10B39000C0E90023704700BF048F0020488F0020C1
:10B3A000F8B50D46044600F01DFB2B681649581CE5
:10B3B0000A6813D0DFF854C0D4E90060DCF80070EC
:10B3C000BE4201D090421AD9121A93420BD80023E0
:10B3D0002B60012500F010FB2846F8BD002500F089
:10B3E0000BFB2846F8BDDCF800009B1A0A682B60AE
:10B3F000C4E90002002500F0FFFA2846F8BD012547
:10B4000000F0FAFA2846F8BD488F0020048F00208B
:10B41000014B01221A6070474C8F0020084B1868BE
:10B4200060B9084B1B6853B9074A084B10681B6882
:10B43000013B984214BF0120022070470020704752
:10B44000088F00204C8F0020208F0020BC8E002011
:10B45000054B1B6833B1054B1B68002B0CBF02204A
:10B4600000207047012070471C8F0020C88E0020EC
:10B4700018B3F8B51C4CC36A2268D26A934214D23E
:10B480008269002A04DB2268D26AC2F10502826165
:10B49000164D426903EB830305EB83039A420DD0FB
:10B4A0002368DB6AC3620120F8BD2368406CDB6A55
:10B4B00098422CBF00200120F8BD7047061D0746AA
:10B4C000304601F067FE2268094BD06A1A68F862BC
:10B4D000904200D9186000EB800005EB80003146F7
:10B4E00001F02EFE0120F8BD4C8E0020588E002069
:10B4F000D08E002050B138B5C16A836C426C013BDC
:10B500009142836400D01BB1002038BD00207047F9
:10B51000051D0446284601F03DFE0A4A636C116889
:10B52000E362C3F105008B42A061074888BF136046
:10B5300003EB830300EB8300294601F001FE0120A9
:10B5400038BD00BFD08E0020588E002048B1426C1C
:10B55000C36A914238BF11468B4202D0826C012AE5
:10B5600000D07047826970B5114DC162002A03EBAB
:10B5700083034269A8BFC1F1050105EB8303A8BF9E
:10B5800081619A4200D070BD061D0446304601F02C
:10B5900001FE084BE06A1A68904288BF186000EB11
:10B5A000800005EB80003146BDE8704001F0C8BD69
:10B5B000588E0020D08E0020044B1A681AB11968EA
:10B5C0008A6C01328A641868704700BF4C8E002074
:10B5D0002DE9F04FAD4EDFF8C482AD4D89B0336830
:10B5E0001C68002C00F08E80DB681C68FFF7AAFB4B
:10B5F000FFF7B0FBD8F80030984207465DD384428D
:10B60000C8F8000040F20B810022E11B2868FFF718
:10B610005FF8FFF73DFC88B99E4A4FF080535360B6
:10B6200040BFBFF34F8FBFF36F8F07E0019B0399BC
:10B6300020469847009B002B80F238812868002222
:10B640006946FEF7C7FC0028C9D0009B029C002B6E
:10B65000ECDB636913B1201D01F09CFDFFF77AFB61
:10B66000D8F800309842814643D3009BC8F8009038
:10B67000092BE3D8012202FA03F313F4047F69D102
:10B6800013F0C70F40F0A1809B06D7D594F82C305B
:10B69000002BD3D12046FEF767F9CFE7DB68DC68E3
:10B6A000D3F800A004F10409484601F073FD636A71
:10B6B00020469847E369012B36D033681A68002A80
:10B6C000ECD17549C8F800700A6832600B60FFF76A
:10B6D000DFFBB3E7DB68DF68D3F800B007F1040AEB
:10B6E000504601F057FD7B6A38469847FB69012BAD
:10B6F00025D033681A68002AECD167490A6832609D
:10B700000B60B2E7FFF71EFBFFF724FBD8F8003011
:10B7100083420746D1D8604BC8F800701B681A688E
:10B72000B2FA82F2520970E7A36953449A45494636
:10B7300022D263602461306801F012FDBDE7BB696D
:10B740005B449B45514627D27B603F61306801F0E6
:10B7500007FDCEE7019B246103EB09024A45A36183
:10B7600062602CD8002B3FF469AF4B4B211D186849
:10B7700001F0F6FC286862E72B68002B9DD00023BF
:10B78000CDE9043A0694FFF763FE00231A4604A9A4
:10B790002868FEF769F990E72B68002BA9D00023F1
:10B7A000CDE9043B0697FFF753FE00231A4604A990
:10B7B0002868FEF759F99CE74B4500D998B13068E5
:10B7C000211D01F0CDFC286839E7019BA2692461A5
:10B7D00099182CBF0120002049456160ECD8A9EBE5
:10B7E00003039A42C1D8636A20469847E369012B54
:10B7F0007FF424AF019BA2692868134400283FF41A
:10B800001EAF0022CDE904230694FFF721FE00239A
:10B810001A4604A92868FEF727F928680FE7FFF7FA
:10B8200037FB3368DB68D3F80C9009F1040A504603
:10B8300001F0B0FCD9F81C30012B04D0D9F8243029
:10B8400048469847FAE6D9F81830C9F81090E21837
:10B85000BA42C9F8042004D95146306801F080FC8E
:10B86000ECE73F1BBB421BD82B68002BE6D0002324
:10B87000CDE90434CDF81890FFF7EAFD00231A460D
:10B8800004A92868FEF7F0F8D8E700BF508F002021
:10B89000D491002000ED00E0548F00208091002022
:10B8A000034B5146186801F05BFCC7E7029CD0E6E9
:10B8B000548F0020F0B5204C89B000F093F8256833
:10B8C000FDB100F099F82068C8B1002407AA06A9C4
:10B8D00005A8CDE9054400F0D1FFDDE905300221DE
:10B8E000CDE90010079A0293144915482346FEF744
:10B8F000E7FF144A0346001B18BF0120136009B07C
:10B90000F0BD114F114E384601F00AFC304601F0EF
:10B9100007FC0F4A0F4900950F4B17600E600F4A46
:10B9200010212020FEF72EF820600028C9D00C49F5
:10B93000FEF7BCFEC5E700BFD4910020D81104007B
:10B94000D1B50300D8910020589100206C910020BF
:10B95000508F0020548F002084910020588F0020A9
:10B96000D0110400402383F31188FEE730B46FF058
:10B9700002034FF08075074C40F8045C40F80C4C13
:10B9800040F8081C40F8202C40F8243C30BC4438D7
:10B99000704700BF65B903000F4C08B5E02384F879
:10B9A000223000F077F80D4B0D4A00211960D4F8D1
:10B9B000883043F47003C4F88830536843F0404340
:10B9C0005360236943F01003236100F04FF94023D3
:10B9D00083F31188FEE700BF00ED00E0DC9100205A
:10B9E00030EF00E0402383F31188024A13680133EB
:10B9F00013607047DC910020034A1368013B136019
:10BA00000BB983F311887047DC91002041DF704748
:10BA100012DF704770B51B4B00251D6082B01B689C
:10BA20000193019BEFF31186402383F31188164A9B
:10BA3000164BD2F804451D601B680093009BFFF76E
:10BA400089F9241A24F07F44012C0DD844B1FFF762
:10BA50008FF9054625B10E4B4FF080525A6040BF1A
:10BA600086F3118802B070BDFFF7F2FC0228EED118
:10BA7000013CFFF77DF9013C631C45EA0005F8D164
:10BA8000E8E700BF401101400010014000110140F3
:10BA900000ED00E00B4B0C4930B41F200B4DC3F8F8
:10BAA000080501220224E020C3F804232A601A605A
:10BAB000C3F8444381F811034FF400330B6030BCEA
:10BAC000704700BF0010014000E100E00810014095
:10BAD0002DE9F041804684B0EFF3108272B6584CE5
:10BAE000A36883B9574B58480121A160D3F880104F
:10BAF00001402160C3F88000D3F8841061604FF0EA
:10BB0000FF31C3F8841002B962B6504ED6F80475FE
:10BB1000FFF784FC00283DD04D4A4E49424528BFDE
:10BB20004246BB1823F07F4301200025C6F80803D6
:10BB3000C6F840350D600B6801934FF480330199CE
:10BB4000C6F80433BFF34F8FB8F1000F54D13F4B09
:10BB5000404D41494FF48030C3F80803002028606D
:10BB60002D680395039D08600968029101210298E0
:10BB7000C3F80413D3F804353249DB1B23F07F45A7
:10BB8000954228BF15464FF40033012DC1F880318E
:10BB900011D827D0A3685BB1EFF3108372B6294A9E
:10BBA00021681160616851600022A26003B962B629
:10BBB00004B0BDE8F081681EFFF7D2F8274BDB68C0
:10BBC000DA010FD5264A1368DB070BD5254B5168E0
:10BBD00003FB05F5A5F57425A5F51075AD0A01EB78
:10BBE00085155560FFF7C4F80028D3D01E4B4FF0E1
:10BBF00080525A6040BFCDE7F1EE103A23F09F0328
:10BC0000E1EE103AF1EE103A0E4B04A84FF48061C9
:10BC10004026C3F88461C3F8841100F8045DFFF77F
:10BC2000F7FE9DF80C1039B920BFD3F80001D3F806
:10BC300004110143F8D08AE7FFF7E8FE87E700BF69
:10BC40000099002000E100E0FC06FFBD001001406B
:10BC5000FDFFFF004011014000110140F0ED00E048
:10BC6000001000E040420F0000ED00E007480068CF
:10BC700080F3088862B661B6BFF34F8FBFF36F8F52
:10BC80004FF0E00080F3118800DF00BF0070020079
:10BC9000064B19680868B0E8F04F80F30988BFF3D5
:10BCA0006F8F4FF0000080F3118870474C8E00209A
:10BCB000EFF30980BFF36F8F144B1A681EF0100F5B
:10BCC00008BF20ED108A20E9F04F10604DF8043DC8
:10BCD0004FF0400080F31188BFF34F8FBFF36F8F99
:10BCE000FFF72EFA4FF0000080F3118808BC1968A6
:10BCF0000868B0E8F04F1EF0100F08BFB0EC108AD3
:10BD000080F30988BFF36F8F704700BF4C8E00200F
:10BD1000704700BF0A490B4A0B4B9B1A03DD043BDB
:10BD2000C858D050FBDC094809494FF0AD320260D9
:10BD300004300439FBD100F043FCEBF789FA000032
:10BD4000C4140400006000201C64002000F80320DC
:10BD500000080000FEE7FEE7FEE7FEE7FEE7FEE77D
:10BD6000FEE7FEE7FEE7FEE708B50020EBF7AAFADC
:10BD7000F5F756FD0E4B43B10E4B7BB1F5F726FFA1
:10BD800000F05AFDFDF7BAFAF8E7F5F71FFF00F0EB
:10BD900053FDF5F71BFF00F04FFDF6E7F5F716FF33
:10BDA00000F04AFDF5F712FF00F046FDF6E700BF90
:10BDB00000000000FD92030000B583B000F0ACFE6F
:10BDC000FCF750FC0E4B019301234FF480620D49A8
:10BDD00000930D480023FEF7DDFD4FF4407000F0A6
:10BDE0004BFEFEF749FFBFF34F8F0849084BCA6867
:10BDF00002F4E0621343CB60BFF34F8F00BFFDE757
:10BE0000E0910020E011040069BD030000ED00E0B6
:10BE10000400FA05FDF74ABDFDF748BDFDF760BD1A
:10BE2000FDF75EBD084A094908B513681844884201
:10BE300002D81060184608BD01F0FEFF0C23036015
:10BE40004FF0FF33184608BDFC61002000F80320C6
:10BE5000114B1A78EAB90178104810B40A464FF02D
:10BE6000804402F00102C1F34001C4F88015C4F817
:10BE700078250268D20706D4E021012280F8001359
:10BE8000C0F880210260012205481A705DF8044B59
:10BE900070470448704700BFFC98002000E100E0B4
:10BEA0000000AD0B0C00AD0B0268074B4FF080405B
:10BEB00010B400214FF46074C0F80843196002B157
:10BEC0001A605DF8044B7047EC9100204FF08043FE
:10BED0004FF46072C3F80423704700BF10B54FF0F1
:10BEE000804386B0D3F80443620705D5D3F8082110
:10BEF00003F58473002A4ED1A30603D52A4B1A6892
:10BF0000002A3FD1600603D5284B1A68002A2FD19A
:10BF1000210602D5264B1A680ABBE20502D5254B3D
:10BF20001A6892B9A3050ED5234B1A685AB100229C
:10BF30001A601A68214B0592059A1B68022006B008
:10BF4000BDE81040184706B010BD00221A601B4A19
:10BF50001B68049301201368049A9847E2E70020C5
:10BF60001860164A1B6803931368039A9847D4E72E
:10BF700000221A60124A1B68029301201368029A79
:10BF80009847C5E7002018600D4A1B6801931368A5
:10BF9000019A9847B6E700221A600A4A1B68009384
:10BFA0001368009A9847A7E7140100401801004061
:10BFB0001C0100402001004024010040EC910020C1
:10BFC000E8910020E49100202DE9F04F04799D4D87
:10BFD000E6003719BF0005EB070E83B09EF81CC0C2
:10BFE000BCF1000F40F0E58091F80CC00068EA5108
:10BFF000CEF80430BCF1010F0B7840F2DE801F2B2D
:10C0000087BF03F01F08DFF840E298464FF0A04ECC
:10C01000012707FA08F7CEF808751F2B8BBF03F02E
:10C020001F071F46DFF820E24FF0A04E07F5E0772C
:10C030004FF001084EF827804F78FF2F00F0E9807D
:10C040001F2F8ABF07F01F09B946DFF8FC81009750
:10C0500098BF4FF0A04809F5E07A4FF0010E0EFAB4
:10C0600009FE4FF00309C8F80CE548F82A9091F84A
:10C0700002E0BEF1FF0F00F0D580BEF11F0F91F876
:10C080000EA088BFDFF8C0B1CDF804E08EBF0EF07F
:10C090001F08F0464FF0A04B08F5E0784FEA8A0AF7
:10C0A0004BF828A006EB040805EB880888F820E088
:10C0B00091F803E088F81FE0BEF1FF0F2AD091F855
:10C0C0000490F046B9F1000F40F08680BEF11F0FDA
:10C0D00087BF0EF01F0B5C4FF3464FF0A0474FF0A9
:10C0E000010A0AFA0BFAC7F808A5BEF11F0F86BFAE
:10C0F0000EF01F08DFF850A14FF0A04A08F5E078D5
:10C1000006EB040E4FF0030B05EB8E0E4AF828B039
:10C110008EF81E9091F80DE0C0F80835009BD1F81C
:10C120000880C0F80C351EF1000318BF0123019FE1
:10C13000C0F81075BCF1020FC0F824857FD0BCF1A7
:10C14000030F79D0BCF1010F56D0C0F854358B796C
:10C15000C0F8C035002A58D040220723C0F8042375
:10C16000C0F800354A79000B43B25201002BD1B21E
:10C17000C0B25BDB5A09920002F1604203F16043F6
:10C18000012702F5614203F5614300F01F0007FA41
:10C1900000F083F80013C2F880011060344405EB0E
:10C1A00084052A48002201236A772B7703B0BDE873
:10C1B000F08F274803B0BDE8F08F1F2B87BF03F037
:10C1C0001F08DFF884E098464FF0A04E012707FAD9
:10C1D00008F7CEF80C7520E7BEF11F0F87BF0EF0F1
:10C1E0001F0B194FF3464FF0A0474FF0010A0AFA10
:10C1F0000BFAC7F80CA578E743F00203C0F85435F2
:10C200008B79C0F8C035002AA6D10723C0F80035C5
:10C21000C4E791F802E04FF0FF37BEF1FF0F00973F
:10C220007FF42BAF4FF0FF3701973BE7094B00F04E
:10C230000F0003441976B1E743F0060385E743F0A6
:10C24000040382E7F0910020000300500000AD0BD2
:10C250000500AD0BFCEC00E0F0B40479294A03685A
:10C26000E1000D19AD005659EEB11F0B7EB2002E44
:10C2700011DB760920360123DFF89CC007F01F0789
:10C2800003FA07F74CF82670BFF34F8FBFF36F8F99
:10C29000555903683DB1081902EB80001A4DC3F8E7
:10C2A0000853407F10BB081902EB800090F8200073
:10C2B000FF280BD01F288ABF00F01F004FF0A045B9
:10C2C000124D00F5E070022645F820601048002568
:10C2D0008342C3F8005502D10E4B0120186021445F
:10C2E00002EB810200231377F0BC704701205861F4
:10C2F000D3F804010028FBD0081902EB80000025C8
:10C300004577D0E7F091002052010800000300506B
:10C3100000F0024004F0024000E100E02DE9F04F9F
:10C320000479644F4FEAC40C0CEB04039B0086466F
:10C33000F8180E46417F83B0002940F0918057F8ED
:10C3400003909046B9F1000F04D012F0140F04BF0F
:10C35000012343770CEB040507EB850596E80F00F6
:10C3600095F81FA005F10C0BBAF1FF0F8BE80F0039
:10C3700010D0AA7F5346002A76D0BAF11F0F86BF8D
:10C380000AF01F034C494FF0A041012202FA03F3C7
:10C39000C1F8083532686AB102F06043B3F1005F5A
:10C3A00008D0644407EB8407002344487B7703B03C
:10C3B000BDE8F08FB16821B101F06043B3F1005FD7
:10C3C000EFD1DEF800307568F068C3F8442500222C
:10C3D000C3F84855C3F83415C3F83805C3F8182115
:10C3E000D3F818210192019A18F0010218BF012216
:10C3F000C3F8502518F0020218BF012218F0080FE8
:10C40000C3F8402504BF01221A61B9F1000F0BD017
:10C410002B48402218F0040F14BFC3F80823C3F8B8
:10C42000042303B0BDE8F08FD3F81821002AFBD015
:10C43000BAF1FF0F2CD0644407EB8407BB7F4BB3EA
:10C44000BAF11F0F84BF0AF01F0A1B4A1C4898BF8D
:10C450004FF0A042012303FA0AF3C2F80C35A6E715
:10C46000184803B0BDE8F08FBAF11F0F4FF001027A
:10C4700088BF0AF01F0302FA03F388BF0E4932682F
:10C4800098BF4FF0A041C1F80C35002A84D191E744
:10C490000B488CE7BAF11F0F84BF0AF01F0A064A47
:10C4A000074898BF4FF0A042012303FA0AF3C2F8ED
:10C4B00008357CE7F0910020000300500A00AD0B26
:10C4C0000000AD0B0B00AD0B194BD3F8182102B9CE
:10C4D00070470021174AC3F81811D3F81811D37FF9
:10C4E00082B0FF2B019101990DD0917F99B11F2B43
:10C4F00086BF03F01F0310484FF0A040012101FA4E
:10C5000003F3C0F80C35002353771372D2E90031DE
:10C510000A4802B018471F2B86BF03F01F030648C6
:10C520004FF0A040012101FA03F3C0F80835EAE713
:10C5300000300240F091002000030050F8910020EC
:10C540001B4BD3F8182102B970470021194AC3F8D0
:10C550001811D3F8181192F8433082B0FF2B0191D3
:10C5600001990ED092F84210A9B11F2B86BF03F09B
:10C570001F0311484FF0A040012101FA03F3C0F856
:10C580000C35002382F8413082F82C30D2E9093191
:10C590000A4802B018471F2B86BF03F01F03064846
:10C5A0004FF0A040012101FA03F3C0F80835E8E795
:10C5B00000F00240F0910020000300501C92002087
:10C5C000604B1B6830B45C1C37D05F4A082B126884
:10C5D00000F08F805B4B5C4A1B681268082B15D0FB
:10C5E000591C23D0584A1268082B12D0574AD2F847
:10C5F000883043F47003C2F88830BFF34F8FBFF325
:10C600006F8F534B534A1A6030BC7047002A00F0BA
:10C610008280032AEAD84FF08043D3F80024D2075F
:10C6200044BF6FF00102C3F80024DFE74A4A4B4BD6
:10C6300012681B78C2F30312D6E7484A464B1278B9
:10C640001B68082AC3F3031301D1032B53D9424AB1
:10C65000424B12681B78C2F30312082BBAD1032A8B
:10C66000B8D84FF080523E4BD2F80414C3F82015CE
:10C67000D2F80814C3F82415D2F80C14C3F82815FE
:10C68000D2F81014C3F82C15D2F81414C3F83015CE
:10C69000D2F81814C3F83415D2F81C14C3F8401596
:10C6A000D2F82014C3F84415D2F82414C3F848155E
:10C6B000D2F82814C3F84C15D2F82C14C3F850152E
:10C6C000D2F83014C3F85415D2F83414C3F86015F6
:10C6D000D2F83814C3F86415D2F83C14C3F86815BE
:10C6E000D2F84014C3F86C15D2F84424C3F870256E
:10C6F00070E7032A0CD8134B1B684FF080420021CF
:10C70000581CC2F80C11C2F81011C2F838159ED08E
:10C710000D4A1268A1E7134C1349144D25601448C3
:10C72000144AFB24C1F8184501681268124C21F024
:10C730000F0102F00F020A434FF400710260216002
:10C7400050E700BF300100103401001000ED00E0A0
:10C75000006200200090D003E80F00F0E00F00F02E
:10C7600000C000408C56004000F0004048810300AB
:10C77000E40E0040580200104096024070B4284C6D
:10C78000284B2568284CA3FB05639B0C02FB03F296
:10C7900054F82000254B1F28A3FB02324FEA9202D7
:10C7A00034D80123002903FA00F114BF0846002001
:10C7B0004FF0A04401E0013A25D0D4F810350B40E9
:10C7C0008342F8D001E0013A1DD0D4F810350B4077
:10C7D0008342F8D1002002E00130824213D0D4F825
:10C7E00010650E40B342F7D070B1114A43F2C8232E
:10C7F000A2FB052503FB00F0AD0900F57A50B0FB64
:10C80000F5F070BC7047002070BC704720380123E1
:10C81000002903FA00F114BF08460020054CCCE7BC
:10C820000062002083DE1B43CC1004004FECC44E9A
:10C83000D34D62100003005008B5EAF749FD054BDF
:10C840004FF080525A6040BFBFF34F8FBFF36F8FDE
:10C8500008BD00BF00ED00E0704700BF704700BF9B
:10C86000044B036010B46423034C0C6013605DF848
:10C87000044B7047389200208C920020054B0360D7
:10C8800010B44FF48073044C0C6013605DF8044BDB
:10C89000704700BF1C9400207094002070B51F4C9E
:10C8A00084B04FF0FF3203A92068FDF793FB002806
:10C8B000F7D00398037A4568052B0DD8DFE803F01D
:10C8C000272A221C1503D0E90361D0E90523C0699A
:10C8D00000903046A847039803681BB11846FCF740
:10C8E000FFFF0398FCF7FCFFDBE7D0E90523D0E965
:10C8F0000301A8470398EFE7D0E90412C068A847EE
:10C900000398E9E7D0E90301A8470398E4E7A847BB
:10C910000398E1E7C068A8470398DDE77498002012
:10C920002DE9F0432D4B2E4C5B6885B0C3F3080313
:10C93000019001AF2068002B44D0002339461A46ED
:10C94000FDF7A2FA01283AD0DFF89880D8F8000065
:10C95000002240000421FDF745F8064678B3DFF8D1
:10C960008890D9F80000FEF78FF8FFF73BF802E057
:10C970003046FDF779F8002203A92068FDF72AFB6D
:10C9800000230546642203A90028F1D12068FDF7A1
:10C9900069FE2660FFF730F8D9F80000FEF726F9A7
:10C9A000D8F800300D4A20685B00C8F800305368A2
:10C9B000C3F30803394653B96422FDF755F805B0AF
:10C9C000BDE8F08339466422FDF74EF8BAE72B46FE
:10C9D0002A46FDF759FA05B0BDE8F08300ED00E006
:10C9E0007498002070980020789800202DE9F84372
:10C9F0009DF8205006460F4691469846CDB1A800B6
:10CA00000C30FCF753FF044688B10023C0F80490B3
:10CA10000572036006B177B92DB1AA00414604F151
:10CA20000C0001F0BDFA2046FFF77AFF0120BDE8B7
:10CA3000F8831020E5E73846FCF738FF8146206090
:10CA4000A0B13A46314601F0ABFA002DEBD0691E99
:10CA5000C9B208EB8101A8F1040353F8042FB242D4
:10CA600008BFC3F800909942F7D1D6E72046FCF7FB
:10CA700037FF4846DBE700BF30B540230B4D83B09E
:10CA800004460022184604212B60FCF7ABFF084B3C
:10CA9000084918600223CDE90031A2B200230649FB
:10CAA0000648FDF777FF03B030BD00BF7098002047
:10CAB0007498002078980020E81104009DC80300B5
:10CAC0004CDF704711DF704712DF704708B504462E
:10CAD000FFF7F8FF0D4B4FF080414FF0FF32C3F8E6
:10CAE0008020C3F88021C3F88420C3F88421C1F8D2
:10CAF0001C45BFF34F8F0649064BCA6802F4E0623B
:10CB00001343CB60BFF34F8F00BFFDE700E100E0B0
:10CB100000ED00E00400FA054FF08043194AD3F815
:10CB20000014194830B41160D3F80054D3F800242D
:10CB3000164C17492A43C3F80024D4F84025026054
:10CB400001224FF40030C3F818259A60C1F8800024
:10CB5000BFF34F8FBFF36F8F0E4C03F588334FF049
:10CB6000A0454FF480304FF0FF31C3F84803C3F8BD
:10CB700008035A609A60C5F80815C4F8081530BC57
:10CB8000704700BF7C9800208098002000A00040E3
:10CB900000E100E00003005008B55720FFF796FFC2
:10CBA00008B54E20FFF792FF00B583B00DF10300EA
:10CBB000FFF78AFF9DF80320BAB9114B0121C3F892
:10CBC00000211A461960D2F80031002BFBD0D2F8B0
:10CBD000080500EE100ABAEECF0A012100235160C9
:10CBE000C2F8003103B05DF804FB01A8FFF768FF4D
:10CBF0009DED010ABAEECF0A03B05DF804FB00BF59
:10CC000000C00040014B1860704700BF0462002064
:10CC100002381549042822D8DFE800F0090F151B57
:10CC20000300124B0120022208601A6070470F4B6C
:10CC30000020012208601A6070470C4B002002227D
:10CC400008601A607047094B0020032208601A60D0
:10CC50007047064B0020042208601A607047034AA0
:10CC600000230B60136070478C9800208898002088
:10CC70002F2819D8F0B4614B53F82030023B82B012
:10CC80001D2B00F2B980DFE803F011A4A6A8B7B706
:10CC9000B7B7B7B7B7B7B7B7B7B7B7B7B7B7B7B724
:10CCA000B7B7B7B7AAACAEB0002070470127544B56
:10CCB0001C680023082CADF8063040F398800A2C3D
:10CCC00040F397800D2CB5BF0C250E2502230323BE
:10CCD0004C494D4AC1F8F03501260023DFF834C134
:10CCE0004A48C1F80065C1F81435C1F81035C2F8DA
:10CCF0001435C2F81035C2F82435C2F82035C2F810
:10CD00003435C2F83035C2F84435C2F84035C2F87F
:10CD10005435C2F85035C2F86435C2F86035C2F8EF
:10CD20007435C2F870353A4ADCF800300068126891
:10CD3000DFF8E4C01B02000300F4805003F4E0635A
:10CD40001204034302F4E0229CF80000134343EA78
:10CD500000630DF10602C1F818350846C1F81475D4
:10CD6000C1F81075C1F82C26C1F830660E60D0F8F5
:10CD70000031002BFBD000210123224AC0F8001112
:10CD80004360D2F80431002BFBD0002001231D4961
:10CD9000C2F804019360D1F81431002BFBD00023BA
:10CDA000C1F81431BDF80620120448BFADF80630B2
:10CDB000144B0022C3F80025BDF80600AC4200B2B7
:10CDC00004D035BF2C1B641BE040A04002B0F0BC77
:10CDD000704702276BE7032769E7042767E7052702
:10CDE00065E7062763E7072761E708275FE7082568
:10CDF0006EE70A2501236BE70020E7E7CC1004006B
:10CE00000462002000700040107000408C980020E8
:10CE10009098002088980020849800202F281BD804
:10CE20003C4B53F820301F2B86BF03F01F033A4AB8
:10CE30004FF0A0420E290FD8DFE801F0655F59538B
:10CE40004D474039322B241D160F080003F5E073BF
:10CE500040F2037142F82310704703F5E07340F28B
:10CE6000036142F82310704703F5E07340F2035169
:10CE700042F82310704703F5E07340F2034142F893
:10CE80002310704703F5E07340F2033142F823109A
:10CE9000704703F5E07340F2032142F82310704716
:10CEA00003F5E07340F2031142F82310704703F5D5
:10CEB000E0734FF4403142F82310704703F5E073FC
:10CEC0004FF4003142F82310704703F5E073134923
:10CED00042F82310704703F5E073114942F823101C
:10CEE000704703F5E073042142F82310704703F5FF
:10CEF000E0730C2142F82310704703F5E07303211F
:10CF000042F82310704703F5E073002142F8231024
:10CF1000704700BFCC100400000300500400020062
:10CF20000C0003002F2811D80A4B53F820301F2B78
:10CF300088BF03F01F034FF001028CBF06484FF07B
:10CF4000A04002FA03F311B1C0F808357047C0F8E9
:10CF50000C357047CC100400000300502F2818D85F
:10CF60000D4B53F820201F2A8ABF0C494FF0A041D7
:10CF700002F01F02D1F8140501239340034214BFAD
:10CF8000D1F80425D1F81025134214BF0120002048
:10CF900070470020704700BFCC1004000003005011
:10CFA00030B401600022BFF35B8F4260BFF35B8F40
:10CFB00001688260FF254FF0FF340582C2608274F1
:10CFC000C1F8644530BC7047214B5B6809B900204B
:10CFD000704710B4BFF35B8F4368BFF35B8F994218
:10CFE00000F1040416D0BFF35B8F4368BFF35B8F7F
:10CFF00083B90368D3F86025D3F86405D2430028C9
:10D00000D3F868054FEAD272A8BF0132002805DBC9
:10D01000D3F86C3500205DF8044B7047D3F86C05ED
:10D020000028F7DA002AF5D1D3F80035002BF1D12A
:10D03000BFF35B8F54E8003F002B03D144E800129C
:10D04000002AF7D1BFF35B8F0CBF01200020E2E77D
:10D0500000ED00E01F4B5B6809B90020704710B479
:10D06000BFF35B8F4368BFF35B8F8B4200F1040417
:10D0700003D000205DF8044B70470368D3F86025A7
:10D08000D3F86405D2430028D3F868054FEAD2727A
:10D09000A8BF0132002802DBD3F86C35E9E7D3F8EA
:10D0A0006C050028E5DA002AE3D1D3F80035002B1F
:10D0B000DFD1BFF35B8F54E8003F8B4203D144E8DC
:10D0C00000200028F7D1BFF35B8F0CBF01200020A8
:10D0D000D0E700BF00ED00E008B509490948FFF7B7
:10D0E0005FFF09490948FFF75BFF09490948FFF756
:10D0F00057FF09490948BDE80840FFF751BF00BF85
:10D1000000C001409498002000100240A898002020
:10D1100000200240BC98002000D00240D09800209F
:10D1200000F108034FF0FF3100228160026043608C
:10D13000C0E90333704700BF00230361704700BF9D
:10D140004368026810B49C688C609C684B60013234
:10D15000616099605DF8044B08610260704700BF30
:10D1600030B40D686B1C11D000F1080200E01A46C3
:10D1700053681C68AC42FAD904684B60013499606A
:10D180008A6051600861046030BC7047026953686E
:10D19000F2E700BF42688168036910B4916081685A
:10D1A0005C684A601A68844208BF5960013A0021ED
:10D1B00001611A6018685DF8044B70470B46014620
:10D1C000184600F02BBE000010EE102A22F000419D
:10D1D000CB0D7F3B162B1CDC002B10EE100A21DB45
:10D1E000194919410A421CD0DFED187A70EE277AEE
:10D1F000F5EEC07AF1EE10FA13DD002A04DD4FF4EB
:10D20000000242FA03F3184420EA010300EE103A48
:10D210007047B1F1FF4F04D330EE000A70479FED25
:10D220000C0A7047DFED097A70EE277AF5EEC07AC6
:10D23000F1EE10FAF5DD002AF1DB0029F7EE007AB5
:10D2400018BFB0EE670A7047FFFF7F00CAF249714E
:10D250000000008010EE102A22F00041CB0D7F3B31
:10D26000162B1CDC002B10EE100A1EDB194919418D
:10D270000A4227D0DFED187A70EE277AF5EEC07AF1
:10D28000F1EE10FA1EDD002A04DA4FF4000242FA31
:10D2900003F3184420EA010300EE103A7047B1F19D
:10D2A000FF4F0FD330EE000A7047DFED0B7A70EEC0
:10D2B000277AF5EEC07AF1EE10FA03DD002A02DBE0
:10D2C0009FED060A70470029FFEE007A18BFB0EE06
:10D2D000670A7047FFFF7F00CAF249710000000033
:10D2E00081F0004102E000BF83F0004330B54FEA17
:10D2F00041044FEA430594EA050F08BF90EA020F84
:10D300001FBF54EA000C55EA020C7FEA645C7FEA16
:10D31000655C00F0E2804FEA5454D4EB5555B8BF39
:10D320006D420CDD2C4480EA020281EA030382EAAA
:10D33000000083EA010180EA020281EA0303362D3C
:10D3400088BF30BD11F0004F4FEA01314FF4801C0F
:10D350004CEA113102D0404261EB410113F0004F21
:10D360004FEA03334CEA133302D0524263EB4303D8
:10D3700094EA050F00F0A780A4F10104D5F1200E76
:10D380000DDB02FA0EFC22FA05F2801841F10001D1
:10D3900003FA0EF2801843FA05F359410EE0A5F1A5
:10D3A00020050EF1200E012A03FA0EFC28BF4CF0D6
:10D3B000020C43FA05F3C01851EBE37101F000458C
:10D3C00007D54FF0000EDCF1000C7EEB00006EEB99
:10D3D0000101B1F5801F1BD3B1F5001F0CD3490823
:10D3E0005FEA30004FEA3C0C04F101044FEA44527A
:10D3F00012F5800F80F09A80BCF1004F08BF5FEA01
:10D40000500C50F1000041EB045141EA050130BDE0
:10D410005FEA4C0C404141EB010111F4801FA4F183
:10D420000104E9D191F0000F04BF01460020B1FAD8
:10D4300081F308BF2033A3F10B03B3F120020CDA10
:10D440000C3208DD02F1140CC2F10C0201FA0CF0EE
:10D4500021FA02F10CE002F11402D8BFC2F1200C53
:10D4600001FA02F120FA0CFCDCBF41EA0C01904009
:10D47000E41AA2BF01EB0451294330BD6FEA040452
:10D480001F3C1CDA0C340EDC04F11404C4F120023D
:10D4900020FA04F001FA02F340EA030021FA04F34F
:10D4A00045EA030130BDC4F10C04C4F1200220FAA6
:10D4B00002F001FA04F340EA0300294630BD21FAE4
:10D4C00004F0294630BD94F0000F83F4801306BFAA
:10D4D00081F480110134013D4EE77FEA645C18BF9E
:10D4E0007FEA655C29D094EA050F08BF90EA020F35
:10D4F00005D054EA000C04BF1946104630BD91EA2D
:10D50000030F1EBF0021002030BD5FEA545C05D12F
:10D510004000494128BF41F0004130BD14F580046E
:10D520003CBF01F5801130BD01F0004545F0FE41E2
:10D5300041F470014FF0000030BD7FEA645C1ABF17
:10D54000194610467FEA655C1CBF0B46024650EA4E
:10D55000013406BF52EA033591EA030F41F400217A
:10D5600030BD00BF90F0000F04BF0021704730B500
:10D570004FF4806404F132044FF000054FF00001D5
:10D5800050E700BF90F0000F04BF0021704730B596
:10D590004FF4806404F1320410F0004548BF40426B
:10D5A0004FF000013EE700BF42004FEAE2014FEAC0
:10D5B00031014FEA02701FBF12F07F4393F07F4F9B
:10D5C00081F06051704732F07F4208BF704793F09E
:10D5D0007F4F04BF41F40021704730B54FF46074B1
:10D5E00001F0004521F000411CE700BF50EA0102B4
:10D5F00008BF704730B54FF000050AE050EA01025D
:10D6000008BF704730B511F0004502D5404261EBCC
:10D6100041014FF4806404F132045FEA915C3FF40D
:10D62000D8AE4FF003025FEADC0C18BF03325FEAAA
:10D63000DC0C18BF033202EBDC02C2F1200300FA5B
:10D6400003FC20FA02F001FA03FE40EA0E0021FA80
:10D6500002F11444BDE600BF70B54FF0FF0C4CF46E
:10D66000E06C1CEA11541DBF1CEA135594EA0C0F20
:10D6700095EA0C0F00F0DEF82C4481EA030621EA5B
:10D680004C5123EA4C5350EA013518BF52EA033596
:10D6900041F4801143F4801338D0A0FB02CE4FF048
:10D6A0000005E1FB02E506F00042E0FB03E54FF078
:10D6B0000006E1FB03569CF0000F18BF4EF0010E70
:10D6C000A4F1FF04B6F5007F64F5407404D25FEA6C
:10D6D0004E0E6D4146EB060642EAC62141EA55511F
:10D6E0004FEAC52040EA5E504FEACE2EB4F1FD0C61
:10D6F00088BFBCF5E06F1ED8BEF1004F08BF5FEADF
:10D70000500E50F1000041EB045170BD06F0004690
:10D7100046EA010140EA020081EA0301B4EB5C043D
:10D72000C2BFD4EB0C0541EA045170BD41F4801135
:10D730004FF0000E013C00F3AB8014F1360FDEBF5A
:10D74000002001F0004170BDC4F10004203C35DA36
:10D750000C341BDC04F11404C4F1200500FA05F3B9
:10D7600020FA04F001FA05F240EA020001F000425A
:10D7700021F0004110EBD37021FA04F642EB0601D0
:10D780005EEA430E08BF20EAD37070BDC4F10C04FA
:10D79000C4F1200500FA04F320FA05F001FA04F2BE
:10D7A00040EA020001F0004110EBD37041F10001AA
:10D7B0005EEA430E08BF20EAD37070BDC4F12005B5
:10D7C00000FA05F24EEA020E20FA04F301FA05F21D
:10D7D00043EA020321FA04F001F0004121FA04F2C5
:10D7E00020EA020000EBD3705EEA430E08BF20EA95
:10D7F000D37070BD94F0000F0FD101F000464000CF
:10D8000041EB010111F4801F08BF013CF7D041EA50
:10D81000060195F0000F18BF704703F00046520054
:10D8200043EB030313F4801F08BF013DF7D043EA25
:10D830000603704794EA0C0F0CEA135518BF95EADB
:10D840000C0F0CD050EA410618BF52EA4306D1D162
:10D8500081EA030101F000414FF0000070BD50EA81
:10D86000410606BF1046194652EA430619D094EA0B
:10D870000C0F02D150EA013613D195EA0C0F05D1F5
:10D8800052EA03361CBF104619460AD181EA030149
:10D8900001F0004141F0FE4141F470014FF0000001
:10D8A00070BD41F0FE4141F4780170BD70B54FF09C
:10D8B000FF0C4CF4E06C1CEA11541DBF1CEA13551C
:10D8C00094EA0C0F95EA0C0F00F0A7F8A4EB0504FE
:10D8D00081EA030E52EA03354FEA013100F08880F5
:10D8E0004FEA03334FF0805545EA131343EA1263BE
:10D8F0004FEA022245EA111545EA10654FEA002673
:10D900000EF000419D4208BF964244F1FD0404F52B
:10D91000407402D25B084FEA3202B61A65EB030587
:10D920005B084FEA32024FF480104FF4002CB6EB44
:10D93000020E75EB030E22BFB61A754640EA0C00C4
:10D940005B084FEA3202B6EB020E75EB030E22BF04
:10D95000B61A754640EA5C005B084FEA3202B6EB45
:10D96000020E75EB030E22BFB61A754640EA9C0004
:10D970005B084FEA3202B6EB020E75EB030E22BFD4
:10D98000B61A754640EADC0055EA060E18D04FEA92
:10D99000051545EA16754FEA06164FEAC30343EA32
:10D9A00052734FEAC2025FEA1C1CC0D111F4801FFF
:10D9B0000BD141EA00014FF000004FF0004CB6E7F8
:10D9C00011F4801F04BF01430020B4F1FD0C88BF97
:10D9D000BCF5E06F3FF6AFAEB5EB030C04BFB6EBA2
:10D9E000020C5FEA500C50F1000041EB045170BD95
:10D9F0000EF0004E4EEA113114EB5C04C2BFD4EBC2
:10DA00000C0541EA045170BD41F480114FF0000E45
:10DA1000013C90E645EA060E8DE60CEA135594EAC1
:10DA20000C0F08BF95EA0C0F3FF43BAF94EA0C0FC4
:10DA30000AD150EA01347FF434AF95EA0C0F7FF439
:10DA400025AF104619462CE795EA0C0F06D152EA8D
:10DA500003353FF4FDAE1046194622E750EA410671
:10DA600018BF52EA43067FF4C5AE50EA41047FF482
:10DA70000DAF52EA43057FF4EBAE12E74FEA4102E5
:10DA8000B2F1E04324BFB3F5001CDCF1FE5C0DD91C
:10DA900001F0004C4FEAC0024CEA5070B2F1004F66
:10DAA00040EB830008BF20F00100704711F0804F69
:10DAB00021D113F13872BCBF01F00040704741F42E
:10DAC00080114FEA5252C2F11802C2F1200C10FA32
:10DAD0000CF320FA02F018BF40F001004FEAC12316
:10DAE0004FEAD32303FA0CFC40EA0C0023FA02F3BA
:10DAF0004FEA4303CCE77FEA625307D150EA013390
:10DB00001EBF4FF0FE4040F44000704701F000405F
:10DB100040F0FE4040F40000704700BF53B94AB9DE
:10DB2000002908BF00281CBF4FF0FF314FF0FF3025
:10DB300000F072B9ADF1080C6DE904CE00F006F802
:10DB4000DDF804E0DDE9022304B070472DE9F04779
:10DB5000089E04468846002B4BD18A42154667D959
:10DB6000B2FA82F24AB1C2F1200701FA02F320FAB6
:10DB700007F7954047EA030894404FEA154E230CF7
:10DB8000B8FBFEF71FFA85FC0EFB178843EA084333
:10DB900007FB0CF1994209D9EB1807F1FF3080F02F
:10DBA0001B81994240F21881023F2B445B1AA4B2B8
:10DBB000B3FBFEF00EFB103344EA034400FB0CFC05
:10DBC000A44509D92C1900F1FF3380F00781A44541
:10DBD00040F2048102382C4440EA0740A4EB0C04D4
:10DBE00000271EB1D4400023C6E900433946BDE8F2
:10DBF000F0878B4209D9002E00F0EB800027C6E9A0
:10DC0000000138463946BDE8F087B3FA83F7002FA4
:10DC100047D18B4202D3824200F2FA80841A61EB30
:10DC2000030301209846002EE0D0C6E90048DDE756
:10DC300002B9FFDEB2FA82F2002A40F08F80491B5F
:10DC40004FEA154E1FFA85F80127B1FBFEFC230CA5
:10DC50000EFB1C1143EA014308FB0CF1994207D962
:10DC6000EB180CF1FF3002D2994200F2CD808446CD
:10DC7000591AA3B2B1FBFEF00EFB101443EA0444A0
:10DC800008FB00F8A04507D92C1900F1FF3302D298
:10DC9000A04500F2B6801846A4EB080440EA0C4008
:10DCA0009FE7C7F1200CBB4022FA0CFE4EEA030EA0
:10DCB00001FA07F420FA0CF521FA0CF34FEA1E489A
:10DCC0002543B3FBF8F92C0C08FB19331FFA8EFA25
:10DCD00044EA034309FB0AF49C4202FA07F200FA01
:10DCE00007F10BD91EEB030309F1FF3080F08780A9
:10DCF0009C4240F28480A9F1020973441B1BADB21F
:10DD0000B3FBF8F008FB103345EA034400FB0AFAC2
:10DD1000A24508D91EEB040400F1FF336BD2A245E3
:10DD200069D90238744440EA0940A0FB0289A4EB97
:10DD30000A044C45C2464B4654D351D0002E69D0FC
:10DD4000B1EB0A0564EB030404FA0CFCFD40FC4053
:10DD50004CEA0505C6E90054002747E7C2F1200355
:10DD600020FA03F7954001FA02F021FA03F34FEA93
:10DD7000154E3843010CB3FBFEF71FFA85F80EFB76
:10DD8000173341EA034107FB08F38B4204FA02F41C
:10DD900007D9691807F1FF3C2FD28B422DD9023FDA
:10DDA0002944CB1A81B2B3FBFEF00EFB103341EADB
:10DDB000034100FB08F38B4207D9691800F1FF3CCF
:10DDC00017D28B4215D902382944C91A40EA0747AD
:10DDD0003BE73746304609E70746E7E61846FBE6E5
:10DDE0004145ABD2B8EB020A69EB0E02013813468B
:10DDF000A4E76046E9E7184695E76746D1E781461C
:10DE00007CE702382C4447E7ACF1020C2B442FE7A7
:10DE1000384608E73746E9E6704700BF10B5054CBD
:10DE200013462CB10A4601460220AFF3008010BD14
:10DE30002046FCE700000000014B1868704700BF57
:10DE40001862002008B5074B044613B10021AFF358
:10DE50000080054B1868836A03B19847204602F09A
:10DE6000DFF900BF00000000F411040070B50D4E92
:10DE70000D4CA41BA4100025A54209D10B4E0C4C3F
:10DE800002F0D0F9A41BA4100025A54205D170BD55
:10DE900056F8253098470135EEE756F82530984773
:10DEA0000135F2E7E8630020E8630020E863002022
:10DEB00018640020024B0146186800F0F9B800BF52
:10DEC00018620020024B0146186800F0A3B800BF9A
:10DED0001862002082B001B901A942B14BB1137898
:10DEE0000B601278101C18BF012002B0704710465A
:10DEF000FBE76FF00100F8E7000000000000000001
:10DF000001F0FF01102A2BDB10F0070F08D010F8EA
:10DF1000013B013A8B422DD010F0070F42B3F6D1EE
:10DF2000F0B441EA012141EA014122F007047FF007
:10DF300000070023F0E80256083C85EA010586EA5E
:10DF4000010685FA47F5A3FA87F586FA47F6A5FA9A
:10DF500087F68EB9EED1F0BC01F0FF0102F00702A6
:10DF600032B110F8013B013A83EA010313B1F8D151
:10DF70000020704701387047002D06BF3546033832
:10DF8000073815F0010F07D1013015F4807F02BF6B
:10DF9000013015F4C03F0130F0BC0138704700BFBC
:10DFA00010B5431E0A44914200D110BD11F8014B37
:10DFB00003F8014FF7E7884210B501EB020307D8D9
:10DFC000421E99420AD011F8014B02F8014FF8E7BE
:10DFD0008342F5D98118D21AD34200D110BD13F86B
:10DFE000014D01F8014DF7E702440346934200D189
:10DFF000704703F8011BF9E738B502FB01F421462D
:10E0000000F056F8054618B122460021FFF7ECFF54
:10E01000284638BD38B50546002945D051F8043C9E
:10E020000C1F002BB8BFE41801F0D8FB1F4A13687F
:10E03000104633B9636014602846BDE8384001F0EB
:10E04000CEBBA3420CD921686218934204BF1A6860
:10E050005B68636004BF521822600460ECE71346FB
:10E060005A680AB1A242FAD919685818A0420BD1CD
:10E0700020680144581882421960DDD11068526846
:10E080005A6001441960D7E702D90C232B60D3E70B
:10E09000206821188A4204BF11685268626004BF78
:10E0A000091821605C60C7E738BD00BFE498002014
:10E0B00070B5CD1C25F0030508350C2D38BF0C2597
:10E0C000002D064601DBA94203D90C233360002052
:10E0D00070BD01F083FB214A1468214691B9204CA0
:10E0E00023681BB9304600F0A1FC20602946304669
:10E0F00000F09CFC431C24D10C233360304601F01B
:10E100006EFBE4E70B685B1B18D40B2B0FD90B607D
:10E11000CD50CC18304601F062FB04F10B00231DFA
:10E1200020F00700C31AD3D05A42E250D0E78C4205
:10E130004B6816BF636013600C46EBE70C464968FA
:10E14000CCE7C41C24F00304A04205D0211A3046B9
:10E1500000F06CFC0130CFD02560DBE7E4980020B4
:10E16000E89800202DE9FF4755EC104B0D9FDDF896
:10E1700030A0002D0E4691461946B8BF22462B46C8
:10E1800027F02007BBBF05F100431D4600232D23C8
:10E19000B8BF1446462F0B7004D0452F00D101366E
:10E1A000022100E0032103AB019302AB009332464E
:10E1B000534645EC104B00F04BFD472F804602D1F3
:10E1C00019F0010F26D0462F08EB060911D198F857
:10E1D0000030302B0AD1002200232046294601F0CE
:10E1E000AFFF18B9C6F10106CAF80060DAF80030CE
:10E1F0009944002200232046294601F0A1FF38B9A6
:10E200003022039B4B4505D2591C03911A70F8E745
:10E21000CDF80C90039B0E9AA3EB080340461360C5
:10E2200004B0BDE8F087F7B500290446BABF4942FB
:10E230002D232B23092904F8022B437020DD0DF137
:10E2400007031F460A2691FBF6F506FB1511303130
:10E25000092D03F8011C03F1FF32294609DC303196
:10E26000023B02F8011CBB42224604D3101A03B041
:10E27000F0BD1346E7E713F8012B04F8012BF2E792
:10E28000302319448370021DC170EFE72DE9F04F70
:10E290008DB00C46DDF8588016461F46054601F045
:10E2A0008FFA03680493184600F0D8FB00230A9302
:10E2B000D8F800300590073323F0070303F1080274
:10E2C00094F818A0D4F800B0C8F80020D3E90023CF
:10E2D000C4E91223D4E9128929F000430793CDF849
:10E2E00018804FF0FF32A74BDDE9060101F05AFF1D
:10E2F00070BB4FF0FF32A34BDDE9060101F034FFA4
:10E3000030BB002200234046494601F023FF10B1F4
:10E310002D2384F843309C4A9C4BBAF1470F8CBFA5
:10E320009046984603232BF00402236122604FF0AD
:10E330000009009733460BAA2146284600F0E6F96B
:10E34000013040F08D804FF0FF300DB0BDE8F08F10
:10E3500042464B464046494601F024FF10B18C4AE4
:10E360008C4BDAE761684B1C4BF480620AA83ED103
:10E37000062363600023CDE9020309AB009349EC57
:10E38000108B0DF123032260CDF804A061682846AC
:10E39000FFF7E8FE0AF0DF03472B804609D1099B0F
:10E3A000D81C02DB6268934247DDAAF1020A5FFAD9
:10E3B0008AFABAF1650F099924D80139524604F155
:10E3C00050000991FFF72FFF0A9A1318012A81467E
:10E3D000236102DC2268D10701D5013323619DF856
:10E3E0002330002BA5D02D2384F84330A1E7BAF1C8
:10E3F000670F00F07781BAF1470FBBD10029B9D17F
:10E400000123B6E7BAF1660F19D1002963680CDD64
:10E41000216113B92268D20702D501330B4423616D
:10E42000099BA3654FF00009D9E713B92268D0070B
:10E4300001D50233F3E70123F1E74FF0670ADDE985
:10E440000932934205DB22682361D107E8D5013305
:10E45000E5E7002BD4BFC3F1020301231344DEE739
:10E4600023685A0507D42369424631462846B847EF
:10E4700001302BD167E7BAF1650F40F2DC80002252
:10E480000023D4E9120101F05BFE002833D0012300
:10E49000414A31462846B84701303FF454AFDDE9E0
:10E4A00009239A4202DB2368D8070FD5DDE904234C
:10E4B00031462846B84701303FF445AF4FF00008D9
:10E4C00004F11A090A9B013B434509DC23689B07B9
:10E4D00000F10381E0680B9B9842B8BF184634E70F
:10E4E00001234A4631462846B84701303FF42BAF56
:10E4F00008F10108E6E7099B002B2BDC0123264AE3
:10E5000031462846B84701303FF41DAF099B23B977
:10E510000A9B13B92368D907D8D5DDE9042331460E
:10E520002846B84701303FF40EAF4FF0000904F120
:10E530001A0A099B5B424B4501DC0A9B94E70123C5
:10E54000524631462846B84701303FF4FCAE09F147
:10E550000109EEE70A9AA36D9A42A8BF1A46002A5B
:10E56000914607DD1346314642462846B8470130FA
:10E570003FF4E9AE04F11A034FF0000B29EAE97900
:10E58000069315E0FFFFEF7F06120400021204005D
:10E590000E1204000A120400121204000123069A4B
:10E5A00031462846B84701303FF4CDAE0BF1010BA0
:10E5B000D4F858A0AAEB09035B45EFDCDDE9092399
:10E5C0009A42D04415DB2368DA0712D40A9B0999D2
:10E5D000A3EB0A02A3EB010A9245A8BF9246BAF147
:10E5E000000F0EDC4FF000082AEAEA7A04F11A095B
:10E5F00019E0DDE9042331462846B8470130E5D16A
:10E60000A1E65346424631462846B8470130E9D193
:10E6100099E601234A4631462846B84701303FF47F
:10E6200092AE08F10108DDE909239B1AA3EB0A0366
:10E630004345EEDC4AE70A9A012A01DCDB073AD5BA
:10E640000123424631462846B84701303FF47BAEAD
:10E65000DDE9042331462846B847013008F10108B6
:10E660003FF471AE0A9B002203F1FF3AD4E9120194
:10E67000002301F065FDC8B953464246314628469D
:10E68000B84701300ED15EE6012352463146284696
:10E69000B84701303FF457AE08F101080A9B013B2F
:10E6A0004345F1DC4B4604F15002DEE64FF0000832
:10E6B00004F11A0AF2E70123DFE701234A46314653
:10E6C0002846B84701303FF43EAE08F10108E36840
:10E6D0000B9A9B1A4345F0DCFCE64FF0000804F16E
:10E6E0001909F4E700293FF48BAE0023CDE90203BA
:10E6F00009AB009349EC108B2260CDF804A00DF11A
:10E7000023032846FFF72EFD804648E62DE9F04713
:10E7100091461F468A680B69DDF820809342B8BF96
:10E720001346C9F8003091F8432006460C4612B152
:10E730000133C9F800302368990642BFD9F8003088
:10E740000233C9F80030256815F0060507D104F139
:10E75000190AE368D9F800209B1AAB4228DC94F828
:10E7600043302268003318BF012392062DD404F1F0
:10E77000430239463046C047013020D02368E5685F
:10E78000D9F8002003F00603042B08BFAD1AA368D4
:10E7900022690CBF25EAE57500259342C4BF9B1A88
:10E7A000ED184FF000091A344D451AD1002008E049
:10E7B0000123524639463046C047013003D14FF05D
:10E7C000FF30BDE8F0870135C3E7E1185A1C30205F
:10E7D00081F84300224494F8451082F84310023334
:10E7E000C5E70123224639463046C0470130E6D00E
:10E7F00009F10109D8E700002DE9F04301F1430CCC
:10E800000C46097E85B06E291746064698460C9A36
:10E8100000F0B38022D8632936D00AD8002900F04E
:10E82000B980582900F0838004F1420584F8421031
:10E8300032E0642901D06929F6D120681368050601
:10E8400003F104012AD51B681160002B03DA2D2285
:10E850005B4284F843206F480A2239E0732900F0B4
:10E860009D8008D86F2920D07029DDD1236843F01E
:10E870002003236003E0752917D07829D4D17823A9
:10E8800084F84530644855E01368191D1B68116011
:10E8900004F1420584F8423001238CE01B681160CA
:10E8A00010F0400F18BF1BB2CFE713682568181D82
:10E8B0001060280601D51B6802E06806FBD51B889E
:10E8C00054486F2914BF0A220822002184F84310FB
:10E8D0006568A560002DC0F29580216821F00401D3
:10E8E0002160002B3DD1002D40F08E806546082A26
:10E8F0000BD12368DB0708D5236962689A42DEBF23
:10E90000302305F8013C05F1FF35ACEB050323612D
:10E91000CDF800803B4603AA21463046FFF7F6FEBD
:10E9200001304DD14FF0FF3005B0BDE8F0833948DC
:10E9300084F84510136821681D1D1B6815600A06C0
:10E940000BD5CA0744BF41F0200121601BB92268E2
:10E9500022F0200222601022B7E74D0648BF9BB28A
:10E96000EFE76546B3FBF2F102FB1133C35C05F838
:10E97000013D0B460029F5D1B9E7136825686169A7
:10E98000181D106028061B6801D5196002E06A0690
:10E99000FBD51980002323616546B9E71368191D6B
:10E9A00011601D68626800212846FFF7A9FA08B1C6
:10E9B000401B606063682361002384F84330A7E74D
:10E9C00023692A4639463046C0470130AAD0236819
:10E9D0009B0713D4E068039B9842B8BF1846A3E78F
:10E9E00001234A4639463046C04701309AD00135A6
:10E9F000E368039A9B1AAB42F2DCEBE7002504F1D3
:10EA00001909F5E7002BACD1037884F8423004F102
:10EA100042056CE71412040025120400024B0A465A
:10EA20000146186801F0B8B91862002038B5064CE4
:10EA30000023054608462360FDF7F4F9431C02D184
:10EA4000236803B12B6038BD0C990020034611F8F0
:10EA5000012B03F8012B002AF9D17047034613F864
:10EA6000012B002AFBD1181A0138704710B56AB182
:10EA70000139841810F8013B11F8012F934203D19A
:10EA8000A04201D0002BF5D1981A10BD1046FCE72A
:10EA900010B5034601448B4202D01A785C1C0AB9B7
:10EAA000181A10BD2346F6E730B5141E05469BB074
:10EAB000184605DA8B232B604FF0FF301BB030BDBA
:10EAC0004FF40273ADF80C3014BF04F1FF3323464A
:10EAD000029305934FF6FF7300910491ADF80E3049
:10EAE00002461E9B6946284601F0D6F9431CBCBF6E
:10EAF0008B232B60002CE1D0009B00221A70DDE7F5
:10EB000007B5009313460A46014603480068FFF71D
:10EB1000CBFF03B05DF804FB1862002049B1FF2A67
:10EB200085BF8A2303600A704FF0FF3098BF012031
:10EB30007047084670472DE9F74F03690C69A342F7
:10EB40008046C0F28280013C01F114074FEA840C38
:10EB500000F1140657F8245056F8240006EB0C0375
:10EB6000013507EB0C090193B0FBF5F595B34FF0B8
:10EB7000000A3846B646D34650F8042B93B205FB3C
:10EB800003A34FEA134A9BB2ABEB0303120CDEF86C
:10EB900000B005FB02A213FA8BF34FEA124A1FFAE8
:10EBA00082FBDEF80020CBEB124202EB23429BB249
:10EBB00043EA024381454FEA224B4EF8043BDBD245
:10EBC00056F80C3033B9019B043B9E421A4630D3B1
:10EBD000C8F81040404601F019F8002825DB01353F
:10EBE00030464FF0000C57F8042BD0F800E093B2F9
:10EBF000ACEB0303120C13FA8EF3C2EB1E4202EBD2
:10EC000023429BB243EA0243B9454FEA224C40F803
:10EC1000043BE8D256F8242006EB84032AB9043BCF
:10EC20009E421A460BD3C8F81040284603B0BDE8F0
:10EC3000F08F1268043B002ACAD1013CC5E7126874
:10EC4000043B002AEFD1013CEAE70020EEE7000098
:10EC50002DE9F04F57EC106B97B0456A06910446CA
:10EC60000B921293DDF88080CDE900673DB910204A
:10EC7000FAF71CFE6062C0E901550560C560636A71
:10EC8000196851B15A684A60012393408B6020464D
:10EC900000F0DAFD636A00221A603B1EBBBF23F05E
:10ECA0000043019300230122ACBFC8F80030C8F82C
:10ECB0000020AF4BDDF8048033EA080314D1129A28
:10ECC00042F20F731360009B23B9C8F313000028AE
:10ECD00000F04285219BDFF8ACB2002B00F04485A8
:10ECE0000BF1030300F03EBDDDE9006700220023C5
:10ECF0003046394601F024FA814668B1129A012360
:10ED00001360219B002B00F024859A4B219A03F17C
:10ED1000FF3B136000F028BD14AA15A947EC106B47
:10ED2000204600F0EAFFC8F30A550490002D7CD07D
:10ED3000C7F3130343F07F5BB2464BF4401BA5F2CD
:10ED4000FF35CDF84C9000228B4B50465946FEF7CC
:10ED5000CBFA81A3D3E90023FEF77EFC80A3D3E99D
:10ED60000023FEF7C3FA064628460F46FEF70AFCC4
:10ED70007DA3D3E90023FEF76FFC02460B46304625
:10ED80003946FEF7B3FA06460F4601F021FA002293
:10ED9000824600233046394601F0DCF948B150463E
:10EDA000FEF7F0FB32463B4601F0CAF908B90AF11A
:10EDB000FF3ABAF1160F59D8704901EBCA01DDE9E3
:10EDC0000023D1E9000101F0E3F9002850D00AF155
:10EDD000FF3A00230F93149B5D1BB5F1010849BF57
:10EDE000C5F10103002305934FF0000858BF0593B8
:10EDF000BAF1000F3EDB0023D044CDF838A00793D2
:10EE0000069B092B00F29080052BC4BF043B0693A0
:10EE1000069BA3F10203CCBF00250125032B00F2C2
:10EE20008F80DFE803F07D7F3171DDE914531D44ED
:10EE300005F23240202813DDC0F14000009B08FAA3
:10EE400000F805F2124023FA00F048EA0000FEF74D
:10EE500089FB01238246A1F1F87B013D139372E700
:10EE6000009BC0F1200003FA00F0F0E70123B1E7B6
:10EE70000F90B0E7059BA3EB0A030593CAF10003CB
:10EE8000079300230E93BBE701230A930B9B002BF0
:10EE900059DD02939946666A00227260042202F1EB
:10EEA00014009842716853D9204600F099FC636AB7
:10EEB0003060B9F10E0FD3F800B000F2E680002DFB
:10EEC00000F0E3809DED007BBAF1000F8DED107B2B
:10EED00074DD2A4A0AF00F0302EBC30393ED007BB3
:10EEE0004FEA2A16F0068DED087B65D5244BDDE947
:10EEF0001001D3E90823FEF7D9FCCDE9000106F0A3
:10EF00000F0603251E4F4CE001230A930B9B53442D
:10EF100003F1010902934B46012BB8BF0123BAE765
:10EF20000023B2E70023F0E70125002306930A95AA
:10EF30004FF0FF3302939946002212230B92AAE767
:10EF400001230A93F4E70123029399461A46F5E751
:10EF5000013171605200A2E761436F63A787D23F1E
:10EF6000B3C8608B288AC63FFB799F501344D33FB8
:10EF70000000F07F131204000000F83FD0130400DB
:10EF8000A813040040130400F10708D5DDE90801C7
:10EF9000D7E90023FEF760FBCDE9080101357610C3
:10EFA0000837002EF0D1DDE90823DDE90001FEF786
:10EFB0007DFCCDE900011AE00225A3E700F0A08066
:10EFC000CAF100069F4BA04F06F00F0203EBC203ED
:10EFD000D3E90023DDE91001FEF73EFBCDE9000196
:10EFE000361100230225002E7FD1002BE1D10F9B8B
:10EFF000002B00F08780DDE900670022934B30464C
:10F00000394601F0A7F800287CD0B9F1000F79D07B
:10F01000029B002B35DD0AF1FF33089339460022AD
:10F020008B4B3046FEF718FBCDE90001029F0135FE
:10F030002846FEF7A7FADDE90023FEF70DFB0022C4
:10F04000844BFEF753F90546A1F15076002F5DD1B0
:10F050000022814BDDE90001FEF746F92A463346DE
:10F06000CDE9000101F094F8002840F088822A469A
:10F0700006F10043DDE9000101F06CF8002840F0E2
:10F080007C82DDE91023CDE90023159B002BC0F223
:10F090005081BAF10E0F00F34C816A4B03EBCA03A7
:10F0A00093ED007B0B9B002B8DED027B80F2D880D3
:10F0B000B9F1000F00F3D48040F05E820022664B6D
:10F0C00051EC170BFEF7C8FADDE9002301F056F802
:10F0D0004F464E46002840F0348231230BF10105A3
:10F0E0008BF800300AF1010A2FE2F20705D5D7E9C3
:10F0F0000023FEF7B1FA013501237610083772E7D5
:10F10000022574E7CDF820A04F4691E74D4B03EB65
:10F11000C70353E902010A9B002B47D002460B4666
:10F1200000204E49FEF7C2FB2A463346FEF7DCF8C4
:10F13000CDE90C015D46DDE9000101F049F8064624
:10F14000FEF720FA02460B46DDE90001FEF7CCF897
:10F15000303605F8016BDDE90C23CDE9000100F044
:10F16000F9FF002863D1DDE9002300203749FEF7CD
:10F17000BBF8DDE90C2300F0EDFF002840F0B7807C
:10F18000A5EB0B039F427FF77CAF0022304BDDE9FC
:10F190000C01FEF761FA0022CDE90C012C4BDDE9F0
:10F1A0000001FEF759FACDE90001C4E72A463346CB
:10F1B000FEF752FACDE90C010BEB07055E46DDE9DF
:10F1C000000101F005F80746FEF7DCF9303702468A
:10F1D0000B46DDE90001FEF787F806F8017BAE4239
:10F1E000CDE900014FF0000226D11C4BDDE90C01F6
:10F1F000FEF77CF802460B46DDE9000100F0C8FF8F
:10F20000002874D1DDE90C2300201449FEF76CF8C6
:10F2100002460B46DDE9000100F09CFF00283FF4A8
:10F2200030AF15F8013C302B05F1FF3202D0DDF88C
:10F2300020A04AE01546F4E7054BFEF70DFACDE9AC
:10F240000001BCE7D0130400A81304000000F03F45
:10F250000000244000001C40000014400000E03F7B
:10F26000DDE900675D46DDE9022330463946FEF7F9
:10F270001DFB00F0ADFF8046FEF784F9DDE90223B7
:10F28000FEF7EAF902460B463046394608F13006E9
:10F29000FEF72AF805F8016BA5EB0B06B14502460F
:10F2A0000B4639D1FEF722F8DDE9022306460F4668
:10F2B00000F06EFFC8B9DDE902233046394600F0A0
:10F2C0003FFF10B118F0010F0FD10499204600F054
:10F2D000BBFA0023129A2B700AF101031360219BE1
:10F2E000002B00F041821D603EE2CDF820A015F811
:10F2F000012C392A05F1FF3308D19B450AD1089B1F
:10F300000133089330238BF800305B461A780132C2
:10F310001A708CE71D46EAE700229B4BFEF79CF92A
:10F320000022002306460F4600F00AFF00289AD06C
:10F33000CBE70A9A002A00F08B80069A012A6EDC3D
:10F34000139A002A67D003F23343079F059D059A5D
:10F3500001211A4420460592984400F015FB064608
:10F36000002D0CDDB8F1000F09DD4545059A2B464F
:10F37000A8BF4346D21A0592ED1AA8EB0308079BD3
:10F38000EBB10A9B002B67D08FB131463A4620463D
:10F3900000F09AFB049A01460646204600F0FDFA6A
:10F3A00004990890204600F04FFA089B0493079BAD
:10F3B000DA1B04D00499204600F086FB049001215A
:10F3C000204600F0E1FA0E9B0746002B00F0D081AA
:10F3D0001A460146204600F077FB069B012B0746A4
:10F3E00040DC009B002B39D1019BC3F31303002B9E
:10F3F00036D1019B23F000431B0D1B052BB1059B50
:10F400000133059308F10108012307930E9B002B9C
:10F410002AD1012030E0149BC3F1360395E7079B06
:10F4200009F1FF37BB42BFBF079B0797FA1A0E9B34
:10F43000BBBF9B180E93DF1B0027B9F1000FB5BFB0
:10F44000059B059DA3EB09054B46B8BF00237EE74E
:10F45000079F059D0A9E83E7079AABE70023D4E741
:10F46000009BD2E7002307933B6907EB83031869EE
:10F4700000F03CFAC0F12000404410F01F0047D0DB
:10F48000C0F12003042B3BDD059BC0F11C000344AD
:10F49000059305448044059B002B05DD1A4604991D
:10F4A000204600F05FFB0490B8F1000F05DD3946FF
:10F4B0004246204600F056FB07460F9B53B33946A1
:10F4C000049800F0A3FB002824DA00230A22049900
:10F4D000204600F0D0F90A9B04900AF1FF3A002B75
:10F4E00000F04D81002331460A22204600F0C3F986
:10F4F000029B002B06464FDC069B022B4CDD11E0E5
:10F50000C9D0059A1C331A4405921D449844C2E799
:10F510000346F6E7B9F1000F38DC069B022B35DD18
:10F52000CDF80890029B63B939460522204600F0C9
:10F53000A2F901460746049800F068FB00283FF74F
:10F54000CCAD0B9B5D466FEA030A4FF000093946CC
:10F55000204600F079F9002E3FF4B7AEB9F1000F64
:10F5600005D0B14503D04946204600F06DF931463B
:10F57000204600F069F9A8E600273E46E1E7DDF8FD
:10F5800020A03E46A9E500BF000024400A9BCDF81C
:10F590000890002B00F0FA80002D05DD31462A4648
:10F5A000204600F0DFFA0646079B002B4CD071681E
:10F5B000204600F015F9326902320546920006F144
:10F5C0000C010C30FEF7ECFC01222946204600F02D
:10F5D000C9FA009BCDF814B003F00103B1460793BC
:10F5E000064639460498FFF7A6FA4946054600F153
:10F5F0003008049800F00AFB324600903946204655
:10F6000000F01EFBC368024603BB01460890049845
:10F6100000F0FCFA089A034611462046089300F0D1
:10F6200013F9089BA3B9069A92B9079A82B9B8F15F
:10F63000390F29D0009B002B01DD05F13108059B16
:10F640005D1C83F8008082E73046C2E70123E3E7D0
:10F65000009A002A04DB25D1069A1ABB079A0ABB36
:10F66000002BECDD01220499204600F07BFA39469C
:10F67000049000F0CBFA002803DCE0D118F0010F71
:10F68000DDD0B8F1390FD8D1059B059A5D1C39231F
:10F69000137015F8013C392B05F1FF324FD00133BF
:10F6A000137054E7059A002B02F1010506DDB8F14D
:10F6B000390FE9D008F10108059BC2E7029A05F865
:10F6C000018CA5EB0B03934221D000230A2204995D
:10F6D000204600F0D0F8B14504904FF000034FF001
:10F6E0000A024946204605D100F0C5F88146064683
:10F6F000059576E700F0BFF83146814600230A22DF
:10F70000204600F0B8F80646F2E74FF00009012263
:10F710000499204600F026FA3946049000F076FA63
:10F720000028B6DC02D118F0010FB2D115F8013C67
:10F73000302B05F1FF327FF40AAF1546F6E793450B
:10F7400005D131230AF1010A8BF80030FFE6154696
:10F750009FE7DFF864B007E0219BDFF860B01BB1E2
:10F760000BF10803219A1360584617B0BDE8F08FDB
:10F77000069B012B7FF735AE0E9B079349E6029B54
:10F78000002B03DC069B022B3FF7CCAE5D463946CF
:10F790000498FFF7D0F900F1300805F8018B029AC0
:10F7A000A5EB0B039A42B0DD00230A220499204600
:10F7B00000F061F80490EAE7121204003713040025
:10F7C000044B1B68186A044B002808BF1846F03029
:10F7D000704700BF186200207C62002070477047AD
:10F7E00070B5456A04460E463DB91020FAF75EF83A
:10F7F0006062C0E901550560C560656AEB6883B168
:10F80000636ADB6853F82600B8B9012101FA06F5EE
:10F810006A1D92002046FEF7EFFB60B1C0E901656A
:10F820000EE0212204212046FEF7E6FB636AE86031
:10F83000DB68002BE4D1002070BD026843F826206D
:10F840000023C0E90333F7E770B5446A06460D4666
:10F850003CB91020FAF72AF87062C0E9014404604C
:10F86000C4603DB1736A6A68DB6853F8221029608E
:10F8700043F8225070BD2DE9F0410D691F46064640
:10F880000C4601F1140C0023DCF8000081B202FBED
:10F8900001710F0C000C02FB007089B2013301EB07
:10F8A00000419D424FEA10474CF8041BECDCD7B1F5
:10F8B000A368AB4212DC616830460131FFF790FF6C
:10F8C0002269023204F10C01804692000C30FEF7EE
:10F8D00067FB21463046FFF7B7FF444604EB85033C
:10F8E00001355F6125612046BDE8F081020C1204FC
:10F8F0000346B2B90304102013F07F4F04BF1B026C
:10F90000083013F0704F04BF1B01043013F0404F58
:10F9100004BF9B000230002B06DB5B0003D50130E7
:10F9200070470020E8E720207047036813F00702C3
:10F9300001460BD0DA0723D4980749BF5B089B0820
:10F9400001200B605CBF0B600220704798B2A8B921
:10F950001B0C102013F0FF0F04BF1B0A08301A07FE
:10F9600004BF1B0904309A0704BF9B080230DA0762
:10F9700002D45B0806D001300B6070471046E9E7FF
:10F98000002070472020704710B50C460121FFF77A
:10F9900027FF01224461026110BD2DE9F74F144693
:10F9A0000A6923699A42B8BF0B468846BCBFA04685
:10F9B0001C46D8F81070D4F81090D8F80830D8F851
:10F9C000041007EB0906B342B8BF0131FFF708FF87
:10F9D00000F1140505EB860E2B460022734516D365
:10F9E00004F1140208F1140102EB890301EB87070B
:10F9F0000093009B019293420CD8002E03DD5EF829
:10FA0000043D002B5DD0066103B0BDE8F08F43F8E4
:10FA1000042BE3E7B2F800B0BBF1000F23D0894616
:10FA2000AC464FF0000859F8044BDCF800A0A3B234
:10FA30001FFA8AFA0BFB03A34FEA144ADCF80040D2
:10FA400043444FEA14480BFB0A8404EB1344E24698
:10FA50009BB243EA04434F454FEA14484AF8043B3B
:10FA60002BD8CCF80480019BB3F802A00432BAF181
:10FA7000000F20D02B688946A8464FF0000BB9F83C
:10FA800000C0B8F802400AFB0C445C44C4469BB278
:10FA900043EA04434CF8043B59F8043BB8F804B07B
:10FAA0001B0C0AFB03B303EB14434F454FEA134B04
:10FAB00005D8C8F8043004359BE7D446B3E7E046E0
:10FAC000DDE7013E99E700002DE9F843154612F005
:10FAD000030206460F4607D0013A214C002354F892
:10FAE0002220FFF7C8FE0746AD1035D0746A3CB936
:10FAF0001020F9F7DBFE7062C0E901440460C460C5
:10FB0000D6F82480D8F808404CB940F2712130462C
:10FB1000FFF73AFF0023C8F80800044603604FF0DF
:10FB20000008EB070AD5394622463046FFF735FF75
:10FB3000394681463046FFF787FE4F466D100BD0A1
:10FB4000206838B9224621463046FFF726FF20605C
:10FB5000C0F800800446E4E73846BDE8F88300BFFB
:10FB6000981404002DE9F0470C464FEA621A236905
:10FB700049680AEB0309A3680746164609F101051F
:10FB8000AB4232DB3846FFF72BFE0023804600F104
:10FB900014011A4653452BDB20692AEAEA7A04F15C
:10FBA000140316F01F0201EB8A0103EB800C25D031
:10FBB000C2F1200E00201E688A46964030434AF863
:10FBC000040B53F8040B9C4520FA0EF014D848603F
:10FBD00008B109F10205013D3846C8F81050214628
:10FBE000FFF732FE4046BDE8F08701315B00C7E712
:10FBF00041F823200133CDE75146DCE7043953F8BF
:10FC0000042B41F8042F9C45F9D8E4E703690A69FD
:10FC10009B1A30B50CD19200143014318418114461
:10FC200054F8045D51F8042D954203D005D3012307
:10FC3000184630BDA042F3D3FAE74FF0FF33F7E7A1
:10FC40002DE9F0470D460746114628461446FFF7B2
:10FC5000DDFF061E08D131463846FFF7C1FD0123FE
:10FC6000C0E90436BDE8F087A4BF23462C463846D9
:10FC70006168A6BF1D4600260126FFF7B1FD2B696E
:10FC8000C660266905F1140904F1140202EB860727
:10FC900009EB830800F114054FF0000E52F804AB95
:10FCA00059F8044B1EFA8AF1A3B2C91A230CC3EB0C
:10FCB0001A4303EB214389B24FEA234EC84541EA78
:10FCC0000343944645F8043BE8D8BC4504D355F8B3
:10FCD000043D83B10661C5E75CF8041B1EFA81F39D
:10FCE0001A1402EB11429BB243EA02434FEA224E3E
:10FCF00045F8043BE9E7013EE9E72DE9F7430E4605
:10FD0000012159EC108B1546FFF76AFDC9F30A541F
:10FD10000746C9F3130334BB0193B8F1000327D09E
:10FD200002A840F8083DFFF700FE0099F0B1019AE3
:10FD3000C0F1200302FA03F30B43C2407B6101923E
:10FD4000019BBB61002B14BF022101213961C4B1A9
:10FD5000A4F2334404443460C0F1350028603846CE
:10FD600003B0BDE8F08343F48013D5E77961E7E79A
:10FD700001A8FFF7DAFD019B7B6101213961203089
:10FD8000E5E707EB8103A0F2324030601869FFF726
:10FD9000ADFDC0EB4110E1E7F8B5074614460E464D
:10FDA00021B91146BDE8F840FEF782B922B9FEF745
:10FDB00031F925462846F8BD00F064F9A0420FD27B
:10FDC00021463846FEF774F905460028F2D0314640
:10FDD0002246FEF7E5F831463846FEF71BF9E9E71B
:10FDE0003546E7E72DE9F0478E689E4282460C468D
:10FDF0009046994637D88A8912F4906F31D0256899
:10FE000009696F1A6569022305EB450595FBF3F552
:10FE100009F101033B449D4238BF1D46530530D5CF
:10FE20002946FEF745F9064650B90C23CAF80030BA
:10FE3000A38943F04003A3814FF0FF30BDE8F08772
:10FE40003A462169FEF7ACF8A38923F4906343F0A6
:10FE50008003A381266165613E44ED1B2660A56099
:10FE60004E464E4500D94E46324641462068FEF782
:10FE7000A2F8A3689B1BA36023681E442660002091
:10FE8000DCE72A46FFF788FF06460028E2D1216911
:10FE90005046FEF7BFF8C8E72DE9F04F9DB0804609
:10FEA00003938B891D060C4616460FD50B696BB95B
:10FEB0004021FEF7FDF82060206128B90C23C8F826
:10FEC00000304FF0FF30C7E0402363610023099307
:10FED00020238DF8293030238DF82A304FF0010B84
:10FEE00037463D4615F8013B0BB1252B3ED1B7EB0C
:10FEF000060A0BD05346324621464046FFF772FFB2
:10FF0000013000F0A480099B534409933B78002BF7
:10FF100000F09D8000234FF0FF32CDE905230493CC
:10FF200007938DF853301A932F46052217F8011BBB
:10FF30004F48FDF7E5FF049BD0B9D90644BF202206
:10FF40008DF853201A0744BF2B228DF853202A78AE
:10FF50002A2A15D0079A2F4600200A25394611F87B
:10FF6000013B303B092B4DD9B8B10FE02F46B8E724
:10FF70003F4A801A0BFA00F0184304903D46D3E73D
:10FF8000039A111D12680391002A01DB079204E015
:10FF9000524243F00203079204933B782E2B0CD17C
:10FFA0007B782A2B33D1039B1A1D1B680392002BED
:10FFB000B8BF4FF0FF33023705932E4D3978032237
:10FFC0002846FDF79DFF38B14023401B03FA00F09F
:10FFD000049B034301370493397827488DF8281090
:10FFE00006227E1CFDF78CFF002838D0234B13BB64
:10FFF000039B073323F0070308330393099B4B4408
:020000024000BC
:1000000009936DE705FB023201200F46A6E70023A6
:100010000137059319460A25384610F8012B303A66
:10002000092A03D9002BC8D00591C6E705FB012199
:1000300001230746F0E703AB00932246104B04A9C7
:100040004046FEF723F9B0F1FF3F8146D6D1A389A0
:100050005B063FF536AF09981DB0BDE8F08F03ABE6
:1000600000932246064B04A94046FEF7C5FBEAE78B
:10007000A4140400AA140400AE1404008DE20300CA
:10008000E5FD030051F8043C181F002BBCBF0B58C2
:10009000C01870474FF0FF3C06E000BF4FF0010C66
:1000A00002E000BF4FF0010C4DF804CD4FEA410CC7
:1000B0007FEA6C5C4FEA430C18BF7FEA6C5C1BD094
:1000C00001B050EA410C0CBF52EA430C91EA030F15
:1000D00002BF90EA020F0020704710F1000F91EA72
:1000E000030F58BF994208BF90422CBFD8176FEA40
:1000F000E37040F0010070474FEA410C7FEA6C5C0E
:1001000002D150EA013C07D14FEA430C7FEA6C5C14
:10011000D6D152EA033CD3D05DF8040B704700BF40
:100120008446104662468C461946634600E000BF8E
:1001300001B5FFF7B7FF002848BF10F1000F01BD60
:100140004DF808EDFFF7F4FF0CBF012000205DF82B
:1001500008FB00BF4DF808EDFFF7EAFF34BF0120B0
:1001600000205DF808FB00BF4DF808EDFFF7E0FF49
:1001700094BF012000205DF808FB00BF4DF808ED9A
:10018000FFF7CEFF94BF012000205DF808FB00BF01
:100190004DF808EDFFF7C4FF34BF012000205DF8E3
:1001A00008FB00BF4FEA410C7FEA6C5C02D150EAC9
:1001B000013C0AD14FEA430C7FEA6C5C02D152EA5F
:1001C000033C02D14FF0000070474FF00100704730
:1001D0004FEA410212F5001215D211D56FF478736F
:1001E000B3EB625212D94FEAC12343F0004343EA12
:1001F000505311F0004F23FA02F018BF40427047ED
:100200004FF00000704750EA013005D111F0004076
:1002100008BF6FF0004070474FF00000704700BF0C
:10022000FEE700BFF8B500BFF8BC08BC9E467047AB
:10023000F8B500BFF8BC08BC9E46704754696E799B
:100240005553422053657269616C00000000000044
:10025000000000003175020089730200797302000A
:100260006D730200F17202003D730200117302000F
:10027000D1730200F0FFFFFF0000000029750200AB
:100280001201000200000040862844000001010223
:100290000301000009020900000100A03200000073
:1002A00030313233343536373839414243444546AC
:1002B00053656565640000005849414F2D57696FCB
:1002C0002D5358313236320041646166727569745B
:1002D000000000004D6173732053746F7261676595
:1002E00000000000312E30007573626400000000D1
:1002F000050F3900021810050038B60834A909A006
:10030000478BFDA0768815B665000101011C10051C
:1003100000DF60DDD88945C74C9CD2659D9E648A0C
:100320009F00000306B2000200010300000000006D
:1003300019800200A9800200D58002001D81020000
:1003400029820200FD82020000000000000000007F
:10035000758D020000000000858D0200958D020061
:100360002D8E02007D8F02000000000000000000C2
:10037000B5840200CD840200D1840200E984020029
:10038000B1850200D98702000000000000000000D3
:10039000759C0200999C02009D9C0200C19C020079
:1003A000E99D020069A502000000000000000000B5
:1003B0009988020009890200358902005D890200DE
:1003C000918A0200958A02000000000000000000EF
:1003D0004D960200A5960200C1960200E596020025
:1003E0003D7D02001D980200000000005F757362F1
:1003F000645F7164656600003A0000005A00000006
:100400000000000000000000B1E30200ADE40200C3
:10041000394D03004567030085670300C567030086
:10042000B5E30200AD7F0300C54A0300617F03000E
:10043000DD460300DD48030071490300F544030075
:10044000E14403003D33030015720300416E0300D5
:10045000C5760300AD790300917A0300A133030050
:10046000013303003177030071710300ED72030063
:10047000C1740300E5470300C1470300814703003F
:100480006D420300014F030035440300454503005E
:100490002D4503005544030025480300FD46030095
:1004A000554A03002D420300014C0300714503002F
:1004B00061440300B1460300D17E0300197F0300AD
:1004C000C96E0300116F0300C96E0300116F0300B2
:1004D000C96E0300116F0300E13E0300AD44030049
:1004E000815203003946030069440300B16D0300E3
:1004F000E16D0300456F0300016E0300156A030000
:10050000913D0300E13B0300B9370300553A030076
:1005100061350300ED3803008D3603000534030018
:10052000D405040004090400CC0A0400041C1D03C3
:100530002D2E2F00FF00000005FF0100FF01FFFF2F
:10054000FFFFFFFFFFFFFFFF01FF0112010000009F
:10055000FFFF01000000000000020000000000009A
:10056000000000000000000000000000000000008B
:10057000000000FF160100006666E63F8C000100E7
:10058000010000FFFF00FFFF00100E00FFFF000052
:1005900080250000FF01FF00010000FFFFFFFF00BA
:1005A000000000000000000000000000000000004B
:1005B0000000FFFF00000000FF00FF00FF00FF0041
:1005C00000FF010000FF010100000000000000002A
:1005D000FFFF00005849414F206E524635323834F3
:1005E00030202B2057696F2D53583132363200009E
:1005F0006170706C79436F6E66696720626F6172BB
:10060000643D25732066773D2573207077725F7295
:1006100065713D2564207077723D2564206D617899
:100620003D2564207365744F7574707574506F77D1
:1006300065723D2564206F63705F6265666F7265E9
:100640003D25646D41206F63705F61667465723D26
:1006500025646D41000000006167632E726573655B
:10066000742E696E74657276616C20666972656459
:100670002061667465722025752073004F4E00005E
:100680004F4646006175746F2D4341443A206368BC
:10069000616E6E656C206275737920616674657237
:1006A00020726574726965732C2061626F727420A8
:1006B0005458000054585F52455155455354206CCE
:1006C000656E3D2575207372633D257520737461D9
:1006D00074653D2564000000737461727454726126
:1006E0006E736D69742829206661696C65642C20BD
:1006F00073746174653D25640000000054585F44C4
:100700004F4E452061697274696D653D256C752099
:1007100075732C2073656E74207669612073726323
:100720003D257500545820686172642074696D65B8
:100730006F7574202825752062797465732C206488
:10074000696F315F64656C74613D256C752920E2C9
:10075000809420726573657474696E672072616439
:10076000696F0000434144204952512074696D650E
:100770006F757420E2809420726573657474696E7D
:100780006720726164696F005345545F434F4E4662
:1007900049472072656376207372633D2575206238
:1007A0006F6172643D25732066773D257320667204
:1007B00065713D256C752062773D256C75207366EB
:1007C0003D25752063723D2575207077725F7265D7
:1007D000713D25642073796E633D3078253034583F
:1007E000207072653D2575002D2D2D006175746F8B
:1007F0002D43414420257300646973706C61792036
:100800006E616D6520E28692202725732700000027
:10081000726164696F205354414E44425900000094
:10082000726164696F20524553554D4520286F6BA6
:100830003D25642900000000454E5445525F424F5B
:100840004F544C4F41444552207265717565737425
:10085000656420E2809420656E746572696E67201D
:100860005553422073657269616C2044465520627D
:100870006F6F746C6F616465720000004F54415F6C
:10088000424547494E20726563656976656420E29A
:10089000809420666C617368207772697465722039
:1008A0006E6F7420696D706C656D656E7465640043
:1008B0006672616D65207061727365206572726F1A
:1008C000722030782530325820287372633D2575A8
:1008D00029000000494E464F0000000045525220BA
:1008E000000000005741524E000000005B25735D80
:1008F0002025730A0000000076312E342E300000CF
:100900002D0000007869616F5F6E726635325F7727
:10091000696F00005B424F4F545D207265736574D0
:100920005F726561736F6E3D256420282573290A07
:1009300000000000726164696F2E626567696E2055
:100940006E73733D25642064696F313D25642072A8
:1009500073743D256420627573793D25642073703E
:10096000693D2825642C25642C256429000000009D
:10097000726164696F2E626567696E2028544358FE
:100980004F3D252E3166205629202D3E202564001E
:100990005B424F4F545D2053583132363220696EDE
:1009A0006974206661696C656420E2809420636FDD
:1009B0006E74696E75696E6720776974682057690F
:1009C0002D46692F636F6E66696720706F72746160
:1009D0006C206F6E6C7900005B494E464F5D207352
:1009E000657444696F324173526653776974636802
:1009F000287472756529202D3E2025640A000000A8
:100A00005B494E464F5D2073657452665377697437
:100A1000636850696E732872783D256C7520747810
:100A20003D256C75290A00005B494E464F5D2073D9
:100A3000657443757272656E744C696D69742825AE
:100A400064206D4129202D3E2025640A000000000D
:100A50005B494E464F5D207365745278426F6F73E9
:100A60007465644761696E4D6F646528747275655D
:100A700029202D3E2025640A0000000044494F3102
:100A800020495251206174746163686564206F6EFF
:100A9000204750494F2564005B424F4F545D20660C
:100AA00069726D77617265202573206F6E202573E2
:100AB00020726561647920286C6F6F7020574454F0
:100AC00020257573290A00003F0000007869616FD6
:100AD0002D6E7266000000000000000000000000A3
:100AE0000000000000000000000000000000000006
:100AF0000000FFFF00008000000000000800080068
:100B00000000000000000000E8030000FFFFFFFFFE
:100B1000FFFFFFFFFFFFFFFFFFFFFFFFFFFFFFFFE5
:100B200000000000000000005131030069320300A2
:100B300059320300493203003932030029320300DD
:100B40001D32030015320300393103001132030056
:100B5000D9310300C531030055310300B53103001D
:100B600065310300AD3103005D31030099320300AC
:100B700079320300993103008D310300893103007C
:100B80004D31030009830300000000000000000055
:100B90000338FDD8704700000000D9439A99994066
:100BA0000A0000000000D9439A9999400000A04033
:100BB0000000FA420A0010000000D9430000FA4287
:100BC0000907120A0800000022FB1200110321008D
:100BD0001106210322021406110B120B110E120E24
:100BE00011141116220B13152111240D2114211695
:100BF0002215231541134114331452136116521652
:100C00005316631664167416535831323631000089
:100C10000000000000000000293303002D33030012
:100C2000394D03004567030085670300C56703006E
:100C300051420300AD7F0300C54A0300617F0300FA
:100C4000DD460300DD48030071490300F54403005D
:100C5000E14403003D33030015720300416E0300BD
:100C6000C5760300AD790300917A0300A133030038
:100C7000013303003177030071710300ED7203004B
:100C8000C1740300E5470300C14703008147030027
:100C90006D420300014F0300354403004545030046
:100CA0002D4503005544030025480300FD4603007D
:100CB000554A03002D420300014C03007145030017
:100CC00061440300B1460300D17E0300197F030095
:100CD000C96E0300116F0300C96E0300116F03009A
:100CE000C96E0300116F0300E13E0300AD44030031
:100CF000815203003946030069440300B16D0300CB
:100D0000E16D0300456F0300016E0300156A0300E7
:100D1000913D0300E13B0300B9370300553A03005E
:100D200061350300ED3803008D3603000534030000
:100D3000FFFFFFFF000000008001000080010000B5
:100D400012AD101B12AD00000000000000000000FA
:100D5000A9440300CD460300394D03004567030055
:100D600085670300C567030051420300AD7F0300A0
:100D7000C54A0300617F0300DD460300DD48030030
:100D800071490300F5440300E1440300657E03005C
:100D900015720300416E0300C5760300AD790300B0
:100DA000917A0300757E03007D7E03003177030096
:100DB00071710300ED720300C1740300E547030085
:100DC000C1470300814703006D420300014F030048
:100DD00035440300454503002D45030055440300F9
:100DE00025480300FD460300554A03002D42030039
:100DF000014C03007145030061440300B146030048
:100E0000D17E0300197F0300C96E0300116F030038
:100E1000C96E0300116F0300C96E0300116F030058
:100E20004D7E0300AD4403008152030039460300A8
:100E300069440300B16D0300E16D0300456F0300D9
:100E4000016E0300156A03000101000001000100AA
:100E500000000100010000005000B00018017801FE
:100E6000B0021803C8053006300C980C0F060300BA
:100E700000122436480416283A4C081A2C3E0C1E40
:100E800030421022344601132537490517293B4DBE
:100E9000091B2D3F0D1F31431123354702142638FE
:100EA0004A06182A3C4E0A1C2E400E2032440315D6
:100EB00027394B07192B3D4F0B1D2F410F21334570
:100EC0003500420055006B008400AB00D7000801DC
:100ED0005601AE011002AC025C0320045805B506B1
:100EE0003C08AC0A640D6B101F170F1E160E1D1563
:100EF0000D1C140C1B130B1A120A19110900000007
:100F00000108AC000000000000000000000000002C
:100F100000000000357E0300457E0300497F03008A
:100F20004D7E0300457E0300AD7F03003D7E030040
:100F3000617F0300457E0300457E0300557E03006C
:100F40005D7E0300457E0300657E0300657E030031
:100F5000657E03004D7E03004D7E03006D7E030021
:100F6000757E03007D7E0300557E03005D7E0300D9
:100F7000857E0300857E0300957E03009D7E030031
:100F80009D7E0300A57E0300B17E0300B17E0300B9
:100F9000B57E03005D7E03005D7E0300457E030099
:100FA000BD7E0300457E0300457E0300BD7E030039
:100FB000C57E0300C97E0300CD7E0300D17E030001
:100FC000197F0300C97E03003D7F0300C97E030033
:100FD0003D7F0300C97E03003D7F03004D7E03007B
:100FE000BD7E0300417F0300457E03005D98030042
:100FF0003021120312033021031221302130031259
:101000004370340725165261526125163407437028
:101010000734704361521625162561527043073418
:101020003407437052612516251652614370340708
:1010300070430734162561526152162507347043F8
:1010400000000000000000000000000000000000A0
:101050005D9803005D9803005D9803005D980300B0
:101060005D9803005D9803005D9803005D980300A0
:101070005D9803005D9803005D9803005D98030090
:101080005D9803005D9803005D980300F9820300FA
:10109000F9820300FD82030001830300F98203004B
:1010A0000583030009830300000000000000000026
:1010B0005983030081830300997A02003D83030072
:1010C000418303004983030051830300FF000000B4
:1010D000FF00000002000000030000000400000008
:1010E00005000000060000000700000008000000E6
:1010F000090000000A0000000B0000000C000000C6
:101100000D0000000E0000000F00000010000000A5
:101110001100000012000000130000001400000085
:101120001500000016000000170000001800000065
:10113000190000001A0000001B0000001C00000045
:101140001D0000001E0000001F0000002000000025
:101150002100000022000000230000002400000005
:1011600025000000260000002700000028000000E5
:10117000290000002A0000002B0000002C000000C5
:101180002D0000002E0000002F00000000000000D5
:1011900000000000858603000D0A0000000000002A
:1011A00000000000FD8C0300498D0300B98C030092
:1011B000D18C0300A18C0300B18C0300A98C030027
:1011C000A58D0300C98F0300FD8B0300F58B030081
:1011D000546D725100000000546D7220537663000C
:1011E0006C6F6F700000000043616C6C6261636B38
:1011F000000000001C6200204300504F534958007B
:101200002E00494E4600696E66004E414E006E61EA
:101210006E003000303132333435363738394142A0
:10122000434445460030313233343536373839613E
:10123000626364656600002020202020202020209A
:101240002828282828202020202020202020202076
:1012500020202020202020881010101010101010A6
:1012600010101010101010040404040404040404EA
:101270000410101010101010414141414141010172
:10128000010101010101010101010101010101014E
:10129000010110101010101042424242424202025C
:1012A000020202020202020202020202020202021E
:1012B00002021010101020000000000000000000CA
:1012C000000000000000000000000000000000001E
:1012D000000000000000000000000000000000000E
:1012E00000000000000000000000000000000000FE
:1012F00000000000000000000000000000000000EE
:1013000000000000000000000000000000000000DD
:1013100000000000000000000000000000000000CD
:1013200000000000000000000000000000000000BD
:1013300000000000000000496E66696E6974790063
:101340004E614E00000000000000000000000000A0
:10135000000000000000000000000000000000008D
:10136000000000000000000000000000000000007D
:10137000000000000000000000000000000000006D
:10138000000000000000000000000000000000005D
:10139000000000000000000000000000000000004D
:1013A00000000000000000000080E03779C34143E6
:1013B000176E05B5B5B89346F5F93FE9034F384DBB
:1013C000321D30F94877825A3CBF737FDD4F157567
:1013D000000000000000F03F00000000000024407A
:1013E00000000000000059400000000000408F4055
:1013F000000000000088C34000000000006AF840C0
:101400000000000080842E4100000000D0126341E3
:101410000000000084D797410000000065CDCD4159
:10142000000000205FA00242000000E8764837423A
:10143000000000A2941A6D42000040E59C30A242D8
:101440000000901EC4BCD64200003426F56B0C434D
:101450000080E03779C3414300A0D88557347643F4
:1014600000C84E676DC1AB43003D9160E458E14355
:10147000408CB5781DAF154450EFE2D6E41A4B44CA
:1014800092D54D06CFF08044F64AE1C7022DB5440F
:10149000B49DD9794378EA440500000019000000A2
:1014A0007D000000232D302B2000686C4C00656609
:0C14B000674546470000000000000000F7
:0814BC00945DFE7F01000000B9
:1014C400000000000A00000000000306B20008004B
:1014D40001000000A800080002000000A0001400A1
:1014E400030057494E55534200000000000000001D
:1014F40000008400040007002A0044006500760010
:1015040069006300650049006E00740065007200A4
:10151400660061006300650047005500490044000F
:101524007300000050007B0039003700350046008E
:1015340034003400440039002D00300044003000F1
:1015440038002D0034003300460044002D003800DC
:101554004200330045002D003100320037004300C3
:10156400410038004100460046004600390044006E
:101574007D000000000000000400000010000C00CA
:1015840054730020EC03040000000000000000007D
:101594000000000000000000000000000000000047
:1015A4000000000000000000000000000000000037
:1015B4000000000000000000000000000000000027
:1015C4000000000000000000000000000000000017
:1015D4000000000000000000FF00FFFF16000000F4
:1015E4000000C6C25051D53324F400000808161276
:1015F4000010000000000000FFFF00000A010000CE
:101604000D0A526164696F4C696220496E666F0A03
:1016140056657273696F6E3A202022372E382E3148
:101624002E30220D0A506C6174666F726D3A20225E
:101634004164616672756974206E52463532220DBA
:101644000A224F6374202036203230323622202280
:1016540031363A35303A34342200000001000000BB
:101664000000000000000000000000000000000076
:101674000000000002000000000000000000000064
:101684000000000000000000000000000300000053
:101694000000000000000000000000000000000046
:1016A4000000000000000000000000000000000036
:1016B400000000000000000000000000109900205D
:1016C4000090D0030A00000094980020A8980020FD
:1016D400BC980020D09800201C620020000000006C
:1016E4006413040084130400441304000000000085
:1016F40000000000000000000000000000000000E6
:1017040000000000000000000000000000000000D5
:1017140000000000000000000000000000000000C5
:1017240000000000000000000000000000000000B5
:101734000000000000000000000000004300000062
:101744000000000000000000000000000000000095
:101754000000000000000000000000004300000042
:101764000000000000000000000000000000000075
:101774000000000000000000000000004300000022
:101784000000000000000000000000000000000055
:101794000000000000000000000000004300000002
:1017A4000000000000000000000000000000000035
:1017B40000000000000000000000000043000000E2
:1017C4000000000000000000000000000000000015
:1017D40000000000000000000000000043000000C2
:1017E40000000000000000000000000000000000F5
:1017F40000000000000000000000000043000000A2
:1018040000000000000000000000000000000000D4
:101814000000000000000000000000001DEB0300B9
:10182400D5DE03000000000036120400001204009C
:10183400A9140400A9140400A9140400A9140400A0
:10184400A9140400A9140400A9140400A914040090
:10185400A9140400FFFFFFFFFFFFFFFFFFFFFFFFCF
:10186400FFFF00000100415343494900000000000C
:101874000000000000000000000000000000000064
:1018840000000000000041534349490000000000EB
:101894000000000000000000000000000000000044
:1018A4000000000000000000017202003572020016
:1018B40025760200B5E202000DE7020019200300BC
:1018C400396703007981030019860300E18B030063
:0C18D40069920300D9D0030011720200D9
:040000033000BD15F7
:00000001FF
