:020000022000DC
:1060000000000420E52705002528050027280500B5
:10601000292805002B2805002D2805000000000078
:1060200000000000000000000000000061270500E3
:1060300031280500000000008127050035280500F3
:10604000D52905003728050089FC0400BDEE0400B1
:1060500071EF040037280500CD0005003728050042
:1060600037280500372805003728050037280500A0
:106070003728050037280500372805003728050090
:1060800037280500E52405003728050037280500D6
:106090003728050037280500372805003728050070
:1060A0003728050037280500372805003728050060
:1060B0003728050037280500000000000000000018
:1060C000372805003728050037280500C12F0500AF
:1060D000372805003728050037280500F16C020035
:1060E000D5FC040037280500372805000000000013
:1060F00000000000372805000000000039300500CE
:10610000000000000000000000000000000000008F
:10611000000000000000000000000000000000007F
:10612000000000000000000000000000000000006F
:10613000000000000000000000000000000000005F
:10614000000000000000000000000000000000004F
:10615000000000000000000000000000000000003F
:10616000000000000000000000000000000000002F
:10617000000000000000000000000000000000001F
:10618000000000000000000000000000000000000F
:1061900000000000000000000000000000000000FF
:1061A00000000000000000000000000000000000EF
:1061B00000000000000000000000000000000000DF
:1061C00000000000000000000000000000000000CF
:1061D00000000000000000000000000000000000BF
:1061E00000000000000000000000000000000000AF
:1061F000000000000000000000000000000000009F
:10620000F1EE103A43F08073E1EE103A704700BFB0
:1062100010B5054C237833B9044B13B10448AFF3E0
:1062200000800123237010BD78640020000000006E
:10623000CCD8050008B5034B1BB103490348AFF3A5
:10624000008008BD000000007C640020CCD8050060
:10625000154B002B08BF134B9D46A3F5803A002138
:106260008B460F461348144A121A2EF0BCFC0F4BF3
:10627000002B00D098470E4B002B00D098470020F1
:10628000002104000D000D48002802D00C48AFF397
:1062900000802EF0BFFB200029002CF0F5FA2EF034
:1062A00093FB00BF00000800000004200000000075
:1062B000000000007864002060C0002000000000A2
:1062C000000000000146014800F08EBAB0640020D2
:1062D00038B5064B1D783DB100242046013400F04E
:1062E00049FEE0B28542F9D838BD00BFAC64002059
:1062F000407DFF2806D010B500F088FD044618B197
:10630000204610BD002070472DF012F8204610BD29
:10631000407DFF280ED000B583B00DF1070100F0DD
:10632000C9FD20B19DF8070003B05DF804FB4FF0F4
:10633000FF30F9E74FF0FF30704700BF407DFF2886
:1063400011D000B583B001220DF1070100F06AFD04
:1063500020B94FF0FF3003B05DF804FB9DF8070053
:1063600003B05DF804FB4FF0FF307047407DFF281D
:1063700001D000F0FFBD7047407DFF2801D000F044
:106380003FBE0020704700BFF8B50646407DFF289D
:106390001CD017465AB10D46144600F011FD29468F
:1063A000224680B1707D00F08FFD241A01D138465D
:1063B000F8BD05442CF0BCFF707D00F001FD2946BE
:1063C00022460028EED13F1B3846F1E70020F8BDF9
:1063D0000AB32DE9F043524991F81C6191F81D511F
:1063E00091F81E7193B0994614467B1CAA1C8046F6
:1063F000B01C81F81C0181F81D2181F81E3101A813
:10640000422200212EF0EFFBB9F1410F05D8002008
:1064100013B0BDE8F083422070478DF806608DF818
:106420000E608DF82660721C40F20126D2B2ADF8E3
:106430001060DFF8F0C08DF81E20242640F6083EDC
:106440006B1C8DF827208DF83120ADF804E08DF815
:1064500016608DF820608DF82460CDF818C00426F1
:106460004FF0060C65F07F0540F209424FF0010E37
:1064700098F81410ADF80C208DF81CE005228DF86A
:106480001F608DF830608DF822C040F207568DF8FD
:1064900025C08DF82A5020464FF0030E63F07F048C
:1064A0004FF0080C02234FF411658DF814108DF88D
:1064B00007308DF808308DF809308DF812308DF8DE
:1064C00021308DF815208DF823208DF82BE08DF8E4
:1064D0002CC04FF00A0EADF82E504FF0400C01A921
:1064E000ADF8286007258DF833308DF840208DF801
:1064F0004140422244F20204ADF838608DF83B304E
:106500008DF83A708DF834E08DF83CC08DF83F502E
:10651000ADF842402EF043FB422013B0BDE8F083BB
:10652000B064002020010524A0F11000FFF750BF47
:1065300070B50368184A5B6882B093428DF8071003
:1065400024D10546407DFF281DD000F039FC0DF117
:10655000070601243146224688B1687D00F0B4FC6C
:10656000241A02D1012002B070BD06442CF0E0FED6
:10657000687D00F025FC314622460028EDD1C4F1AB
:10658000010002B070BD002002B070BD01220DF10B
:106590000701984702B070BD89630200437DFF2B5D
:1065A00000D07047094B1A78002AFAD110B500F1D3
:1065B000100442750649204601221A7000F0E0F9E5
:1065C00021460448BDE8104000F0F0B8AC6400205B
:1065D00088790500B0640020407DFF2807D000B511
:1065E00083B000F0EDFB20B103B05DF804FB0020A8
:1065F000704701902CF09CFE019803B05DF804FBFD
:1066000001B900B1704700B583B0694600F0EEFBF8
:10661000009BB3F5966F02D003B05DF804FB00F069
:106620007DFBF9E730B4084B084A4FF47F4102F193
:106630000805002430324FF47A7099821D60C3E956
:1066400001401A6130BC70479464002098790500BD
:106650002DE9F0410024484E2546435D4719A3B17A
:1066600003F14002D2B2012A0AD9F42B08D81A0643
:106670000ED44FF0010EA3F55842B2F5006F56D27A
:1066800001354719435D002BEAD12046BDE8F08172
:1066900003F0E002C02A57D003F0F002E02A66D0EF
:1066A00003F0F802F02AEBD103F007024FF0040EDA
:1066B0007B7803F0C00CBCF1800FE1D197F802C0E9
:1066C0000CF0C00803F03F03B8F1800F43EA8213D7
:1066D000D6D10CF03F0CBEF1030F4CEA83132DD042
:1066E000FA7802F0C007802FCAD102F03F0242EAD6
:1066F0008313A3F58032B242C2D8A3F55847B7F549
:10670000006FBDD3B3F5803F05F1040510D31E2CF7
:10671000BBDC6300970A0B44C2F30902A7F52057BC
:10672000A2F5105221F814705A80023495E775448E
:10673000202CAAD021F8143001348EE7A3F5006292
:10674000B2F5784F97D39BE77A7802F0C007802F95
:1067500003F01F0394D102F03F0242EA8313A3F136
:106760008002B2F5F06F8BD24FF0020E83E703F098
:106770000F024FF0030E9BE7FFFF0F0090F8503120
:106780000B2B0CD871B103F1480210B45C1C80F8DB
:10679000504140F822105DF8044B18467047002322
:1067A000184670470B461846704700BF70B5044640
:1067B0000E68B4F81821B4F81A31656936689B1A66
:1067C00008469BB294F81C112A44B04758B1B4F85B
:1067D00018216369104480B2A4F81801588094F815
:1067E0001C211A71012070BD2DE9F043284DDFF8FE
:1067F000B090AC4604468846BCE80F0089B003AFB1
:106800000FC703AE0FCE05F1140E25460FC59EE847
:106810000700DCF800303B806B4636682E8003C3EF
:106820006B4603CB012504F118034FF480766361B6
:10683000A061E16184F8202004F59870C4F81891F3
:106840002022A4F81C61002184F81E512EF0CBF9FF
:1068500040F20947042240F2EF230E4E0E48C4F8DE
:1068600028010021C4F82C1184F85021A3804FF492
:10687000E131A571C4F82071C4F824610748FFF71D
:106880008DFE404600F038FA284609B0BDE8F08396
:10689000CC790500FC790500087A05009464002095
:1068A0000900000100487047B0640020014B58699E
:1068B000704700BFB06400202DE9F04F89B0F8B1F7
:1068C000032816D02B4C94F8503183424FD94830CE
:1068D00004F5AA7154F82000FFF7BAFEC0B20130E7
:1068E000400040F44070A4F85201234809B0BDE8CC
:1068F000F08F204CD4F82C0150B104F5AA71EBE7CD
:106900001C4CD4F82031A4F854314FF44170EAE71C
:10691000684600F005FA054610B300F1FF3A0DF1A4
:106920000103164FE94653FA8AFAA64604AE97E8E1
:106930000F0019F801CB86E80F000CF00F080DF1DD
:10694000200BD8440BEB1C1C18F8108C1CF8103CC6
:10695000AEF85681D145AEF854310EF1040EE6D1B1
:106960006800C0B20130400040F44070BBE7002036
:10697000BCE700BFB064002002660020EC7905008F
:1069800010B504460248FFF7F9FE207110BD00BFA4
:10699000B064002030B5144C236883B013B318687A
:1069A00051B91DF0B1FF236893F90400012103B030
:1069B000BDE830402DF036B80C4B00930025012384
:1069C0008DF805308DF8045002AB13E906001DF078
:1069D00037FF236893F90400294603B0BDE830402F
:1069E0002DF020B803B030BD4466002080BA8C0181
:1069F0000448006828B108B500681DF08BFF01202D
:106A000008BD704744660020084B1B6843B141B97C
:106A1000074B4022C3F88020BFF34F8FBFF36F8F27
:106A20007047034B40221A60704700BF4466002045
:106A300000E100E0024B53F8200000B1C06870474D
:106A40004866002030B4094CBDF8085054F8204086
:106A500044B1246934B10846A44611461A462B466F
:106A600030BC6047002030BC704700BF4866002043
:106A700030B4084CBDF8085054F8204044B1646963
:106A800034B10846A44611461A462B4630BC60472E
:106A900030BC70474866002000207047024B1868E1
:106AA00008B190F860007047506600202DE9F84367
:106AB000234C2568002D3CD01E462C2303FB00539D
:106AC0001746D3F8209088460446B9F1000F32D01B
:106AD00048462EF0C4FF2C2303FB0454D4E9095488
:106AE000DFF864C0174B08280246494628BF082231
:106AF0004046002D08BF6546002C08BF1C462EF0FE
:106B00004EF828462EF0ABFF10280246294628BF33
:106B1000102238462EF043F820462EF0A0FF04281D
:106B200002462146304628BF0422BDE8F8432EF035
:106B300036B8BDE8F883DFF814900820CBE700BF33
:106B400050660020407A0500307A0500247A05005E
:106B500070B5104E3368D3B12C2404FB00340546C5
:106B600062691AB19047336884F832002C2202FB24
:106B7000053393F8324014B10124204670BD2846F5
:106B800023463A22022101F0E7F8204670BD1C4658
:106B9000204670BD50660020074B1B6853B110B4EF
:106BA0002C2404FB0030C46A038E0C6013805DF853
:106BB000044B7047704700BF5066002008B5202284
:106BC0000023052101F0C8F84FF0FF3008BD00BFD9
:106BD00030B4094C24685CB10D4611462C2202FBEE
:106BE0000044E46924B11A462846234630BC1847BD
:106BF000012030BC704700BF5066002030B4094C03
:106C0000029A246854B10D462C2101FB0044A4686B
:106C100024B119462846234630BC18474FF0FF30B0
:106C200030BC70475066002030B4094C029A24688A
:106C300054B10D462C2101FB0044E46824B11946EF
:106C40002846234630BC18474FF0FF3030BC704711
:106C500050660020044B1B682BB12C2202FB003035
:106C6000036903B11847704750660020054B1B6845
:106C70002BB12C2202FB0030836903B1184701209D
:106C8000704700BF5066002005F0DCBB00B5164B16
:106C900083B04022002483F8272301A90123204642
:106CA0008DF804308DF8054002F0DAFE4FF0804395
:106CB00002A8D3F8385400F8084D2BF045FE0B4BD2
:106CC000019301A82BF06CFE2BF07CFEEB0707D4A0
:106CD00000214FF0FF3002F04DFFFFF7F9FAF7E720
:106CE000204605F0AFFBF3E700E100E0896C02000D
:106CF000002005F01DB800BF00B5002383B00322BB
:106D0000CDE9002303490448C8222AF0ABFB03B0B5
:106D10005DF804FB447A05008D6C02002CF0BCBCCD
:106D20004FF08052536E1BBA0360136E1BBA436060
:106D300008207047004870474C7A050070B51E4C1B
:106D40002368D3B1012901D0012070BD1578C5F3A6
:106D50004115012D13D0022D0FD15478012C21D0D3
:106D6000022CF1D19388072B07D1144C11462389AB
:106D70002246BDE8704003F035BE002070BD51785A
:106D80002229E1D111465288003218BF01225A75DA
:106D900003F010FE2268D369002BD5D0507D9847B0
:106DA000284670BD9C69002CE7D011462378224606
:106DB000BDE8704003F016BE546600200460002059
:106DC00010B5044602F034FE08B9002010BD02F0F0
:106DD00037FE0028F9D1044B4FF4367202FB04341D
:106DE000207900F0010010BDD8660020064A4FF45B
:106DF000367303FB00230833186808609A889B7970
:106E00008B718A80704700BFD866002008B5044A9D
:106E10004FF4367303FB0020103002F055FC08BD20
:106E2000D86600202DE9F8434FF4367404FB00F4D3
:106E30001E4E4FF6FF73074604F110054FF6FE7025
:106E4000824288BF1A463544284692B202F066FC58
:106E5000804602F0EDFD10B94046BDE8F88302F02F
:106E6000EFFD81460028F7D13444E378002BF3D0BE
:106E7000284602F041FC3F28EED9E178484603F06D
:106E8000E7FC0028E8D0284602F036FC3F2804D86A
:106E9000E178484603F0ECFCDEE7054AE178484635
:106EA00002EBC712402303F0F3FCD5E7D8660020BD
:106EB00058660020034A4FF4367303FB002010305D
:106EC00002F096BCD86600202DE9F8434FF43675E1
:106ED00005FB00F5244F4FF6FF73064605F1240429
:106EE0004FF6FE70824288BF1A463C4492B220465A
:106EF00002F0B8FC8046204602F0E6FB3F2802D8AC
:106F00004046BDE8F88302F093FD0028F8D002F077
:106F100097FD81460028F3D1204602F0D5FB0028DA
:106F2000EED03D444846A97803F092FC0028E7D013
:106F30000E4B402202EBC6161E442046314602F09C
:106F4000EDFB034660B13246A978484603F0A0FC49
:106F50000028D5D1064B1B68DB07D1D500BECFE793
:106F6000A97803F085FCCBE7D8660020586600209E
:106F7000F0ED00E02DE9F041804602F059FD10B936
:106F80000020BDE8F08102F05BFD07460028F7D144
:106F90004FF4367404FB08F4164E04F1240535440E
:106FA000284602F091FB0028EAD026443846B17802
:106FB00003F04EFC0028E3D040220F4B02EBC81830
:106FC00098442846414602F0A9FB044660B1424677
:106FD000B1783846234603F05BFC40B9074B1B6889
:106FE000DB07CDD500BECCE7B17803F041FC2046ED
:106FF000C7E700BFD866002058660020F0ED00E02B
:1070000008B5044A4FF4367303FB0020243002F025
:1070100073FB08BDD866002070B5204C82B00021FB
:107020004FF4367220460D462DF0DDFDFF234FF460
:10703000E132082604F138016371A26001234FF4A4
:107040008072009504F11000A67302F001FB144B4E
:107050001B78C3F38003009304F59C7101234FF464
:10706000807204F1240002F0F3FA04F50E7101209D
:1070700029F03CFC04F522710646012029F036FC7B
:1070800006B130B9074B1B68DB0700D500BE02B064
:1070900070BDC4E90756C4E90C05F8E7D8660020BE
:1070A000B8600020F0ED00E038B5094C206A256B8F
:1070B00020B12AF03FF80023C4E907332DB1284658
:1070C0002AF038F80023C4E90C33012038BD00BF92
:1070D000D866002010B50E4C0E48237800220260BE
:1070E0000271DA0709D59B070DD521780A48C1F34B
:1070F0008001BDE8104002F063BC103002F040FC9B
:1071000023789B07F1D4044802F03AFCEDE700BF76
:10711000B8600020D8660020FC6600202DE9F04110
:107120004B79022B82B004D00025284602B0BDE87E
:10713000F0818B79022BF7D1364EB3782BB1364BD9
:107140001B68DB07F0D500BEEEE78B7833700C7858
:107150000C4407466378242B4FF009050BD1082A0D
:1071600002D822E0AA4220D323781C441D4463782D
:10717000242BADB2F6D0052B38D0042B15D1637972
:107180000A2B12D1254A94F8008001920223013281
:107190000092384604EB08011A4603F095FA0028DD
:1071A000CDD00E3518FA85F5ADB202F041FC0028BD
:1071B000BBD002F045FC04460028B6D1F378002B82
:1071C000B3D0174802F098FA3F28AED9F17820469C
:1071D00003F03EFB0028A8D0114802F08DFA3F28AA
:1071E000F17811D8204603F043FB9EE7214638464C
:1071F00003F00AFB0028A2D0A378737023781C4404
:107200001D44ADB26378B8E7064A2046402303F038
:107210003FFB8AE7D8660020F0ED00E0DA66002048
:10722000E86600205866002038B5137803F0600344
:10723000202B01D0002038BD294C938825789D4211
:10724000F8D15378203B032BF4D8DFE803F008157E
:107250001E02012936D0032939D0012038BD012969
:107260000CD00329F9D11F4B002BF6D01E4900206A
:10727000AFF30080012038BD0129EED1114607236C
:10728000194A03F0AFFB012038BD01291AD00329A8
:10729000E3D1164B55881B781548257113F004016E
:1072A0001CBFE94301F0010102F08AFB114B002BE6
:1072B000D3D0C5F3400205F001010020FFF7A0F98B
:1072C000012038BD114603F075FB012038BD0A4B83
:1072D000002BC2D051880020AFF30080BDE700BF73
:1072E000D866002000000000E0660020B8600020A2
:1072F000FC66002001660200000000002DE9F04756
:107300005F4CE2788A420D4680461F4659D15D4E59
:107310009AB2314604F1100002F0A4FA5A4BC3B1FC
:107320006379FF2B15D0A7B106EB070A04F110090A
:1073300002E056450DD0637916F8012B9A42F8D138
:10734000484602F0D1F90028F3D16179AFF300800B
:10735000EFE74E4B23B14E4802F0C6F9002863D048
:1073600002F066FB002862D1A3789D4202D0012082
:10737000BDE8F087474B13B10020AFF3008002F067
:1073800057FB00282BD1444802F09EF90028EED18B
:10739000002FECD017F03F07E9D1A178404603F069
:1073A00057FA0028E3D0A17840463B463A4603F01E
:1073B0006FFA0028DBD1394B1B68DA070CD500BE09
:1073C000D6E7A3788B42D5D0344B1B68DB0703D5B7
:1073D00000BE0020BDE8F0870020BDE8F08702F085
:1073E0002FFB05460028CED12B4802F06DF900286E
:1073F000C9D0A178284603F02BFA0028C3D0402238
:107400002749254802F08AF9034600282CD028464F
:10741000234AA17803F03CFA0028A8D11F4B1B682F
:10742000D907B0D500BEAEE7AFF3008098E702F011
:1074300007FB0646002897D1E378002B94D0144828
:1074400002F05AF93F288FD9E178304603F000FA6C
:10745000002889D00E4802F04FF93F28304607D85F
:10746000E17803F005FA7FE7A17803F001FA8AE7F3
:107470004023044AE17803F00BFAA37875E700BFD4
:10748000D8660020586600200000000000000000C0
:10749000E866002000000000FC660020F0ED00E03F
:1074A00098660020704700BF01207047704700BFFA
:1074B000704700BF044B0022C3E90022C3E9022247
:1074C000C3E90422704700BF306B002001207047E1
:1074D000044B0022C3E90022C3E90222C3E90422CB
:1074E000704700BF306B00202DE9F0434B79032B30
:1074F00083B004D00024204603B0BDE8F0830B79AC
:10750000C3EBC3041234A4B2944205D9254B1B68C3
:10751000DA07EFD500BEEDE7234A5578002D3ED0BF
:10752000557B002DF2D102F10C054FF4A0770E78B7
:107530008A1992F801C0BCF1210FE7D1AA608946EF
:10754000895D80466E1CA81C1144CDE900061A46D0
:107550004046032303F0B8F80028D7D099F8063046
:10756000A978012B04BF99F80730EB700123AB71A8
:1075700099F80220AB682A70B3F80730AB80002975
:10758000B9D00A4A40463A44402303F081F9002822
:10759000B1D1044B1B68DB07ADD500BEABE7154688
:1075A0008027C4E7F0ED00E0306B0020B0690020D8
:1075B0002DE9F047137803F01F06012E82B003D0A7
:1075C000002002B0BDE8F087DFF80882978898F8BD
:1075D0000040FFB2BC4200F0B08098F80C40BC42C2
:1075E000EED13746B4464FF0C00E4FF0130A4FF0BD
:1075F000120913F060030C460546164604D1012912
:1076000000F0A4800120DCE7202BD9D15378013B86
:107610000A2BD5D801A252F823F000BFF176020060
:10762000E7760200D1760200C1750200C175020042
:10763000C1750200C1750200C17502009176020099
:10764000697602004976020001291BD00329D9D1AD
:1076500073880C2606FB0786DBB260461946B371B9
:10766000FFF720FF0120ACE70129CBD173880C2262
:1076700002FB07871B0A60461946FB71FFF714FFE0
:1076800000289DD03146284603F094F9012098E760
:10769000012900F086800329B4D1F48871884B4B0E
:1076A000402C4FEA1122204628BF402011F0FF0154
:1076B000734407D0012C05D91C788C4202D10138C3
:1076C00080B2013300906046FFF7D2F9012078E7DD
:1076D000012997D108EB090231462846234603F0D9
:1076E00081F920466DE701298CD108EB0A02F3E706
:1076F000012987D1F3887188344F402B4FEA11223A
:10770000184628BF402011F0FF01774454D0012BC8
:1077100052D9013880B239707B1C00906046FFF767
:1077200091F90444A3B2002B49D1294A1268D20727
:107730007FF546AF00BE184643E74FF0000E774690
:10774000F4464FF0070A4FF0060952E75378062B2C
:107750007FF436AF53881B0A212B12D0222B7FF4E3
:107760002FAF6046FFF766F97B001F4408EB8708E0
:10777000024631462846B8F8043003F033F9204673
:107780001FE77B001F4408EB8708D8F80820002A71
:107790003FF416AF1378314602B0BDE8F04703F06E
:1077A00021B9F388402B3FF60BAF084A31467244AB
:1077B00003F018F9204604E73B460024ADE73A46BB
:1077C0003146284603F00EF90120FAE6B0690020A0
:1077D000F0ED00E0306B0020F0B52C4CA678657819
:1077E0008E4283B0074610D0A9422CD0A07B657B87
:1077F00088423FD0A94244D0254B1B68DA0702D407
:10780000002003B0F0BD00BEFAE780264FF0400C28
:107810000020A9429BB21AD01E4D3544FAB90093FC
:1078200011462B460222FFF723F92A46A178384653
:10783000402303F02DF80028E3D1154B1B68DB072C
:10784000DED500BEDDE74FF0400C00209BB21149B1
:1078500061444AB91A46FFF729FE0120D1E72A46BA
:107860000221FFF725FEE0E70A460121FFF720FE8F
:107870000120C6E70C344FF4A0764FF4807C012041
:10788000C7E74FF4807C0120E0E700BF306B0020A9
:10789000F0ED00E0B069002070B5194C82B0002115
:1078A0000D464FF4EC7220462DF09DF904F138019D
:1078B0000123802204F11000009501F0C9FE04F1BB
:1078C000B80101238022009504F1240001F0C0FEDC
:1078D00004F59C71012029F009F804F5C4710646ED
:1078E000012029F003F830B9064B1B68DB0700D5EF
:1078F00000BE02B070BDC4E90756C4E90C05F8E744
:10790000C86B0020F0ED00E038B5094C206A256B0B
:1079100020B129F00FFC0023C4E907332DB128461C
:1079200029F008FC0023C4E90C33012038BD00BF56
:10793000C86B002010B5084C002304F11000C4E906
:107940000033C4E9023302F01BF804F12400BDE85F
:10795000104002F015B800BFC86B00202DE9F043BD
:107960004B79012B83B004D00025284603B0BDE835
:10797000F0838B79012B0C46064616D049780429F2
:10798000F2D10025032BEFD1E379002BECD1DFF806
:10799000FC8098F8013013B998F802700FB3384B97
:1079A0001B68DB07E0D500BEDEE7CB79002BDBD11F
:1079B0000B781C449DB2617824290BD1954202D9E1
:1079C000D2E7AA42D0D323781C442B4461782429DF
:1079D0009DB2F6D00429C7D16379012BC4D1A37914
:1079E000D0E7A37888F8003094F8009021794D44CE
:1079F000ADB2A14439B925E099F800308F421D4459
:107A0000ADB299441ED2AA421CD399F80130052B7D
:107A1000F2D149463046019202F0F6FE019A002862
:107A2000BDD099F80230D90914BF88F8013088F820
:107A3000023099F80030217901371D44FFB2ADB210
:107A40009944D9E70F4801F057FE3F288DD998F89F
:107A50000210002002F0FCFE002886D0094801F048
:107A60004BFE3F2898F8021003D8002002F000FFD8
:107A70007BE7054A4023002002F00AFF75E700BFBC
:107A8000F0ED00E0D86B0020886B0020C86B002070
:107A900000207047F8B53C4DAA788A421F4612D1A3
:107AA0009AB23A4905F1100001F0DCFE384B13B1EF
:107AB0000020AFF30080374801F01EFE3F282CD88D
:107AC00001242046F8BD6B788B4208D0324B1C68ED
:107AD00014F00104F5D000BE00242046F8BD06468F
:107AE00005F1240001F0F0FD40BB2C4801F0ECFD55
:107AF0000028E5D1002FE3D017F03F07E0D16978E7
:107B0000304602F0A5FE04460028D9D069783046F8
:107B10003B463A4602F0BCFED3E7A978002002F0CB
:107B200097FE04460028CBD01A4801F0E5FD3F2817
:107B3000A9781ED8002002F09BFEC2E769780020D9
:107B400002F086FE0028D0D04022154905F124001D
:107B500001F0E4FD034690B1114A6978002002F07B
:107B600097FE0028ACD10C4B1B68DB07BDD500BECF
:107B7000BBE7064A4023002002F08AFEA1E76978AD
:107B800002F076FEB1E700BFC86B0020886B0020D2
:107B900000000000D86B0020F0ED00E0EC6B00204E
:107BA000486B002030B4114B9C689A6B93F83C50A2
:107BB00083F82C10A21A022183F830109A6225B99A
:107BC00042F2050183F83E50998744B13AB11A7BDD
:107BD000D20906D193F82F1030BC02F099BE30BC08
:107BE000704793F82E1030BC02F092BEA06F0020B8
:107BF00038B5214B214C05461BB1607BFFF736F8A9
:107C0000A8B1A06BA36894F82F101D4A1B1AB3F5F6
:107C1000007F28BF4FF4007328469BB202F038FE65
:107C200020B9184B1B68DB0700D500BE38BDA26821
:107C3000A36B84F83E0042F20771D31A0120A1879A
:107C40000221A36284F82C0084F83010002AEDD0C1
:107C5000002BEBD0237BDB0906D194F82F102846AC
:107C6000BDE8384002F054BE94F82E102846BDE816
:107C7000384002F04DBE00BF6D6C0200A06F0020C6
:107C8000A06D0020F0ED00E070B5304CE28AA368F2
:107C900052BA92B286B0054612B1B3FBF2F292B27A
:107CA000A66BD4F81110607B9B1BB3F5007F28BF37
:107CB0004FF4007309BA0093B6FBF2F302FB1362B0
:107CC0001944234BFEF79AFF031E20DB94F82E2065
:107CD0000DD011469BB228461D4A02F0D9FDA0B92D
:107CE0001C4B1B68DB0710D500BE06B070BD072417
:107CF000194603A88DF80C508DF8102005938DF8C7
:107D000011308DF80D4002F0B7FB06B070BDA268CF
:107D1000A36B43F602200021D31AA08784F83E10FB
:107D200001200221A36284F82C0084F83010002A7C
:107D3000EBD0002BE9D0237BDB0914BF94F82E1085
:107D400094F82F10284602F0E3FDDEE7A06F002034
:107D5000A06D0020F0ED00E010B4054C012084F887
:107D60003C1084F83D2084F83E305DF8044B7047A9
:107D7000A06F00204022002101482CF034BF00BF3A
:107D8000A06F00204022002101482CF02CBF00BF32
:107D9000A06F00204B79082B01D0002070478B7911
:107DA000062BFAD1CB79502BF7D1162A06D81C4BCB
:107DB0001B68D907F1D500BE0020704770B5194D7A
:107DC0008B7885F82D300B7882B005F12F0205F104
:107DD0002E0619440223CDE900261A46044602F075
:107DE00073FC48B90E4B1B68DA0702D500BE02B01F
:107DF00070BD002002B070BD204695F82F100A4AD1
:107E000000241F2385F8304002F042FD30B9044BB6
:107E10001B68DB0702D500BE1720E8E71720E6E75E
:107E2000F0ED00E0A06F0020A06D0020012901D03E
:107E300001207047F0B5137803F07F01022985B067
:107E4000054606D003F06003202B1AD0002005B0B1
:107E5000F0BD5478012CF5D15388002BF6D1434E58
:107E6000918896F83030042BC9B279D096F82E401C
:107E70008C423DD096F82F408C4257D0012005B05F
:107E8000F0BD5378FE2B16D0FF2BDFD15388002B8B
:107E9000DCD1D488A3B2002BD8D1344E1146284669
:107EA00086F83030C6E90D33B48786F83E3002F0EC
:107EB00081FD0120CBE75388002BC7D1D388012B4C
:107EC000C4D12B498DF80F3000294DD00192FEF717
:107ED000E5FD019A0028B9D0431EDBB204AC11467F
:107EE00004F8013D28462246012302F07BFDC5E748
:107EF000022BC3D1B26BB3681E4F9B1AB36206F15B
:107F000020030FCB07C73A46214602F80C39032459
:107F100028460D2386F8304002F0BAFC0028ADD187
:107F2000154B1B68DB0791D500BE90E7002BA5D150
:107F3000214602F0DFFC0028A0D12146284602F0AD
:107F400005FD00289AD1002496F82F10094A86F8DA
:107F5000304028461F2302F09BFC0028E0D08DE72C
:107F600002F0D6FC204672E70B46B7E7A06F002070
:107F70009D6A0200A06D0020F0ED00E02DE9F041C7
:107F8000B44C94F83050012D8EB01E46074645D0B3
:107F900028D3032D05D0022D5FD001200EB0BDE8FF
:107FA000F08194F82E308B42F7D10D2EF5D1E37B82
:107FB000282B00F01A812A2B40F00D81A64B13B11B
:107FC000607BFEF747FE002594F82F10A34A84F843
:107FD00030501F23384602F05BFC002861D094F833
:107FE0003050D8E794F82F508D42D6D11F2B06D1B0
:107FF000DFF868829A4BD8F800209A4271D00423A7
:1080000094F82E1084F83030384602F081FC38465F
:1080100094F82F1002F07CFC0020BFE7B3F5007F3E
:1080200008D9904B1B68D90700D500BE00200EB0C0
:10803000BDE8F081E27BA36B282A00F087802A2A22
:1080400000F08F80217B626B1E44CB09A66336D083
:1080500096422CD3022384F8303094F82E10384600
:1080600002F074FC002898D1A368A26B94F82E60EB
:10807000934202D9217BC9092ED19B1A7A4AA36265
:108080000FCA764D07C52A46314602F80C3903253A
:1080900038460D2384F8305002F0FAFB00287FF4B4
:1080A0007CAF704B1B68DB07C0D500BE76E76D4B1D
:1080B0001B68DA0793D500BE94F830506BE793B293
:1080C000607B664A04F10F01FEF778FD0028C0F2DC
:1080D0009F80A66B626BBBE73146384602F018FC06
:1080E0005BE7C446BCE80F0026460FC69CE80F00BD
:1080F00007C626F8023B1B0C3370D4E90123E17B51
:108100005A4E626201200022282963632662A2621D
:1081100084F82C20A26384F8300000F0AD802A2976
:1081200000F0DF80002B00F0EF80227BD20940F0CE
:10813000EB80B3F5007F00F26F819BB22946474A7E
:10814000384602F0A5FB0028ABD048E7626B1E441E
:108150009642A663BFF47EAFFFF796FD94F83050C9
:1081600019E7E28A52BA92B21AB1A168B1FBF2F2EF
:1081700092B2D4F81110394DB3FBF2FC09BA02FBEC
:108180001C32607B009661442B46FEF74DFD0028B3
:10819000C0F2FB81864230D9361A40B1A36B291850
:1081A00013FA80F332462846A3632CF003FD002324
:1081B00094F82F508DF818500722194605A88DF80D
:1081C000147007968DF819308DF8152002F054F9C7
:1081D00094F83050DFE6264B002B3FF4F4AE04F168
:1081E0000F01607BAFF30080EDE6224B002B3FF4E4
:1081F000EAAE607BAFF30080E5E6D4E90D231E44D0
:108200009642A663BFF426AF3846FFF7F1FCE6E6D8
:10821000A368A66B94F83C1084F82C509A1B02209B
:10822000A26284F8300021B942F2050084F83E10C1
:10823000A087002B3FF44EAF002A3FF44BAF237BC7
:10824000DB0940F0E58194F82F10384602F060FB1E
:108250003FE700BFA06F0020556C0200A06D00201A
:1082600055534243F0ED00E0C06F00205553425398
:108270000000000000000000E28A52BA92B20BBB7C
:10828000002A3FF4E7AE94F83C10A362022284F87F
:108290002C2084F8302000297FF4DFAE42F2050163
:1082A0000022A18784F83E20002B3FF4D6AE237B2A
:1082B000DB0940F09A812946384602F029FB94F800
:1082C000305068E6207BC00913D0002A00F080817E
:1082D000B3FBF2F2002A00F0A3812829384694D19A
:1082E0003AE7E28A52BA92B2002BC9D0207BC00989
:1082F000EBD094F83C10A362022284F82C2084F87E
:1083000030200029CAD0D2E7667B252900F22B81D4
:10831000DFE811F0220129012901E50029012901E5
:1083200029012901290129012901290129012901FD
:108330002901290129012901BD002901290129015A
:108340002901290129012901990087002901290111
:10835000710029012901290129014C002901260068
:10836000304604AA05A9FEF717FC059B002B00F078
:108370004481BDF81020002A00F03F81013B1BBA68
:1083800012BAC8E900320820A368002B44D09842F2
:1083900028BF184683B26063A64A94F82E10384668
:1083A00002F076FA00283FF47CAE18E605AD002313
:1083B0000DF10E02304604A96B600593AB60FEF729
:1083C000EBFB049A002A00F01881BDF80E30002B58
:1083D00000F0138112BA082106925BBA0222ADF8AE
:1083E0001E308DF817108DF81C2095E8070088E8DE
:1083F00007000C20C8E7904B03B33046227DE17C98
:10840000AFF30080D0B994F83C302BB943F6022288
:108410000023A28784F83E3001213846FFF7C2FBD3
:10842000DDE5864B53B1E17C3046C1F3400301F0FA
:1084300001020909FEF7CCFB0028E4D0A368002B59
:108440003FF408AEE8E79DF816307D49002203F0BE
:10845000800362F3C7138DF8163003238DF81520BF
:108460008DF817208DF81430002900F0E180304697
:10847000FEF7FCFB9DF8163080F0010060F3C71397
:108480008DF81630059BC8F8003004207CE74FF0CB
:10849000203302250022CDE90522304607A909AA8A
:1084A00008934FF0800C079309930D93CDE90A339D
:1084B0000C931F260DAB8DF816508DF8175005AD97
:1084C0008DF818608DF815C0FEF7F0FA0FCD594EF3
:1084D0000FC60FCD0FC62B683360242054E794F8E5
:1084E0003C2094F83D0094F83E10DFF848C1DFF8D6
:1084F00058E14FF000084FF00003CDE90588CDE9C1
:10850000078862F303038DF81630F0220A23ADF8D2
:1085100024808DF820008DF821108DF814208DF81E
:108520001B3005AD0FCDACE80F002B68ACF8003068
:10853000BEF1000F76D0ACF1100130464FF400725E
:10854000AFF300800028A4F83C8084F83E800FDB65
:1085500000283FF473AF17E73046FEF7F9FA00281A
:108560003FF451AF6AE794F83C30002B7FF454AFEE
:10857000A38E304A3349607BFEF720FB0028FFF6CC
:108580004BAF00283FF45AAFFEE6A36BA2681E442F
:1085900043F602200021931BA08784F83E1001209F
:1085A0000221A663A36284F82C0084F83010002A0C
:1085B0003FF453AD002B3FF450AD237BDB0914D1C6
:1085C00094F82F10384602F0A3F994F83050E2E402
:1085D000012294F83C1084F82C200222A36284F833
:1085E000302000293FF45AAE5EE694F82E1038464B
:1085F00002F08EF994F83050CDE494F83C30002B22
:108600007FF40AAF43F6022284F83E30A28703E7E4
:1086100094F82E10384602F07BF9D4E90D2617E5C0
:108620000222D6E7A4F83CE084F83EE01220ABE654
:1086300001201FE7A06D002000000000D16B0200A8
:108640006D6C0200AF6F00200000000070B5134C8D
:10865000134E84B020464FF4AE7200212CF0C3FAC2
:108660004025002304F58E720092CDE901561A468A
:10867000194604F1B000039504F068F92E4404F1A2
:1086800070020023CDE90025CDE90265201D1946C1
:10869000012204F05BF904B070BD00BF60700020DF
:1086A000E06F002010B5054C04F1B00004F07AF939
:1086B000201D04F077F9012010BD00BF607000207C
:1086C00038B5074C2046002500F8B85B01F058F992
:1086D00004F10C0001F054F984F8B150657138BD13
:1086E000607000204B79FF2B01D0002070472DE9EE
:1086F000F04FDFF824B19BF8B13083B04BBB9BF84F
:10870000053033BB0B788A460AEB02050AEB0304FB
:1087100089788BF80010A542064614D91AF8032070
:10872000A3189D420FD36278042A0CD00B2A0AD0DA
:10873000052A0BF1B8080BF1B0070BF10C0917D0A3
:108740009D421C4609D8A4EB0A0080B203B0BDE8E4
:10875000F08F002003B0BDE8F08F1A7813449D42DB
:10876000F1D36278042AEED00B2AECD0052AE7D1A7
:108770002146304602F048F8002843D0A378DB09B0
:1087800005D19BF8B1301BB32278A318D8E79BF82A
:108790000530002BF8D14846019301F0F1F8A2789A
:1087A0008BF80520A2889BF804C0019B1849C2F3EE
:1087B0000A02A2F50072B2FA82F2520962F3410C87
:1087C00018468BF804C004F037F92278A318B7E7ED
:1087D000404601F0D5F8A3788BF8B130A3889BF818
:1087E000B020C3F30A03A3F50073B3FA83F35B0964
:1087F00063F34102394630468BF8B02004F064F947
:108800000028C1D1034B1B68DB07A2D500BEA1E73E
:1088100064700020F0ED00E06070002070B51C4C2A
:1088200094F8B1208A4205461E460FD1B4F8BC2008
:10883000F2B9184B23B1B2B217490020AFF3008050
:108840002846164904F040F9012070BD63798B4237
:1088500001D0002070BD124B1BB1B1B20020AFF3AC
:1088600000801049284604F0E7F848B1012070BDA7
:10887000B2B2D4F8B41004F1B80000F0F3FFD8E7B6
:1088800032462846074904F099F8012070BD00BF20
:108890006070002000000000E06F002010710020D8
:1088A0000000000064700020F8B50E688D88B7786D
:1088B0003544AE420BD23B469F42344603D10BE0D7
:1088C0006378042B05D023781C44A542F8D80020F7
:1088D000F8BDA3789F42F6D1E3789A42F3D1A5423E
:1088E000F5D9237D012B06D9144B1B68DA07EED589
:1088F00000BE0020ECE723790D46DBB1012BE6D169
:108900002278E389617A1344114423442144994233
:1089100004D3DCE70A7811448B42D8D94A78052A77
:10892000F8D101F071FF28B9044B1B68DB07CED5E5
:1089300000BEF8BDA41BEC800120F8BDF0ED00E006
:10894000C28832B9654B1B68DB0700D500BE00202A
:108950007047F0B40378624803EB830403EB4403ED
:10896000C058831803D08E781C7BA64207D95B4B76
:108970001B68D90700D500BE0020F0BC70472EB997
:10898000012C01D90120F8E701268E7001248C60AA
:10899000C1F80E404C7700256FF03F0481F822505B
:1089A0008C766FF003056FF06404CD760C774D4D37
:1089B000C1F81E50082481F82340825CB3F80D40B2
:1089C00014441C441344A342D1D2474F9D78102D28
:1089D0000CD827FA05F0C04310F0010006D1DA7870
:1089E000964203D107E05A78242AEFD01A7813442C
:1089F0009C42F8D8BBE79C42B9D0062D06D0102D7A
:108A000004D0042DB9D1012248730A73CF781A79A2
:108A1000974218D81FB9012AB4D80127CF701A7805
:108A20001A44A2420FD2967806F0FD0CBCF1050F55
:108A30000FD0112E03D10CE05678242EF3D01678E7
:108A400032449442F8D8254B1B68DA0794D500BE0F
:108A500093E7D678B742F2D19442F4D0D1F81240DD
:108A60008CB9062D30D0102D2ED0042D09D1B2F89E
:108A70000560B2F807505C7D05FB06F304FB03F4C8
:108A8000E408C1F812404B6863B9557E012D3FF6EA
:108A900079AFD2F81A3025B9D2F81E209A427FF465
:108AA00071AF4B60114AA2FB03235A0BCBD0631E5C
:108AB0001344B3FBF2F30233B3F5807F28BF4FF4C6
:108AC0008073C1F816305DE7B2F80530B2F80740A0
:108AD00004FB03F42401E408D3E700BFF0ED00E059
:108AE000BC71002003010101501001005917B7D1DA
:108AF0002DE9F84F0B785D4C03EB83050E4603EB35
:108B000045030989E7589146804679B13944CB78C5
:108B100003F00303012B00F09480738933B13B44CD
:108B2000DA7802F00302012A00F091807488B58897
:108B300000233C44B381F38133827382B382F38296
:108B40003D44A278AC4238BF134609D29A4203D1C1
:108B50000CE06378042B06D023781C44A542F8D897
:108B60000020BDE8F88FA3789A42F5D1E3789945C3
:108B7000F2D1A542F4D994F804A0BAF1020F15D8A5
:108B8000E31BF380B9F1000F16D023781C44BAF12F
:108B9000000F4CD04FF0000B06E06378052B28D077
:108BA000042B03D023781C44A542F6D8304B1B6815
:108BB000DA07D5D500BED3E7737F012B12D006F1BB
:108BC0001E03494686F81D90A6F81890A6F81A903C
:108BD000184630222CF007F801463046FFF7B0FE69
:108BE0000028BDD023781C44BAF1000FD2D1012057
:108BF000B7E7E37803F00303B9F1000F01D0012BCD
:108C000018D0022BACD12146404601F0FDFD28B31F
:108C100006EB4B03E21B1A8122780BF101039A4504
:108C200014444FF0010BBFD8B9F1000FDFD002237D
:108C30007377DCE7A388B269C3F30A039342E2D2F5
:108C40008EE700233381897801F08EFE65E70022EC
:108C500072819978404601F087FE67E7044B1B68F4
:108C6000DB077FF57DAF00BE7BE700BFBC71002056
:108C7000F0ED00E010B4064C06480023C4E90033D0
:108C80001946C4F807304E225DF8044B2BF0ABBFF9
:108C9000BC710020C87200200120704710B4064C3F
:108CA00006480023C4E900331946C4F807304E22B1
:108CB0005DF8044B2BF097BFBC710020C8720020F8
:108CC0002DE9F0414B790E2B04D04FF000084046BF
:108CD000BDE8F0818B79012BF7D1CB79012BF4D151
:108CE0003E4E33682BB13E4B1B68DB07EDD500BE13
:108CF000EBE714460F461A46314605463760B48006
:108D0000FFF7D2FD0028E0D0F2883368B978134429
:108D10003C44A74293F814C03B4605D308E05A7878
:108D2000042A4DD00B2A4BD01A7813449C42F6D813
:108D3000BCF1000F4ED02B494A88002AD3D1D81B52
:108D40001FFA80F83272A1F802809C4293F802E088
:108D50000A8098BF034605D80BE05A78042A2BD026
:108D60000B2A29D01A7813449C42F6D8DB1B1FFA31
:108D700083F80022BCF1010FA1F804804A77B2D138
:108D800017FA80F017FA83F3984281780AD2827832
:108D90008A4203D118E04278042AF8D002781044BD
:108DA0008342F8D8284600220E49FFF7A1FE00288A
:108DB0008BD0A6F804808AE79A787245D2D0D5E79E
:108DC0009A788A42B0D0B3E7C278012AE6D18342CA
:108DD000EFD1E7E7DB1B1FFA83F8EAE7BC7100205D
:108DE000F0ED00E0C87200202DE9F047167806F09B
:108DF0001F04012C8CB004D0002420460CB0BDE828
:108E0000F087DFF8F892B2F804C0D9F80070804615
:108E100015465FFA8CF317B1BA789A422CD0B44F4A
:108E20007C88002CE9D03A7802EB820002EB400209
:108E300059F802E07444A2789A42DDD1C6F3411693
:108E4000F3B2002B00F09C80012B12D15FEA1C2CA6
:108E50000FD16B881B0A022B00F02E81062B00F02D
:108E60001781012B00F0F580A24B1B68DB0700D5B2
:108E700000BE07233B77BFE7C6F34116F4B2002CD0
:108E800047D0012C25D15FEA1C2C26D0B9F806204A
:108E9000BB18B95CDA89114419448B420ED29A7816
:108EA000023A052A06D8DA78624503D107E05A78F3
:108EB000242AF4D01A7813449942F8D849B10023EF
:108EC00089F80930012498E78A4B1B68D90700D537
:108ED00000BE072389F809308EE76B881B0A012B37
:108EE00000F09580022BEFD16B78812B00F0478149
:108EF000862BE9D10129E2D10B46404629467E4A1C
:108F000001F070FD0028DAD1FF2389F80930002430
:108F100073E76B780A2B4AD00B2B3ED10129CED1B7
:108F2000EB88002BF0D1B9F80630FA181179A9B105
:108F3000F85CD189537A0144034413440A449342B0
:108F400005D395E119780B449A4240F29181597802
:108F50000529F7D19978404601F006FD0026A9F8C9
:108F600006606A8865494046FFF79EFC0446002873
:108F7000CAD02946404601F01DFD89F809603CE74A
:108F80006B780A2B27D00B2B7FF46EAF012900F0F2
:108F9000BD8000233B7701242FE7564B1B6813F05D
:108FA00001032FD107221C4689F8092025E7012952
:108FB00085D1EB88012BA7D1B9F80620BF18A3D023
:108FC0000CAAF97802F8301D294601F00BFD044681
:108FD0000028D2D198E70129DBD1EB88012B35D1CC
:108FE000FB889BB31EEB030330D00CAADB7802F89E
:108FF000303D40460B46294601F0F4FC044628B3B8
:109000003E77FAE600BE072389F80930F5E66B786B
:10901000812B00F0D180862B00F0BE80012B7FF4E5
:1090200053AF012900F0CB8002297FF448AF344BC5
:10903000002B3FF444AF99F80A100020AFF30080F2
:10904000B0FA80F489F809006409D6E6FF233B777B
:10905000D2E67B7F0BB187F81DC06C78842C61D879
:10906000822C65D2012C00F00A81812C7FF4FCAEA9
:1090700001298ED1EB883BB1294640463023214A55
:1090800001F0B0FC002884D1FF233B770024B4E634
:109090006B78812B00F0A180862B7FF4E5AE01294F
:1090A0007FF477AF294640460123134A01F09AFC2A
:1090B00000287FF46EAFE7E76B78812BD8D040F2C1
:1090C000B080852B00F09780862B7FF4CDAE0129F0
:1090D0007FF45FAFEB88012BD6D10B464046294683
:1090E000094A01F07FFC00287FF453AFCCE700BFB2
:1090F000C8720020F0ED00E0857A0500BC71002008
:1091000000000000E6720020867A05006A88394671
:109110004046FFF7EDFC002898D02946404601F074
:1091200049FC36E7862CD2D065D3872C7FF49CAEE1
:1091300001297FF42EAFEB88002BA5D0B64EE9466F
:1091400006F1300A30687168B268F368CC46ACE862
:109150000F0010365645E146F4D19DF80210002963
:1091600040F09F80832C00F08381872C00F0648185
:10917000822C00F0618108233B7700243DE6012921
:109180007FF49DAE294640460123A44A01F02AFC03
:1091900000287FF494AEB7E601297FF490AEEB8807
:1091A000012B7FF4B1AE294640469D4A01F01AFCDE
:1091B00000287FF484AEA7E601297FF480AEEB8817
:1091C000012B7FF4A1AE294640460123954A01F0C8
:1091D00009FC00287FF473AE96E601297FF4D9AE2E
:1091E0000B464046294607F11C0201F0FBFB002814
:1091F0007FF4CFAE48E701297FF4CBAEEB88022B9A
:109200007FF442AF0CAA302122F8301D4046294697
:1092100001F0E8FB044600283FF436AF00233B771B
:10922000EBE5012B7FF420AE01293FF425AF0229A5
:109230007FF4AFAE7849A1F11E00FFF781FB044631
:1092400060B3794B7A6BBA613BB1734A79783878FD
:10925000AFF3008000287FF49CAE74490023022005
:109260004FF480720880C7E903337B61BA83C4E599
:109270006F4B1B68D8077FF547AE00BE44E6012957
:109280003FF4FAAE02297FF484AE6349A1F11E00D7
:10929000FFF756FB044600287FF47BAE08233B779C
:1092A000ABE59DF8030000287FD1FA88002A3AD068
:1092B0001EEB020337D01EF80220B3F80D005D4EFE
:1092C00010441844134498420FD99A78102A04D8AD
:1092D00026FA02F2D20700F1D5801A781344984298
:1092E000F1D95A78242AF8D1EDE70346832C5AD0D5
:1092F000872C4CD0822C7FF43EAF01218DF80310D7
:109300001A781A44904237D9947804F0FD06052E55
:1093100010D0112C0ED0147822449042F2D95478F7
:10932000242CF8D1EEE7424B1B68D9077FF523AF19
:1093300000BE20E7D478A142EDD1997806291DD04E
:1093400010291BD004297FF416AFB2F80510B2F82B
:1093500007205B7D02FB01F203FB02F3DB08CDF883
:1093600012306A4629464046302301F03BFB044652
:1093700000283FF489AE51E70246DEE7B2F8051057
:10938000B2F8073003FB01F31B01DB08E7E79A782B
:10939000062A06D0102A02D0042A7FF4ECAE997D6A
:1093A000ACE79979AAE71979A8E7019B002BD8D1F6
:1093B000FA88002AB7D01EEB0203B4D01EF802E0F0
:1093C000B3F80D20DFF86CC072449E1873449E42BF
:1093D0000ED99A78102A03D82CFA02F2D20756D462
:1093E0001A7813449E42F2D95A78242AF8D1EEE72B
:1093F00033461A7813449E4264D99A7802F0FD01EC
:10940000052948D0112A46D01A7813449E42F2D931
:109410005A78242AF8D1EEE7E6720020C5710020C0
:10942000867A0500C671002000000000C871002087
:10943000F0ED00E05010010001238DF8023001230F
:109440004FF00112029300230392ADF810304FF653
:10945000C0428DF8223040F29B13ADF81A20ADF8CF
:109460001C30404ACDF81E2008238DF8233078E7C1
:10947000FB88002BE3D01EEB0303E0D01B7B8DF8B1
:109480000230DCE7DA7891427FF427AF2EE7DA7812
:109490009142A5D1ADE7DA789042B5D1823C052C56
:1094A0003FF669AE01A252F824F000BF2D950200EC
:1094B00011950200F3940200779102007791020067
:1094C000C99402003346E9E7D3F8151042F210734D
:1094D000B1FBF3F3019100293ED0DDF812208BB9E6
:1094E000931CB3F5807F28BF4FF48073CDF81630FE
:1094F00037E75A7E72BBD3F8221042F21073B1FBE9
:10950000F3F3E7E7013A1A44B2FBF3F30233E8E777
:109510005A7ECAB1053203EB8202D2F80210D3F8A8
:109520001A3042F21072B3FBF2F3D3E75A7E72B1F3
:10953000053203EB8202D2F80220D3F81A1042F26D
:109540001073B2FBF3F3C5E7D3F81E10E7E7D3F8C7
:109550001E20F2E7002301930023ADF81630ADF88A
:109560001830FEE6030101012DE9F84F334C238941
:1095700053B12278324F02EB820502EB45057D594B
:109580002B449F788F420AD02E4B1B68DB0703D5F4
:1095900000BE0020BDE8F88F0020BDE8F88FD4E9B8
:1095A00004369E4205460BD327490023C4E9033302
:1095B000636119B161781046AFF300800120E9E7DB
:1095C00001F046F90028E7D0DFF88090A36999F808
:1095D0000000D4E9042BA2EB0B0808EB00069E4226
:1095E00028BF1E46B04213D9164B1B6813F0010367
:1095F00001D000BE002339462846144A01F048F93C
:109600000028DBD10F4B1B68DA07C5D500BEC1E7C8
:10961000E168A6EB000A5944484452462BF0BFFAD1
:109620000BEB0A03D0456361B3B2E4D199F8012092
:1096300042F0020289F80120DDE700BFC872002075
:10964000BC710020F0ED00E000000000C8710020B7
:109650002DE9F041B2F5004F9DF8188030D804464E
:10966000C0681E460F46154618B14FF0FF3127F06F
:10967000ABFB206918B14FF0FF3127F0A5FBE28862
:10968000E068276066F30E02C2F30721002368F347
:10969000C711E2806381A580E171238118B11A4668
:1096A000194626F049FF206938B100231A461946A9
:1096B00026F042FF0120BDE8F0810120BDE8F081E5
:1096C0000020BDE8F08100BF03894289808892B202
:1096D0009BB2934236BFC2EB40029B1A9B189BB2CF
:1096E000984228BF18467047028943899BB2981A4E
:1096F000B0FA80F04009704703894289808892B2AD
:109700009BB2934236BFC2EB40029B1A9B189BB29E
:10971000984286BFC01A80B2002070472DE9F843F6
:10972000054600690E46174618B14FF0FF3127F085
:109730004BFB2B896989A8889BB289B28B4236BFC3
:10974000C1EB40045C1AE418A4B2002C4AD0A04239
:1097500006D283422CBF191A191889B269810446AE
:10976000BC4228BF3C468842A4B203D8091A89B239
:109770008842FBD9EA882B68401AC2F30E0887B2E8
:109780001FFA88F2BC4202FB013125D917FB08F908
:109790001FFA89F94A4630462BF001FAE21B12FB08
:1097A00008F206EB090092B229682BF0F8F96A89F1
:1097B000A88892B211198BB29A4215D940001B1A8F
:1097C0009BB228696B8120B100231A46194626F006
:1097D000B3FE2046BDE8F88302FB04F230462BF0CE
:1097E000DEF9E4E769898BB240008342E9DBE6E712
:1097F00038B5054600690C4618B14FF0FF3127F027
:10980000E3FA29896B89AA8889B29BB2994236BF4B
:10981000C3EB4200C81A401880B200B3824209D29A
:1098200091422CBF8B1A8B189BB29A426B8103D842
:109830009B1A9BB29A42FBD9EA882968C2F30E02AE
:10984000204602FB03112BF0AAF90124286920B15C
:1098500000231A46194626F06FFE204638BD0446FE
:10986000F4E700BF2DE9F0471446002A4FD0054623
:10987000C0680F4618B14FF0FF3127F0A5FAEA791A
:109880002E896989AB88D209B6B289B242D18E429B
:1098900036BFC1EB4301711A891989B2994252D27C
:1098A000591A89B28C42E88828BF0C46C0F30E08CA
:1098B000B342304603D8C01A80B29842FBD21B1A7A
:1098C0002A681FFA83F9A14508FB002047D219FB3B
:1098D00008FA1FFA8AFA524639462BF060F9A4EBCF
:1098E000090212FB08F207EB0A0192B228682BF07A
:1098F00056F9A3199BB2AA88B3424FEA420201D398
:10990000934201DB9B1A9BB2E8682B81F8B9204691
:10991000BDE8F087E8889C42C0F30E080FD28E4263
:1099200023D3721A92B2580022448242C0DBCE186E
:10993000361BB6B2B14220D9361AB6B2B8E7E41A2D
:1099400008FB0477B3B9E86800240028DFD00023BF
:109950001A46194626F0F0FD2046BDE8F08708FBC0
:1099600004F239462BF01BF9C3E75800421A32447F
:1099700092B2D9E70E461C4698E7B04298DCDBE786
:1099800010B50446C06818B14FF0FF3127F01CFA3B
:10999000206918B14FF0FF3127F016FAE068002374
:1099A0006381238118B11A46194626F0C5FD206946
:1099B00020B100231A46194626F0BEFD012010BD35
:1099C00038B5C379B1EBD31F1FD00446C0680D462C
:1099D00018B14FF0FF3127F0F7F9206918B14FF0B7
:1099E000FF3127F0F1F9E379E06865F3C713E3711C
:1099F00020B100231A46194626F09EFD206920B1A9
:109A000000231A46194626F097FD012038BD00BFF5
:109A1000704700BF704700BF0020704700207047AC
:109A2000704700BF704700BF704700BF704700BF5E
:109A3000024B5878003018BF012070477073002027
:109A4000024B1878C0F38000704700BF707300208D
:109A5000024B1878FF3818BF0120704718610020AA
:109A60002DE9F047374E3378FF2B82B004D0012523
:109A7000284602B0BDE8F087002946D03822884643
:109A80000746002130482BF0AEF8304B3049002516
:109A900001201D7026F02AFF2E4B1860002834D0BC
:109AA0002D4C2346626833F80C0B6188009526F034
:109AB000D1FCA168054627F061FB284B1D6075B3FA
:109AC000274B23B12748AFF30080274B1860254C64
:109AD000DFF89CA02278DFF8909000252B460EE05E
:109AE000D9F8003013EB45130FD05B686BB1984782
:109AF00022780135EDB2511DA9422B4615DBAA4251
:109B0000EED89B1A0AEB4313EFE7184B1B68DA07F2
:109B100000D500BE0025284602B0BDE8F087134BF3
:109B20001B68DB07F6D500BEA2E741463846377012
:109B300001F050FE05460028F1D0384601F04CFEF9
:109B400096E700BF18610020707300207074002039
:109B500020730020A8730020BC600020AC7300209C
:109B6000000000001C73002018730020F0ED00E0DE
:109B7000887A0500B94B1B78FF2B00F0A1812DE9F5
:109B8000F04F04468BB04FF47A7200238002A10D8F
:109B90002AF060FDB24DDFF8E4B2B24E8246671C97
:109BA000286800F02481002C00F02181BAF1000F18
:109BB00014BF5246012207A926F074FFC0B19DF8D8
:109BC0001D30013B072B00F21481DFE813F0F20097
:109BD000D300CA00BF00B700410014000800089B72
:109BE0000BB109989847286827F09AFA0028D6D12F
:109BF0000BB0BDE8F08F9DF820109B4B01F07F0764
:109C000003EB470303EBD11393F826006FF3000037
:109C100083F8260093F826006FF3820083F826006D
:109C2000002F00F04581914A1B7D12789342C0F0CD
:109C30003381501D9842C0F234819B1A0BEB4313C1
:109C40009F699DF82120099B9DF81C00B847CAE731
:109C5000874A1378002B00F024811378013BDBB294
:109C60001370137803F0FF00002BBCD1DFF8F891DC
:109C70009DF81C8099F8003043F0010389F800300A
:109C800099F8263060F3000389F8263099F82630D9
:109C900060F3820389F8263099F8273060F30003D7
:109CA00089F8273099F8273060F3820389F8273044
:109CB00000F002FF9DF8203003F06002602A00F0FF
:109CC0000681402A00F00A8103F01F03012B00F0F7
:109CD000D581C0F01281022B40F0F9809DF824104C
:109CE00001F07F07082F00F2F2807B00C809019382
:109CF0004B44034400905D481F7D03789F4280F0F1
:109D00000F82336803EB4717002A00F0108257B127
:109D1000786900F0D1FE7B69404608AA0121984786
:109D200000287FF460AF9DF81C00002101F0BEFF09
:109D300080219DF81C0001F0B9FF54E74A4B1B78C5
:109D4000D8077FF550AFFFF771FE4CE7464B1A7806
:109D5000D7077FF548AF1878C0F3C000FFF764FE5F
:109D600041E7414BDB78D9077FF53DAF0898FFF716
:109D700051FE38E73D4F9DF81C903A7800239846F5
:109D800010E0336813EB481300F08080DB6848462E
:109D900098473A7808F101085FFA88F8511D88451C
:109DA000434645DC9045A3EB0203EAD30BEB431398
:109DB000ECE72E4F9DF81C903A78002398460FE070
:109DC000336813EB48135BD0DB68484698473A7812
:109DD00008F101085FFA88F8511D884543460FDCF9
:109DE0009045A3EB0203EBD30BEB4313ECE72246C6
:109DF000E1E6204B1B68DA077FF5F5AE00BEF2E620
:109E00003822002118482AF0EEFE1B4A4FF0FF339B
:109E1000C2E90533C2E90033C2E90233D3611384D6
:109E2000136100F03FFE104B9DF820209A70DAE697
:109E3000382200210C482AF0D6FE0F4A4FF0FF339B
:109E4000C2E90533C2E90033C2E90233D3611384A6
:109E5000136100F027FEFFF7E5FDC4E6186100205E
:109E6000AC73002018730020707300201C73002056
:109E700070740020F0ED00E074730020887A050013
:109E8000A44B1B68D907CCD500BECAE7A14B1B6801
:109E9000DA07DED500BEDCE7326812EB43137FF44D
:109EA000CFAE9C4B1B68DB077FF5A2AE00BE9FE6E2
:109EB000099B9DF821209DF81C0000F013FE92E6FE
:109EC0007047FCF7F3FC0246002840F0E981914B13
:109ED0001B68DA077FF527AF00BE24E78E4800280D
:109EE0003FF421AF00F0E8FD404608AA0121FCF74D
:109EF00025FF00287FF477AE15E7202A00F0F180D7
:109F0000002AE4D19DF82130092BE0D801A252F8B3
:109F100023F000BF3BA002001BA00200CF9E020066
:109F20005DA00200CF9E0200FD9F0200A99F0200DB
:109F3000CF9E0200939F02003D9F02009DF82230B9
:109F400001931A4699F801309A4200F0548199F829
:109F50000130002B40F05481019B89F80130002B27
:109F600000F04781581EC0B2FCF7A0FC18B143783E
:109F7000022B00F0C181674B1B68DB0700D500BED8
:109F8000644B1B68D80700D500BE002389F8013058
:109F9000C9E60AAA99F8013002F80E3D40460123AD
:109FA00008A900F01FFD1EE6BDF82200030A5A1E94
:109FB000C0B20E2A3FF6B7AE01A151F822F000BFA1
:109FC000B3A202008FA202007FA20200279D02001E
:109FD000279D020061A202008FA20200279D0200BD
:109FE000279D0200279D0200279D0200279D020059
:109FF000279D0200279D0200E3A2020008A800F0AE
:10A0000061FD40469DF8221001F0ECFB99F800300C
:10A0100043F0020389F80030E5E5BDF82230012B5A
:10A020007FF481AE99F8003040466FF3C30308A96E
:10A0300089F8003000F0BEFCD5E599F800309908A9
:10A0400001F00201C3F340130AAA0B4322F80E3DAC
:10A050004046022308A900F0C5FCC4E5BDF8223043
:10A06000012B7FF460AE99F80030404643F00803BE
:10A0700008A989F8003000F09DFCB4E59DF8243073
:10A080000F2B3FF650AE4B44244A1B791778BB4246
:10A0900038D2376817EB43173FF445AE786900F0C4
:10A0A0000BFD7B6908AA01214046984700287FF4F0
:10A0B0009AAD9DF8203013F060077FF434AE9DF820
:10A0C00021300A3B012B3FF62EAE00F0F5FC9DF847
:10A0D00021300A2B00F0FC8008A9404600F06AFC01
:10A0E00081E59DF824300F2B3FF61DAE4B440B4A03
:10A0F0001B791778BB4260D2376817EB43173FF4E0
:10A1000012AE05E67A1D9A42FFF60DAEDB1B0BEB95
:10A110004317C3E7F0ED00E03D6D02001C73002023
:10A12000581DB84239DA002A7FF4FDAD17469DF874
:10A130002130012B03D036D3032B7FF4C8AEBDF8FA
:10A1400022200292AAB9B84A012B10783DD001F022
:10A15000ADFD019B009A4B44134493F8262042F036
:10A16000020283F8262093F8262042F0010283F8A9
:10A170002620002F3FF437AD786900F09DFC7B6905
:10A18000012108AA40469847002000F095FC99F864
:10A190002730D9073FF527AD9EE7FB1A0BEB431796
:10A1A000002AC4D0B4E5019B009A4B4413442033E9
:10A1B0000AAA9B79C3F3400348E77A1D9A42FFF647
:10A1C000B2ADDB1B0BEB4317A2E501F097FD019B42
:10A1D000009A02994B44134493F8262061F34102FC
:10A1E00083F8262093F8262061F3000283F82620C6
:10A1F000BFE7FFF717FC404608A900F0DBFBF2E4DD
:10A200000021404601F000FB404601F09FFB874FD4
:10A2100099F802300293002300943A781C460CE02F
:10A220000BEB4313DB68404698473A780134E4B2BD
:10A23000501D8442234600F3CE809442A3EB0203D8
:10A24000EED2336813EB4413ECD1794B009C1B68BE
:10A25000DB0700D500BE9DF8083089F802307BE6A8
:10A26000FFF7DAFB024600283FF45DAD4046137865
:10A2700008A900F0B7FB00287FF4B5AC53E5BDF8A2
:10A280002410FCF719FB02460028EFD14BE5022B06
:10A290003FF417AEFFF7C2FB024600283FF443AD80
:10A2A0004046538808A900F09DFB00287FF49BAC32
:10A2B00039E5FCF7F7FA024600283FF408AE4046BD
:10A2C000122308A900F08EFB00287FF48CAC2AE54D
:10A2D0000AAA08A902F80E7D4046012300F082FB7D
:10A2E00081E4544B002B3FF41EADFCF723FD0246E6
:10A2F00000283FF418ADD3E7C27999F80030511126
:10A3000061F30413921162F3451389F80030438816
:10A31000CDF81080CDE900A4C318039300F109071C
:10A32000039BBB4237D97B780B2B03BF3B7897F855
:10A3300003A0FF184FF0010A7B78042B43D1039B45
:10A340003A4ACDF814A0DB1B00219BB2029112788F
:10A3500088469A4617E0346814EB481433D05246C6
:10A360003946049823699847082808F1010201D961
:10A37000824543D22D4B5FFA82F81A78CDF80880D7
:10A38000511D88451CDC029B9045A3EB0202E2D3E1
:10A390000BEB4214E3E7DDF81080DDE900A4FFF7E2
:10A3A0003FFB28E70246434604463946224802F06E
:10A3B000B1FA1E4B029A1B78053393422744AFDA59
:10A3C000DDE900A4D7E51A4B1B68DF07DDE900A42F
:10A3D0007FF5D6ADD3E5382200211848009C2AF03D
:10A3E00002FC174A4FF0FF33C2E90533D3611384EF
:10A3F000C2E90033C2E9023313612CE7DDF814A08F
:10A40000BAF1010F1ED00021CBB2534501F1010179
:10A41000C8D2BA78134459FA83F31A79FF2AD2D1F1
:10A4200083F80480F0E700BF186100201C7300204F
:10A43000F0ED00E0356D02008473002070730020A1
:10A440007473002023690A4A0A498B4208BF4FF0FF
:10A45000020A9342D7D17B79012BD4D1BB79012B4E
:10A46000D1D1FB79002B08BF4FF0020ACBE700BF28
:10A470005D7902001D7102002DE9F0434378023B33
:10A4800085B005460E46042B0CD8DFE803F0495D85
:10A49000037E3F00844B1A78D70715D51A7842F00F
:10A4A00004021A70814B18688EB933464FF0FF32A0
:10A4B000294626F041F8003018BF0120F0B97C4B46
:10A4C0001B68DB0700D500BE05B0BDE8F08304AA19
:10A4D000002342F80C3D294626F03EFA019B43B189
:10A4E000744B4FF080525A6040BFBFF34F8FBFF3A1
:10A4F0006F8F003018BF01200028E0D03246697805
:10A500002878FFF785FA05B0BDE8F0836A4A13782A
:10A510000133DBB21370654B1868002ED7D1C4E746
:10A52000614B1A786FF300021A701A7800216FF3EA
:10A5300041021A7059701A7861F382021A705B4BEB
:10A540001868002EC3D1B0E75C4FDFF874913978FA
:10A55000DFF87081002423460AE0D8F8003013EBBE
:10A5600044130AD10134E4B24A1DA242234615DB4A
:10A570008C42F2D35B1A09EB4313DB69002BF1D059
:10A580006968287898473978ECE7474B1A78D407F8
:10A590009AD51A786FF382021A7083E7424C2378B7
:10A5A00058072FD5237841496FF3820323702B7806
:10A5B0008DF8043005220023CDF80A30CDF806309E
:10A5C000ADF80E3008688DF80520002E59D004AA89
:10A5D00001A942F8103D26F0BFF9009B43B1354B6D
:10A5E0004FF080525A6040BFBFF34F8FBFF36F8F61
:10A5F000003018BF012000284DD12D4B1B68D90712
:10A6000000D500BEE378DA077FF55EAF274A2B78E6
:10A61000696810688DF8043003220023CDF80A30F1
:10A62000CDF80630ADF80E3002918DF80520F6B168
:10A6300004AA01A942F8103D26F08EF9009B43B10F
:10A640001C4B4FF080525A6040BFBFF34F8FBFF397
:10A650006F8F003018BF012000283FF430AF324622
:10A660009DF805109DF80400FFF7D2F92CE733465A
:10A670004FF0FF3201A925F05FFF003018BF012025
:10A68000EAE733464FF0FF3201A925F055FF0030CD
:10A6900018BF0120AFE732469DF805109DF8040071
:10A6A000FFF7B6F9AEE700BF70730020AC7300206F
:10A6B000F0ED00E000ED00E0707400201C7300205D
:10A6C000887A0500187300202DE9F84F0A9F002AA8
:10A6D0004CD090464A78052A0C460ED1CE7806F02A
:10A6E0000306B34209D18A7802F07F02082A0DD905
:10A6F000204B1B68DA0700D500BE1E4B1B68DB072A
:10A7000002D40020BDE8F88F00BEFAE7DFF868B099
:10A71000DFF868A09BF8009000250EE06278052A1B
:10A72000EBD1E27802F00302B242E6D1A27802F065
:10A730007F02082ADCD89BF800909AF802100022C9
:10A74000204602F095F80028D2D04846214601F074
:10A750006FF80028D1D0A278D30916BF0B9B3A70AE
:10A760001A702278013545451444D7D10120BDE83F
:10A77000F88F00BFF0ED00E018610020707300203A
:10A7800030B51E4D85B0082400230290019303913B
:10A790008DF805402868144682B9134601A94FF088
:10A7A000FF3225F0C9FE003018BF0120E0B9144B7C
:10A7B0001B68DB0700D500BE05B030BD04AA01A9A7
:10A7C00042F8103D26F0C8F8009B43B10D4B4FF006
:10A7D00080525A6040BFBFF34F8FBFF36F8F00307E
:10A7E00018BF01200028E2D022469DF805109DF8F0
:10A7F0000400FFF70DF905B030BD00BFAC730020B9
:10A80000F0ED00E000ED00E038B58B7803F07F0359
:10A81000082B06D90B4B1B68DB0700D500BE0020B8
:10A8200038BD094A094B0C46204691781D78002214
:10A8300002F01EF80028EDD021462846BDE8384039
:10A8400000F0F6BFF0ED00E070730020186100200A
:10A85000CB09263301F07F010348044A03EB410191
:10A860000844116801F0BABF70730020A87300207B
:10A87000CB09263301F07F010348044A03EB410171
:10A880000844116801F0D6BF70730020A87300203F
:10A8900038B5154C01F07F0504EB450404EBD114E9
:10A8A0002034A079C00706D5104B1B68DA0700D505
:10A8B00000BE002038BDA5790D4845F0010500789F
:10A8C000A57101F0F1F80028F4D1A379074A60F3EB
:10A8D0000003A371A37960F38203A3711368DB07FC
:10A8E000E7D500BE38BD00BF70730020F0ED00E07A
:10A8F00018610020054B01F07F0203EB420303EBDC
:10A90000D11191F8260000F001007047707300200B
:10A9100010B50C4B18780C4601F0C8F90A4904F040
:10A920007F0301EB430101EBD41191F8263043F092
:10A93000020381F8263091F8263043F0010381F8B4
:10A94000263010BD1861002070730020054B01F007
:10A950007F0203EB420303EBD11191F82600C0F311
:10A96000400070477073002010B50F4B18780C46EC
:10A9700001F036F80D4904F07F0301EB430101EBD0
:10A98000D41191F826306FF3410381F8263091F805
:10A9900026306FF3000381F8263091F826306FF3EC
:10A9A000820381F8263010BD1861002070730020EA
:10A9B000704700BF0A4630B4094C49680546106824
:10A9C000234603C30023C4E9023392F900209A42CC
:10A9D0002846ACBF802119461A4630BCFFF758BF45
:10A9E000B4740020F0B50E462B4C49680746306819
:10A9F000A260254603C50021E181F588AB4228BF4E
:10AA00002B4683B0A381ADB13BB3002A3DD094F96E
:10AA10000000402B28BF402300282CDB1F4A38466B
:10AA2000FFF736FF98B91E4B1B68DB0712D500BE37
:10AA300003B0F0BD96F90030002BACBF802100219F
:10AA400038462B462A46FFF723FF0028EBD001208B
:10AA500003B0F0BD002003B0F0BD94F90020002A3F
:10AA6000ACBF194680211A463846FFF711FF00286F
:10AA7000D9D00120ECE71146084801931A462AF084
:10AA80008EF8064A019B8021EEE7054B1B68D9072B
:10AA9000E0D500BE1046CBE7B474002074740020EB
:10AAA000F0ED00E0034B0022C3E90022C3E90222DB
:10AAB0001A617047B4740020014B1861704700BFE1
:10AAC000B47400200346064A5968006810B413465F
:10AAD000002403C3C2E902445DF8044B704700BF81
:10AAE000B474002070B5404C2278C909B1EBD21F74
:10AAF00082B0064615D03BB13C4B1B68DA0700D547
:10AB000000BE002002B070BD2146FFF751FF23694F
:10AB1000002B40D02246304603219847012002B046
:10AB200070BD94F90020A068002A08DB0028E8D056
:10AB30001A462F4901932AF032F8A068019BE58953
:10AB4000E2881D44ADB21844AA42A060E58101D05C
:10AB50003F2B23D8236923B1234A0221304698474B
:10AB600088B194F9002000239A42ACBF8021194695
:10AB700030461A46FFF78CFE68B91C4B1B68DB0792
:10AB8000BFD500BEBEE70146304601F08FF8304623
:10AB9000802101F08BF8012002B070BDA28994F9E8
:10ABA0000010531B9BB2402B28BF402300290ADB17
:10ABB00095424FF0000112D00D4A3046FFF768FE73
:10ABC0000028DAD0E7E795420BD001461A4608483C
:10ABD000019329F0E4FF8021054A019BEDE70A4635
:10ABE000EBE780210022E8E7B4740020F0ED00E0FC
:10ABF0007474002000B1704727F05CBC00B170474E
:10AC000027F062BC0138C3B2042B07D856230D4A83
:10AC100003FB00F013181B79DB0706D40A4B1B68F3
:10AC2000DB0700D500BE00207047CB09363301F0AA
:10AC30007F0103EB4101054B08441044196801F002
:10AC4000CDBD00BFC8740020F0ED00E07876002094
:10AC50000138C3B2042B07D856230A4A03FB00F07D
:10AC600013181B79DB0701D400207047CB0936335A
:10AC700001F07F0103EB4101034B084410441968C4
:10AC800001F0D8BDC874002078760020F0B5441ECD
:10AC9000E5B2042D83B017D8562505FB04F5174EF1
:10ACA00001F07F0405EB4404344404EBD114303448
:10ACB000A779FF070BD5124B186810F0010001D0DF
:10ACC00000BE002003B0F0BD002003B0F0BD1F4661
:10ACD00013460A460146705DA579009745F00105C7
:10ACE000A57100F0BDFB0028ECD1A37960F300034F
:10ACF000A371A37960F38203A371E3E7C874002012
:10AD0000F0ED00E02DE9F047764DAF798F4284B049
:10AD100091461E4604465BD0E2234FF0000AA9711B
:10AD20008DF809108DF80830ADF80CA0002E00F059
:10AD3000B380012103AF0DF10808FBF72BFE41465C
:10AD40003A4602232046FBF753FE51462046FBF7C6
:10AD500021FE9DF80C30EB702223D9F800908DF87D
:10AD60000730002E3ED020460121FBF713FE3A4665
:10AD70000DF1070101232046FBF73AFE9DF80C3048
:10AD8000EB704946082300222046FBF731FE20469F
:10AD90000021FBF7FFFD0026102241F2F2032046BE
:10ADA0000121EA71ADF80830ADF80C60FBF7F2FD57
:10ADB0003A46414602232046FBF71AFE314620461A
:10ADC000FBF7E8FD9DF80C30EB7004B0BDE8F087B0
:10ADD000222303AF0DF10808D9F800908DF8073051
:10ADE000002EC0D14FF0FF31E86D25F0EDFF314668
:10ADF0002046FBF709FE20460121FBF7CBFD3A4632
:10AE00000DF1070101232046FBF7F2FD9DF80C3000
:10AE1000EB703246082349462046FBF7E9FD3146F0
:10AE20002046FBF7B7FD20460121FBF7EDFD334639
:10AE300032463146E86D25F07FFB102241F2F203E5
:10AE40004FF0FF31E86DEA71ADF80830ADF80C60F5
:10AE500025F0BAFF31462046FBF7D6FD20460121FA
:10AE6000FBF798FD3A46022341462046FBF7C0FD1A
:10AE700031462046FBF78EFD20460121FBF7C4FD3D
:10AE8000334632463146E86D25F056FB9DF80C30CE
:10AE9000EB7004B0BDE8F0874FF0FF31E86D25F0AE
:10AEA00093FF31462046FBF7AFFD03AF204601215B
:10AEB0000DF10808FBF76EFD3A4602234146204695
:10AEC000FBF796FD31462046FBF764FD2046012145
:10AED000FBF79AFD334632463146E86D25F02CFBF0
:10AEE00037E700BF7C7600202DE9F04F4B781D0737
:10AEF0000E4685B090460978044662D1DA0600F124
:10AF00004881B26812B1B288002A5AD1E24D03F0EA
:10AF10002006AB7966F07F068B42F6B200F06481C2
:10AF2000E2230027A9718DF809108DF80830ADF8DB
:10AF30000C70B8F1000F00F06C82012120460DF179
:10AF40000C090DF1080AFBF725FD51464A4602237C
:10AF50002046FBF74DFD39462046FBF71BFD9DF8CB
:10AF60000C30EB70F223EE718DF8096000268DF83D
:10AF70000830ADF80C60B8F1000F40F0D980E86DF2
:10AF80004FF0FF3125F020FF41462046FBF73CFD06
:10AF900020460121FBF7FEFC4A460223514620468B
:10AFA000FBF726FD41462046FBF7F4FC2046012135
:10AFB000FBF72AFD434642464146E86D25F0BCFAC0
:10AFC00045E0B54D13F02007AA7946D1914240F0F3
:10AFD000BE800DF10C090DF1080AB37813F0100FC3
:10AFE0000CBF10222022EA2300278DF809208DF8BB
:10AFF0000830ADF80C70B8F1000F00F0FA800121B4
:10B000002046FBF7C7FC02234A4651462046FBF781
:10B01000EFFC39462046FBF7BDFC9DF80C30EB7089
:10B020007378EB71F222012120468DF809308DF8FA
:10B030000820ADF80C70FBF7ADFC51464A460223E0
:10B040002046FBF7D5FC39462046FBF7A3FC9DF8CC
:10B050000C30EB7005B0BDE8F08F914240F0A1805C
:10B060000DF10C090DF1080AB37813F0100F0CBFA5
:10B0700040228022EA2300278DF809208DF808302D
:10B08000ADF80C70B8F1000F00F0E480012120460B
:10B09000FBF780FC514602234A462046FBF7A8FCFA
:10B0A00039462046FBF776FC9DF80C30EB70328871
:10B0B0002B899A422AD0B788F2887388BF1ABFB208
:10B0C0005B099F4228BF1F4617F0FF0740F0088129
:10B0D0003A23AF708DF8097000278DF80830ADF86D
:10B0E0000C70B8F1000F00F0D98001212046FBF769
:10B0F00051FC514602234A462046FBF779FC39466B
:10B100002046FBF747FC9DF80C30EB7033782B7230
:10B1100073786B727378EB71F22200268DF8093028
:10B120008DF80820ADF80C60B8F1000F3FF427AFA0
:10B1300020460121FBF72EFC51464A4602232046B9
:10B14000FBF756FC31462046FBF724FC7FE7E22361
:10B15000A9718DF80910ADF80C708DF80830B8F1B0
:10B16000000F00F0DE80012120460DF10C090DF1E9
:10B17000080AFBF70FFC51464A4602232046FBF71C
:10B1800037FC39462046FBF705FC9DF80C30EB7088
:10B1900023E7434606F10802FFF7B4FD05B0BDE81A
:10B1A000F08FE2230027A9718DF809108DF808307F
:10B1B000ADF80C70B8F1000F00F0D98001212046E5
:10B1C0000DF10C090DF1080AFBF7E4FB51464A4664
:10B1D00002232046FBF70CFC39462046FBF7DAFB3E
:10B1E0009DF80C30EB703FE70DF10C090DF1080AEA
:10B1F000B8E64FF0FF31E86D25F0E6FD4146204608
:10B20000FBF702FC01212046FBF7C4FB02234A4660
:10B2100051462046FBF7ECFB41462046FBF7BAFBC4
:10B2200001212046FBF7F0FB434642464146E86DCC
:10B2300025F082F99DF80C30EB707378E86DEB71B6
:10B24000F2224FF0FF318DF80930ADF80C808DF807
:10B25000082097E64FF0FF31E86D25F0B5FD414637
:10B260002046FBF7D1FB20460121FBF793FB4A4622
:10B27000022351462046FBF7BBFB41462046FBF725
:10B2800089FB20460121FBF7BFFB4346424641466E
:10B29000E86D25F051F907E77C7600204FF0FF318B
:10B2A000E86D25F091FD41462046FBF7ADFB2046B9
:10B2B0000121FBF76FFB4A46022351462046FBF76C
:10B2C00097FB41462046FBF765FB20460121FBF733
:10B2D0009BFB434642464146E86D25F02DF912E7B7
:10B2E00012238DF80730D6F808B0B8F1000F64D0FB
:10B2F00020460121FBF74EFB4A460DF107010123D1
:10B300002046FBF775FB9DF80C30EB7059463B4629
:10B3100000222046FBF76CFB00212046FBF73AFB9E
:10B32000D6E64FF0FF31E86D25F04EFD4146204650
:10B33000FBF76AFB0DF10C09204601210DF1080A0B
:10B34000FBF728FB4A46022351462046FBF750FBF9
:10B3500041462046FBF71EFB20460121FBF754FB2C
:10B36000434642464146E86D25F0E6F80DE74FF0CA
:10B37000FF31E86D25F028FD41462046FBF744FBF0
:10B380000DF10C09204601210DF1080AFBF702FB23
:10B390004A46022351462046FBF72AFB41462046F7
:10B3A000FBF7F8FA20460121FBF72EFB4346424605
:10B3B0004146E86D25F0C0F812E74FF0FF31E86D27
:10B3C00025F002FD41462046FBF71EFB20460121E9
:10B3D000FBF7E0FA4A460DF1070101232046FBF78F
:10B3E00007FB9DF80C30EB7042463B465946204621
:10B3F000FBF7FEFA41462046FBF7CCFA2046012136
:10B40000FBF702FB434642464146E86D25F094F8BF
:10B410005EE64FF0FF31E86D25F0D6FC4146204650
:10B42000FBF7F2FA0DF10C09204601210DF1080A93
:10B43000FBF7B0FA4A46022351462046FBF7D8FAFA
:10B4400041462046FBF7A6FA20460121FBF7DCFA2D
:10B45000434642464146E86D25F06EF87FE500BF61
:10B460002DE9F04102F07F0CBDF818E0D20981BB54
:10B47000BCF1000F5ED13E4EA6F160077178B47842
:10B4800082F0010262F345110A466FF3041244F0A0
:10B4900010017270B170B278B360032363F30302DA
:10B4A00000258046A6F804E0B270F5802846FFF734
:10B4B000A1FBBC7AC4BB01252046BD72FFF79EFBF1
:10B4C0002246404631462C46FFF70EFD2046BDE899
:10B4D000F08182F00108BCF1000F2ED0254F01222F
:10B4E0003C4604E00132142A04F10C0418D094F80C
:10B4F0006C508D42F6D102EB420507EB850595F8BD
:10B50000615005F00F066645ECD1C5F34015454581
:10B5100004F16C06BFD00132142A04F10C04E6D108
:10B5200000242046BDE8F0812846FFF767FB20464F
:10B53000BDE8F08182F00108D0E70E4F01243D46BE
:10B5400002E00134142CEBD095F86C608E4205F1CA
:10B550000C05F6D104EB4406B60007EB060C9CF88C
:10B5600061C01CF00F0FECD160363E4486E700BF8F
:10B57000DC7600207C76002042DF704743DF704796
:10B5800044DF704712DF7047F0B5334CBFF35B8F79
:10B59000014604F590730125D3E84F2FC3E8405FBF
:10B5A0000028F9D1BFF35B8F12F0FF0F48D10829B3
:10B5B00029D04E01A21954F806C028489388284F74
:10B5C00001F5947601EB810E50F82660D2889A1A24
:10B5D00093B2B6B200EB8E0209B2B34228BF334633
:10B5E000C2F800C707EB8100C2F8043747F82150C2
:10B5F000BFF36F8FBFF34F8F1A4B984218D0043BA5
:10B60000984215D0F0BD154BD3F8C024D1030FD408
:10B6100094F80B1161B11449D4F80001C3F8A007E4
:10B62000C3F8A4270D60BFF36F8FBFF34F8FF0BD3A
:10B630000023BFF35B8F84F82031BFF35B8FF0BD35
:10B640000A4B0B485A68C2F30802003218BF0122A5
:10B65000BDE8F040FFF794B8CC77002000700240BE
:10B6600028700240507002404870024000ED00E037
:10B67000E9B60200174BBFF35B8F01460122D3E806
:10B680004F0FC3E84C2FBCF1000FF8D1BFF35B8F15
:10B6900010F0FF0F14D10A60BFF36F8FBFF34F8F0D
:10B6A0000D4B994203D0043B994200D070470B4B9D
:10B6B000BFF35B8F002283F82021BFF35B8F7047BD
:10B6C000074B08485A68C2F30802003218BF01222B
:10B6D000FFF756B8EC78002050700240CC7700207D
:10B6E00000ED00E075B60200F0B5334CBFF35B8FA0
:10B6F000C1B204F590730126D3E84F2FC3E8406F21
:10B700000028F9D1BFF35B8F12F0FF0F47D1082952
:10B7100028D04D01621954F805E028489388DFF8D5
:10B72000B0C001F5947550F82570D2888D009A1A32
:10B7300093B2BFB26A1800EB8202BB4228BF3B46FD
:10B74000C2F800E76544C2F804374CF82160BFF343
:10B750006F8FBFF34F8F1A4B9D4218D0043B9D4211
:10B7600015D0F0BD154BD3F8C024D1030FD494F8F5
:10B770000B1161B11349D4F80001C3F8A007C3F855
:10B78000A4270E60BFF36F8FBFF34F8FF0BD002370
:10B79000BFF35B8F84F82031BFF35B8FF0BD0A4BA2
:10B7A0000A485A68C2F30802003218BF0122BDE8F5
:10B7B000F040FEF7E5BF00BFCC77002000700240EC
:10B7C000507002404870024000ED00E0E9B602000F
:10B7D0002870024001207047014B80225A60704758
:10B7E00000E100E0074BD3F80014D3F80024002058
:10B7F0000A434FF48001C3F80024C3F85801C3F88A
:10B800000413704700700240074B4FF4001229B92F
:10B81000C3F80823054B83F821117047C3F80423AC
:10B82000024B83F82111704700700240CC77002052
:10B8300070B48A788C88414EC97802F07F03D509AC
:10B8400005EB430006EB001001F00301C4F30A040A
:10B85000012904812BD0012101FA03F4BDB138483C
:10B8600002339940C0F80413D0F810352343C0F8D0
:10B870001035334B42F48071C3F81825C3F80C150A
:10B88000BFF36F8FBFF34F8F012070BC70472C4800
:10B8900003F10C06B140C0F80413D0F8141503F5F9
:10B8A00094730C43C0F8144540F82350E1E7082B8B
:10B8B00008D0244B186810F00100E6D000BE00202C
:10B8C00070BC7047EDB9B6F818311BB11C4B802223
:10B8D000C3F81C251A4A0023C2F85031D2F80033AD
:10B8E00013F4001308BFC2F85431154B4FF4401243
:10B8F000C3F80423D3F8142542F48072C3F8142546
:10B90000BEE7B6F808210E4B0021C3F82C1112B186
:10B910008022C3F81C250A4AD2F8003313F400131E
:10B9200008BFC2F85431064B074AC3F80423D3F8C2
:10B93000102542F48072C3F81025A1E7CC770020CF
:10B9400000700240F0ED00E0000820001F4B802254
:10B950002DE9F041C3F88420BFF34F8FBFF36F8F01
:10B9600001241B4D1B4FA0460026A30004F10C022E
:10B97000A11C03F1804303F51C3308FA01F108FA16
:10B9800002F20A43C7F8082328465E6001342022E9
:10B990009E62002129F027F9082C05F12005E4D149
:10B9A0000D4BC7F808332022C7F81C6500217E62C2
:10B9B0000A48BE6429F017F9C7F81485C7F810853E
:10B9C000024B80225A60BDE8F08100BF00E100E038
:10B9D000EC7700200070024000083000CC78002096
:10B9E00001F07F02082A70B44FEAD11128D0012358
:10B9F00003FA02F0C043B1B1294C951CAB40C4F826
:10BA00000833D4F81055274B2840C4F8100501EB33
:10BA1000420103EB01110023CB72BFF36F8FBFF321
:10BA20004F8F70BC70471E4C02F10C05AB40C4F840
:10BA30000833D4F814551B4B2840C4F81405E6E726
:10BA4000184B03EB01100024A0F808411448D1B1B1
:10BA50004FF40064C0F80843D0F8104524F4807413
:10BA6000C0F81045B3F81841B3F808510C48EC423F
:10BA70004FF0000608BF4FF40014C0F81C6508BF63
:10BA8000C0F80843C3E74FF48014C0F80843D0F867
:10BA9000144524F48074C0F81445C0F85011E1E74F
:10BAA00000700240CC77002001F07F004FEAD11CEB
:10BAB000F0B50CEB4005744E2D01771985B0FC7A7A
:10BAC0004CB1724B1C6814F0010401D000BE00247C
:10BAD000204605B0F0BD04F0FF0E7251BB80A7F800
:10BAE00006E0002843D1002B57D0BCF1000F00F036
:10BAF0008E8006EB401100EB8003CD8A8A8A0C8B86
:10BB00000969521B9B0092B203F1804303F51C3379
:10BB1000A24228BF22465E4DC3F8001600B2C3F809
:10BB200004265C4BBFF35B8F05EB80010122D3E859
:10BB30004F4FC3E8472F002FF9D1BFF35B8FE4B21B
:10BB4000002C40F0908045F82020BFF36F8FBFF3AA
:10BB50004F8F514B994202D0043B994219D1BFF308
:10BB60005B8F002386F82031BFF35B8F11E0BCF1BF
:10BB7000000FBED106EB40160123F372BFF36F8FA7
:10BB8000BFF34F8FB37A23B1F37A03F0FF04002B96
:10BB900074D10124204605B0F0BD404AD2F880247B
:10BBA000C2F3C0126245A0D03D4D6A688DF80810FE
:10BBB000C2F3080100314FF4E06218BF012101A86F
:10BBC00003938DF80930ADF80420FEF755FCBFF360
:10BBD0005B8F06F590720123D2E84F1FC2E8403F09
:10BBE0000028F9D1BFF35B8FCCB2002C38D12A4AA0
:10BBF0001360BFF36F8FBFF34F8F1C46BFF35B8F94
:10BC0000204686F82011BFF35B8F05B0F0BD0123FD
:10BC1000204AF372BFF35B8FD2E84F4FC2E8413F37
:10BC20000029F9D1BFF35B8FE4B26CB91D4A1360F0
:10BC3000BFF36F8FBFF34F8FBFF35B8F86F820C1C9
:10BC40001C46BFF35B8F43E7154B16495A681648ED
:10BC5000C2F30802003218BF0122FEF791FD37E758
:10BC60006A680D49F3E70E4B0F485A68C2F30802A1
:10BC7000003218BF0122FEF783FD29E786F80AC0CB
:10BC8000FFF782FC24E700BFCC770020F0ED00E056
:10BC900004700240EC7800205070024000700240B6
:10BCA00000ED00E04C70024075B6020011F07F001C
:10BCB00008B512D008280BD00E4B41F48072C90988
:10BCC000C3F8182504D10C4B03EB40139A7A62B9E0
:10BCD000BFF36F8FBFF34F8F08BD064B01225A652C
:10BCE000BFF36F8FBFF34F8F08BD9972FFF74CFC06
:10BCF000EEE700BF00700240CC77002011F0770F14
:10BD000012D00A4B41F48072C3F80C15C3F80C250D
:10BD1000CA09C3F8181504BF01F5947143F821202E
:10BD2000BFF36F8FBFF34F8F704700BF00700240AB
:10BD30002DE9F04FA54BA64CD3F8000300238BB0A0
:10BD40001E461F46012520FA03F11A19C9074FEABA
:10BD5000820209D5116839B105FA03F117600E4363
:10BD6000BFF36F8FBFF34F8F0133192BEBD1F20766
:10BD700000F13582974D330508D5944BD3F8A8369A
:10BD800001229BB2A5F8163185F81C21B70206F4F2
:10BD9000800424D58D4BD3F81425D00540F1FC81C7
:10BDA000002C00F0A182D3F80024D20740F19C823D
:10BDB000D3F81035DA0540F1FB8195F81C3107AF57
:10BDC000002B40F0BD82814BD3F8203508933846D4
:10BDD0004FF440730121ADF81C30FEF74DFB04B366
:10BDE0007A4AD2F8004440F201732340C2F800348A
:10BDF000E30500F15682670510D5744B0122C3F8A4
:10BE000008259A65D3F8002312F4001208BFC3F87E
:10BE100054216E4B4FF40012C3F80423A00500F127
:10BE2000358231023DD5694BD3F880C4D3F88414F0
:10BE3000D3F888E4D3F88C74D3F89084D3F894447E
:10BE4000D3F89804D3F89C245FFA8CF35FFA80FC53
:10BE5000D0B25A06C9B25FFA8EFEFFB25FFA88F816
:10BE60005FFA84F901D105291BD00024224668F32A
:10BE7000070263F3070461F30F2469F30F226EF3E3
:10BE800017446CF3174260F31F6267F31F644FF4AB
:10BE9000C063012107A8CDE90842ADF81C30FEF7C8
:10BEA000EBFA4D4B3340002B40F09181DFF82491A9
:10BEB000464F4D46CA4609F5907800241DE02B44B4
:10BEC000DA7A002A00F0D781DA88AAF80420002262
:10BED000DA72D98809914FF4E063012107A88DF83F
:10BEE00020B08DF82120ADF81C30FEF7C5FABBF16B
:10BEF000080F47D001340AF1200A04F10C0326FA96
:10BF000003F3DB075FFA84FBF1D504EB840307EB53
:10BF10008303DAF80020D3F80807630112FA80F2ED
:10BF2000E918CAF80020CA8880B2024492B2082CEC
:10BF3000CA80C4D0BAF808208242C0D1CA88BAF8F0
:10BF400004109142BBD9BBF1000FD0D10122BFF345
:10BF50005B8FD8E84F3FC8E8412F0029F9D1BFF3E4
:10BF60005B8F13F0FF0F40F052821C490A60BFF351
:10BF70006F8FBFF34F8FBFF35B8F85F82031BFF317
:10BF80005B8FB7E7164B3340002B00F002810F4B5D
:10BF9000D3F86C240192C3F86C24BFF36F8FBFF306
:10BFA0004F8F16F4806600F06E81D3F88024D3F8AA
:10BFB000803483F08003C3F3C0130593C2F3C0132E
:10BFC0000493DFF808A00024A84613E000700240A4
:10BFD000409C0010CC770020FCFB1F004C700240FE
:10BFE00000040001002C00F0F281072E52D0013431
:10BFF00009F120090199E14004EB8403C9070AEB28
:10C00000830308EB4412E6B2ECD5D3F80816D9F84E
:10C010001070C9B20F44C9F81070D08A014489B2B7
:10C02000D182A849D08AB9F8145061188900854294
:10C0300002914FF0010C66F07F0103914FF4E06B29
:10C040004FF0000E614607A840F2B480D18AB9F8DB
:10C050001820C3F800766D1AADB2954228BF154678
:10C06000994AC3F80456BFF35B8FD2E84F3FC2E84A
:10C0700041CF0029F9D1BFF35B8F13F0FF0F40F0E0
:10C08000ED80029BC3F800C0BFF36F8FBFF34F8FEB
:10C09000072EACD1019BDB03454601D4059B43B180
:10C0A000EB7A23B1EB88AA889A4200F271810123CE
:10C0B000AB72019B9F030BD595F82B3023B1EB8C12
:10C0C000AA8C9A4200F28881012385F82A30019BCC
:10C0D0005E030DD595F84B3033B1B5F84630B5F861
:10C0E00044209A4200F27D81012385F84A30019B69
:10C0F0001C030DD595F86B3033B1B5F86630B5F843
:10C1000064209A4200F27E81012385F86A30019B07
:10C11000D8020DD595F88B3033B1B5F88630B5F827
:10C1200084209A4200F23881012385F88A30019BED
:10C1300099020DD595F8AB3033B1B5F8A630B5F806
:10C14000A4209A4200F22D81012385F8AA30019B98
:10C150005A020DD595F8CB3033B1B5F8C630B5F8E5
:10C16000C4209A4200F22281012385F8CA30019B43
:10C170001B020ED595F8EB30002B00F0F380B5F8DC
:10C18000E630B5F8E4209A4240F2EC800720FFF751
:10C19000FBF90BB0BDE8F08FD3F81025D1053FF5C2
:10C1A0000CAE95F821211AB94FF40012C3F80823F8
:10C1B00007AF08E6D38A09939DF80C30ADF81CB0A0
:10C1C0008DF820308DF821E0FEF756F90DE70023B9
:10C1D000BFF35B8F85F82031BFF35B8F66E63B4B87
:10C1E0003B4A3C4D3C4800240127C2F81475C2F874
:10C1F0001075546094625C609C629C60DC62DC60E0
:10C200001C631C615C635C619C639C61DC63DC613E
:10C210001C6454629464C2F85841D2F80034D2F8D5
:10C2200000140B43C2F80034D2F80033C2F80833CC
:10C230002146C2F8040328464FF4927228F0D3FC3A
:10C2400040234FF48072394607A82B832B818DF849
:10C250002040ADF81C20FEF70FF98CE51F4B20485D
:10C260005A680299C2F30802B2EB0E0218BF01220B
:10C27000FEF786FAB9E61B4B1B68D80789D500BEC6
:10C280000BB0BDE8F08FCDE904669AE600220523E5
:10C29000012107A88DF81C208DF81D30FEF7ECF861
:10C2A000BFE50121C2F82C150423002207A88DF850
:10C2B0001C208DF81D30FEF7DFF867057FF5AEAD69
:10C2C0009BE500BF019C0010EC7800200470024048
:10C2D00000700240CC7700200514C00100ED00E0A2
:10C2E00075B60200F0ED00E04F4BBFF35B8F01220B
:10C2F000D3E84F1FC3E8402F0028F9D1BFF35B8F6D
:10C3000011F0FF0F32D1494BD3F8C004C70352D408
:10C3100095F80B1101F0FF07002967D04449D5F8C3
:10C320000071C3F8A077C3F8A4070A60BFF36F8F4A
:10C33000BFF34F8FD3F81035D8053FF53EAD37E743
:10C34000B5F816310993002285F81C2188234FF493
:10C35000E06238460121ADF81C20ADF82030FEF730
:10C360008BF830E5012385F8EA3012E7314B32488B
:10C370005A68C2F30802003218BF01220821FEF7F2
:10C38000FFF92A4BD3F81035DB053FF516AD0FE763
:10C390000020FFF7F9F88CE60420FFF7F5F8019B81
:10C3A000C6E60520FFF7F0F8019BD1E60620FFF76F
:10C3B000EBF8019BDCE6BFF35B8F85F82011BFF340
:10C3C0005B8FD3F81035DF053FF5F7ACF0E6049945
:10C3D00000293FF40CAE18E60120FFF7D5F8019BC9
:10C3E00076E60220FFF7D0F8019B81E6BFF35B8F72
:10C3F00085F82071BFF35B8FD3F81035D9053FF571
:10C40000DCACD5E60320FFF7BFF8019B80E6094BC3
:10C410000A485A680A49C2F30802003218BF0122CA
:10C42000FEF7AEF966E500BFEC7800200070024030
:10C430004870024000ED00E0E9B6020075B6020067
:10C440004C70024030B5012885B000F09F8057D372
:10C45000022840D1BA4BD3F80435002B40F0D780E6
:10C46000B74AD2F800341C05FBD54FF40063C2F87C
:10C470000034BFF36F8FBFF34F8FB24AB24B1268D5
:10C480001B68082A00F0D780AD4BB04D80240122F4
:10C49000C3F81C45C3F80423C5F88441FDF7D8FA56
:10C4A000002840F0F880AA4D43F204044FF0804386
:10C4B0002268AA4211D0D3F80C14D3F80C24D0036C
:10C4C000F6D5CA07F4D59E4B0122C3F80425BFF365
:10C4D0006F8FBFF34F8F05B030BD04AA002102F863
:10C4E0000C1D1046FFF74EF89DF804000028E2D01E
:10C4F00010460191FFF744F8019A002AD8D0E2E7EC
:10C500008F4BD3F80025002AE5D14FF480014FF47A
:10C510000062C3F80813C3F80024BFF36F8FBFF3A2
:10C520004F8F884B1B68082B00F0B780844B01228B
:10C53000C3F80025BFF36F8FBFF34F8F43F20402A0
:10C5400003F18D5303F57723126803F2DB539A420C
:10C5500000F0CA804FF08043D3F80C24D3F80C3499
:10C56000D90301D5D207B6D443F20402784B12683E
:10C570009A4200F01881774B00221A601B680193E1
:10C580004FF08043012201991A60A4E76C4BD3F865
:10C590000025002A9FD00022C3F80425BFF36F8F27
:10C5A000BFF34F8F69498020C1F88400BFF34F8FDC
:10C5B000BFF36F8FD3F80013C3F80813C3F8002537
:10C5C000BFF36F8FBFF34F8F43F2040103F18D531D
:10C5D00003F57723096803F2DB53994200F0998051
:10C5E00001AB5D4A012111605C4A5168C1F3080149
:10C5F000003118464FF000024FF0020318BF01212E
:10C600008DF804208DF80530FDF736FF63E743F21F
:10C6100004024F4B12689A4200F0B0804FF0804302
:10C62000D3F80C24D3F80C34DB037FF519AFD5070E
:10C630007FF516AF4FE7032B0AD8494A1168002946
:10C6400040F09880474C49F27530106021601060CE
:10C650005A1E022A10D8424A1168002967D1424D59
:10C660003848394B00681B6849F2753414602960FA
:10C67000146008287FF408AF032B3FF605AF3B4951
:10C680003B4B40F2E370402208601A60BFF36F8FAB
:10C69000BFF34F8FF8E66C6005E72B4B1B685A1E03
:10C6A000022A12D82E4B1A68002A40F08E802E499A
:10C6B00049F2753203201A6008601A60214A224B41
:10C6C00012681B68082A7FF431AF032B3FF62EAFA8
:10C6D000234B1A68002A74D1224949F27532C020CE
:10C6E0001A6008601A6021E704AB002203F80C2DE1
:10C6F0001846FEF747FF9DF8041000293FF42AAFC3
:10C7000018460192FEF73CFF019B002B7FF4E3AE3D
:10C710002AE704AB03F80C2D1846FEF733FF9DF80B
:10C720000420002A3FF45DAFFEF728FF5CE70549CF
:10C73000054B0D4A08681B680021116099E700BF8E
:10C7400000700240300100103401001000E100E0F0
:10C75000DBE5B151000100400400004000ED00E0C5
:10C7600000EC064014EC064014ED06400078024050
:10C7700004780240174A0021116069E704AB0022E7
:10C7800003F80C2D1846FEF7FDFE9DF80410002955
:10C790003FF444AF18460192FEF7F2FE019B002BD6
:10C7A0007FF499AE5CE604A8002300F80C3DFEF788
:10C7B000E9FE9DF80430002B3FF4DDAEFEF7DCFE11
:10C7C00089E6044BC0221A60B0E6034B03221A60CC
:10C7D00074E700BF14EC064014ED0640F8B503788A
:10C7E00013F0010405D10678C6F3800626B1204671
:10C7F000F8BD00242046F8BD0F4605464FF0FF3136
:10C80000384624F0E1FA2A7812F001040FD12B788F
:10C810005B0704D42B7843F004032B70012400231E
:10C8200038461A46194623F087FE2046F8BD34469E
:10C83000F5E700BF70B505460E4608464FF0FF31DC
:10C8400024F0C2FA2878C0F3800444B900240023FD
:10C8500030461A46194623F06FFE204670BD2B78ED
:10C8600013F00102F2D12B7862F382032B70EEE712
:10C8700010B4C378848803F00303022BC4F30A04C2
:10C8800026D019D8012B04D0002318465DF8044B9C
:10C890007047022940F2FF3208BF4FF48062A24283
:10C8A000F3D21A4B1B6813F00103EED000BE002335
:10C8B00018465DF8044B7047022914BF40234FF41B
:10C8C0008063A342EDD3012318465DF8044B704703
:10C8D00002290BD012B1B4F5007F11D0A4F10803E6
:10C8E0009BB2182B06D9402CEDD0DAE7B4F5007FC7
:10C8F000D7D1E8E7064A22FA03F3DB07D1D5E2E70E
:10C9000000244021134644710171BEE7F0ED00E0C0
:10C91000010100010A44914216D230B44C78052C32
:10C9200005D00C7821448A42F8D830BC70478C7806
:10C9300004F07F0500EB4505E4092B550C782144F4
:10C940008A42EBD830BC7047704700BF2DE9F041F8
:10C9500082B00678089DBDF82470009361F300064C
:10C960000446294600F8086B012316463A46BDF8EE
:10C970002C80FCF76DFE05B13FB90A9B6360012076
:10C98000A4F8028002B0BDE8F08104F11C0101208E
:10C9900023F0ACFF26B903463046C4E90503ECE7B3
:10C9A0000023FAE710B50446406908B124F0C2FB41
:10C9B000A06908B124F0BEFB012010BDF0B50B4604
:10C9C0000D4613F8081B83B011F0020F07461846F6
:10C9D00040F2FF130CBF3F241C461646FCF774FEC2
:10C9E000E8B9E6B126421AD12B786978DA073846D9
:10C9F00018D5FEF707F990B12B78697813F0010389
:10CA000013D000233846CDE900331A46FEF73EF92D
:10CA100030B9084B1B68DB0701D500BE00E00020E1
:10CA200003B0F0BDFDF714FFE5E738461A46FDF701
:10CA30002FFFEDE7F0ED00E070B501F1080582B0E1
:10CA4000064628460C46FCF73FFE38B1237861784D
:10CA5000DB07304605D5FEF7D5F830B9002002B027
:10CA600070BDFDF7F5FE0028F8D0284662886168A1
:10CA7000FCF754FE054690B1237862686178D807C8
:10CA800017D50023CDE9003330462B46FEF7FEF8DC
:10CA9000B0B90C4B1B68DB07E0D500BEDFE72078A0
:10CAA000617810F00104304608D1FDF7E1FE204620
:10CAB000D5E730462B46FDF7EBFEE9E7FEF7C8F871
:10CAC0002846CCE7F0ED00E02DE9F0418A890B78AB
:10CAD00082B00C460646E2B9DD07497857D5FEF725
:10CAE00091F800284FD0227863886178D20751D519
:10CAF000002B5DD0626800253046CDE90055FEF779
:10CB0000C5F800284DD1374B1B68DB073BD500BE6D
:10CB10003AE003F0020301F10808002B40460CBF85
:10CB200040274FF40077304D08BF6FF03F05FCF70A
:10CB3000E3FD874227D823786178DB07304634D578
:10CB4000FEF760F8F8B14046FCF7D6FD874233D8CF
:10CB500005EA000265882378617890B2854228BF93
:10CB60000546DA0732D5002D37D062680023CDE9BB
:10CB7000003330462B46FEF789F80028C3D02846FC
:10CB800002E0FEF765F8002002B0BDE8F081FDF795
:10CB90005FFEA6E773B162683046FDF779FE0028B4
:10CBA000B1D0608802B0BDE8F081FDF751FEC9E761
:10CBB0001A46A0E71A46EFE72078617810F00104E2
:10CBC0003046DED1FDF754FE2046DDE73DB1626818
:10CBD00030462B46FDF75CFECFE72A46C6E72A46DD
:10CBE000F6E700BFF0ED00E000FEFFFF002800F0D8
:10CBF000B480002900F0B1802DE9F04F17688DB0A6
:10CC0000002F00F0A58013795C1E1E2C00F2A0807E
:10CC100094680594002C00F09B80D468002C00F0F0
:10CC20009780157D0695002D00F09280158A528A16
:10CC300002959542049200F28B80A3F120028E4669
:10CC4000C3F120050121164601FA02F921FA05F582
:10CC5000C3F1200201FA03F804FA03F324FA02F202
:10CC600049EA0509089304FA06F500230024CDE9F2
:10CC700000344FF0000C2A430797861EE2460992C3
:10CC8000CDF80CC0774636F8022F002594B24D45FA
:10CC900008BF444521D2079BA2FB032352EA0301AC
:10CCA00075D000200021CDE90A01002B73D1DDE908
:10CCB0000A01014311D10598A2FB00BC00FB03CC83
:10CCC0006146DDE90823584627F0C4FC00234FF6EF
:10CCD000FE728B4208BF824242D20AF1010A5745D6
:10CCE000D1D1DDF80CB0069B079F5B4530D80024FE
:10CCF0005A46DDE90001234627F0ACFC00214945F6
:10CD000008BF404524D2A7FB002307FB01352B4673
:10CD100052EA03011AD04FF000084FF00009002D2D
:10CD20004BD158EA090113D1059CA2FB040104FB75
:10CD30000311DDE9082327F08DFC0B460021024694
:10CD400099424FF6FE7008BF904201D390B201E0C5
:10CD50004FF6FF700DB0BDE8F08F4FF6FF707047D3
:10CD6000029B80B28342B8D8049B8342B5D3DDE9ED
:10CD70000001EB43E2438B4208BF8242E8D3039BAE
:10CD8000001969410133CDE900010393A5E7029B36
:10CD9000002BECD0A1E70599A1FB02018B460020F6
:10CDA00005998446E3FB01BC614600293FF47FAF4F
:10CDB00001200021CDE90A0179E70599A1FB02676D
:10CDC0002146059C3846E5FB04010029A9D04FF017
:10CDD00001084FF00009A4E790F90030002B46DB72
:10CDE000C368002B43D0037C002B40D04369002B49
:10CDF0003DD08369002B3AD0037F013B1F2B36D8EF
:10CE0000F0B52A4E87B0044623F092FA3368C31A6D
:10CE1000002B054629DB264F3B78B3B994F9010076
:10CE2000002807DB012126F079FDA17894F90100A3
:10CE300026F0F8FD002194F9000026F06FFD022095
:10CE400026F066FC207C26F05DFC94F9000026F0BC
:10CE50008FFC3B78174A22F813000133217FDBB2A5
:10CE60008B423B7004D20135356007B0F0BD70478E
:10CE70001046E368227C00938DF804206369A26960
:10CE80000293D4F81EC094F8223003926A468DF8BB
:10CE90001430CDF810C0FFF7A9FE05F59C55064AE1
:10CEA00008350023356010803B70DEE734790020C0
:10CEB00030790020F07800201A61002038B5047A1B
:10CEC00094B990F90030002B23DBC3680BB3037CCB
:10CED000FBB14369EBB18369DBB1037F013B1F2BDE
:10CEE00017D8154B188838BD457A1448214621F0CB
:10CEF00071FF2946114821F0DBFE01210F4821F086
:10CF000075FF30B9214602220C4821F019FF022892
:10CF100002D04FF6FF7038BD084821F0C1FE04462C
:10CF2000064821F0BDFE064B03EA0423184380B2F5
:10CF300000EB8000800938BD1A61002084A4002025
:10CF400000FFFF00037823B919B10170426003723A
:10CF5000C3607047037823B1037A13B90123C1601A
:10CF600003727047037A33B90278032A03D003703F
:10CF700043600372C360704730B404788CB1057AA3
:10CF80006DB1C5684D1B952D09D90025057045600B
:10CF90000572C5602AB12046194630BC1047032CE3
:10CFA00001D030BC704745684D1B41F26F718D4216
:10CFB000F7D9EAE708B526F06BFBFEE7012808B5CC
:10CFC00004D0022805D0032806D008BD26F060FB57
:10CFD000FEE726F065FBFEE7BFF34F8F0549064BE2
:10CFE000CA6802F4E0621343CB60BFF34F8F00BF07
:10CFF000FDE700BF00ED00E00400FA05704700BF48
:10D00000704700BF2DE9F0470478089E1F46062CA4
:10D010001AD8DFE814F055015B01600107006501D3
:10D0200072011B00438843EA0121B1F5887F4FF06C
:10D03000000341808380C0F06681114604460EB132
:10D040000520B04700232370BDE8F08790F801C0A9
:10D05000B0F81641B0F802806FEA0C231BB24FF013
:10D0600000094B4544EA01219CB2B6BF41F22103BD
:10D07000630083EA44039CB2230446BF41F22103C8
:10D0800083EA440363009CB2230446BF41F22103B8
:10D0900083EA440363009CB2230446BF41F22103A8
:10D0A00083EA440363009CB2230446BF41F2210398
:10D0B00083EA440363009CB2230446BF41F2210388
:10D0C00083EA440363009CB2230446BF41F2210378
:10D0D00083EA440363009BB21C0446BF41F221046F
:10D0E00084EA43045C005FFA88FEA4B284EA0E245A
:10D0F00024B2002CB8BF41F221031FFA84FEACBF5A
:10D100004FEA4E0383EA4E039CB2230446BF41F22A
:10D11000210383EA440363009CB2230446BF41F227
:10D12000210383EA440363009CB2230446BF41F217
:10D13000210383EA440363009CB2230446BF41F207
:10D14000210383EA440363009CB2230446BF41F2F7
:10D15000210383EA440363009CB2230446BF41F2E7
:10D16000210383EA440363009CB223044ABF41F2D3
:10D170002103630083EA44034FEA18259BB283EA44
:10D1800005231BB2002B9CB2B6BF41F22103630002
:10D1900083EA44039CB2230446BF41F2210383EA9D
:10D1A000440363009CB2250446BF41F2210383EA95
:10D1B000440363009CB2230446BF41F2210383EA87
:10D1C000440363009CB2250446BF41F2210383EA75
:10D1D000440363009CB2230446BF41F2210383EA67
:10D1E000440363009CB2250446BF41F2210383EA55
:10D1F000440363009BB21C044ABF41F221045B005C
:10D2000084EA4303A0F8161180F800909BB2B8F1AD
:10D21000000F4AD008F1FF3400F1060E1EFA84FE1A
:10D2200041F22105441D14F8019F83EA09230FFAF6
:10D2300083F91FFA89F3B9F1000FACBF5B0085EAEF
:10D2400043039BB213F4004F0CBF5B0085EA43031A
:10D250009BB213F4004F0CBF5B0085EA43039BB203
:10D2600013F4004F0CBF5B0085EA43039BB213F439
:10D27000004F0CBF5B0085EA43039BB213F4004FE1
:10D280000CBF5B0085EA43039BB213F4004F0CBF55
:10D290005B0085EA43039BB213F4004F0CBF5B00B5
:10D2A00085EA430374459BB2BDD1994230D0002E2C
:10D2B0003FF4CAAE334611460120BDE8F047184797
:10D2C000AA297FF4C1AE01230370BDE60223417099
:10D2D0000370BDE8F087032341800370BDE8F08749
:10D2E0008288531C02449BB28380917142889A4287
:10D2F0003FF6AAAE05230370A6E60623A0F8161192
:10D300000370BDE8F0870029F4D0042303709BE686
:10D31000002F3FF499AE1346811D42466046BC463D
:10D32000BDE8F047604700BF70B5054600F5537093
:10D3300022F06AFF05F5507022F066FF05F54D708A
:10D3400022F062FF05F54A7022F05EFF05F1080643
:10D3500005F54274183C204622F056FFA642F9D14A
:10D36000284670BD002070472DE9F041DFF8DC80D1
:10D37000D8F800300360D8F804304360074600F165
:10D38000080508F1080408F542762146284622F0EF
:10D3900013FFB4F90C30AB812269B4F90E10237D70
:10D3A0002B751834B442E9812A6105F11805ECD1D6
:10D3B000D8F81833D8F81023D8F80C13D8F8080385
:10D3C000C7F80803D8F82003C7F80C1398F814130B
:10D3D000C7F8102398F81C23C7F8183398F824339B
:10D3E00087F8243387F81C23C7F8200387F8141321
:10D3F00007F54A70114922F0DFFE114907F54D701B
:10D4000022F0DAFE0F4907F5507022F0D5FE0E49E2
:10D4100007F5537022F0D0FE08F557700FC8D8F802
:10D420005843C7F85C03C7F85843C7F86013C7F8F8
:10D430006423C7F868333846BDE8F0816C7C00206F
:10D44000787C0020847C0020907C0020447900209F
:10D450002DE9F047DFF8D0A0DFF8B0902A4F002385
:10D46000CAE900330AF108040AF542784FF6FF765C
:10D4700020464946002522F079FE183424F80C6C29
:10D4800024F80A6C44F8087C04F8045CA045EFD149
:10D4900000231E491E48CAF80833CAF80C33CAF8DC
:10D4A0001033CAF81833CAF820338AF814538AF8AC
:10D4B0001C538AF8245322F059FE1449154822F0CF
:10D4C00055FE1249144822F051FE1049134822F02B
:10D4D0004DFE134A13491448CAF85853CAF85C530E
:10D4E000CAF86053CAF86453CAF8685326F0FCFBC4
:10D4F00006490E4822F03AFE094A0D490B48BDE89C
:10D50000F04726F0F1BB00BF000080BFF0800500AF
:10D510006C7C0020787C0020847C0020907C0020A3
:10D520000060002029D302004479002038790020CF
:10D5300009020500002878D02DE9F04F04782F2C3F
:10D54000ADF5037D804604D000200DF5037DBDE8D8
:10D55000F08F0D463F21164628F062FA0746002854
:10D5600065D0A0EB0809B9F5807FEDD8013028F02F
:10D5700076FAB0F5807FE7D841AC4A46414620466E
:10D5800027F00DFB002204F809202378EE46002B3B
:10D5900000F0C980104671460DF2051840F2011CDA
:10D5A0000EE02B2B03D01F2BCED97F2BCCD00132FA
:10D5B0006245C9D0013001F8013B235C002B46D005
:10D5C000252BEED118F80090A9F130035FFA83FA09
:10D5D000BAF1090F33D9A9F16103052B31D9A9F1AA
:10D5E0004103052B94BFA9F1370A4FF0FF3AB9F177
:10D5F000000FA9D0023014F80090A9F130035FFAAF
:10D6000083FBBBF1090F09D9A9F16103052B1BD9D4
:10D61000A9F14103052B97D8A9F13703BAF1FF3FD0
:10D6200092D043EA0A13DBB2BDE7002070474046C0
:10D6300028F015FAB0F5807F814685D89CE79A4698
:10D64000D8E7A9F1570AD5E7A9F15703E6E77244ED
:10D65000002313709EF801404FF02F0985F80090C9
:10D660004FF0010A002C4BD00DEB0A0140F2011BD8
:10D670002F2C41D111F8013F2F2BFBD0002B3FD095
:10D680005C2B3FF461AF1F2B7FF65EAF7F2B3FF427
:10D690005BAF88460AE02F2C0CD05C2C3FF454AFD3
:10D6A0001F2C7FF651AF7F2C3FF44EAF18F8014F7F
:10D6B000002CF0D1A8EB0102012A1AD0022A01D1D4
:10D6C0002E2B15D0BAF1010F18D90AF101005845D7
:10D6D0003FF43AAF05F80A9000EB020ABAF5807FF2
:10D6E0003FF632AF284427F05AFA4CB14146BFE723
:10D6F0004B782E2BE6D127E72346C1E75046EBE7D0
:10D70000002305F80A3087B10137384628F0A7F919
:10D71000B0F5807F3FF618AF421C3946304627F0FF
:10D720003EFA012011E7724692E7377001200CE7BC
:10D730002DE9F84300F61C2604462021304628F047
:10D740006FF9A8B38642054632D000F10108404681
:10D75000202128F065F9074650B3804528D000F114
:10D7600001094846202128F05BF908BB28701749B9
:10D770003870304628F061F900B33046144928F07B
:10D780005CF9F0B9022323711249484628F055F993
:10D7900020B14846104928F050F948B9404604F5F0
:10D7A0008372611DFFF7C6FE10B10020BDE8F8834B
:10D7B0000423022023706070BDE8F88301232371E5
:10D7C000E2E70423032023706070F5E78C7B0500FB
:10D7D000907B0500987B0500A47B050070B50024B4
:10D7E000054604704470C0F8144AC0F8184A21462F
:10D7F00040F6010200F61C2027F0F5F905F59152DC
:10D8000041F22423104614602146EC5440F60102F4
:10D81000053027F0E8F941F62C2341F6282205F5DA
:10D82000D150AC502146EC50C022103027F0DBF92B
:10D8300041F6F02341F6F4222146AC54281DEC5069
:10D840004FF42162EE1827F0CEF9012105F5D153EE
:10D8500006F1080285F8101A183343E90244083328
:10D860009342FAD1284670BD2DE9F84300240546BD
:10D87000894690460470447021464FF4216204307A
:10D8800027F0B1F905F59152012385F8103AC5F852
:10D89000149AC5F8188A41F22523146041F224270E
:10D8A00041F6F02241F6282641F62C2041F6F421DB
:10D8B000EC55AC512C506C54EC54AC5005F5D15394
:10D8C0002A4485F81C4A1833083243E902440833D5
:10D8D0009342FAD1BDE8F8832DE9F04F41F6F023E9
:10D8E00085B0C35800900193002B00F0B88000F57C
:10D8F000D7530027143303970293009B03EBC70908
:10D9000041F6302359F803604EB334783CB3DFF866
:10D9100088B12046B246542506E01AF8010F1BF8DC
:10D92000015F00286CD03DB128F0D4F8804628462D
:10D9300028F0D0F88045F0D0DFF860A143252046DC
:10D9400005E016F8010F1AF8015F50B33DB128F059
:10D95000C1F80446284628F0BDF88442F1D0019B66
:10D9600001379F42C9D1039BB3F5006F52D8009B8A
:10D970001B79022B6CD0012B53D00099039DC1F869
:10D980000C5A01F591530020012281F8102A1860E9
:10D9900081F81C0A002D53D002230B7005B0BDE89E
:10D9A000F08F002DDBD141F6342359F8031049B331
:10D9B0000B78303BDAB2092A24D82A4604E0092D34
:10D9C00020D8B2EBD00F1DD811F8014F314EA4F181
:10D9D000300502EB8202E84303EB4202A6FB006043
:10D9E0002B46002CEBD1029B03921B7853B9029A71
:10D9F00001231370019B01379F427FF47EAFB2E792
:10DA0000002D99D1009A022004231370507005B0A4
:10DA1000BDE8F08F009B04201870587005B0BDE879
:10DA2000F08F039B002BEDD1009800F5915200235D
:10DA30000121C0F80C3A80F8101A136080F81C3AE3
:10DA4000009A012003231370507005B0BDE8F08FD9
:10DA500041F6F423009AD35C002B8ED1D2E70379F0
:10DA6000022B0ED0012BDFD00099019CC1F80C4A8B
:10DA700001F59153012281F8102A1C6081F81C4A9B
:10DA8000DEE741F6F423009AD35C002BBAD01146AE
:10DA9000EBE700BFCDCCCCCC687B05007C7B0500E0
:10DAA0002DE9F04F044689B09346002900F000812B
:10DAB000002A52D00678C0F8143A032E54D0042E0F
:10DAC0004BD000F591588A4608F104080D4600270E
:10DAD00000F5915920E00A2B98F800204BD0002A3D
:10DAE00042D10D2B62D0D9F80020002E57D1FF2A49
:10DAF0003AD8511C60182244C9F80010002182F85D
:10DB00001C3A80F81C1AA5EB0A07BB4525D92678D4
:10DB1000032E29D0042E20D0022E15F8013BDAD195
:10DB2000D4F8082AD4F80C1A8A421DD2B2F5006F34
:10DB30001AD2501C22442618C4F8080A814282F8DE
:10DB400007324FF0000386F80732DCD103220123AD
:10DB50002270637001375F4506D3607809B0BDE875
:10DB6000F08F002D40F09F8002200423237060700E
:10DB700009B0BDE8F08F002AF6D0002388F8003005
:10DB8000D9F80020B6B9002A40F09F800423022073
:10DB900023706070C9F8006084F81C6ADEE7B2F593
:10DBA000006FA6D3042020706070D7E7012388F8A7
:10DBB0000030A8E741F62C21635813440233B3F533
:10DBC000006F6350EED8002A76D041F6F023E35878
:10DBD000172BE7D841F62826A1598B180133B3F546
:10DBE000006FDFD804F59153053359180F460191A2
:10DBF0000132084604F61C2126F0D1FFD9F8002096
:10DC0000A35913440133A35138463A2127F008FFA2
:10DC1000034602900028A7D08742A5D010D2013F2A
:10DC2000461E039517F8015F284626F017FF18B91E
:10DC30002D2D01D05F2D97D1BE42F3D1DDE9023504
:10DC400000271F7041F6F023E658002E00F0848074
:10DC5000CDE905B8CDE9035ADDF804A0CDF81C9054
:10DC600041F6302303EBC70354F80390B9F1000FDA
:10DC700019D099F800009AF8005000283FF471AFCD
:10DC80008DB1D04627F026FF8346284627F022FF95
:10DC9000834508D119F8010F18F8015F00283FF4F7
:10DCA00060AF002DEED17B1CB3421FD01F46D7E7DB
:10DCB000002A3FF452AF57E72046FFF70DFE012838
:10DCC0003FF64CAF3FF446AF1DE72046FFF730FD6F
:10DCD000C9F8006084F81C6A0028F0D1A5EB0A0797
:10DCE0000126BB4526703FF617AF36E7DDE904ABEA
:10DCF000DDE90689039D1E46023741F6F023E75011
:10DD0000029F01373B4613F8012B202A01D0092A34
:10DD100001D11F46F6E7384627F0A1FE3844874276
:10DD200008D2024610F8013D202B01D0092B11D159
:10DD30008742F6D1002304EBC60641F6302141F6B6
:10DD40003422037001987050B750C9F8003084F83D
:10DD50001C3AD8E61046EDE70127CEE70378033BEF
:10DD6000012B0BD9D0F8183A33B1D0F8142A891AFC
:10DD70008B4205D90020704718467047407870479D
:10DD80000523042202704370184670470378033B52
:10DD9000012B01D84078704702230422027043709F
:10DDA000184670472DE9F84F41F6F02350F80390DC
:10DDB000B9F1000F21D00F468046002641F63023EE
:10DDC00003EBC60358F80350A5B19FB128783C78FF
:10DDD000B0B17CB1BB4605E015F8010F1BF8014F4F
:10DDE00070B13CB127F076FE8246204627F072FEE5
:10DDF0008245F1D001364E45E0D10020BDE8F88FD4
:10DE0000002CF7D106F2463608EBC608D8F8040015
:10DE1000BDE8F88FF9B12DE9F041D0F89082B8F162
:10DE2000000F16D000240F460646254603E0454560
:10DE300004F152040AD03946301927F0FEFD0135AD
:10DE40000028F4D111343019BDE8F0810020BDE87C
:10DE5000F0814046F8E70846704700BF2DE9F047DB
:10DE60004FF425720446BEB00D460846002126F048
:10DE7000BAFE002C74D02378002B75D026212046C2
:10DE80004FF0000927F0CCFD002800F00A81061BA6
:10DE900032463D21204626F023FE824600285FD0F0
:10DEA000A0425DD0071B06F1FF38302FA8EB070812
:10DEB00056D8B8F1C00F53D83A462146684626F0E6
:10DEC0006EFE3EAB3B44424600270AF101010DA81D
:10DED00003F8F87C26F063FE3EAB98444FF0520CFA
:10DEE0009DF8003008F8C47C0CFB09FC09F1010224
:10DEF000C5F8902205EB0C0E002B5BD03846394656
:10DF00000EF1FF3711E02B2B32D01F2B28D97F2B9E
:10DF100026D00130112823D001313EAA0A4407F847
:10DF2000013F12F8F83C002B43D0252BEBD13EAB40
:10DF30000B4413F8F72CA2F130035FFA83F8B8F121
:10DF4000090F17D9A2F16103052B40F2AF80A2F1AE
:10DF50004103052B94BFA2F137084FF0FF3852B9A7
:10DF600000203EB0BDE8F08701203EB0BDE8F0875C
:10DF70002023CEE7984602313EAB0B4413F8F82C31
:10DF8000A2F130035FFA83F9B9F1090F0AD9A2F1BE
:10DF90006103052B40F29080A2F14103052BDFD8ED
:10DFA000A2F13703B8F1FF3FDAD043EA0813DBB23E
:10DFB000ABE786449DF834300CF1110C0020AC44E2
:10DFC0008EF80000002B52D001460CF1FF3711E013
:10DFD0002B2B47D01F2BC3D97F2BC1D00130412819
:10DFE000BED001313EAA0A4407F8013F12F8C43CF2
:10DFF000002B3BD0252BEBD13EAB0B4413F8C32CAD
:10E00000A2F130035FFA83FEBEF1090F2CD9A2F111
:10E010006103052B4DD9A2F14103052B94BFA2F159
:10E02000370E4FF0FF3E002A9AD002313EAB0B4430
:10E0300013F8C42CA2F130035FFA83F8B8F1090F8A
:10E0400009D9A2F16103052B39D9A2F14103052BAE
:10E0500086D8A2F13703BEF1FF3F81D043EA0E1309
:10E06000DBB2B7E72023B9E79E46DEE7844400230E
:10E070008CF80030A35D262B34447FF475AF6378B1
:10E080000134002B3FF46CAFD5F89092B9F1070F33
:10E090003FF666AF2621204627F0C2FC00287FF419
:10E0A000F6AE204627F0DBFC0646F1E6A2F1570863
:10E0B00061E7A2F1570EB8E7A2F1570372E7A2F1A8
:10E0C0005703C8E7D0B1C9B1C2B12DE9F04F0C4632
:10E0D000CBB020210746154627F0A2FC064648B1E2
:10E0E000874207D000F101094846202127F098FC1B
:10E0F000824628B100204BB0BDE8F08F0020704769
:10E10000A6EB070BBBF10F0FF4D80DF11008394641
:10E1100040465A4626F043FD08F80BA098F8000048
:10E120000028E7D0DFF844A3422706E018F8010FE3
:10E130001AF8017F50B1002FDCD027F0CBFC8346CA
:10E14000384627F0C7FC8345F0D0D3E7002FD1D164
:10E15000484627F084FC0028CCD08307CAD1C6F1FA
:10E160000403B646CDE9023480E0ACF141015FFA28
:10E1700081F8B8F1190F40F2CB80ACF16101192997
:10E1800040F2C480ACF13001092940F23581BCF184
:10E190002B0F9EF8048000F04181BCF12F0F40F05E
:10E1A0005381B8F13D0F00F02D813F21A8F1410CC2
:10E1B0005FFA8CF9B9F1190F40F29B80A8F1610C5C
:10E1C000BCF1190F40F29380A8F1300CBCF1090F9B
:10E1D00040F21581B8F12B0F00F02581B8F12F0F17
:10E1E00088D15C1C86D0541C84D001F1020CBCF197
:10E1F000010F7FF67FAF4FF03F0C4FF0030909EBA3
:10E200000708B8F1820F3FF675AF4FEA023848EAC7
:10E21000834321EAE17843EA8813BCF1000FA8BFE9
:10E2200043EA0C030DF120084FEA134AB9F1010F3C
:10E2300008F807A007F1010A00F081804FEA132BCC
:10E24000B9F1030F08F80AB007F1020A77D108F80C
:10E250000A3003378C1C74D01CF1020F00F0C5800B
:10E260000EF1040EAEEB0603984270D99EF8012021
:10E27000A2F14103D9B2192910D9A2F16103192BD6
:10E2800062D9A2F13003092B40F29A802B2A00F0C8
:10E29000C1802F2A14BF4FF0FF333F239EF8021096
:10E2A000A1F141025FFA82FCBCF1190F11D9A1F171
:10E2B0006102192A40F28180A1F13002092A40F25C
:10E2C00081802B2900F0A8802F2914BF4FF0FF3246
:10E2D0003F229EF803C0BCF13D0F7FF446AF9EF88D
:10E2E0000480B8F13D0F6FD06FF001015EE7A8F137
:10E2F000470C5C1C3FF4FEAE541C3FF4FBAE01F136
:10E300000208B8F1010F3FF678AFF3E6ACF1470130
:10E310009EF80480B8F13D0F7FF448AF5C1C3FF4D9
:10E32000E9AE541C3FF4E6AE029C04EB0E0C6045D3
:10E330007FF4E0AE6FF0010C4FF002095FE7574643
:10E3400088E711078CD0D5E6A2F14703A6E7039C26
:10E35000009529AE23463046434A822127F02CFB04
:10E3600081283FF6C7AE87EA0003DBB2002297425E
:10E370000AD912F80810904208D9B45C0132614001
:10E38000974243EA0103F4D80021F4E70132822ADC
:10E3900043EA0103EBD1B3FA83F040090DF1A20285
:10E3A000002308F8013B4245FBD10DF59372002391
:10E3B00006F8013BB242FBD19DE6A1F1470288E796
:10E3C000131D6BE70A1D84E75C1C3FF493AE511CE0
:10E3D0003FF490AE0299714488427FF48BAE6FF0A7
:10E3E00001018C464FF0010909E74A1C3FF438AFA0
:10E3F0008B073FF435AF7DE60CF1040188E708F1A7
:10E40000040C76E75C1C3FF475AE511C3FF472AE11
:10E410003F2189E73E2341E73E225AE7B8F13D0F0D
:10E4200019D03E21C2E65C1C3FF464AE541C3FF49C
:10E4300061AE01F1020CBCF1010F7FF65BAE4FF053
:10E440003E0C4FF00309DAE6B8F13D0F3FF452AE4F
:10E450004FF0FF31AAE65C1C3FF44CAE511C3FF478
:10E4600049AE3E2160E700BF607B0500587B050098
:10E47000034B044A0121197013680B441360704761
:10E48000D87F0020487E0020704700BF00B583B0D1
:10E490000023009340F2762202236FF07F411CF0AC
:10E4A00051FA03B05DF804FBF8B52948294D18F07E
:10E4B00019FD074621F03CFFFA06064616D52B78D3
:10E4C000254F002B37D0FF21214819F0E9F9234BC4
:10E4D0003A68A3FB0030800900EB40004308643336
:10E4E000B61A9E422BD801242046F8BD2C78E4B9F8
:10E4F0007B071AD5184F3B6803B9386001211448CF
:10E5000019F0CEF9154A3B68A2FB0020800900EB08
:10E51000400040086430F61A8642E4D904210C48D1
:10E5200018F068FC00233B6003E00B4B00241C60E8
:10E530002C702046F8BD012338602B70C3E70024FF
:10E540001421034818F056FC3C602C702046F8BD9E
:10E55000F07F0020587E0020547E0020D34D6210B2
:10E5600010B50446603021F04FFE04F1500021F058
:10E570004BFE04F1180021F047FE04F10C0021F0DD
:10E5800043FE204621F040FE204610BD10B54FF45A
:10E59000E671044624F0C0F9204610BD00B583B0F2
:10E5A00008F0BCFE0023009340F2762202236FF0B5
:10E5B0007F4104481CF0C6F9B0FA80F0400903B06E
:10E5C0005DF804FBF07F0020F0B5602289B000F117
:10E5D00028070021404E044626F005FB3F493846F7
:10E5E00021F0C4FD0FCE25460FC596E8070003C5F0
:10E5F0002A8021F09DFE3A4A3A4BA2FB0020800976
:10E600001B782060E37525F04FF8DFED377AB4EE24
:10E61000E70AF1EE10FA5DDCDFED347AB4EEE70ADA
:10E62000F1EE10FA53D4FDEEC07ACDED017A9DF9EA
:10E6300004302F4AA375D2ED007A2E48B2EE047A48
:10E6400067EE877A0025FDEEE77A17EE903AA3820F
:10E65000FEF734FC84F85450208308F07BFE84F8E5
:10E660005C5084ED160A08F07BFE234B84F85D00B5
:10E6700007CB1B88C4F81A00E384C4F81E10C4F842
:10E6800022201E49384621F0C7FD1D4A1D4B127835
:10E690001B7884F8365084F8342084F8353002A88A
:10E6A00008F048FE0698039F049E059D07999DF873
:10E6B00008209DF80930E064204627646664A5645C
:10E6C000216584F83C2084F83D3009B0F0BD6FF03E
:10E6D0007E03AEE77F23ACE7A87F0020F080050033
:10E6E000D34D6210207D00200000FE420000FEC2DB
:10E6F00020610020007D050024610020DC7F0020D7
:10E70000507E0020807F0020012803D1024AD36878
:10E710000133D360704700BFA87F002038B52C4B71
:10E720001B7813B12B4B1B7803B138BD21F000FED1
:10E73000294B1B68C01AB0F5FA7FF6D3274B1B781C
:10E7400003F0FF04002BF0D1254D21F0F1FD2B68E3
:10E75000C01A0928E9D921F0EBFD2146286021489B
:10E7600019F002FD9FED207AB4EEC70AF1EE10FA1F
:10E77000DBD4FBEE0E7AB4EEE70AF1EE10FAD4DC4D
:10E780001A4A1B49D2ED007A0B6870EE277A0133E2
:10E79000132BC2ED007A0B60C7DD9FED166ADFED2B
:10E7A000166A164B0C6067EE867A0020F4EEE67A65
:10E7B000F1EE10FA88BFF0EE667AF4EEC77AF1EE69
:10E7C00010FAB8BFF0EE477A1060C3ED007A38BD9A
:10E7D000227D0020207D0020947F0020D87F002013
:10E7E0009C7F0020F07F0020000016C3787F00206F
:10E7F000A07F0020CDCC4C3D000048C2206100200D
:10E800002DE9F04786B00024DFF8EC902F4E304D14
:10E81000DFF8E88000942346224621462D48DFF8A1
:10E82000E0A020F07BFC4946304621F09FFC2A46C0
:10E830004146304625F058FA2C2300932649274EAE
:10E8400050462B232D2215F07DFF254A04920123EB
:10E8500048208DF815308DF8144024F055F806AB9B
:10E86000074613E9030002AB83E803002E2300935D
:10E870002F222623CDF804A038462A2116F0ECF8E2
:10E880003946304618F092F9164B1749174F336046
:10E890002A46304625F028FA154A164BC2F802409F
:10E8A00049463846C3F8024014705470A2F8164125
:10E8B0001C705C70A3F8164121F058FC2A464146B2
:10E8C000384606B0BDE8F04725F00EBADC7F0020E0
:10E8D000006000203C7E002000300240F07F0020DD
:10E8E00080841E00B87B050089E40200847F00203C
:10E8F0005C7E0020247D0020F080050009020500D8
:10E90000C47F00202DE9F041C6B003ACAA274FEA2E
:10E91000122CD51C277084F803C06070A270ADB2B1
:10E920009DF8307102B3002900F08480164604A8D7
:10E93000019326F034F906F1040E06F1050C0636B3
:10E940001FFA8EFE1FFA8CFCB6B2019B8DB9FF2216
:10E95000114604F80E1004F80C20002B5CD1002F97
:10E9600061D146B0BDE8F08106264FF0050C4FF0AE
:10E97000040E21464FF6FF7241F2210011F8018F7B
:10E9800082EA08220FFA82F81FFA88F2B8F1000F23
:10E99000ACBF520080EA420292B212F4004F0CBFA8
:10E9A000520080EA420292B212F4004F0CBF5200B1
:10E9B00080EA420292B212F4004F0CBF520080EA89
:10E9C000420292B212F4004F0CBF520080EA42029F
:10E9D00092B212F4004F0CBF520080EA420292B28F
:10E9E00012F4004F0CBF520080EA420292B2A1EB37
:10E9F000040812F4004F1FFA88F80CBF520080EA96
:10EA00004202A84592B2B9D3D1B2120A04F80E104C
:10EA100004F80C20002BA2D0324621460948F7F713
:10EA2000B3FC002F9DD0314620460AF0F1FD46B0E0
:10EA3000BDE8F08106264FF0050C4FF0040E002DC6
:10EA400097D184E794640020F0B50121ADF5057DF0
:10EA5000394818F097FB431EFE2B58D9374B1B78CB
:10EA6000002B45D00DF5057DF0BD334818F078FB3F
:10EA7000BDEEC00A304810EE103A1DB218F050FB3F
:10EA8000F2EE047A20EE270A2D4ABDEEC00A506845
:10EA9000158210EE103A01301BB202A95382506069
:10EAA0008DF80A3122461F120DF58770EBB2C5F3BF
:10EAB00007258DF808318DF80C318DF80B718DF824
:10EAC00009518DF80D5126F06AF80AF0B9FCA21D23
:10EAD00092B20123009042A904200196FFF712FF91
:10EAE00021F026FC154B174A1B781060002BB9D17A
:10EAF00008F014FC0023009340F2762202236FF00A
:10EB00007F410D481BF01EFF0DF5057DF0BD02464F
:10EB1000044602A9084818F0FBFB06460028A4D0CA
:10EB2000074A0649D36809780133D3600029DFD04A
:10EB30000DF5057DF0BD00BFF07F0020507E002068
:10EB4000A87F0020947F00200EB410B5B5B037AB7D
:10EB5000044653F8042B019302A8C82126F0F4FFC1
:10EB600000280BDB022C0ED0084A094B012C18BFE1
:10EB70001A460849084802AB20F06EFB35B0BDE8E4
:10EB8000104003B07047054AF3E700BFA0800500BE
:10EB900090800500A88005009464002098800500FE
:10EBA000F0B52DED028B044687B0417A3B48002238
:10EBB0001AF014FF38BB94F90A500646162D374850
:10EBC000A8BF16251AF08CFF29463448BDEEC08A2E
:10EBD00017F0B6F807463148D7B11AF081FF304B2D
:10EBE00094F90A201B680092BDEEC00A1622029218
:10EBF0008DED048A0397019530468DED050A294A6B
:10EC00002949FFF7A1FF002007B0BDEC028BF0BD42
:10EC10001AF066FF8DED048ABDEEC00A204B94F910
:10EC20000A201B6800921621384602911D4A1E498F
:10EC3000039701958DED050AFFF786FFB4F80B10D9
:10EC40001648C9B244221AF0FFFE0028DBD1617BCE
:10EC500012481AF05DFF0028D5D110481BF04EFB7A
:10EC60000028D0D101240094214641F2210341F62D
:10EC70000F520A481BF0A0FA0028C4D101460748E9
:10EC80001BF0D2FB0028BED104481BF0C1FB0028BA
:10EC9000B9D1064B20461C70B6E700BFF07F0020BC
:10ECA000DC7F0020847D0500A07D0500517E0020D2
:10ECB0002DE9F04383B008F037FB10B903B0BDE88D
:10ECC000F0832A4A2A4B14781B782A4A2A4E92F853
:10ECD00000803778DDB208F025FB814621F028FB63
:10ECE000002CEBD0002FE9D1B8F1000FE6D1234C76
:10ECF000A7884F4503D0A4F804902060DEE7002FDA
:10ED0000DCD023684FF47A72C31A02FB07F29A42EE
:10ED1000D4D81B4B1B68C01AB0F5FA7FCED3002D98
:10ED2000CCD118481AF0FEF9022021F00DFB3378FF
:10ED30005BB908F0F3FA0023009340F27622022335
:10ED40006FF07F410F481BF0FDFD21F0F1FA0E49F5
:10ED50000E4D2060002600230E600D492B603A46C0
:10ED6000184603B0BDE8F043FFF7EEBE227D002059
:10ED7000D87F0020207D0020507E002034610020BC
:10ED8000947F0020F07F0020787F0020A07F00206B
:10ED9000087E0500F0B5C5B001ACAA2701261D46C6
:10EDA000607027706680002900F029810B7823713C
:10EDB0000726062305276FEA002000B20028B8BF07
:10EDC00041F221011FFA80FCACBF4FEA4C0181EAFD
:10EDD0004C0188B2010446BF41F2210181EA4001A1
:10EDE000410088B2010446BF41F2210181EA40019D
:10EDF000410088B2010446BF41F2210181EA40018D
:10EE0000410088B2010446BF41F2210181EA40017C
:10EE1000410088B2010446BF41F2210181EA40016C
:10EE2000410088B2010446BF41F2210181EA40015C
:10EE3000410088B201044ABF41F22101410081EA48
:10EE4000400189B281F4807109B2002988B2B6BF4D
:10EE500041F22101410081EA400188B2010446BF2C
:10EE600041F2210181EA4001410088B2010446BF1C
:10EE700041F2210181EA4001410088B2010446BF0C
:10EE800041F2210181EA4001410088B2010446BFFC
:10EE900041F2210181EA4001410088B2010446BFEC
:10EEA00041F2210181EA4001410088B2010446BFDC
:10EEB00041F2210181EA4001410088B2010446BFCC
:10EEC00041F2210181EA4001410088B2010446BFBC
:10EED00041F2210181EA4001410088B2010446BFAC
:10EEE00041F2210181EA4001410088B2010446BF9C
:10EEF00041F2210181EA4001410088B2010446BF8C
:10EF000041F2210181EA4001410088B2010446BF7B
:10EF100041F2210181EA4001410088B2010446BF6B
:10EF200041F2210181EA4001410088B201044ABF57
:10EF300041F22101410081EA400188B201044ABF47
:10EF400041F22101410081EA4001207989B281EA40
:10EF5000002109B2002988B2B6BF41F22101410067
:10EF600081EA400188B2010446BF41F2210181EAF1
:10EF70004001410088B2010446BF41F2210181EA0B
:10EF80004001410088B2010446BF41F2210181EAFB
:10EF90004001410088B2010446BF41F2210181EAEB
:10EFA0004001410088B2010446BF41F2210181EADB
:10EFB0004001410088B2010446BF41F2210181EACB
:10EFC0004001410089B2080446BF41F2210080EAB5
:10EFD0004101490089B2080AE155E05412B945B926
:10EFE00045B0F0BD324621460748F7F7CDF9002D70
:10EFF000F6D0314620460AF00BFB45B0F0BD0523A4
:10F0000006260427D7E600BF9464002030B5012807
:10F0100085B005460C4603D10F4AD3680133D3604F
:10F0200023462A460D490220FFF78EFDA4F1020374
:10F0300004A9B3FA83F35B0901F8015D0093A4F11D
:10F040000103B4FA84F2B3FA83F352095B09FE2098
:10F05000FFF7A0FE05B030BDA87F00206C80050042
:10F060002DE9F04F5B4C2778EDB00E4615461C4657
:10F07000F7B9431E332B1BD8DFE803F06F1A1A1AB7
:10F080001A1A1A1A1A1A1A1A1A1A1A6F6F1A1A1A36
:10F090001A1A1A1A1A1A1A1A1A1A1A6F1A6F1A1A26
:10F0A0001A1A1A1A1A1A1A1A1A1A1A6F6F1A1A6FC1
:10F0B000482800F0B88728D9742801F00A8540F262
:10F0C0006281942800F0C98440F25A82982800F0A6
:10F0D0008380FF2800F08080962800F0EE87A4F15E
:10F0E0000203B3FA83F35B090093A4F10103B4FABA
:10F0F00084F2B3FA83F3022529A952095B09FE20A1
:10F100008DF8A450FFF746FE3DE0302800F0B687AA
:10F110003CD9402800F04E8600F24D82312800F0A4
:10F12000C3853428DBD1042D01F0EF80A4F1020364
:10F13000B3FA83F35B090093A4F10103B4FA84F2F8
:10F14000B3FA83F306250DF1390152095B09FE205C
:10F150008DF83950FFF71EFE15E0A4F10203B3FA53
:10F1600083F35B090093A4F10103B4FA84F2B3FAC8
:10F1700083F30B250DF12F0152095B09FE208DF859
:10F180002F50FFF707FE6DB0BDE8F08F112800F09B
:10F19000F48600F24982012800F0A68510289ED14D
:10F1A0000E2D01F02880A4F10203B3FA83F35B096A
:10F1B0000093A4F10103B4FA84F2B3FA83F30625B1
:10F1C0000DF13A0152095B09FE208DF83A50FFF724
:10F1D000E1FDD8E7227D0020FF2329AD9BB24FF649
:10F1E000AA725B002A601E0446BF41F2210282EA35
:10F1F00043035B009AB2100446BF41F2210383EA45
:10F20000420353009AB2110446BF41F2210383EA3C
:10F21000420353009AB2130446BF41F2210383EA2A
:10F22000420353009AB2170446BF41F2210383EA16
:10F23000420353009AB2160446BF41F2210383EA07
:10F24000420353009AB210044ABF41F22103530013
:10F2500083EA4203AA789BB283EA02231BB2002B03
:10F260009AB2B6BF41F22103530083EA42039AB235
:10F27000110446BF41F2210383EA420353009AB2CC
:10F28000130446BF41F2210383EA420353009AB2BA
:10F29000170446BF41F2210383EA420353009AB2A6
:10F2A000160446BF41F2210383EA420353009AB297
:10F2B000100446BF41F2210383EA420353009AB28D
:10F2C000110446BF41F2210383EA420353009AB27C
:10F2D00013044ABF41F22103530083EA4203EA7850
:10F2E0009BB283EA02231BB2002B9AB2B6BF41F253
:10F2F0002103530083EA42039AB2170446BF41F246
:10F30000210383EA420353009AB2160446BF41F236
:10F31000210383EA420353009AB2100446BF41F22C
:10F32000210383EA420353009AB2110446BF41F21B
:10F33000210383EA420353009AB2130446BF41F209
:10F34000210383EA420353009AB2170446BF41F2F5
:10F35000210383EA420353009BB21E0446BF41F2DD
:10F36000210282EA43035B009BB21A0A2B716A7185
:10F37000002C00F0B886012C7FF405AF284606214A
:10F380000AF046F9FFE6612800F0528500F2D582C6
:10F390004A2800F0368360287FF4A1AE6FF4C043A2
:10F3A00029AD46F2AA02002B2A609AB2C0F2A587C4
:10F3B00053009AB2100446BF41F2210383EA42038C
:10F3C00053009AB2110446BF41F2210383EA42037B
:10F3D00053009AB2130446BF41F2210383EA420369
:10F3E00053009AB2170446BF41F2210383EA420355
:10F3F00053009AB2160446BF41F2210383EA420346
:10F4000053009AB2100446BF41F2210383EA42033B
:10F4100053009AB211044ABF41F22103530083EA18
:10F420004203AA789BB283EA02231BB2002B9AB252
:10F43000B6BF41F22103530083EA42039AB2130498
:10F4400046BF41F2210383EA420353009AB21704F4
:10F4500046BF41F2210383EA420353009AB21604E5
:10F4600046BF41F2210383EA420353009AB21004DB
:10F4700046BF41F2210383EA420353009AB21104CA
:10F4800046BF41F2210383EA420353009AB21304B8
:10F4900046BF41F2210383EA420353009AB21704A4
:10F4A0004ABF41F22103530083EA4203EA789BB248
:10F4B00083EA02231BB2002B9AB2B6BF41F22103AA
:10F4C000530083EA42039AB2160446BF41F2210375
:10F4D00083EA420353009AB2100446BF41F221036B
:10F4E00083EA420353009AB2110446BF41F221035A
:10F4F00083EA420353009AB2130446BF41F2210348
:10F5000083EA420353009AB2170446BF41F2210333
:10F5100083EA420353009AB2160446BF41F2210324
:10F5200083EA420353009BB2180446BF41F2210212
:10F5300082EA43035B009BB21A0A2B716A71002CAA
:10F5400000F09B86012C03D1284606210AF060F8C2
:10F55000C82020F0F9FE03F0F7F900283FF413AEBD
:10F56000C82020F0F1FEBFF34F8F2949294BCA680C
:10F5700002F4E0621343CB60BFF34F8F00BFFDE79F
:10F58000902800F0768392287FF4A9ADA4F10203BD
:10F59000B3FA83F301255B090093631BB4FA84F289
:10F5A000B3FA83F329A952095B0993208DF8A4507B
:10F5B000FFF7F0FBE7E5412800F0448342287FF4A1
:10F5C0008EAD154E154A164800233370137019F08E
:10F5D000A9FD002800F05B86002210461149FFF7C4
:10F5E000B3FA0125A4F10203B3FA83F35B09009394
:10F5F000A4F10103B4FA84F2B3FA83F329A95209FE
:10F600005B0946208DF8A450FFF7C4FBBBE500BFA3
:10F6100000ED00E00400FA05507E0020517E00203D
:10F62000F07F0020DC7F0500202800F0A382222844
:10F630007FF455ADA04BA14AD3ED007A2992B2EEEA
:10F64000047A67EE877A29ADFDEEE77A17EE903AF5
:10F650001BB219128DF845108DF84430BDF84430B6
:10F66000AB806FF40C53002B9AB2BBBF41F2210365
:10F6700083EA420353001BB29BB21A0446BF41F215
:10F68000210282EA43035B009AB2170446BF41F2AB
:10F69000210383EA420353009AB2160446BF41F2A3
:10F6A000210383EA420353009AB2100446BF41F299
:10F6B000210383EA420353009AB2110446BF41F288
:10F6C000210383EA420353009AB2130446BF41F276
:10F6D000210383EA420353009AB217044ABF41F25E
:10F6E0002103530083EA4203AA789BB283EA0223F0
:10F6F0001BB2002B9AB2B6BF41F22103530083EA3A
:10F7000042039AB2160446BF41F2210383EA420340
:10F7100053009AB2100446BF41F2210383EA420328
:10F7200053009AB2110446BF41F2210383EA420317
:10F7300053009AB2130446BF41F2210383EA420305
:10F7400053009AB2170446BF41F2210383EA4203F1
:10F7500053009AB2160446BF41F2210383EA4203E2
:10F7600053009AB210044ABF41F22103530083EAC6
:10F770004203EA789BB283EA02231BB2002B9AB2BF
:10F78000B6BF41F22103530083EA42039AB2110447
:10F7900046BF41F2210383EA420353009AB21304A5
:10F7A00046BF41F2210383EA420353009AB2170491
:10F7B00046BF41F2210383EA420353009AB2160482
:10F7C00046BF41F2210383EA420353009AB2100478
:10F7D00046BF41F2210383EA420353009AB2110467
:10F7E00046BF41F2210383EA420353009AB2130455
:10F7F0004ABF41F22103530083EA42032A799BB2B4
:10F8000083EA02231BB2002B9AB2B6BF41F2210356
:10F81000530083EA42039AB2170446BF41F2210320
:10F8200083EA420353009AB2160446BF41F2210311
:10F8300083EA420353009AB2100446BF41F2210307
:10F8400083EA420353009AB2110446BF41F22103F6
:10F8500083EA420353009AB2130446BF41F22103E4
:10F8600083EA420353009AB2170446BF41F22103D0
:10F8700083EA420353009AB216044ABF41F22103BD
:10F88000530083EA42036A799BB283EA02231BB2E4
:10F89000002B9AB2B6BF41F22103530083EA420320
:10F8A0009AB2100446BF41F2210383EA4203530097
:10F8B0009AB2110404E000BF20610020AA230200D4
:10F8C00046BF41F2210383EA420353009AB2130474
:10F8D00046BF41F2210383EA420353009AB2170460
:10F8E00046BF41F2210383EA420353009AB2160451
:10F8F00046BF41F2210383EA420353009AB2100447
:10F9000046BF41F2210383EA420353009BB219042C
:10F9100046BF41F2210282EA43035B009BB21A0A0E
:10F92000AB71EA71002C00F08685012C7FF42BACC2
:10F930002846082109F06CFE25E4702800F0EF80CD
:10F9400072287FF4CCAB20F0F3FC824B82491A681A
:10F95000CDF8A90029AD002329602B71C5F8093025
:10F96000C5F80D30C5F8112029462EAE4FF6FF73AD
:10F9700041F2210011F8012F83EA02231AB293B257
:10F98000002AACBF5B0080EA43039BB21A0454BF59
:10F990005B0080EA43039BB21F0454BF5B0080EA14
:10F9A00043039BB21A0454BF5B0080EA43039BB23B
:10F9B0001F0454BF5B0080EA43039BB21A0454BF88
:10F9C0005B0080EA43039BB21F0454BF5B0080EAE4
:10F9D00043039BB21A0454BF5B0080EA4303B14265
:10F9E0009BB2C7D11A0A6B75AA75002C00F0168558
:10F9F000012C7FF4C8AB2846172109F009FEFFF758
:10FA0000C2BBB4FA84F7A4F10208A4F10104B8FA65
:10FA100088F8B4FA84F47F094FEA58186409002D75
:10FA200000F0DE8430784D4B4D494E4A002812BF1D
:10FA3000012000200A4618704B490020FFF784F887
:10FA40002346CDF8008000243A4629A94B208DF8A2
:10FA5000A440FFF79FF9FFF796BB2122002111A8D0
:10FA600025F0C1F801238DF8443011AE0FCE29AD39
:10FA70003E4F2F602AAF0FC70FCE0FC733683B70C2
:10FA8000294632AE4FF6FF7341F2210011F8012FE3
:10FA900083EA02231AB293B2002AACBF5B0080EA69
:10FAA00043039BB21F0454BF5B0080EA43039BB235
:10FAB0001A0454BF5B0080EA43039BB21F0454BF87
:10FAC0005B0080EA43039BB21A0454BF5B0080EAE8
:10FAD00043039BB21F0454BF5B0080EA43039BB205
:10FAE0001A0454BF5B0080EA43039BB21F0454BF57
:10FAF0005B0080EA43038E429BB2C7D11A0A85F8A5
:10FB0000253085F82620002C00F08184012C7FF41C
:10FB10003AAB2846272109F07BFDFFF734BB144B95
:10FB20001D68284625F09BFFA4F10207A4F10106F9
:10FB3000B7FA87F7B6FA86F67F097609B4FA84F33E
:10FB400082B22946CDE900675B097120FEF7DAFE33
:10FB5000FFF719BBE87F0020AA731100807F002007
:10FB6000407E05003C7E0500A87F0500AA95210087
:10FB7000DC7F002011A811ADFEF726FD0FCD9F4EB2
:10FB8000DFF89CC20FC695E8070003C626F81829BF
:10FB90000FCE29AD2AAFC5F800C00FC796E8070001
:10FBA00003C70DF1C10629463A804FF6FF7341F2B3
:10FBB000210011F8012F83EA02231AB293B2002A1E
:10FBC000ACBF5B0080EA43039BB21F0454BF5B00E1
:10FBD00080EA43039BB21A0454BF5B0080EA4303EC
:10FBE0009BB21F0454BF5B0080EA43039BB21A041C
:10FBF00054BF5B0080EA43039BB21F0454BF5B0009
:10FC000080EA43039BB21A0454BF5B0080EA4303BB
:10FC10009BB21F0454BF5B0080EA4303B1429BB216
:10FC2000C7D11A0AAB77EA77002C00F0FE83012CCB
:10FC300003D12846202109F0EBFC1BA820F0E4FAB0
:10FC4000FFF7A1BAA4F10203B3FA83F35B090093AF
:10FC5000A4F10103B4FA84F2B3FA83F302250FA9E5
:10FC600052095B09FE208DF83C50FFF793F8FFF72F
:10FC70008ABA63490120FEF767FFA4F10203B3FAD1
:10FC800083F35B090093A4F10103B4FA84F2B3FA9D
:10FC900083F3032529A952095B0991208DF8A4500B
:10FCA000FFF778F8FFF76FBA564B1D7855B907F094
:10FCB00035FB0095022340F276226FF07F415248D7
:10FCC0001AF040FE6FF44C5329AD002B43F2AA32D8
:10FCD0002A609AB2BBBF41F2210383EA4203530078
:10FCE0001BB29BB2FFF77FBADFF8388198F800307B
:10FCF000002B00F0BF836B1EFE2B00F2A383FEF7E8
:10FD0000D3FB002840F09A85404BDFF81CB11B78EC
:10FD100001228BF80020002B40F004863C4F3A482B
:10FD2000DFF808A119F0FEF94FF00009012020F0DA
:10FD30000BFB07F0F1FA87F8009031464B46DAF8F2
:10FD40000060314808962A461AF0D6FD234606463A
:10FD500000902A4648462F49FEF7F6FE002E00F096
:10FD6000B08432462C490220FEF7EEFE26488BF87E
:10FD7000009017F083F9A4F10203B3FA83F35B094F
:10FD80000093A4F10103B4FA84F2B3FA83F35B099C
:10FD900004250DF135015209FE208DF83550FEF78E
:10FDA000F9FF184B1B78002B7FF4EDA9FEF7F6FB4B
:10FDB000FFF7E9B907F0B4FA134819F0B3F9114B9A
:10FDC0001649012200201A70FEF7BEFEA4F10203BC
:10FDD000B3FA83F35B090093A4F10103B4FA84F24C
:10FDE000B3FA83F3002529A952095B0944208DF851
:10FDF000A450FEF7CFFFFFF7C6B900BFA87F0020D1
:10FE000038800500507E0020F07F0020807F002099
:10FE1000D87F0020747E0500987E0500CC7F050009
:10FE2000AA211A00517E0020207D0020487E00205B
:10FE300008F0B8FC8046002800F0CE8129AD0223EE
:10FE40000FAE2B70002130461FF07CF911A8002165
:10FE50001FF078F97268129B9A4200F0C684DFF8AE
:10FE600074937268D9F80030C5F8012013F00107C7
:10FE7000C64E3BD1C649304620F078F9C44906F158
:10FE80000C0020F073F9C24906F1180020F06EF959
:10FE900006F1280086F824701FF038F906F13000CA
:10FEA0001FF034F906F138001FF030F906F1400078
:10FEB0001FF02CF906F148001FF028F9B44906F1AB
:10FEC000500020F053F9B249A6F85C7006F16000CA
:10FED00086F85E7086F85F7020F048F9012330469E
:10FEE000AC4AAD49C9F8003023F0FEFEB6F85C30EC
:10FEF000AA4AAB496B71B8F1000F0CBF9046884617
:10FF00001B0A40462021AB7125F0D8FDC6B2EE7128
:10FF1000002E40F072820926082702F045FD05EB0D
:10FF200007098046002800F06481202125F0C6FDE5
:10FF3000C0B2202840F2B58220231F4689F8003045
:10FF40001A46A819414624F02AFE3E44B6B2A4F14E
:10FF50000207A4F10100B7FA87F7B0FA80F07F0931
:10FF60004009B4FA84F3CDE90007324629465B091B
:10FF70006220FEF7C7FCFFF706B98A4B8A4F0FCB0A
:10FF800029AD2AAE2F6007C62946338041F22100F1
:10FF90000DF1B5064FF6FF7311F8012F83EA022326
:10FFA0001AB293B2002AACBF5B0080EA43039BB253
:10FFB0001A0454BF5B0080EA43039BB21F0454BF82
:10FFC0005B0080EA43039BB21A0454BF5B0080EAE3
:10FFD00043039BB21F0454BF5B0080EA43039BB200
:10FFE0001A0454BF5B0080EA43039BB21F0454BF52
:10FFF0005B0080EA43039BB21A0454BF5B0080EAB3
:020000023000CC
:100000004303B1429BB2C7D11A0AAB74EA74002C05
:1000100000F0DF81012C7FF4B6A82846142109F0F6
:10002000F7FAFFF7B0B8172D2A4631464FF0000512
:1000300028BF172229A8CDE92955CDE92B55CDE9AF
:100040002D5524F0ACFD29AA28465849FEF77CFD21
:10005000A4F10203B3FA83F35B090093A4F1010353
:10006000B4FA84F2B3FA83F311A952095B09492067
:100070008DF84450FEF78EFEFFF785B8FEF714FAB0
:10008000B4FA84F5A4F10209A4F10104B9FA89F9DA
:10009000B4FA84F406466D094FEA5919640948B365
:1000A0002346CDF8009001242A4629A932208DF854
:1000B000A440FEF76FFEFFF766B8A4F10203B3FA9F
:1000C00083F301255B090093631BB4FA84F2B3FA4E
:1000D00083F329A952095B0997208DF8A450FEF7F4
:1000E00059FEFFF750B8294606223148F6F74CF979
:1000F000FFF749B82F48304F19F014F8012020F0CD
:1001000023F92E4B3E701B78002B00F0D2812C4A35
:100110002C4B11782C4A18782A96334661F3070342
:1001200011782A4A60F30F231278224861F31743AB
:1001300062F31F63299329A94FF4C073CDE92B33D0
:1001400016F0ACFF002800F0B881234607200024F9
:10015000CDF800908DF837003C702A460DF137013C
:10016000FE20FEF717FE1A4B1C78002C7FF40BA81C
:1001700007F0D4F80094022340F276226FF07F411A
:100180000C481AF0DFFBFEF7FEBF00BFB47C002076
:10019000F08005000060002061E50200387E050067
:1001A0002C7E050024610020AA120E00B47F0500F9
:1001B00094640020F07F0020D87F0020D97F0020A9
:1001C0003D6100201C6100203C610020447E002035
:1001D000507E0020B07C002029AD0FAE4146304655
:1001E00085F800801EF0AEFF414611A81EF0AAFF60
:1001F00035E6E855ABE6B44D30687168B268B34F88
:100200002B4607C3B2891A80697B3B68B5F80B207F
:1002100095F90A002E680791697A06926F682A7A22
:100220000392CDE9041000932246A94BA94900206E
:10023000CDE90167FEF788FCA74BA84800221A7099
:1002400018F070FF002800F0A981A4F10203B3FAAE
:1002500083F35B090093A4F10103B4FA84F2B3FAC7
:1002600083F306250DF13B0152095B09FE208DF851
:100270003B50FEF78FFDFEF786BF294606229848C1
:10028000F6F782F89648F6F771F8FFF761B98E4DE8
:100290009FED940AD5ED007A9048F8EE677A27EE44
:1002A000800A15F01BFD00287FF496A9D5ED017A90
:1002B0009FED8D0A8948F8EE677A27EE800A19F0DB
:1002C00011FB00287FF488A9297A844819F068FA7C
:1002D00000287FF481A92846FEF762FC00283FF43D
:1002E0007BA93578002D00F0498101227F4900204B
:1002F000FEF72AFC0025FFF775B941F2210383EAD6
:100300004203C3F30D02FFF755B879483578794BAE
:100310007949057070781870784AB078784B087011
:10032000F77830687749177029AD0122C5E90010C8
:100330001A7029460DF1AB064FF6FF7341F221000A
:1003400011F8012F83EA02231AB293B2002AACBF3C
:100350005B0080EA43039BB21F0454BF5B0080EA4A
:1003600043039BB21A0454BF5B0080EA43039BB271
:100370001F0454BF5B0080EA43039BB21A0454BFBE
:100380005B0080EA43039BB21F0454BF5B0080EA1A
:1003900043039BB21A0454BF5B0080EA43039BB241
:1003A0001F0454BF5B0080EA4303B1429BB2C7D134
:1003B0001A0A2B726A72002C00F01182012C03D1F0
:1003C00028460A2109F024F91E201FF0BDFFFEF780
:1003D000DABE294614224248F5F7D6FFFEF7D3BE0F
:1003E0002346CDF8008002243A4611A9FE208DF85C
:1003F0004440FEF7CFFCFEF7C6BE32464146B6B2D9
:100400002BA806F1080724F0CAFB093685E5294622
:1004100027223348F5F7B8FFFEF7B5BE2946172265
:100420002F48F5F7B1FFFEF7AEBE294620222C4833
:10043000F5F7AAFF01E4294608222948F5F7A4FFA9
:10044000FEF7A1BEA4F10203B3FA83F35B090093A4
:10045000A4F101030525B4FA84F2B3FA83F30DF194
:100460003101EA405B09FE208DF83150FEF792FC25
:10047000FEF789BEA4F10203B3FA83F35B0900938C
:10048000A4F10103B4FA84F2B3FA83F306250CA9AC
:1004900052095B09FE208DF83050FEF77BFCFEF719
:1004A00072BE89F8000000283FF451AD024687B2C1
:1004B00047E50A4816F086FE44E606461FF038FF78
:1004C000DFF818A0804628E024610020DC7F0020AF
:1004D000847D0500487F0500517E0020F07F0020CC
:1004E00094640020BD3786356F12833ADC7F0500A7
:1004F0003D6100201C6100203C610020447E002002
:10050000D97F0020AA350400504616F0EBFC030604
:1005100086B209D401201FF017FF1FF009FFA0EBDE
:100520000800B0F5FA7FEFD316F0800840F0B880ED
:10053000B6490120FEF708FBB54818F0F3FD052089
:100540001FF002FFB34BB24883F8008018F0EAFDB9
:10055000002800F0BF81072023468DF83800CDF831
:1005600000902A460EA90024FE203C70FEF712FCE3
:10057000A94B1B78002B7EF406AE17E406F0CEFEE6
:100580000095022340F276226FF07F41A0481AF0D6
:10059000D9F900283FF4A9AEFFF71EB8D5ED007ACF
:1005A0009FED9E0A9A48F8EE677A27EE800A15F0CA
:1005B00095FB00287FF449AED5ED017A9FED980AAE
:1005C0009348F8EE677A27EE800A19F08BF9002835
:1005D0007FF43BAE297A8E4819F0E2F800287FF4C8
:1005E00034AE2846FEF7DCFA00283FF42EAE95E83C
:1005F0000F0029AD8B4E2E602AAE07C62A463380E7
:100600000DF1B5004FF6FF7341F2210112F8016FB1
:1006100083EA06231BB29EB2002BACBF730081EAB3
:1006200046039BB21E0454BF5B0081EA43039BB2A6
:100630001F0454BF5B0081EA43039BB21E0454BFF6
:100640005B0081EA43039BB21F0454BF5B0081EA55
:1006500043039BB21E0454BF5B0081EA43039BB279
:100660001F0454BF5B0081EA43039BB21E0454BFC6
:100670005B0081EA430382429BB2C7D11A0AAB7482
:10068000EA74002C00F0F280012C03D128461421DA
:1006900008F0BEFF604B1C78002C7EF474AD67E55B
:1006A0004FF4C0715A48C6F3002616F0A3FB234648
:1006B000CDF800902A4629A9002432208DF8A460A4
:1006C00053E71FF035FE3B7881466BB941F2931634
:1006D00004E002201FF038FE3B782BB91FF028FE03
:1006E000A0EB0900B042F4D949483E7816F0C6FCA8
:1006F00000233B708BF800301FF01AFE4A4BF6B215
:100700001860002E00F0B880484A41489368294696
:100710000133936017F0C4F8010A020C030E8DF840
:1007200045108DF844008DF847308DF84620119A19
:100730003F4B29ADC5E9003206462A460DF1AB0014
:100740004FF6FF7341F2210112F8017F83EA07237C
:100750001FB2BBB2002FACBF5B0081EA43039BB268
:100760001F0454BF5B0081EA43039BB21F0454BFC4
:100770005B0081EA43039BB21F0454BF5B0081EA24
:1007800043039BB21F0454BF5B0081EA43039BB247
:100790001F0454BF5B0081EA43039BB21F0454BF94
:1007A0005B0081EA43039BB21F0454BF5B0081EAF4
:1007B000430390429BB2C7D11A0A2B726A72002C73
:1007C00000F04181012C03D128460A2108F020FFC6
:1007D0002346324617490020FEF7B6F9C8E62946F7
:1007E0000A221548F5F7D0FDEEE508F031F801468C
:1007F00030461EF0B5FC00287FF431AB014611A84D
:100800001EF0A0FC129B7360FFF729BB247F05003C
:10081000F07F0020517E0020507E0020BD378635BD
:100820006F12833AAA120E00947F0020A87F002046
:10083000AA020400BC7E050094640020A4F1020317
:10084000B3FA83F35B090093A4F10103B4FA84F2D1
:10085000B3FA83F30E250DF1320152095B09FE2034
:100860008DF83250FEF796FAFEF78DBC2946142219
:10087000AA48F5F789FD0DE7089ADAF80030A8498B
:100880009B1A02202A46FEF75FF9A64818F04AFC98
:1008900005201FF059FDA34888F8006018F042FCBD
:1008A000002800F0D680A4F10203B3FA83F35B09B9
:1008B0000093A4F10103B4FA84F2B3FA83F304259C
:1008C0000DF1360152095B09FE208DF83650FEF716
:1008D00061FA4DE6944E9FED950AD6ED007A914867
:1008E000F8EE677A27EE800A15F0F8F900287FF411
:1008F00032AED6ED017A9FED8E0A8A48F8EE677A1D
:1009000027EE800A18F0EEFF00287FF424AE317A3B
:10091000844818F045FF00287FF41DAE3046FEF7EE
:100920003FF918E60223CDE90836FDF7BDFD824602
:10093000002840F0B6807F4B7F4A1E787F4B1078AE
:1009400019787F4A7F4F127887F800A0534666F3E4
:10095000070360F30F2361F3174362F31F632993C7
:1009600029A94FF4C0736F482C93CDE92AA316F040
:1009700095FB002840F0CF8006461FF0D9FCDFF839
:10098000A4A1814608E0504616F0ACFA020686B2F1
:1009900008D402201FF0D8FC1FF0CAFCA0EB09000D
:1009A000C728F0D94FF4C0715E4816F023FA00232F
:1009B0003B7033061AD5F00540F1AA80624BDB6824
:1009C000D90134D5614B1A68D20730D55B689B09D1
:1009D0005F4AA2FB03121209962101FB123303F1B5
:1009E00032001FF0B1FC089B012B29D1594901208D
:1009F000FEF7AAF8A4F1020CDCF1000304F1FF3EBB
:100A000043EB0C03B4FA84F20E200093DEF10003F2
:100A10008DF834004FF000044FEA521243EB0E03FE
:100A20000DA9FE208BF80040FEF7B4F9A0E520F0F8
:100A3000F9FE494BA0FB0301830A43EA8153C7E750
:100A40000123089371E729460A223448F5F79CFCF4
:100A5000BEE6354D9FED350AD5ED007A3148F8EE0A
:100A6000677A27EE800A15F039F900287FF41BAF6A
:100A7000D5ED017A9FED2E0A2A48F8EE677A27EE27
:100A8000800A18F02FFF00287FF40DAF297A25483F
:100A900018F086FE00287FF406AF2846FEF780F89F
:100AA00001E7A21E534204F1FF3153410E20B4FA74
:100AB00084F200934B424B418DF8330000245209DD
:100AC0000DF13301FE208BF80040FEF763F9FEF7CD
:100AD0005ABBA4F1020CDCF1000004F1FF3E40EB34
:100AE0000C00DEF1000141EB0E010022B4FA84F3A8
:100AF000CDE900105B091146FF20FDF703FF174900
:100B00000020FEF721F864201FF01EFCFCF752FACB
:100B1000099EFFF704B987F800A067E794640020F6
:100B2000E47E0500F07F002024610020BD3786357B
:100B30006F12833A3D6100201C6100203C6100205F
:100B4000447E0020D87F0020F0ED00E0001000E09F
:100B5000B5814E1B447E050040420F00F47F050026
:100B60002DE9F04104460E46174698461FF0E0FB7B
:100B7000044D434628603A4631462046BDE8F041E0
:100B8000FEF76EBA4C7E00202DE9F047444CCCB005
:100B900001F090FC20464FF46121F5F7FFFC1FF0B7
:100BA000C7FB40F6B736054608E01FF0C1FB401B07
:100BB000B0424FF00A0006D81FF0C6FB2046F5F7FA
:100BC0000BFD0028F1D0C8201FF0BEFB3549364E82
:100BD00006A81FF0CBFA06A909A81FF0EDFA3349C1
:100BE00009A81FF073FB32491FF070FB0146314822
:100BF0001FF012FB09A81FF007FB06A81FF004FB5B
:100C00002D4B2E49264800221EF026FBFCF7F6F954
:100C100006F08CFB1FF08CFB01213060252022F0B8
:100C20007DFE0121252022F0FDFE06F073FB06F07B
:100C300099FB234813F0B8FD2C242D202B212E22C4
:100C40002623CDE90304CDE9012100932A222F2395
:100C50001C490020FDF778FF00250A2208238DE8B3
:100C60002C000921122307229FED171ADFED170A26
:100C70009FED170A174815F083FC07A3D3E900235B
:100C80000446009014492846FDF75EFF002C00F052
:100C90002B83034C25E000BF000000C0CCCCFC3F00
:100CA00094640020B4800500A47F0020BC8005006F
:100CB000C0800500DC7F002008830500D48005008B
:100CC000C47F0020F48005006666E63F0000FA421B
:100CD0000000D943F07F0020308105000A201FF07A
:100CE00033FB2046F5F748FB0028F7D040F2FF130E
:100CF0009BB25A00A84B099314044FF008038DF8D7
:100D0000283046BF41F2210383EA420353009AB2DE
:100D1000100446BF41F2210383EA420353009AB212
:100D2000110446BF41F2210383EA420353009AB201
:100D3000130446BF41F2210383EA420353009AB2EF
:100D4000170446BF41F2210383EA420353009AB2DB
:100D5000150446BF41F2210383EA420353009AB2CD
:100D600014044ABF41F22103530083EA42039DF871
:100D700026209BB283EA02231BB2002B9AB2B6BF95
:100D800041F22103530083EA42039AB2100446BFA2
:100D900041F2210383EA420353009AB2110446BF91
:100DA00041F2210383EA420353009AB2130446BF7F
:100DB00041F2210383EA420353009AB2170446BF6B
:100DC00041F2210383EA420353009AB2150446BF5D
:100DD00041F2210383EA420353009AB2140446BF4E
:100DE00041F2210383EA420353009AB210044ABF3E
:100DF00041F22103530083EA42039DF827209BB26E
:100E000083EA02231BB2002B9AB2B6BF41F2210340
:100E1000530083EA42039AB2110446BF41F2210310
:100E200083EA420353009AB2130446BF41F22103FE
:100E300083EA420353009AB2170446BF41F22103EA
:100E400083EA420353009AB2150446BF41F22103DC
:100E500083EA420353009AB2140446BF41F22103CD
:100E600083EA420353009AB2100446BF41F22103C1
:100E700083EA420353009AB211044ABF41F22103AC
:100E8000530083EA42039BB283F400631BB2002B3E
:100E90009AB2B6BF41F22103530083EA42039AB2E9
:100EA000130446BF41F2210383EA420353009AB27E
:100EB000170446BF41F2210383EA420353009AB26A
:100EC000150446BF41F2210383EA420353009AB25C
:100ED000140446BF41F2210383EA420353009AB24D
:100EE000100446BF41F2210383EA420353009AB241
:100EF000110446BF41F2210383EA420353009BB22F
:100F00001A0446BF41F2210282EA43035B009BB20E
:100F10001C0A072209A921488DF829308DF82A409A
:100F2000F5F732FA1E491D481EF07EF91D4B0022CE
:100F30001A70DFF87C801C4C01F0E8FA01F0CAFC62
:100F4000D8F8007017F0010705464BD11749204625
:100F50001FF00CF9154904F10C001FF007F91349B3
:100F600004F118001FF002F904F1280084F824703D
:100F70001EF0CCF804F130001EF0C8F804F138007F
:100F80001EF0C4F804F140001EF0C0F804F148005F
:100F90001EF0BCF80EE000BFAAFE01009464002021
:100FA00050810500227D0020B47C0020F0800500E7
:100FB000B07C0020B34904F150001FF0D7F8B149CC
:100FC000A4F85C7004F1600084F85E7084F85F70CF
:100FD0001FF0CCF801232046AB4AAC49C8F80030DA
:100FE00022F082FEA91CAA481FF040F995F8437030
:100FF00095F8470095F8463095F8452095F8441047
:10100000009084F8247009A81EF088F895F84F0025
:1010100095F84E3095F84D2095F84C1000900A98B0
:10102000E06209A81EF07AF895F84B0095F84A306E
:1010300095F8492095F8481000900A98606309A82F
:101040001EF06CF895F8530095F8523095F8512041
:1010500095F8501000900A98E06309A81EF05EF819
:1010600095F8570095F8552095F8563095F8541096
:1010700000900A98606409A81EF050F80A9BE36487
:1010800005F15A0183481FF0F1F8B5F8582095F89A
:10109000DC308148A4F85C2005F19B0184F85F30C6
:1010A0001FF0E4F8D8F8007017F0010700F0A880EE
:1010B0007A4D05F1080905F1100A08F033FE01F038
:1010C00073FC774B94F82410CDF808A0A3F1080224
:1010D000CDE9005907F02AF908F0F0FC07F052FBBF
:1010E000002800F088806F496F481EF09DF801F0DD
:1010F0005BFC01466D481FF0B9F807F053FB58BB85
:1011000041F2873401E01FF01FF91FF011F9336835
:10111000C31AA3424FF03200F5D907F043FB08B1E0
:1011200007F096FB624B01221A701FF001F9614B28
:1011300000F5EA40303018601FF0FAF85E4B5F4A65
:1011400018601E2312685E49009357485D4B1EF0DD
:1011500083F84CB0BDE8F087D8F8005015F00105D1
:1011600032D1484958481FF001F8464957481EF007
:10117000FDFF444946481EF0F9FF554884F82450C5
:101180001DF0C4FF46481DF0C1FF44481DF0BEFFDE
:1011900050481DF0BBFF50481DF0B8FF39493D488D
:1011A0001EF0E4FF37493C48A4F85C5084F85E50D8
:1011B00084F85F501EF0DAFF0123334A3349424876
:1011C000C8F8003022F090FD324909A81EF0F4FF63
:1011D000B4F85C0041F2BF33002808BF184609A9E3
:1011E00007F01AFC3D493E4A012309A80B70137011
:1011F0001FF00AF884E73B492B481EF015F876E704
:101200003148204900F138051EF0B0FF1D49A5F115
:101210002C001EF0ABFF1B49A5F120001EF0A6FF1D
:10122000A5F1100084F824701DF070FFA5F10800EE
:101230001DF06CFF05F1080928461DF067FF05F158
:10124000100A48461DF062FF50461DF05FFF05F191
:1012500018000C491EF08AFF05F128000949A4F87E
:101260005C7084F85E7084F85F701EF07FFF01236D
:10127000A5F13800044A0549C8F8003022F034FDD1
:101280001BE700BFF08005000060002061E5020060
:10129000CC7C0020047D0020147D0020EC7C00200C
:1012A000E47C00205C82050094640020847F0020A0
:1012B000747F00207C7F0020987F0020DC7F00204E
:1012C000D8820500847D0500B47C0020C07C00200D
:1012D000DC7C0020F47C0020FC7C0020237D0020AE
:1012E000217D00209082050001218D4819F090F9A0
:1012F0008C4902468C481DF0AFFF9FED8C0A884850
:1013000018F0C6FB8C220346894987481DF0A4FFCC
:1013100001221146824818F07BFE86490246824827
:101320001DF09AFF012309AA40F6B5017C488DF80B
:10133000244017F0DFFF60B99DF82440784844F05E
:101340000104012309AA40F6B5018DF8244017F0E5
:10135000C9FF0246784974481DF07EFF774B7048FC
:1013600000221A7017F0DEFE002800F0328140F2F1
:10137000FF139BB25A00724B099317044FF00603F8
:101380008DF8283046BF41F2210383EA420353001F
:101390009AB2160446BF41F2210383EA4203530086
:1013A0009AB2150446BF41F2210383EA4203530077
:1013B0009AB2140446BF41F2210383EA4203530068
:1013C0009AB2100446BF41F2210383EA420353005C
:1013D0009AB2110446BF41F2210383EA420353004B
:1013E0009AB213044ABF41F22103530083EA420335
:1013F0009DF826209BB283EA02231BB2002B9AB2EF
:10140000B6BF41F22103530083EA42039AB21704A4
:1014100046BF41F2210383EA420353009AB2160405
:1014200046BF41F2210383EA420353009AB21504F6
:1014300046BF41F2210383EA420353009AB21404E7
:1014400046BF41F2210383EA420353009AB21004DB
:1014500046BF41F2210383EA420353009AB21104CA
:1014600046BF41F2210383EA420353009AB21304B8
:101470004ABF41F22103530083EA42039DF827202B
:101480009BB283EA02231BB2002B9AB2B6BF41F291
:101490002103530083EA42039AB2170446BF41F284
:1014A000210383EA420353009AB2160446BF41F275
:1014B000210383EA420353009AB2150446BF41F266
:1014C000210383EA420353009AB2140446BF41F257
:1014D000210383EA420353009AB2100446BF41F24B
:1014E000210383EA420353009AB2110446BF41F23A
:1014F000210383EA420353009AB213044ABF41F224
:101500002103530083EA42039BB283F4C0631BB2FE
:10151000002B9AB2C0F29F8053009AB212E000BF33
:10152000F07F0020988105009464002000000C43A7
:10153000C0810500E881050014820500517E00206D
:10154000AAFE0100170446BF41F2210383EA4203C9
:1015500053009AB2160446BF41F2210383EA4203C4
:1015600053009AB2150446BF41F2210383EA4203B5
:1015700053009AB2140446BF41F2210383EA4203A6
:1015800053009AB2100446BF41F2210383EA42039A
:1015900053009AB2110446BF41F2210383EA420389
:1015A00053009BB21A0446BF41F2210282EA430370
:1015B0005B009BB21C0A09A907222E488DF829302E
:1015C0008DF82A40F4F7E0FE4FF47A701EF0BCFE6E
:1015D000FAE7294C9FED290AD4ED007A2848F8EE65
:1015E000677A27EE800A14F079FB00287FF4BFAEFB
:1015F000D4ED017A9FED230A2148F8EE677A27EEB1
:10160000800A18F06FF900287FF4B1AE217A1C48E7
:1016100018F0C6F8054600287FF4A9AE2046FDF76D
:10162000BFFA00283FF4A3AE1749154818F090F808
:1016300028462F221549FDF787FA154B1B7813B959
:10164000FCF7ACFF68B1134B01221A701EF070FE5C
:10165000114B18606DE441F2210383EA42039AB210
:1016600070E74FF47A701EF06FFE4FF47A701EF040
:101670006BFEF6E79464002024610020BD378635B8
:10168000F07F00206F12833A71E40200408205006F
:10169000507E0020227D002034610020F0B5B74C40
:1016A000226887B0BAB1B64BDB68DD0104D5B54B13
:1016B0001968C80700F1D68020F0B4F8B24B226850
:1016C000A0FB0301830A43EA8153B04908689B1ACF
:1016D000984238BF0B60AA4BDB68D90104D5A94BEF
:1016E0001A68D20700F1A38020F09CF8A64BA0FB5B
:1016F0000301830A43EA8153A54A2360137823B187
:10170000A44B1B78002B00F0B080A34CA34EA44D3B
:1017100009E02046F4F712FE0096C1B22B460022E3
:10172000A048FBF76FFC2046F4F7E2FD0028F0D15B
:101730009D4C2378002B40F092800AF0EBFEFCF7E2
:10174000EDFFFDF7B5FA06F067FF05F0F1FDFBF7D9
:1017500057FC9648FBF740FB07F024F800285AD0C6
:101760002378002B54D1924F924D3B6813F0010621
:101770003AD1914928461EF0F9FC8F4905F10C0039
:101780001EF0F4FC8C4905F118001EF0EFFC05F189
:10179000280085F824601DF0B9FC05F130001DF02B
:1017A000B5FC05F138001DF0B1FC05F140001DF05D
:1017B000ADFC05F148001DF0A9FC7F4905F1500082
:1017C0001EF0D4FC7C49A5F85C6005F1600085F84A
:1017D0005E6085F85F601EF0C9FC01232846774AE9
:1017E00077493B6022F080FA03AE764930461EF01E
:1017F000E3FCB5F85C0041F2BF33002808BF18468F
:10180000314607F009F90123304623701EF0FCFC35
:101810006D4C23786BB31EF08BFD6C4C6C4D2378B4
:1018200000F5EA403030286023B907B0F0BD5B68AE
:101830009B0961E7674E1EF07BFD3368C01AB0F567
:101840007A6F61D22378002BEFD01EF071FD2B68E8
:10185000C01A002866DB0023237007B0F0BD07F034
:1018600031FA6AE75B689B092FE71370FDF7ECF824
:101870004BE74F4F3B6813F001063BD14D4D4E49AE
:1018800028461EF073FC4C4905F10C001EF06EFC5E
:10189000494905F118001EF069FC05F1280085F89A
:1018A00024601DF033FC05F130001DF02FFC05F124
:1018B00038001DF02BFC05F140001DF027FC05F160
:1018C00048001DF023FC3C4905F150001EF04EFC81
:1018D0003949A5F85C6005F1600085F85E6085F81F
:1018E0005F601EF043FC01232846344A34493B60C4
:1018F00022F0FAF903A833491EF05EFC012303A885
:1019000023701EF081FC86E71EF012FD2378306004
:10191000012B65D0022B2BD02F4A0021012311600F
:10192000237092E72C4D1EF003FD2B68C31AB3F50C
:10193000FA6F7FF67AAF1EF0FBFC23782860012B4C
:1019400054D0022B3FF471AF03AE1EF0F1FC3046D1
:1019500007F0DEFD214B1B680BB11EF0E9FC1348BC
:10196000FBF7ACFA05F0F6FC30461EF04DFC5CE7E8
:10197000194A002103231160237066E7EC7F0020E1
:10198000F0ED00E0001000E040420F00E87F002092
:10199000D87F0020207D0020946400200DF00200FC
:1019A000610B03005C7E0020237D0020007D05008C
:1019B000B07C0020B47C0020F08005000060002096
:1019C00061E50200047D0020217D0020747F00205D
:1019D0007C7F0020987F0020907F00204C7E00209C
:1019E0000B4A00210223116023702EE706F0DAFE75
:1019F00050B106F02DFF0748FBF760FA044605F0EA
:101A0000A9FC054B1C8310E706F0BCFEF3E700BF02
:101A1000907F0020007D0500A87F002011DF704727
:101A200012DF7047704700BF10B50421044620F054
:101A300073FF204610BD00BF70B5B1F56E2F82B0A8
:101A400005D2B1F56D2F5BD2002002B070BDB1F5AB
:101A50006F2FF9D84FF46E24C1F580502044834293
:101A6000F2D8002AF0D0002BEED08807ECD113F08A
:101A70000306E9D12548007801248DF807400028A5
:101A8000E2D00DF1070015460C46FFF7C9FF00280C
:101A9000DAD19DF80720002AD6D11D4A1D4801E061
:101AA000013AD1D0D0F80014C907F9D5012219495B
:101AB000C0F80425AA59A251154801E0013822D0E6
:101AC000D1F80024D207F9D50436B342F2D8002267
:101AD000C1F80425D1F80024D20708D40E4A0D48D5
:101AE00001E0013AB0D0D0F80014C907F9D51A4680
:101AF0002946204623F044F8B0FA80F04009A4E7D4
:101B00004FF46D24A8E7C1F804059EE7F182002098
:101B10000024F40000E00140FF23F400B1F56E2F33
:101B200010B504D2B1F56D2F10D2002010BDB1F563
:101B30006F2FFAD84FF46E24C1F5805020448342B1
:101B4000F3D8002AF1D023B9184610BD4FF46D2404
:101B5000F2E710461A4623F022F8012010BD00BF1C
:101B600010B5B1F56D2F82B006D0B1F56E2F03D050
:101B70000024204602B010BD234B1C7801238DF8B1
:101B80000730002CF4D00DF10700FFF749FF0028C3
:101B9000EED19DF80730002BEAD11C4B1C4801E028
:101BA000013BE5D0D0F80024D207F9D50223C0F8D4
:101BB0000435C0F80815154B154801E0013B1ED04F
:101BC000D0F80024D207F9D50023C0F80435D0F8A6
:101BD0000034DB0708D40F4B0D4801E0013BC7D0B0
:101BE000D0F80024D207F9D501F5805201E08A42ED
:101BF000BFD00B78FF2B01F10101F8D0B8E7C0F896
:101C000004351C46B5E700BFF18200200024F40033
:101C100000E00140FF23F400F8B502880B889A42E7
:101C200001D00020F8BD0E4605460231023023F0F7
:101C300004FF0028F5D195F8432096F843309A42E6
:101C4000F0D195F8442096F844309A42E9D195F8BD
:101C5000452096F845309A42E3D195F8462096F80B
:101C600046309A42DDD195F8472096F847309A429F
:101C7000D7D195F8482096F848309A42D1D195F8B6
:101C8000492096F849309A42CBD195F84A2096F8E7
:101C90004A309A42C5D195F84B2096F84B309A427B
:101CA000BFD195F84C2096F84C309A42B9D195F8AE
:101CB0004D2096F84D309A42B3D195F84E2096F8C3
:101CC0004E309A42ADD195F84F2096F84F309A4257
:101CD000A7D195F8502096F850309A42A1D195F8A6
:101CE000512096F851309A429BD195F8522096F89F
:101CF00052309A4295D195F8532096F853309A4233
:101D00008FD195F8542096F854309A4289D195F89D
:101D1000552096F855309A4283D195F8562096F87A
:101D200056309A427FF47DAF95F8572096F8573099
:101D30009A427FF476AFB5F85820B6F858309A42F8
:101D40007FF46FAF06F15A0105F15A0023F075FEDA
:101D5000074600287FF465AF06F19B0105F19B0063
:101D600023F06BFE38B995F8DC0096F8DC30C31A26
:101D700058425841F8BD3846F8BD00BF2DE9F04340
:101D8000054693B00C462E460021174642309C2251
:101D9000984622F028FF012326F8023B41223046D4
:101DA000002122F020FF002C00F0AB80631E0022F7
:101DB00013F8011F11B10132402AF9D121463046F2
:101DC00022F0EDFE0DF10409AC78484641220021D5
:101DD00022F009FF002C38D0002002463146A4F141
:101DE0004103DBB2192B9CBF2034E4B2A4F16103A0
:101DF000DBB2192B11F801CF79D9A4F13003DBB292
:101E0000092B74D9002A74D030B92D24012012ABCB
:101E10001344013203F8444CBCF1000F03D03F2AB5
:101E200001D06446DBE7531E09EB030119F80300F8
:101E30002D2808BF0A4605D06DE012F8010D2D28A7
:101E400067D10B46591E002BF7D14B460024412287
:101E50001C702146304622F0C6FE22464B4613F83F
:101E6000011B11B10132402AF9D14946304622F016
:101E700096FE002385F84330002F3FD041F2BF3358
:101E8000502F08BF1F4605F15A0420464122002169
:101E9000A5F8587022F0A7FEB8F1000F0CD008F199
:101EA000FF33002213F8011F11B10132402AF9D18A
:101EB0004146204622F073FE05F19B044122204654
:101EC000002122F090FE154B002202E013F8011FC2
:101ED00011B10132402AF9D12046104922F05FFEAB
:101EE0000023284685F8DC3013B0BDE8F0830020DD
:101EF0008DE7BCF1000FA8D0644670E741F2BF3710
:101F0000C1E70DF1040921464846412222F06BFE4B
:101F10009BE74B449AE709EB020397E72083050010
:101F2000F0B5841C93B02546431C00F1420113F820
:101F3000012F22B18B42FAD1012013B0F0BD00F184
:101F4000590300F19A0213F8011F29B19A42F3D004
:101F500013F8011F0029F9D1134600F1DB0113F832
:101F6000012F2AB18B42E7D013F8012F002AF9D1B3
:101F7000B0F85830002B00F0B080502B00F0AD804E
:101F800090F84330002B5BD090F8441051B990F892
:101F900045303BB990F8463023B990F84730002BD4
:101FA00000F0E58090F8483053B990F849303BB9DB
:101FB00090F84A3023B990F84B30002B00F0D780CE
:101FC00090F84C6056B990F84D303BB990F84E30CF
:101FD00023B990F84F30002B00F0C980836C1BBAF6
:101FE0005A1E033220D8DA435F4217421CD101F156
:101FF000FF3E476CD0F84CC05FFA8EFEBEF1DE0F9C
:102000003FBA9CFA8CFC0FD87F290DD0711EC9B243
:10201000DE2909D87F2E07D0674505D003EA0701DE
:1020200003EA0C03994202D0042013B0F0BD8F42A2
:10203000FAD03A439742F7D08C45F5D09445F3D087
:1020400090F85030002B4AD07F2BEDD0DF2BEBD80F
:10205000036D0133E8D090F85430002B77D190F81D
:102060005530002BE0D190F85630002BDCD190F8A1
:102070005730002BD8D1064601AF38464122002107
:1020800022F0B1FDB378002B46D04FF0000C624631
:10209000A3F14101C9B219299CBF2033DBB2A3F1DE
:1020A0006101C9B2192915F8010F4DD9A3F1300109
:1020B000C9B2092948D9002A53D0BCF1000F07D171
:1020C0002D234FF0010C12A91144013201F8443CB8
:1020D00090B13F2A10D00346DAE702202DE790F8AE
:1020E0005130002BA0D190F85230002B9CD190F8A9
:1020F0005330002B98D1AEE7531EF918F85C2D2809
:1021000008BF0A4605D034E012F8010D2D282CD165
:102110000B46591E002BF7D13B46002541221D706E
:102120002946204622F05FFD2A463B4613F8011B54
:1021300011B10132402AF9D13946204622F02FFD53
:10214000012333800020F8E64FF0000CBBE77F2B23
:102150003FF46AAFDF2B3FF667AF436D01338AD19F
:1021600062E70028D8D0034692E73B44D5E7032036
:10217000E3E6BB18D1E700BFF0B50024B9B01C609E
:1021800009B1E52A02D8002039B0F0BD0E46DE22A2
:10219000014668461F4622F002FD6846FFF7C0FE72
:1021A0000028F0D1564A9DF8DC301168554A72601B
:1021B00031609DF943200BB142F00202BDF8583066
:1021C0003272DDE911401A0A73721399159BB272CB
:1021D000149AC6F81B30C6F80B40C6F80F00C6F8B4
:1021E0001310C6F817200DF10103002513F8014F55
:1021F0001CB10135412DF9D1C5E706F12003184680
:1022000040222146F57722F0EEFC2A460DF102012C
:1022100022F0C5FC0DF1590313F8015F1DB1013423
:10222000412CF9D1AFE706F1610318464022294657
:1022300086F8604022F0D7FC22460DF15A0122F0C8
:10224000AEFC0DF19A0313F8011F19B10135412DB0
:10225000F9D198E706F1A2031846402286F8A1506A
:1022600022F0C1FC2A460DF19B0122F098FC264B7E
:10227000701E06F1E1044FF0FF3210F8011F4A40D2
:1022800042F30001194081EA520242F30001194071
:1022900081EA520141F300021A4082EA510141F3FE
:1022A00000021A4082EA510242F30001194081EA19
:1022B000520242F30001194081EA520141F3000247
:1022C0001A4082EA510141F300021A40A04282EA18
:1022D0005102D2D1D243D1B2002361F30703C2F33A
:1022E000072161F30F23C2F3074161F31743120E75
:1022F00062F31F63E622C6F8E23001203A6043E74A
:102300001C8305000100DA002083B8ED58B10B29C9
:1023100009D9F0B5654B05781C78A542B9B004D051
:10232000012039B0F0BD0220704745785C78A542A5
:1023300000F10106F4D116F8015F9C78A542EFD1B7
:102340007478DB789C42EBD1C48804F10C038B4297
:102350003ED18388012B3ED1DA2C39D1D0F8E270FE
:10236000534B451E00F1E1064FF0FF3115F8014FC8
:10237000614041F300041C4084EA510444F300012D
:10238000194081EA540444F30001194081EA5401E0
:1023900041F300041C4084EA510141F300041C4055
:1023A00084EA510444F30001194081EA540444F3DF
:1023B0000001194081EA540141F300041C40AE427F
:1023C00084EA5101D2D1C943B94206D00320A8E71B
:1023D000022039B0F0BD0420A3E7044600211646D0
:1023E0000DF10200DC2222F0FEFB237AB4F8092072
:1023F000ADF8582003F001020121C3F34003E57F4B
:102400008DF84320D4F80B208DF8DC30ADF80010A7
:10241000D4F80F30D4F813101192D4F81720129377
:10242000402DD4F81B301593CDE9131201D90520A6
:1024300077E7412200210DF1020022F0D4FB2A4669
:102440000DF1020004F1200122F0A9FB94F8605084
:10245000402DECD8412200210DF15A0022F0C3FB9F
:102460002A460DF15A0004F1610122F098FB94F81C
:10247000A150402DDBD8412200210DF19B0022F01C
:10248000B2FB04F1A2012A460DF19B0022F087FB6A
:102490006846FFF745FD04460028C8D16946304626
:1024A000DE2222F07CFB20463BE700BF1C830500B8
:1024B0002083B8ED00B583B002AB002203F8012DF4
:1024C0001846FFF7ADFAB8B99DF8072082B918464B
:1024D00001238DF80730FFF7A3FA98B99DF807009C
:1024E000B0FA80F04009084B187003B05DF804FBA7
:1024F000FFF794FA0028EAD0034B0020187003B0CD
:102500005DF804FB0020EEE7F18200202DE9F043A6
:10251000AB4A1578ADF5077D35B1AA4B1D78284635
:102520000DF5077DBDE8F083A74EA84BA84901240F
:1025300016A8147041F2BF32FFF720FC16A9DE2264
:10254000304622F02CFB41222946A24822F04BFBC8
:10255000B378002B00F0AB819E4CB71CAC462946EB
:10256000A3F14102D2B2192A9CBF2033DBB2A3F1FE
:102570006102D2B2192A17F8010F36D9A3F130023D
:10258000D2B2092A31D999B3BCF1000F04D12D235D
:102590004FF0010C6354013118B13F2901D00346BB
:1025A000DEE74B1EE218E05C2D2805D081E112F831
:1025B000010D2D2820D10B46591E002BF7D1854B3C
:1025C00000221A702778EFB1834B1F784FF0010972
:1025D0008DF83891002F5FD1804981481CF024FE8E
:1025E00028460DF5077DBDE8F0834FF0000CD1E7DC
:1025F0000028E4D00346B3E7234400221A7027786A
:10260000002FE1D14FF080534122D3F860805B6E00
:1026100039464EA822F0E7FA5FFA88F1C8F307229C
:10262000C8F30743CDE9012100936E4A6E4B412167
:102630004EA823F0C1F941223946664822F0D3FA68
:102640009DF83831002B00F09D8039460DF59C7CBB
:102650003846A3F14102D2B2192A9CBF2033DBB223
:10266000A3F16102D2B2192A1CF8017F40F28E80D8
:10267000A3F13002D2B2092A40F28880002800F08B
:102680008B8019B92D23012123540130002F6BD0E9
:102690003F2869D03B46DCE74EA8FFF7C1F9002888
:1026A0009AD19DF83881B8F1000F95D1DE224146CC
:1026B0004EA822F098FA4EA94C4800F051FA022890
:1026C00078D0404B012883F8009069D04EA9DE22D3
:1026D0003D4822F064FA412241463E4822F083FA06
:1026E000B3787BB3424E41464046A3F14102D2B299
:1026F000192A9CBF2033DBB2A3F16102D2B2192A9E
:1027000016F8015F2ED9A3F13002D2B2092A29D9D5
:1027100000283DD019B939462D23235401301DB16D
:102720003F2801D02B46E0E7431EE218E15C2D294B
:1027300005D0C2E012F8010D2D2837D10B46591EE5
:10274000002BF7D1234B00221A702578002D57D08B
:10275000284923481CF068FD3D4628460DF5077DB5
:10276000BDE8F0830021D8E7431EE218E15C2D2983
:1027700005D0A4E012F8010D2D2819D10B46591EE1
:10278000002BF7D1134B00221A701DE700217BE7C5
:10279000002DD7D02B46A8E7002FF3D03B4658E7B3
:1027A00015490F483D461CF03FFDB8E62344CAE7F3
:1027B0002344E8E711490A481CF036FDAFE600BFA4
:1027C000CC810020AE820020D0810020F080050066
:1027D00048830500B0820020F18200206C83050050
:1027E000946400205C8305000C830500BC810020FC
:1027F000D28100203C840500FC830500BC830500D9
:102800004FF0805341221E6E5B6E294605A822F0D0
:10281000EAF9F2B2C6F30723C6F30746CDE901325F
:102820004121294B294A009605A823F0C5F84122E9
:102830002946274822F0D7F99DF814306BB305A933
:102840002846A3F14102D2B2192A9CBF2033DBB241
:10285000A3F16102D2B2192A11F8016F21D9A3F1B3
:102860003002D2B2092A1CD9E8B11DB93D462D2348
:10287000235401301EB13F2801D03346E1E7431E07
:10288000E218E15C2D2905D01BE012F8010D2D287E
:1028900011D10B46591E002BF7D10D4C002323708C
:1028A00056E70025E4E7002EF7D03346C9E7084C89
:1028B00085E6631884E61C44F0E7231843E72318F1
:1028C00061E70444EAE700BF0C8305005C83050070
:1028D000B082002000487047D081002010B5164B10
:1028E0001B78B8B0044623B3144B1B7813B90020EF
:1028F00038B010BD124B1B7801228DF80020002B40
:10290000F5D06846FFF78CF80028F0D19DF800302C
:10291000002BECD12146DE22684622F040F96846C1
:10292000FFF7FEFA0028E2D16946064800F04CFBAA
:10293000DEE7FFF7EBFDD7E7CC810020AE82002079
:10294000F1820020BC81002000B5134B1B7883B0BE
:102950007BB1124B187810B903B05DF804FB104B33
:102960001B7801228DF8072033B9002003B05DF8F1
:1029700004FBFFF7CBFDECE70DF10700FFF750F884
:102980000028F2D19DF80730002BEED1054800F069
:1029900051FB03B05DF804FBCC810020AE82002027
:1029A000F1820020BC81002008B5034B1B780BB9D5
:1029B000FFF7ACFD014808BDCC810020B0820020AB
:1029C000114803780BB11048704770B54FF0805331
:1029D00086B0D3F8A410D3F8A8300C4A4C1CE4B24B
:1029E000C1F307260494C1F30745DCB2090ECDE913
:1029F000011503960094C3F30723122122F0DCFF94
:102A0000014806B070BD00BFF48200202883050095
:102A100010B5094C094B0A490A4841F2BF32FFF789
:102A2000ADF920460849094A21F05EF921460848D7
:102A3000BDE8104000F00EB840610020F0800500B5
:102A400048830500D0810020251A03000060002083
:102A5000BC810020002210B44FF46D24846001601A
:102A600002714271C2605DF8044B7047F0B50E46CA
:102A7000FDB015460021E822044622F0B4F8306883
:102A80000368294638AA1D694FF48873A847207047
:102A900040B1314B389A1B689A4203D1BDF8E430FB
:102AA000012B02D020467DB0F0BDBDF8E650B5F553
:102AB000807FF7D83BAB5E19284B376838A84FF0BA
:102AC000FF3210F8011B4A4042F30001194081EA2D
:102AD000520141F300021A4082EA510141F300021F
:102AE0001A4082EA510242F30001194081EA52027F
:102AF00042F30001194081EA520141F300021A40F9
:102B000082EA510141F300021A4082EA510242F383
:102B100000011940B04281EA5202D2D1D243BA42F6
:102B2000C0D13A9B6360012363700DB9A370B9E70C
:102B3000DE220021684622F056F86A4629463BA864
:102B4000FFF7E4FB0028ADD16946DE2204F108005E
:102B500022F025F8A6E700BF848405002083B8EDA5
:102B60002DE9F04F0446ADF5737DE8228A463AA878
:102B7000002122F038F820680368AEAA1D694FF4DE
:102B80006D214FF48873A84705468DF8E8000028AA
:102B90005AD0AD4AAE9B12689A4203D1BDF8BC32FE
:102BA000012B5ED00027B946B84674AEE82200215A
:102BB000304622F018F820680368AEAAD3F810B0A7
:102BC0004FF46E214FF48873D847307078B39E4A23
:102BD000AE9B12689A421CD1BDF8BC32012B00F0AA
:102BE000908001232371B8F1000F32D04FF46D2291
:102BF0000123C4F80C90A26063719FB93AA908310F
:102C00005046DE2221F0CBFF00200DF5737DBDE89C
:102C1000F08F01232371B8F1000FE7D184F805800C
:102C2000C4F80C8001200DF5737DBDE8F08F012301
:102C30002371B8F1000FD9D184F80580C4F80C8055
:102C4000002DEFD10220E0E707468146804674AEB2
:102C5000ACE700236371E360002DE3D10028E1D1EC
:102C6000F0E7BDF8BE72B7F5807F9BD8B1AB03EB40
:102C7000070E764EDEF8008000930DF52E7C4FF0A7
:102C8000FF331CF8012B534043F30002324082EA29
:102C9000530242F30003334083EA520242F300033B
:102CA000334083EA520343F30002324082EA530383
:102CB00043F30002324082EA530242F300033340FE
:102CC00083EA520242F30003334083EA520343F3A0
:102CD00000023240E64582EA5303D2D1DB439845F5
:102CE0007FF460AF0123DDF8C0928DF8E930CDF8B4
:102CF000EC90002F7FD18DF8EA302F46A84674AEB5
:102D000054E7BDF8BEB2BBF5807F3FF66BAFB1AB09
:102D100003EB0B0E00934D49DEF8003001930DF5E7
:102D20002E7C4FF0FF331CF8012B534043F300027D
:102D30000A4082EA530343F300020A4082EA530343
:102D400043F300020A4082EA530242F300030B40BD
:102D500083EA520343F300020A4082EA530343F337
:102D600000020A4082EA530242F300030B4083EA66
:102D7000520242F300030B40E64583EA5203D2D1EC
:102D8000019ADB439A427FF42CAFB09B736001251C
:102D90007570BBF1000F0FD1B5702571B8F1000F40
:102DA00004D0A3EB0902002A7FF720AF4FF46E2274
:102DB000E3606571A26035E7DE22002102A801937D
:102DC00021F011FF02AA59460098FFF79FFA019BD4
:102DD00028BB02A9DE2276A8009321F0E0FE25712F
:102DE000009BB8F1000F1ED14FF46E22E3606571B5
:102DF0003146A26003E774AEDE220021304621F0A6
:102E0000F2FE394632460098FFF780FA0746B8B915
:102E1000DE2231463CA821F0C2FEA846C6E6257156
:102E2000B8F1000FE0D0A3EB0902002A7FF7DEAE75
:102E30004FF46E200122E3603146A0606271DEE64D
:102E4000A8460027B2E600BF848405002083B8EDC1
:102E50002DE9F043ADF5457D3CAC154607464FF4F2
:102E6000887288462046FF211E4621F0BCFE544B46
:102E700025721B68236001222B0A290CA280637231
:102E80002A0E0023A172E2720193A6B101AB4FF4A6
:102E900080723FA93046FFF76FF9002873D0019B7D
:102EA000B3F5803F6FD21A1203F10C0EA371E271D9
:102EB00004EB0E0C04E0E6800DF1FC0C4FF00C0E60
:102EC000404B20464FF0FF3210F8011B4A4042F3BE
:102ED0000001194081EA520242F30001194081EADF
:102EE000520141F300021A4082EA510141F300020B
:102EF0001A4082EA510242F30001194081EA52026B
:102F000042F30001194081EA520141F300021A40E4
:102F100082EA510141F30002A0EB04091A40CE45B8
:102F200082EA5102D0D8D2430023110A62F3070388
:102F300061F30F23110C61F31743120E62F31F6349
:102F40003868CCF80030036841469B689847D0B198
:102F5000386803682246D3F80C9041464FF48873D2
:102F6000C84780B13868036880AAD3F810904146FA
:102F70004FF48873C84730B180A920464FF4887257
:102F800021F0FEFD20B100200DF5457DBDE8F08368
:102F90004246394602A8FFF769FD9DF80930002B2B
:102FA000F1D0039BAB42EED19DF80A00002EEBD08E
:102FB0000028E8D1314604A8FEF72EFEE4E700BF62
:102FC000848405002083B8ED2DE9F0410579B8B07F
:102FD00004468846FDB1637993B94FF46D27012605
:102FE0004346324639462046FFF732FF054618B1C0
:102FF000C4E9027601236371284638B0BDE8F08148
:10300000D4E90236B3F56D2F0CBF4FF46E274FF4A1
:103010006D270136E4E7DE222946684621F0E3FD0C
:1030200069462046FFF79CFD0228D4D1284638B0D7
:10303000BDE8F0812DE9F0470779ADF5427D044602
:10304000002F00F0B2806779002F67D14FF0010A9E
:10305000B846B94655464FF46D264FF48872FF21A5
:103060003AA821F0C0FD00226AF307025749584BE5
:1030700009683A9169F30F2268F3174267F31F62F8
:103080000121CDE93B123AA83DAF4FF0FF3210F8D5
:10309000011B4A4042F30001194081EA520242F307
:1030A0000001194081EA520141F300021A4082EA0C
:1030B000510141F300021A4082EA510242F3000139
:1030C000194081EA520242F30001194081EA52019B
:1030D00041F300021A4082EA510141F300021A4012
:1030E000874282EA5102D2D1D2430023110A62F30D
:1030F000070361F30F23110C61F31743120E62F300
:103100001F6320683D93036831469B689847B8B9B0
:10311000002738460DF5427DBDE8F087D4E9023539
:103120000135B3F56D2F14BF4FF46D264FF46E26A5
:103130005FFA85FAC5F30729C5F307482F0E8CE718
:10314000206803683AAADF6831464FF48873B847AD
:103150000028DDD0206803687EAA1F6931464FF43D
:103160008873B8470028D3D07EA93AA84FF4887254
:1031700021F006FD0028CBD1684632462146FFF7F4
:1031800075FC9DF80130002BC2D0019B9D42BFD140
:103190009DF80270002FBBD001233846C4E90265B8
:1031A00063710DF5427DBDE8F087DE2239467EA8C9
:1031B00021F019FD7EA92046FFF7D2FC02287FF4FA
:1031C00042AF38460DF5427DBDE8F08784840500A6
:1031D0002083B8ED70B5466805462C68B44206D029
:1031E000207821F044FC013408B12C60F5E770BD73
:1031F000F0B400230A260278303A092A24D802467D
:10320000071D0024104601320578A5F1300CBCF1F1
:10321000090F06FB045504D8BA42A5F1300405D1C4
:1032200012E0CC54032B027803D107E0FF2CE9D93C
:103230000AE02E2A00F1010001D005E022B9013395
:10324000042BD8D1012000E00020F0BC7047000022
:1032500008B4F0B582B000AF07F11C0302F10E0410
:1032600024F0070453F804CB7B60ADEB040D6E46ED
:1032700005460C46304611466246A04705F1080354
:103280000F2804462B600FD801280AD0A0B90022CD
:10329000284608376C601A55BD46BDE8F04001B0BD
:1032A000704732782A72F2E700280CDB01301FF0F9
:1032B0002BFBAC600346286018463146224621F0BD
:1032C0006EFC2B68E3E7014820F016FDC08805007E
:1032D0002DE9F04F83B004469246D0E900050C9AE0
:1032E00004F1080BA2EB0A028345A5EB0107154484
:1032F00014BFA2680F22002D0E46A7EB0A0750DB71
:1033000095420BD95200954208D2002AA7BF501C03
:1033100015464FF000406FF0004500E0681C019337
:103320001FF0F2FA019BD4F80080814626B1012EED
:103330002AD198F80020027043B10C9A32B1012AC8
:1033400009EB060027D11B7809F8063057B9C345A9
:1033500002D040461FF0DCFAC4F80090A56003B02C
:10336000BDE8F08F0C9B012F3344564409EB03005A
:1033700008EB060104D118F8062009F80320E6E757
:103380003A4621F00CFCE2E732464146019321F037
:1033900006FC019BD0E7194621F001FC002FD6D096
:1033A000E0E7014820F0A8FCC08805002DE9F047BF
:1033B0000346054643F80C1B8EB06B6020209046F8
:1033C0001FF0A2FA594C686006460FCC306071605D
:1033D000B26007CC564F30617161B26197E8070067
:1033E00004AFBC46ACE803001F21C5E902112088E8
:1033F000A178F3604FF00009B083ACF8002040469C
:10340000B1774FF00A0A86F81F900297CDF80CA00A
:103410008DF81A9022F023FB464B984200F28380ED
:1034200000F10A040F2C4AD838B1012859D198F874
:1034300000308DF81A303B4600E03B464FF0000C60
:10344000039403F804C0029A0AACBA42089450D01C
:10345000DDE903636FF00041891B0129089202979F
:103460000996CDF80CC00A938DF810C05BD9A24222
:1034700008BF0F2306F10208434529D32E4B1B88B2
:103480009353089BCDF82480002203F80820089B62
:1034900005F12406A342EE613FD00A9AEB616A620D
:1034A0000298099B2B62B8424FF0000385F8343034
:1034B00001D01FF02DFA28460EB0BDE8F08700902D
:1034C00043464A46514602A8FFF702FF029BB5E772
:1034D000022300933146184B002208A8FFF7F8FE9C
:1034E000CFE7024641460DF11A0021F058FB3B465A
:1034F000A4E797E80F00039E8DF810C084E80F0042
:103500006FF000439B1B012B0996CDF80CC00AD924
:1035100006F1020822460F23AEE70FCC6862A962CB
:10352000EA622B63BCE7054820F0E6FBBC87050098
:10353000DC870500F5FFFF7FA88E0500E887050002
:103540002DE9F843044608460D46164698469DF870
:103550002090FEF7E5FC002854D1002E49D0074604
:1035600041462846B047002843D004F10C03C82246
:1035700004F12408C4E900232020B9F1000F4AD146
:103580001FF0C2F9424D606006460FCD3060716099
:10359000B26007CDC4F81C802F883061AD78F3602D
:1035A0001F20B783C4E9020086F81F907161B261E1
:1035B000B57725201FF0A8F9364FE0612423844613
:1035C000064607F1200E63623D460FCD754530601B
:1035D0007160B260F3602F4606F11006F4D100234B
:1035E00028683060242222628CF8243084F8343039
:1035F00005E0294A4FF4FA712046FFF7D7FE20462E
:10360000BDE8F8832046254A4FF4C871FFF7CEFE87
:103610002046BDE8F8831FF077F91D4D606006462F
:103620000FCD30607160B26007CDC4F81C80B5F872
:1036300000C03061AD78F7771F20F360A6F81CC09A
:10364000C4E902007161B261B57724201FF05CF912
:10365000134FE06123238446064607F1200E636280
:103660003D460FCD754530607160B260F3602F4606
:1036700006F11006F4D12A88AB783280B37023218A
:103680000022012321628CF8232084F83430B6E72D
:10369000BC870500588805001888050000880500CB
:1036A000348805002DE9F04F0D46ADF5637D0446E5
:1036B00017463DA84FF425720021984621F093FA51
:1036C000686878B1674922F0B8F9064650B9D5F86C
:1036D0000890B9F1000F05D0484622F0C0F9EB6818
:1036E00098420AD0604A4FF4C8712046FFF75EFE48
:1036F00020460DF5637DBDE8F08F48463DA9FAF7F9
:10370000ADFB0028EED0E19B0293002B4BD00DF1D6
:10371000F409834603955549484622F08EF95449E9
:103720000546484622F089F9002800F01182B5FAD2
:1037300085F56D094F49484622F07FF94E4900282A
:1037400008BF5D46484622F078F94C49002808BF7A
:103750005D46484622F071F94949002808BF5D4698
:10376000484622F06AF930B14649484622F065F9E8
:1037700008B1002DB6D07EB10DF1F40A002501E0AC
:10378000B54209D05146484622F057F901350AF1B1
:10379000520A0028F4D1A5E7029B01369E4209F1A6
:1037A0005209B8D1039D05F1180105A8DE2221F0C8
:1037B000F6F934493DA8FAF72DFB002837D00378F5
:1037C000303BDAB2092A07D931E0092902EB460376
:1037D0002DD8B3F5803F2AD210F8015FA5F1300251
:1037E00003EB8306D1B2002DEFD103B3502B1ED0D3
:1037F0001E49ADF86C303DA8FAF70CFB002814BF49
:10380000012300238DF857301CD1CDE91900CDE9F3
:103810001700169001200090434620463A4605A91D
:10382000FFF78EFE20460DF5637DBDE8F08F204644
:10383000154A4FF4C871FFF7B9FD20460DF5637DB9
:10384000BDE8F08F0A493DA8FAF7E4FA169508B1E9
:103850000378EBB90D4A4FF4C8712046FFF7A6FD77
:1038600046E700BF38860500808605005C860500B7
:1038700064860500688605006C8605007086050074
:1038800078860500A086050094860500A8860500B8
:10389000303B092BDED84278303A092A88BF013004
:1038A00014D88178303903EB8303092902EB4303F1
:1038B00088BF02300AD803EB830301EB4303FF2BDD
:1038C000C8D8C278303A092AC4D903308DF85830A4
:1038D00003782E2BBED14378303B092BBAD88178A0
:1038E0003039092988BF023014D8C278303A03EB46
:1038F0008303092A01EB430388BF03300AD803EB93
:10390000830302EB4303FF2BA4D80279303A092A40
:10391000A0D904308DF8593003782E2B9AD14378F2
:10392000303B092B96D881783039092988BF02307D
:1039300012D8C278303A0A25092A05FB031388BF3A
:10394000033009D805FB0323FF2B83D80279303AD3
:10395000092A7FF67FAF04308DF85A3003782E2B7A
:103960007FF478AF4378303B092B3FF673AF817813
:103970003039092988BF023013D8C278303A0A2575
:10398000092A05FB031388BF03300AD805FB03236C
:10399000FF2B3FF65FAF0279303A092A7FF65AAF24
:1039A00004308DF85B300578002D7FF453AF6C49FF
:1039B0003DA8FAF72FFA179500283FF44BAF02788D
:1039C000002A3FF447AF303A092A3FF643AF457823
:1039D000303D092D88BF431C16D88178303902EB61
:1039E0008203092905EB430288BF831C0CD802EB34
:1039F000820301EB4302FF2A3FF62CAFC378303B32
:103A0000092B7FF627AFC31C8DF85C201A782E2A6D
:103A10007FF420AF5A78303A092A3FF61BAF9878E6
:103A20003038092888BF023313D8D97830390A25AD
:103A3000092905FB020288BF03330AD805FB0212DD
:103A4000FF2A3FF607AF1979303909297FF602AF0F
:103A500004338DF85D201A782E2A7FF4FBAE5A7855
:103A6000303A092A3FF6F6AE98783038092888BFF0
:103A7000023313D8D97830390A25092905FB020207
:103A800088BF03330AD805FB0212FF2A3FF6E2AED5
:103A90001979303909297FF6DDAE04338DF85E20BF
:103AA0001A782E2A7FF4D6AE5A78303A092A3FF691
:103AB000D1AE98783038092888BF023313D8D97826
:103AC00030390A25092905FB020288BF03330AD8C9
:103AD00005FB0212FF2A3FF6BDAE197930390929DC
:103AE0007FF6B8AE04338DF85F201D78002D7FF48B
:103AF000B1AE1C493DA8FAF78DF918950346002888
:103B00003FF4A8AE1B78002B3FF4A4AE18A9FFF732
:103B10006FFB00283FF49EAE13493DA8FAF77AF9EF
:103B2000199508B10378ABB93DA81049FAF772F9B5
:103B300000221A9200283FF46DAE0378002B3FF468
:103B400069AE1AA9FFF754FB00287FF463AE81E643
:103B50005D46EFE519A9FFF74BFB0028E4D179E6B4
:103B6000688605006C86050070860500788605006D
:103B70002DE9F04F0D46ADF5637D044617463DA88F
:103B80004FF425720021984621F02DF8686878B12D
:103B9000464921F052FF064650B9D5F80890B9F1D0
:103BA000000F05D0484621F05AFFEB6898420AD032
:103BB0003F4A4FF4C8712046FFF7F8FB20460DF549
:103BC000637DBDE8F08F48463DA9FAF747F9002824
:103BD000EED0E19B03932BB30DF1F4093549484630
:103BE00021F02BFF28B13449484621F026FF002858
:103BF000DED18EB10DF1F40A4FF0000B01E05E450D
:103C00000AD05146484621F018FF0BF1010B0AF18A
:103C1000520A0028F3D1CBE7039B01369E4209F1FB
:103C20005209DBD123493DA8FAF7F4F822490646A8
:103C30003DA8FAF7EFF836B128B10146304621F039
:103C4000FCFE814650B120461C4A4FF4C871FFF774
:103C5000ADFB20460DF5637DBDE8F08F05F1180141
:103C6000DE2205A820F09BFF304621F0F8FE402818
:103C7000054606D9124A4FF4C8712046FFF796FB55
:103C80009CE749460DF16E00412220F0ACFF2A4628
:103C900031460DF16E0020F082FF01200090434676
:103CA0003A4605A92046FFF74BFC87E73886050012
:103CB0008086050000860500D4850500DC850500AA
:103CC000F88505002DE9F04F0D46ADF5637D0446FE
:103CD00017463DA84FF425720021984620F083FF37
:103CE000686878B1474921F0A8FE064650B9D5F872
:103CF0000890B9F1000F05D0484621F0B0FEEB68FE
:103D000098420AD0404A4FF4C8712046FFF74EFB54
:103D100020460DF5637DBDE8F08F48463DA9FAF7D2
:103D20009DF80028EED0E19B03932BB30DF1F4092D
:103D30003649484621F081FE28B13549484621F0F0
:103D40007CFE0028DED18EB10DF1F40A4FF0000B9D
:103D500001E05E450AD05146484621F06EFE0BF167
:103D6000010B0AF1520A0028F3D1CBE7039B01367D
:103D70009E4209F15209DBD124493DA8FAF74AF8DD
:103D8000234906463DA8FAF745F846B1337833B1E2
:103D900028B10146304621F050FE814650B1204600
:103DA0001C4A4FF4C871FFF701FB20460DF5637DF7
:103DB000BDE8F08F05F11801DE2205A820F0EFFE26
:103DC000304621F04CFE4028054606D9124A4FF4F1
:103DD000C8712046FFF7EAFA9AE749460DF1AF00AD
:103DE000412220F000FF2A4631460DF1AF0020F0BD
:103DF000D6FECDF8009043463A4605A92046FFF787
:103E00009FFB85E73886050080860500C88505008C
:103E1000D4850500A0850500C08505002DE9F04F7B
:103E20000D46ADF5617D044617463BA84FF425725B
:103E30000021984620F0D7FE686878B1644921F0E7
:103E4000FCFD064650B9D5F80890B9F1000F05D031
:103E5000484621F004FEEB6898420AD05D4A4FF4D0
:103E6000C8712046FFF7A2FA20460DF5617DBDE836
:103E7000F08F48463BA9F9F7F1FF0028EED0DF9B11
:103E80000193FBB10DF1EC095349484621F0D5FDF2
:103E90000028E3D186B182460DF1EC0B01E0B2457A
:103EA0000AD05946484621F0C8FD0AF1010A0BF133
:103EB000520B0028F3D1D1E7019B01369E4209F154
:103EC0005209E1D105F11801DE2203A820F067FEB6
:103ED0003BA84149F9F79EFF064620B121F0BFFDFE
:103EE000402805460AD920463C4A4FF4C871FFF7DE
:103EF0005DFA20460DF5617DBDE8F08F412200217D
:103F00000DF10E0020F06FFE2A4631460DF10E0035
:103F100020F045FE03A8FEF703F88146002850D1A3
:103F2000002F47D0414603A8B847002842D0234677
:103F3000C82243F80C2B202063601EF0E5FC284DBE
:103F4000606006460FCD30607160B26007CD3061B1
:103F50001F202F88AD78F360C4E9020004F124002B
:103F6000B783E06186F81F907161B261B577242054
:103F70001EF0CAFC1B4FE06123238446064607F16E
:103F8000200E63623D460FCD754530607160B260B2
:103F9000F3602F4606F11006F4D12A88AB78328000
:103FA000B37023210022012321628CF8232084F89E
:103FB000343059E70C4A4FF4FA712046FFF7F6F90E
:103FC00052E70A4A4FF4C8712046FFF7EFF94BE772
:103FD0003886050080860500C8860500C086050075
:103FE000BC87050034880500188805000088050096
:103FF0002DE9F04F0C46ADF5697D0546164643A800
:104000004FF425720021984620F0EDFD94F8F6302B
:1040100093B1606880B19E4921F00FFD074658B901
:10402000D4F80890B9F1000F06D0484621F017FDEA
:10403000E368984200F085802B464FF4C87243F83D
:104040000C2B20206B601EF05FFC924C68600646D3
:104050000FCC30607160B26007CC8F4F30617161FE
:10406000B26197E807000DF13408C446CDF82C8002
:10407000ACE803000027ACF80020F3602088A178AA
:10408000B0830A231F22B177C5E90222F7771946C8
:104090001D240C933A46814B00940BA88DF83E707A
:1040A000FFF716F90B9B07AC434583F8277005947F
:1040B0004FF027062DD00D9A0792A342CDE9053681
:1040C000CDE90B878DF834702CD0282A2AD9744A70
:1040D0001288A3F82720059B0021292205F1240638
:1040E000A34283F829100692EE6124D0079AEB616F
:1040F0006A620B98069B2B6240454FF0000385F8DF
:10410000343001D01EF004FC28460DF5697DBDE871
:10411000F08F98E80F0084E80F00CDE90B87069632
:104120008DF834700223009300225D4B272105A8EF
:10413000FFF7CEF8CFE70FCC6862A962EA622B6383
:10414000D7E7484643A9F9F789FE00283FF474AF42
:10415000E79B039303B30DF586795249484621F056
:104160006CFC00287FF468AF87B182460DF5867B32
:1041700001E0BA450AD05946484621F05EFC0AF1F2
:10418000010A0BF1520B0028F3D155E7039B0137CD
:104190009F4209F15209E0D143A84249F9F73AFE9A
:1041A000074620B1404921F048FC002862D104F1C3
:1041B0001801DE220BA820F0F2FC003718BF0127FF
:1041C0000BA88DF80871FDF7ABFE0746002858D103
:1041D000002E48D041460BA8B047002843D02B46BC
:1041E000C82243F80C2B20206B601EF08DFB294C5D
:1041F000686006460FCC30607160B26007CC3061F9
:104200001F20B4F800C0A478F777C5E9020005F1D3
:104210002400F360A6F81CC0E8617161B261B47754
:1042200024201EF071FB214FE861232384460646BB
:1042300007F1200E6B623C460FCC74453060716014
:10424000B260F360274606F11006F4D12288A37805
:104250003280B37023210022012329628CF82320AD
:1042600085F8343050E7124A4FF4FA712846FFF7C8
:104270009DF849E70F4A4FF4C8712846FFF796F8B2
:1042800042E70D4A4FF4C8712846FFF78FF83BE725
:1042900038860500BC870500DC8705008C88050092
:1042A000A88E05008088050018CA0500348805001E
:1042B00018880500AC880500008805002DE9F04F3E
:1042C0008046D8E9005397485B1BDB1000FB03F3E3
:1042D000A1EB050A83B00C4691460D46002B00F079
:1042E000B9805E00B34240F210816FF00F06304695
:1042F0001EF00AFB0746D9E9001907EB0A0B0BF180
:10430000080047F80A00002900F0F880B9F10F0F03
:1043100000F2E180B9F1010F00F0A180B9F1000FC6
:1043200040F0E6800021CBF8049000F80910D8F89E
:104330000030A34200F0F1801833E01A7A4A019469
:10434000C00802FB00F222F0604909EB490C07EBC0
:10435000CC0C08460CF1200C07F10802AE4642F8DE
:10436000082C53F8181CA3F11005A94200F09880FE
:1043700042F8081C53F8101C116053F8141C42F842
:10438000041C1832624543E9065003F8100C03F18F
:104390001803E4D109F1010303EB4303019C7546C3
:1043A00007EBC303D8F80420A24203F1180931D067
:1043B0001834121B5C49D20801FB02F222F0604C57
:1043C0000CEB4C0E03EBCE0E0EF1380E20334FF0FB
:1043D000000A54F8181C43F8083CA4F110028A4261
:1043E00048D054E9050543F8081C43E90105183392
:1043F000734544F8182C04F810AC44F814AC04F1DC
:104400001804E6D10CF1010C0CEB4C0CD8F804505C
:1044100009EBCC09D8F800A0AA450FD00AF108048E
:1044200054F8080CA0420AF1180A1CD01EF070FAC9
:10443000AA4504F11804F3D1D8F8005015B1284664
:104440001EF066FA3E44C8F80860C8E9007903B077
:10445000BDE8F08F012606EB4606F60047E70B782D
:104460008BF808305EE7AA4504F11804D8D1D8F8D3
:104470000050E3E71168556890681960D16854F8F6
:10448000142C5D609860D96043F8042C18339E4565
:1044900004F810AC44F814AC04F1180499D1B1E755
:1044A0004D68D1F800A08C68D1F80CB0C2F80CB0FF
:1044B000C2F800A05560946053F8145C42F8045CA4
:1044C0001832944543E9061003F8100C03F1180361
:1044D0007FF445AF5EE7B9F1000F20DB09F1010081
:1044E00001911EF011FA0199CBF80000CBF8089069
:1044F0004A4620F054FBDBF8000013E7B9F1000F47
:104500003FF410AF09481FF0F4FB094B9E423FF601
:10451000ECAE002E9FD13746EDE63B4642E705481C
:104520001FF0EAFBABAAAAAAABAAAA0AD888050080
:10453000AAAAAA0AC08805002DE9F04FD0E90065B3
:10454000AE4295B010D08946044602E0AE422660E5
:104550000AD0374616F8018B404620F088FA00282A
:10456000F4D1B8F17B0F04D00027384615B0BDE870
:10457000F08F0137BD422760CDE9050007904FF06D
:10458000010840F21F833E4602E0AE42B24607D029
:10459000B24601369AF8000020F069FA0028F4D1FA
:1045A000AA4504D09AF800307D2B00F07283B8F150
:1045B000000F12D1BD4203D128E0AF42276025D0C1
:1045C000B84617F8016B304620F051FA0028F4D1B4
:1045D0002C2E1BD108F10107276000230DF12808BC
:1045E000BD42CDE908838DF8283004D10EE0B542F4
:1045F000374626600AD03E4616F8010B20F037FAFF
:104600000028F4D126603B78222B22D00027DDE958
:104610000556B5420ED005F1080454F8080C844242
:1046200005F118050FD01EF073F9B54204F1180416
:10463000F3D1059E002E98D030461EF069F9384619
:1046400015B0BDE8F08FAE4204F11804E5D1059E27
:10465000F0E78246B54200F08D81731C236096F826
:1046600000B0BBF1220F00F06981BBF11F0F089F62
:1046700040F27981BBF15C0F61D1AB4200F07381F4
:10468000B21C226096F801B0ABF12203532B00F26A
:104690006A81DFE813F0540068016801680168016D
:1046A00068016801680168016801680168016801C2
:1046B00054006801680168016801680168016801C7
:1046C00068016801680168016801680168016801A2
:1046D0006801680168016801680168016801680192
:1046E0006801680168016801680168016801680182
:1046F0006801680168016801680168016801680172
:104700006801680168016801680154006801680176
:1047100068016801680141016801680168011D01C3
:1047200068016801680168016801680168012F017A
:104730006801680168010B016801F80070004745D5
:10474000099E18BF0A9B06F1010508BF0F239D4271
:1047500008D901220023009231461A4608A8FEF724
:10476000B7FD089F07F806B0089B099503F805A058
:10477000D4E900656EE7AA4200F0F580F11C2160E3
:10478000B278A2F13003D8B209280BD9A2F16103A3
:10479000052B40F27282A2F14103052B00F2E38067
:1047A000A2F137038D4200F0DE80311D2160F278E6
:1047B000A2F130005FFA80FCBCF1090F4FEA03134D
:1047C00040F22382A2F16100052840F25982A2F151
:1047D0004100052800F2C780373A13448D4200F0AB
:1047E000C280711D21603279A2F130005FFA80FC35
:1047F000BCF1090F4FEA031340F23B82A2F16100C2
:10480000052840F24082A2F14100052800F2AB8069
:10481000373A13448D4200F0A680B21D22607279AF
:10482000A2F13001C8B209284FEA031340F22382F3
:10483000A2F16101052940F22982A2F14101052975
:1048400000F29180373A13445A1E7E2A00F28B8080
:104850004745099EDDB218BF0A9B06F1010B08BF50
:104860000F239B4508D901220023009231461A46A6
:1048700008A8FEF72DFD089FBD55089BCDF824B074
:1048800003F80BA074E74745099E18BF0A9B06F181
:10489000010508BF0F239D4200F2CD814FF00903AF
:1048A000BB55089B099503F805A061E74745099E9C
:1048B00018BF0A9B06F1010508BF0F239D4200F2B5
:1048C000CE810D23BB55089B099503F805A04FE742
:1048D0004745099E18BF0A9B06F1010508BF0F2333
:1048E0009D4200F2B2810C23BB55089B099503F849
:1048F00005A03DE74745099E18BF0A9B06F1010543
:1049000008BF0F239D4200F28C810A23BB55089BF0
:10491000099503F805A02BE74745099E18BF0A9B98
:1049200006F1010508BF0F239D4200F270810823A4
:10493000BB55089B099503F805A019E7DDE9055A61
:10494000554519D0DDE9087602E01835AA4513D09F
:104950006B68B342F9D136B132463946286820F047
:104960000FF90028F1D147453FF450AE38461DF00D
:10497000CFFF4BE6089FF6E7079B9A4500F024819E
:104980000AF10800CAF80000DDE90865002E00F011
:1049900036810F2D00F21E81012D00F02C81002D9B
:1049A00040F022810023CAF804504355069B183377
:1049B0000693D4E90056AE4203D1DBE7AE42256050
:1049C000D8D0AB4615F801AB504620F050F800287F
:1049D000F4D1BAF13A0F089FC5D1DDF824A00BF14C
:1049E0000105BAF10D0F256040F2A780BAF1070F5B
:1049F00040F251830422A849384620F0C1F800282B
:104A0000B1D00422A549384620F0BAF80028AAD12E
:104A1000BAF1040FA7D100230DF1400AB542CDE948
:104A20000EA38DF840309ED0A34604E0A642254652
:104A3000CBF8004097D02C4614F8010B20F017F863
:104A40000028F3D15B46A346C3F800B01C462B7880
:104A5000222B88D1054653465A46964200F0EF82F3
:104A6000511C21601778222F00F035831F2F40F250
:104A7000E6825C2F40F02E81B14200F0E082901C73
:104A800020605778A7F12201532900F2D882DFE88D
:104A900011F02101D602D602D602D602D602D602E3
:104AA000D602D602D602D602D602D6022101D602FC
:104AB000D602D602D602D602D602D602D602D60236
:104AC000D602D602D602D602D602D602D602D60226
:104AD000D602D602D602D602D602D602D602D60216
:104AE000D602D602D602D602D602D602D602D60206
:104AF000D602D602D602D602D602D602D602D602F6
:104B0000D602D602D6022101D602D602D602D6029B
:104B1000D6023102D602D602D6021802D602D60238
:104B2000D602D602D602D602D602FF01D602D6029D
:104B3000D602E601D602CC013E01BAF1000F3FF4E5
:104B400012AF52465649384620F01AF8002840F075
:104B50007E82BAF10D0F40F07A82B54204D1FEE2B6
:104B6000AE422560AA4607D0AA4601359AF8000051
:104B70001FF07DFF0028F3D1A6EB0A06032E7FF677
:104B8000F2AE9AF80030742B00F0CC82042E7FF63F
:104B9000EAAE0522434950461FF0F2FF00287FF499
:104BA000E2AE0AF10503236089F84300474502D0CD
:104BB00038461DF0ADFED4E90075BD424FF0000847
:104BC0003FF6E1ACBA46EBE4514608AA05A8FFF768
:104BD00075FBEEE6002DC0F2D082681C1DF094FE3D
:104BE000CAF80850CAF8000031462A461FF0D7FF1D
:104BF000DAF80000D6E633788AF80830D2E6002DDD
:104C00003FF4D0AE28481FF074F80344E6E50122D3
:104C10000023009231461A4608A8FEF759FB089F68
:104C200085E601220023009231461A4608A8FEF7C5
:104C30004FFB089F69E601220023009231461A4685
:104C400008A8FEF745FB089F28E6012200230092F2
:104C500031461A4608A8FEF73BFB089F43E60122AF
:104C60000023009231461A4608A8FEF731FB089F40
:104C700027E60344CEE50B44E6E5A2F1570391E5B0
:104C8000573A1344AAE5573A1344C3E5573A134435
:104C9000DAE5BD420ED1B9E47086050078860500DC
:104CA0000886050020860500D8880500AF422760E9
:104CB0003FF4ACACB84617F8016B30461FF0D7FE96
:104CC0000028F3D17D2E7FF4A1AC08F1010323600D
:104CD00001279CE45345DDF83CB018BF109A0BF156
:104CE000010608BF0F22964208D900230122009234
:104CF00059461A460EA8FEF7EBFA0E9B03F80B7006
:104D00000E9B0F969D550E9BD4E90026A5E6B0425A
:104D100000F09581D71C27609078A0F130015FFAF0
:104D200081FCBCF1090F0BD9A0F16101052940F20A
:104D30001882A0F14101052900F28181A0F137011B
:104D4000B74200F07C81171D2760D078A0F1300CAD
:104D50005FFA8CFEBEF1090F4FEA011140F2F981B2
:104D6000A0F1610CBCF1050F40F2FE81A0F1410CF5
:104D7000BCF1050F00F2638137380144B74200F0FF
:104D80005E81571D27601079A0F1300C5FFA8CFE10
:104D9000BEF1090F4FEA011140F2DD81A0F1610C73
:104DA000BCF1050F40F2E381A0F1410CBCF1050F0D
:104DB00000F2458137380144B74200F04081901D30
:104DC00020605279A2F13000C7B2092F4FEA0116D4
:104DD00040F2C381A2F16101052940F2CB81A2F129
:104DE0004101052900F22B81373A1644721E7E2AB2
:104DF00000F225815345DDF83CB018BF109A0BF145
:104E0000010708BF0F229742F6B208D900230122FA
:104E1000009259461A460EA8FEF75AFA0E9B03F85E
:104E20000B600E9B0F97DD556DE753450F9F18BF25
:104E3000109A07F1010608BF0F22964208D90023F5
:104E40000122009239461A460EA8FEF741FA0E9B3F
:104E50004FF00902DA550E9B0F969D5553E75345C7
:104E60000F9F18BF109A07F1010608BF0F22964244
:104E700008D900230122009239461A460EA8FEF7EF
:104E800027FA0E9B0D22DA550E9B0F969D553AE799
:104E900053450F9F18BF109A07F1010608BF0F2254
:104EA000964208D900230122009239461A460EA8DC
:104EB000FEF70EFA0E9B0A22DA550E9B0F969D55B1
:104EC00021E753450F9F18BF109A07F1010608BF4D
:104ED0000F22964208D900230122009239461A4631
:104EE0000EA8FEF7F5F90E9B0C22DA550E9B0F96D5
:104EF0009D5508E753450F9F18BF109A07F101060B
:104F000008BF0F22964208D9002301220092394699
:104F10001A460EA8FEF7DCF90E9B0822DA550E9B06
:104F20000F969D55EFE6303A092A00F288805978AD
:104F30003039092988BF591C14D89D78303D02EBBF
:104F40008202092D01EB420288BF991C0AD802EBAC
:104F5000820205EB4202FF2A71D8D978303909293B
:104F60006DD9D91C02700A782E2A68D14A78303A55
:104F7000092A64D88E78303E092E88BF023114D8B1
:104F8000CD78303D02EB8202092D06EB420288BF4C
:104F900003310AD802EB820205EB4202FF2A4ED807
:104FA0000D79303D092D4AD9043142700A782E2AF4
:104FB00045D14A78303A092A41D88E78303E092EB8
:104FC00088BF023114D8CD78303D02EB8202092D22
:104FD00006EB420288BF03310AD802EB820205EBDE
:104FE0004202FF2A2BD80D79303D092D27D90431F3
:104FF00082700A782E2A22D14A78303A092A1ED89D
:105000008E78303E092E88BF023114D8CD78303DDD
:1050100002EB8202092D06EB420288BF03310AD857
:1050200002EB820205EB4202FF2A08D80D79303DDF
:10503000092D04D90431C2700A78002A5AD0534588
:105040003FF498AC18461DF063FC089F8BE4BAF15E
:10505000090F3FF6CBACBAF1000F3FF484AC5246D7
:10506000614938461FF08CFD18B9BAF1090F3FF4B9
:10507000D2ACBAF1060F3FF6B9ACBAF1000F3FF46B
:1050800072AC5246594938461FF07AFD18B9BAF148
:10509000060F3FF4C0ACBAF1000F3FF464AC5246C7
:1050A000534938461FF06CFD18B9BAF1070F3FF4A9
:1050B000B2ACBAF1040F3FF69DACBAF1000F3FF469
:1050C00052AC52464B4938461FF05AFD00283FF477
:1050D0009FAC524696E4DDE90875092D12D9072DDB
:1050E0004ED909F154000022026033B11A78002A27
:1050F0007FF419AF53453FF459AD18461DF008FC35
:10510000089F53E5002DECD02A46374903933846D3
:105110001FF036FD039B002841D1092D3FD109F135
:105120004400E0E79AF80130722B0AF101027FF4A3
:105130002DAD12F8013F752B7FF428AD5378652B08
:105140007FF424AD0AF104020123226089F8433080
:105150002CE5614412E661442EE6064446E6B2467A
:105160000AE5A0F15701EBE55738014406E6573848
:10517000014421E6573A164438E61F481EF0BCFDAC
:10518000002DAED02A461A49039338461FF0F8FC8A
:10519000039BB0B9072D14D109F14C00A3E7062DEC
:1051A0009DD8002D9DD02A461049039338461FF004
:1051B000E7FC039B0028E3D1062DE1D109F148006B
:1051C00091E7042D8DD8002D8BD02A4609490393F1
:1051D00038461FF0D5FC039B002882D1042D80D1D6
:1051E00009F150007FE700BF0C8605002886050006
:1051F0003086050070860500C08805002DE9F04F57
:1052000085B00446164640680E9D02F10042013A00
:10521000121A954200F21C81A146421A59F808ABB5
:105220009B46921BAB1BD145884600EB03070192BE
:105230004ED0A26897424ED8D3450AEB080918D23F
:10524000019B63B1AE420AD0012B09EB050009EBCB
:10525000060140F0958019F8063009F805306DB365
:10526000012D76D19BF800300AF80830D4F800A060
:1052700026E050448345E3D8E5B1AE4280F09A8001
:10528000019A002A70D14E440BEB05029642C0F001
:10529000A580012DE6D02A46594648461FF08AFCD3
:1052A000D4F800A00CE02A465946484602931FF065
:1052B00081FC029B019A0AB1AE4255D1D4F800A0FC
:1052C0006760002320460AF8073005B0BDE8F08F7C
:1052D0000F2FB1D90F22002FC0F2BD8053009F4283
:1052E00002933ED2002BB7BF6FF00043581C4FF023
:1052F000004002931DF008FB23688246B8F1000FBE
:1053000004D0B8F1010F47D11A780270BBF1000F39
:1053100008D03DB1012D0AEB080044D19BF80020D4
:105320000AF80820019A52B145444644012A0AEB82
:10533000050003EB06012AD19A5D0AF8052099457C
:1053400002D018461DF0E4FA029BC4F800A0A36046
:10535000B6E72A46594648461FF021FCD4F800A07B
:10536000AEE7781C0297C5E7019A012A09EB050010
:1053700009EB06012DD119F8062009F8052024E0D3
:105380001A461FF017FC002D7FF46AAF96E70393CF
:105390001FF005FC039BD2E71946424603931FF01A
:1053A000FEFB039BB2E759462A4603931FF0F7FB27
:1053B000039BB7E7012D7FF476AF9BF800200AF836
:1053C0000820019A002A7FF477AFAE42FFF45BAF6A
:1053D00074E702931FF0EEFB029BF6E75E450AD8E6
:1053E000012D0BEB03011FD02A4648461FF0D7FBC7
:1053F000D4F800A064E7A6EB0B06012E0FD00EBB7D
:10540000AA1B012A09EB060009EB050113D0002AAB
:105410003FF454AF1FF0C3FBD4F800A050E79BF853
:1054200000300AF80830EBE71BF803300AF80830C0
:10543000D4F800A044E719F8053009F80630D4F88C
:1054400000A03DE75946324648461FF0B3FBD7E778
:1054500002481EF051FC02481EF04EFC0489050073
:10546000C08805002DE9F04FADF51D7D4D68039214
:10547000044606932DB189462846774920F0DDFA87
:1054800050B12046754A40F29F11FDF78FFF20462C
:105490000DF51D7DBDE8F08F09F1180164A8DE222D
:1054A0001FF07DFB28466C4920F0C7FA28B9D9F8CF
:1054B000086016B1D9F80C5055B92046684A4FF427
:1054C000C871FDF773FF20460DF51D7DBDE8F08F17
:1054D0003544AE42CDE9096503D1EEE7B542099600
:1054E000EBD0374616F8018B40461FF0C0FA002873
:1054F000F4D1B8F17B0FE0D1CDE90B00013709976A
:105500000D900126CDF81C90AF4281F07683B8460D
:1055100002E04545C14608D0C14608F1010899F8A6
:1055200000001FF0A4FA0028F3D1A94503D099F890
:1055300000307D2B79D0002E74D0002352AAAF42C8
:10554000509251938DF8483104D10FE0AE42374666
:1055500009960BD03E4616F8010B1FF088FA00287A
:10556000F4D109963B78222B00F032834FF00008EB
:10557000DDE90B67BE420FD006F1080555F8080CAF
:10558000854206F1180600F011831DF0C1F9B742FB
:1055900005F11805F2D10B9F17B138461DF0B8F987
:1055A000B8F1000F89D056AD0126069B039A0096EC
:1055B00064A92846FDF7C4FF2B68C82B52D00DF50F
:1055C000BE7826466A6846F80C3B59AFBA42666018
:1055D00000F0DD82EB686260E360EA69A9686F60F1
:1055E000002304F124064245A160AB602B73E66101
:1055F00000F0D5826B6AE26163622A6A95F8343002
:105600002262204684F834300DF51D7DBDE8F08F10
:10561000B84617F8016B30461FF029FA002800F051
:10562000AF820997AF42F3D1A0E709A8FDF7D2FDF9
:10563000DDE90932934299D01A787D2A96D1013357
:1056400009A80993FDF7C6FDDDE909329B1AD3F1DC
:10565000000848EB03088BE7D4860500088705009F
:105660002487050010AB2E200E931DF04DF9DFF8B6
:10567000B8C30E902D238046109306460CF1200EE1
:1056800067460FCF774530607160B260F360BC460B
:1056900006F11006F4D1BCE8070000239CF800C016
:1056A000306086F80CC0B26071602D2788F82D300C
:1056B0005B200F971DF028F9DDF838C00646074635
:1056C00063460CF12002D3F800E058689968D3F8DB
:1056D0000C80C7F80C8010339342C7F800E0786064
:1056E000B96007F11007EED1DFF840E39A68D3F80C
:1056F0000090D3F80480C7F80480BA60C7F800901F
:10570000BEE807001B7B3B7306F12D0E10AB9C45DA
:10571000C6F82D00CEF80410CEF8082002D060465E
:105720001DF0F6F8002310A85A2286F839303921E6
:105730000E900DF5C97010920F938DF840301692AF
:10574000CDE9146120F08BF9B14B9842804601F20B
:105750003E8200F139075A2F01F2B18048B1B8F109
:10576000010F06F1390041F05F819DF8923186F812
:10577000393016AB03934FF0000C1CAA159706F8AE
:1057800007C0149B1A92039A934201F0D480DDE97A
:10579000156711466FF00042921B0C2A1A93149160
:1057A0001B96CDF854C01C978DF858C041F20F825B
:1057B0001CAA934206F10D0801F0D080B84500F212
:1057C0003387944F07CF985133443878DDF8689089
:1057D000187359609A600023CDF86C8009F808307E
:1057E00022AA1A9B20921CAA934201F0F3811C9AD0
:1057F000209322921B9ABDF8E83100931CAE26A894
:10580000854B86491A962192002610221B968DF808
:105810007060FDF71DFDDDE9207122AB9F42279AE4
:1058200018BF2298269B01EB020608BF0F20864274
:1058300040F2C28128A8834214BF28980F208642D4
:1058400041F2D680009220A80022FDF741FD209F62
:1058500021960022BA5520AF3E462EAB2C9356F827
:10586000083BB34201F09781BA682C932E927B6873
:105870002D930023C7E900632D9E3B726FF0004318
:105880009B1B102B41F2A381DDF8B0C02EAB9C45D1
:1058900006F1110700F0D4872E9B9F4200F2D487B7
:1058A000DFF88CE1BEE80F004CF8060066449EF875
:1058B0000000DDF8B08030747160B260F3600023E6
:1058C0002D9708F807302C9834AB32932EAB9842C2
:1058D00001F086812E9B329034939DF8EA312D9E03
:1058E0004F49504A3396002B6FF000432EAF0CBF48
:1058F0004FF005094FF00409A3EB06032C9708BFEE
:1059000088464FF0000718BF90464B452D978DF8FD
:10591000B870C1F05C8134AB984206EB090700F027
:105920004E87349B9F4200F24E874A4641463044A0
:105930001FF035F9DDF8C8B033974FF0000C0BF8C5
:1059400007C0329B34AA3AAE9342389601F02D81BB
:10595000DDE933726FF00041C91B34A80E2938937A
:1059600032903997CDF8CCC03A928DF8D0C041F240
:105970002E81B34207F10F0900F0F787914500F23D
:10598000E586DFF8B0C0BCE80700D8513B44BCF85E
:1059900000009CF80270DDF8E0A059609A609881E0
:1059A0009F730023CDF8E4900AF8093038980DF57C
:1059B000807BB042CDF8F8B001F0E6803A9B3E9093
:1059C00040939DF86C32399F1549164A3896002B42
:1059D0006FF000430CBF4FF0050A4FF0040AA3EB31
:1059E00007034FF0000C0CBF8946914653453F9783
:1059F000CDF8E4C08DF8E8C0C1F0E980584507EB68
:105A00000A0800F06E86409B984500F26F8613E00E
:105A1000C6FFFF7F8087050090870500495B050072
:105A20002086050018860500408705007087050060
:105A300094870500A88705005246494638441FF060
:105A4000AEF83E9B06934FF0000CCDF8FC8003F8B7
:105A500008C03E9A46AF5A45449700F08D87DDF85E
:105A6000FC80409B44926FF00041A1EB08010129AA
:105A7000CDF8F8B0CDF81481CDF8FCC046938DF880
:105A800000C141F2A480BA4208F1020900F08A87FD
:105A9000994500F2FD858B4B1B8822F80830DDF814
:105AA00010A1CDF814914FF0000C0AF809C0449AE7
:105AB0000DF59879BA42CDF8289100F0BE87469945
:105AC000DDF814A14A924A4544974C918DF818C1CB
:105AD000CDF82CA1CDF814C1EB6900F0BB870DF512
:105AE000BE784345C5E9072A00F077876A6A69628C
:105AF000002B00F073874A934C9200224B921A704D
:105B00004A98484501D01CF003FF4498B84201D0A0
:105B10001CF0FEFE3E98584501D01CF0F9FE389866
:105B2000B04201D01CF0F4FE329834AB984201D060
:105B30001CF0EEFE2C982EAB984201D01CF0E8FE33
:105B4000269828AB984201D01CF0E2FE209822ABA8
:105B5000984201D01CF0DCFE1A981CAB984201D090
:105B60001CF0D6FE1498039B984201D01CF0D0FE86
:105B70000E9810AB984201D01CF0CAFE2B6820E5AD
:105B80002C2E7FF4F3AC08F101070997D5E4BC464D
:105B9000BCE80F00E0607160B260F3601DE5B8E83A
:105BA0000F006062A162E262236326E5B74205F15D
:105BB00018057FF4E3ACEEE4002A3FF449AE012A75
:105BC00007EB010041F013801B787B54209F3FE6D8
:105BD00007464FF0010933469D4200F0D9815A1C17
:105BE000099293F80080B8F1220F00F0AB81B8F170
:105BF0001F0F509E40F2BB81B8F15C0F40F0A784AC
:105C0000AA4200F0B481991C099193F80180A8F18F
:105C10002202532A00F2AB81DFE812F02301A9012E
:105C2000A901A901A901A901A901A901A901A90124
:105C3000A901A901A9012301A901A901A901A9019A
:105C4000A901A901A901A901A901A901A901A90104
:105C5000A901A901A901A901A901A901A901A901F4
:105C6000A901A901A901A901A901A901A901A901E4
:105C7000A901A901A901A901A901A901A901A901D4
:105C8000A901A901A901A901A901A901A901A901C4
:105C90002301A901A901A901A901A9010701A901DC
:105CA000A901A901EB00A901A901A901A901A90163
:105CB000A901A9015B01A901A901A9013F01A9014C
:105CC00077015600B8870500A94200F05081D91C21
:105CD00009919878A0F130025FFA82FCBCF1090FBB
:105CE0000BD9A0F16102052A40F2D887A0F1410248
:105CF000052A00F23C81A0F13702A94200F0378169
:105D0000181D0990D978A1F1300C5FFA8CFEBEF114
:105D1000090F4FEA021240F27387A1F1610CBCF146
:105D2000050F40F2C287A1F1410CBCF1050F00F252
:105D30001E8137390A44A84200F019811979A1F16E
:105D4000300C5FFA8CFE581DBEF1090F4FEA0212AB
:105D5000099040F25887A1F1610CBCF1050F40F2A7
:105D6000A887A1F1410CBCF1050F00F20081373981
:105D70000A44A84200F0FB805979A1F13000C5B275
:105D800003F1060C092D4FEA0213CDF824C040F2AE
:105D90003D87A1F16102052A40F28F87A1F14102FE
:105DA000052A00F2E48037390B445A1E7E2A00F29D
:105DB000DE80DDB252AB9E42DDF844A118BF529B9B
:105DC0000AF1010808BF0F23984508D90023CDF830
:105DD00000901A46514650A8FDF77AFA509E06F8F0
:105DE0000A50509BCDF8448103F80870DDE909356D
:105DF000F2E652AB9E42519D18BF529B05F101083D
:105E000008BF0F23984508D90023CDF800901A4603
:105E1000294650A8FDF75CFA509E0C237355509B01
:105E2000CDF8448103F80870E0E752AB9E42519DE3
:105E300018BF529B05F1010808BF0F23984508D9E8
:105E40000023CDF800901A46294650A8FDF740FAE5
:105E5000509E08237355509BCDF8448103F8087079
:105E6000C4E752AB9E42519D18BF529B05F1010AF7
:105E700008BF0F239A4508D90023CDF800901A4691
:105E8000294650A8FDF724FA509E06F80580509B3D
:105E9000CDF844A103F80A70A8E752AB9E42519D89
:105EA00018BF529B05F1010808BF0F23984508D978
:105EB0000023CDF800901A46294650A8FDF708FAAD
:105EC000509E0D237355509BCDF8448103F8087004
:105ED0008CE752AB9E42519D18BF529B05F10108C1
:105EE00008BF0F23984508D90023CDF800901A4623
:105EF000294650A8FDF7ECF9509E0A237355509B94
:105F0000CDF8448103F8087070E752AB9E42DDF88B
:105F1000448118BF529B08F1010508BF0F239D4221
:105F200008D90023CDF800901A46414650A8FDF745
:105F3000CFF9509E4FF0090306F80830509B519559
:105F40005F5553E7DDE90B58454524D0519F509EDE
:105F500002E01835A8451ED06B68BB42F9D137B1B5
:105F60003A46314628681EF00BFE0028F1D1B246B1
:105F700052AB9A453FF4FAAA50461CF0C9FCFFF711
:105F8000F5BA9B4658AB9B4502D058461CF0C0FC66
:105F9000DDF840A1ECE70D9B984500F0178508F16E
:105FA0000800C8F80000509E519D002E00F0E685C4
:105FB0000F2D00F22785012D00F0DB85002D40F02C
:105FC0002B850023C8F8045043550C9B18330C93C1
:105FD000DDE90965B54203D1DAE7AE420996D7D0CB
:105FE000374616F8018B40461EF041FD0028F4D1DB
:105FF000B8F13A0F509EBAD1DDF844810137B8F1BB
:10600000080F099700F2BE82B8F1000FAFD04246E8
:10601000E54930461EF0B4FD002840F01E87B8F177
:10602000080F40F01A870DF5AC79002358AAAF424B
:10603000C9E9002389F8083003D198E7BD420997E0
:1060400095D0B846013798F800001EF010FD0028E2
:10605000F4D145458BD008F10101099198F8003041
:10606000222B84D10DF5B07A06464FF00108534635
:10607000A94286D04A1C09920F78222F00F0128282
:106080001F2F7FF67EAF5C2F40F0B880AA423FF40E
:1060900078AF881C09904F78A7F12202532A3FF667
:1060A00070AF0FF2080C5CF822F000BFFD61030036
:1060B000835F0300835F0300835F0300835F03004C
:1060C000835F0300835F0300835F0300835F03003C
:1060D000835F0300835F0300835F0300835F03002C
:1060E000FD610300835F0300835F0300835F0300A0
:1060F000835F0300835F0300835F0300835F03000C
:10610000835F0300835F0300835F0300835F0300FB
:10611000835F0300835F0300835F0300835F0300EB
:10612000835F0300835F0300835F0300835F0300DB
:10613000835F0300835F0300835F0300835F0300CB
:10614000835F0300835F0300835F0300835F0300BB
:10615000835F0300835F0300835F0300835F0300AB
:10616000835F0300835F0300835F0300835F03009B
:10617000835F0300835F0300835F0300835F03008B
:10618000835F0300835F0300835F0300835F03007B
:10619000835F0300FD610300835F0300835F0300EF
:1061A000835F0300835F0300835F03006764030072
:1061B000835F0300835F0300835F030029640300A0
:1061C000835F0300835F0300835F0300835F03003B
:1061D000835F0300835F0300835F0300EB630300BF
:1061E000835F0300835F0300835F0300AD630300ED
:1061F000835F0300696303004362030058AA93426C
:10620000D9F804A018BFD9F808200AF1010508BF81
:106210000F22954209D900231A46CDF80080514635
:106220004846FDF755F8D9F8003003F80A70D9F858
:106230000030C9F804505E55D9F80030DDE9091581
:1062400016E7A8423FF49DAECF1C09978878A0F1CD
:1062500030025FFA82FCBCF1090F0BD9A0F1610298
:10626000052A40F23485A0F14102052A3FF689AEA5
:10627000A0F13702BD423FF484AE0F1D0997C878E4
:10628000A0F1300C5FFA8CFEBEF1090F4FEA02124A
:1062900040F2FE84A0F1610CBCF1050F40F21B85B9
:1062A000A0F1410CBCF1050F3FF66BAE373802444C
:1062B000AF423FF466AE0879A0F1300C5FFA8CFE75
:1062C0004F1DBEF1090F4FEA0212099740F2E38415
:1062D000A0F1610CBCF1050F40F20185A0F1410C69
:1062E000BCF1050F3FF64DAE37380244AF423FF4E4
:1062F00048AE4879A0F13005EFB20631092F4FEAD8
:106300000212099140F2CE84A0F16101052940F208
:10631000EA84A0F1410105293FF633AE3738024443
:10632000511E7E293FF62DAED5B258AA9342D9F818
:10633000047018BFD9F8082007F1010A08BF0F221E
:10634000924509D900231A46CDF8008039464846BF
:10635000FCF7BEFFD9F80030DD55D9F80030C9F898
:1063600004A003F80A6067E758AA9342D9F80450DA
:1063700018BFD9F8082005F1010708BF0F2297427E
:1063800009D900231A46CDF8008029464846FCF773
:106390009FFFD9F800304FF009025A55D9F8003064
:1063A000C9F80470DE5547E7C886050058AA93422D
:1063B000D9F8047018BFD9F8082007F1010508BF03
:1063C0000F22954209D900231A46CDF8008039469C
:1063D0004846FCF77DFFD9F800300D22DA55D9F890
:1063E0000030C9F804505E5526E758AA9342D9F800
:1063F000047018BFD9F8082007F1010508BF0F2263
:10640000954209D900231A46CDF8008039464846FE
:10641000FCF75EFFD9F800300A22DA55D9F80030CF
:10642000C9F804505E5507E758AA9342D9F804709A
:1064300018BFD9F8082007F1010508BF0F229542BF
:1064400009D900231A46CDF8008039464846FCF7A2
:106450003FFFD9F800300C22DA55D9F80030C9F8DE
:1064600004505E55E8E658AA9342D9F8047018BF64
:10647000D9F8082007F1010508BF0F22954209D974
:1064800000231A46CDF8008039464846FCF720FF25
:10649000D9F800300822DA55D9F80030C9F804508C
:1064A0005E55C9E6D9F80420402A9A460ED8519D77
:1064B000509E082D00D84DBBBAF1000F00F0958218
:1064C00050461FF0CCFA4028054601D9D34659E57D
:1064D000412200210DF5F5701EF085FB2A4651463C
:1064E0000DF5F5701EF05BFB58AB9A4503D0504696
:1064F0001CF00EFA509E52AB9E4202D030461CF069
:1065000007FADDE909750026FEF7FEBF2A46C549F0
:1065100030461EF035FB07460028CDD1082DCBD1E3
:10652000BAF1000F00F0618250461FF098FA40283F
:106530000546CBD839460DF5C97041221EF053FBF4
:106540002A4651460DF5C9701EF029FBCCE752AB27
:106550009E42DDF844A118BF529B0AF1010508BF15
:106560000F239D4208D90023CDF800901A465146CA
:1065700050A8FCF7ADFE509E06F80A80509B51953E
:106580005F5533E4B8F1090F4FF0080903D8B8F1AB
:10659000000F40F00E824A46A34930461EF0F0FA42
:1065A00018B9B8F1080F00F09582B8F10D0F3FF659
:1065B000DEACB8F1000F3FF4DAAC42469B493046FE
:1065C0001EF0DEFA002840F0D183B8F10D0F40F044
:1065D000CD83AF4204D1C7E3BD420997B84607D087
:1065E000B846013798F800001EF041FA0028F3D1B0
:1065F000A5EB0805032D7FF6BAAC98F80030742B94
:1066000000F09883042D7FF6B2AC052288494046FD
:106610001EF0B6FA00287FF4AAAC08F1050309932E
:106620008DF8D30167E70F27B8F1000FC0F2188487
:106630007F00474540F20183002FAEBF781C4FF02A
:1066400000406FF000471CF05FF9DDF868A081465C
:106650002EB1012E40F017839AF800300370754B6D
:1066600007CB09EB060C1B7849F806008CF80C30B8
:106670001CAB9A45CCF80410CCF8082002D0504648
:106680001CF046F9CDF868901C97FFF7A4B80F23CB
:10669000B9F1000FC0F2E4835B004B45049340F274
:1066A000C282002BB7BF6FF00043581C4FF0004070
:1066B00004931CF029F9449B06938246B8F1000F1D
:1066C00040F0008218465C4BB8421B882AF808301C
:1066D00001D01CF01DF9049BCDF810A14693FFF7E3
:1066E000E0B9B8F10F0F7FF6A7A90F23B8F1000F9B
:1066F000C0F2B6835B009845049380F09982002B2A
:10670000B7BF6FF00043581C4FF0004004931CF0DB
:10671000FBF83E9B069027B1012F40F096821A7835
:1067200002700793069B5246D81949461EF037FA65
:10673000079B5B4502D018461CF0EAF8069B3E9387
:10674000049B4093069BFFF77EB90F22B9F1000F1F
:10675000C0F286834FEA4208C84540F27282B8F11F
:10676000000FAEBF08F101004FF000406FF000488D
:106770001CF0CAF8DDF8E0B082462FB1012F40F0DE
:106780006B829BF8003003702C4B07CB0AEB070C95
:106790004AF80700B34518889B78CCF80410CCF869
:1067A0000820ACF80C008CF80E3002D058461CF0D3
:1067B000AFF8CDF8E0A0CDF8E880FFF7F2B80F2FE2
:1067C0007FF6B3A80F23002FC0F24A834FEA430A93
:1067D000574580F01E82BAF1000FAEBF0AF10100EA
:1067E0004FF000406FF0004A1CF08EF8329B834659
:1067F00026B1012E40F035821A7802704A46414691
:106800000BEB060006931EF0CAF9069B34AA9342CE
:1068100002D018461CF07CF8CDF8C8B0CDF8D0A056
:10682000FFF78AB8C8860500F486050008860500CB
:106830002086050080870500B8870500A887050029
:106840000F2F7FF62DA80F23002FC0F209834FEAE8
:1068500043094F4580F0E381B9F1000FAEBF09F164
:1068600001004FF000406FF000491CF04DF8DDF8DA
:10687000B0A080462EB1012E40F0FA819AF8003087
:106880000370DFF878C4BCE80F0008EB060E48F888
:106890000600CEF80C302EAB9CF800C08EF810C06D
:1068A0009A45CEF80410CEF8082002D050461CF0CD
:1068B0002FF8CDF8B080CDF8B890FFF700B8B32F1F
:1068C00000F2AA81B5204FF0B4091CF01DF8DDF8E4
:1068D00050A00646024653460AF13001D3F800E0C4
:1068E000D3F804C09868D3F80CB0C2F80CB01033D9
:1068F0008B42C2F800E0C2F804C0906002F11002BE
:10690000ECD119685868506011601B7A13720DF54C
:10691000C97116AB424606F1390003931EF03FF9E8
:10692000039B9A4502D050461BF0F2FF1496CDF817
:106930005890FEF720BF0FCA159E8DF858C01CAFA7
:1069400087E80F006FF000439B1B0C2B1B96CDF8C4
:1069500054C088BF06F10D0840F23981B8F10F0F1D
:106960003FF661AE1CABFEF72CBFB9F10F0F3FF63F
:10697000ECAE3346FFF705B89BE80F00DDF8FC806E
:106980008DF800C187E80F006FF00043A3EB080308
:10699000012BCDF81481CDF8FCC088BF08F10209A5
:1069A00040F21581B9F10F0F3FF671AE3A46FFF78D
:1069B00072B84246CE4930461EF0E2F800287FF415
:1069C000EAADB8F1090F3FF42EABE4E5414650AA19
:1069D0000BA8FDF773FCFFF7FBBA6962CDF82891AD
:1069E0000DF598794B46FFF788B8D346FFF7CDBA37
:1069F000002200913B46114626A8FEF7FFFB074602
:106A0000FEF72ABF002DC0F22B82681C1BF07CFF12
:106A1000C8F80850C8F8000031462A461EF0BFF8F2
:106A2000D8F80000FFF7CDBA42460DF5C9711EF047
:106A3000B6F816AB0393FEF79EBE97E80F00DDF89D
:106A400014A18DF818C189E80F00EB69CDF82CA1CD
:106A5000CDF814C10DF5BE78434514BF6A6A0F2204
:106A6000524512D3BAF1000F07D0BAF1010F4A997B
:106A700040F027810A781A70EB69C5F820A000223F
:106A800003F80A204A9BFFF738B8BAF1000FC0F2AA
:106A9000E7815200524540F26581002AB8BF6FF08D
:106AA0000042501C06921BF02FFF0346E869069A2D
:106AB000404504D004931BF02BFF049B069AEB6126
:106AC0006A62CFE7B8F1010F40F0D7801B780370FE
:106AD0000698F8E5AF4205D1FFF749BABD420997DC
:106AE0003FF445AAB84617F8019B48461DF0BFFF82
:106AF0000028F3D1454547463FF439AAA9F13009AA
:106B0000B9F1090F3FF633AA002200234FF0FF38F6
:106B10004FF00009CDE9042308E0BD4200F00781F1
:106B20003978A1F13000092800F2EA80DDE9041289
:106B3000049B4FEA810A910041EA937B0137DDE92A
:106B40000423099717F8011C12EB0A0243EB0B030D
:106B5000303992185B4112EB010A43F1000BD94521
:106B600052465B4608BFD045CDE90423D5D2FFF796
:106B7000FEB9337888F80830FFF723BA002D3FF4C8
:106B800020AA5C481DF0B5F896E80F008BE80F00CE
:106B90005846FEF716BF30687168B268F3680DF1A9
:106BA000B80CACE80F00FEF762BE0FCA339F8DF839
:106BB000D0C086E80F006FF00043DB1B0E2B399727
:106BC000CDF8CCC088BF07F10F093FF6CEAE4A48DA
:106BD0001DF092F80FCA22AE86E80F00FEF70ABE3B
:106BE0000FCB34AE86E80F003046FEF776BE19466E
:106BF0001DF0D5FF209FFEF72BBEB946FEF795BCD2
:106C00006244FFF798B86244FFF7B3B80344FFF754
:106C1000CCB8781CBA46E7E53A30B94655E606F1F5
:106C20001200B94621E609F10100CDF8109040E5C7
:106C300008F10100CDF8108069E508F10100474630
:106C400001E509F10100C84692E519463A46079365
:106C50001DF0A5FF079B64E53A4659461DF09FFFCE
:106C600092E51946324606931DF099FF069BC5E54D
:106C7000324651461DF093FF03E6194642461DF089
:106C80008EFF06981FE5324651461DF088FFE6E468
:106C90006244FFF70DBB6244FFF728BBA0F1570227
:106CA000FFF72BB82A44FFF73BBB57390A44FFF7DD
:106CB00042B857390A44FFF75CB857390B44FFF71D
:106CC00074B8184652461DF06AFFEB69D5E6A0F18C
:106CD0005702FFF7CFBA57380244FFF7E9BA5738DF
:106CE0000244FFF703BB57380244FFF719BB00BF4C
:106CF000E8860500D8880500E88705009487050028
:106D00002E29DDE904233FF432A901F0DF014529F2
:106D10003FF42DA9501E4FF6FE7188423FF627A979
:106D2000502A3FF424A9ADF8E821FFF7E4BBDDE9E0
:106D30000423EFE798F80120722A08F101037FF499
:106D400061AC13F8012F752A7FF45CAC5B78652B7E
:106D50007FF458AC08F10402012309928DF8D33175
:106D6000FFF7C9BB52469CE6A84641E4B8F10B0FB9
:106D70003FF6FDA8B8F1000F3FF4F9A842463A49A2
:106D800030461DF0FDFE002849D1B8F10B0F46D169
:106D9000079B93F8F630002B3FF4E9A8AF4204D1EB
:106DA0003BE0BD420997B84607D0B846013798F88E
:106DB00000001DF05CFE0028F3D1A5EB0805032DB3
:106DC0007FF6D5A898F80030742B11D0042D7FF6EB
:106DD000CEA80522254940461DF0D2FE00287FF4AA
:106DE000C6A808F1050309938DF86C02FFF783BB71
:106DF00098F80120722A08F10103E7D113F8012F56
:106E0000752AE3D15B78652BE0D108F104020123F8
:106E100009928DF86C32FFF76EBBA846CDE7B8F14A
:106E2000070F3FF6A4A8B8F1000F3FF4A0A8424610
:106E30000F4930461DF0A4FE00287FF498A8B8F151
:106E4000070F7FF494A864A909A8FDF775FB002833
:106E50003FF49EA8509EFFF74EBBC146FFF797BB7D
:106E600004481CF049FF00BF80880500208605000B
:106E700000870500C08805002DE9F04FD1F800809B
:106E800091B00446B8F1000F00F0B6801F460B69C0
:106E90000D461646002B74D01B78002B71D0D1F80C
:106EA0001480B8F1000F02D098F800304BB9A44A12
:106EB00040F293112046FCF779FA204611B0BDE864
:106EC000F08FA04B93E803000C90080C07220023DE
:106ED0008DF836000DF130094046CDE90A928DF863
:106EE0003730ADF834101EF0BAFD974B9842024689
:106EF00000F2058200F1070ABAF10F0F00F28F814C
:106F0000002800F08A81012840F0B68198F800300E
:106F10008DF83730CB460023CDF82CA00BF80A3083
:106F2000DDF828B00DF1180ACB45CDF810A000F01F
:106F3000AA81DDE90B832969CDF810B008460191DB
:106F4000CDE905831EF08BFD8045424628BF0246F1
:106F5000814632B1019958461DF012FE002840F0DA
:106F60008481A8EB0908B8FA88F8D3454FEA581885
:106F700002D058461BF0CCFCB8F1000F97D0D5F8E2
:106F80000080724940461EF058FDC8B9EB686BB9E5
:106F90006868002800F0F8800378002B00F0F48087
:106FA0006B491EF04AFD002800F0EE802046694A39
:106FB0004FF4C871FCF7FAF9204611B0BDE8F08F24
:106FC000654940461EF039FD00BBEB6853B968685F
:106FD00000285BD00378002B58D05D491EF02DFDB2
:106FE000002853D020465D4A4FF4C871FCF7DEF903
:106FF000204611B0BDE8F08F2046594A4FF4CA71BF
:10700000FCF7D4F9204611B0BDE8F08F5549404651
:107010001EF013FD0028D8D0534940461EF00DFD48
:10702000814600286BD0514940461EF006FD0028DD
:1070300065D04F4940461EF000FD00285FD04D4905
:1070400040461EF0FAFC002859D04B4940461EF03D
:10705000F4FC002853D0474940461EF0EEFC0028BF
:1070600000F03F81444940461EF0E7FC002800F054
:107070003F81404641491EF0E0FC0028BCD13B4620
:10708000324629462046FEF7EDF916E72346C82288
:1070900043F80C2B202063601BF036FC384D6060F9
:1070A00006460FCD30607160B26007CD1F2730619A
:1070B000B5F800C0AD78F36004F12400C4E90277AC
:1070C00000277161B261B577F777E061A6F81CC05F
:1070D00017201BF019FC2B4E877505460FCEB7887D
:1070E000286069603068E56116260121AA60EB60BE
:1070F0002861AF82C4E9086684F83410DDE6686868
:10710000002800F0838012491EF097FC00287DD1F2
:10711000B9F1000F00F0D780144940461EF08DFCF5
:10712000002800F0D780124940461EF086FC002857
:1071300091D13B46324629462046FCF719FDBCE674
:107140009C84050094840500F8FFFF7FBC84050043
:1071500038860500C884050030850500388505009F
:10716000888405002C850500788505007C8F050046
:10717000848505008C850500988F050094850500A1
:10718000BC870500608505002346C82243F80C2B08
:10719000202063601BF0B8FB5A4D606006460FCD9F
:1071A00030607160B26007CD1F273061F36004F179
:1071B00024000023C4E902772F88AD78B783F377E2
:1071C000E0617161B261B57739201BF09DFB4E4FD4
:1071D000E06138238446064607F1300E63623D467F
:1071E0000FCD754530607160B260F3602F4606F1D7
:1071F0001006F4D103CF38250022022330607160DD
:1072000025628CF8382084F8343056E63F4A40F244
:107210009F112046FCF7CAF84FE6CB467BE6534663
:107220001E2B38BF1E230390581C01931BF06CFBD0
:107230000A9B039A19680160834699799888ABF88C
:1072400004008BF806100BF10700414602931DF075
:10725000A6FC029B4B4502D018461BF059FB019B34
:10726000CDF828B00C9356E6D346D3453FF41FAE75
:1072700058461BF04DFB1AE641460DF137001DF054
:107280008EFCCB4647E699E80F00D5F810B0DDF844
:107290002C90CDF814908AE80F0058461EF0DFFBC2
:1072A0004845024628BF4A4680462AB159465046BC
:1072B0001DF066FC0028D7D1A8EB0908B8FA88F8B9
:1072C0004FEA581858E63B46324629462046FCF716
:1072D000A5FDF2E53B46324629462046FCF7E2F999
:1072E000EBE53B46324629462046FCF7EBFCE4E55D
:1072F0003B46324629462046FCF77AFEDDE5044847
:107300001CF0FAFCBC870500F08405000887050026
:10731000E8870500704700BF704700BF704700BF97
:10732000704700BF0020704700207047704700BFC3
:10733000704700BF70B4064D06460FCD34460FC4EB
:1073400095E8030084E80300304670BC704700BF36
:10735000208905009FED010A704700BF0000C07F33
:1073600000207047704700BF00230170C0F8023052
:10737000C3800372C36070470023FF220270C0F80D
:107380000230C3800372C360704700BF2DE9F0472D
:1073900000241470037A82B005460F465BB103786F
:1073A000072B16464BD901233370002002B0BDE8ED
:1073B000F08785F80880EB881BB9012002B0BDE892
:1073C000F0874FF00108DFF8D4A0324B009300247F
:1073D0006E468DF805808DF80440DFF8BC90DAF831
:1073E000000096E806000DF02BFA99F800002A78C4
:1073F0006B888DF801300002283000EB02201B1250
:107400003146022280B28DF8003016F087FC99F8E0
:1074100000002B780002404400EB0320314640235B
:10742000424680B28DF8003016F078FCEC8085F88A
:107430000880DAF80000EF600DF066FAB5E7154B4A
:10744000DFF8589000934FF0010AE8468DF80440A9
:107450008DF805A098E80600D9F800000DF0F0F9C5
:107460000D4A2B7810780002504400EB032041466F
:10747000524680B216F028FD9DF80080D9F8000031
:107480000DF042FAB8F1000F93D0EB68FF1A632FAA
:1074900089D88AE7809FD50070A400201C62002054
:1074A0000378072B01D900207047F0B583B0164B45
:1074B0000093164F002301248DF804308DF8054009
:1074C0006E46054696E8060038680DF0B9F9104A90
:1074D0002B7810780002033000EB0320314622465F
:1074E00080B216F0F1FC9DF8005038680DF00CFAEF
:1074F000172D06D0A5F11C00B0FA80F0400903B0AA
:10750000F0BD204603B0F0BD809FD5001C62002076
:1075100070A400202DE9F04F0F46017A037883B064
:107520000446904641B1072B40F28C80032003B003
:10753000BDE8F08F23782572072B7FD87E4B009310
:1075400001220023DFF8FC918DF804308DF805202E
:107550006E46D9F8000096E806000DF071F9A38890
:10756000002B00F09E806088744A237811783329BC
:10757000C0F30A0200F0918003F11800C00280B24B
:1075800010444146012280B216F09EFCE2886388D6
:10759000A188013292B2013301399BB289B23F2AEC
:1075A0006380A180E28000D819BB654D22782878DD
:1075B0008DF801300002283000EB02201B1202225D
:1075C000314680B28DF8003016F0A8FB2878237879
:1075D0000002013000EB032001224023314680B23B
:1075E0008DF8003016F09AFB00220123E760E2805C
:1075F0002372D9F800000DF087F9012003B0BDE82F
:10760000F08FBBF5006F00F292809AF8003020787E
:107610001B020002BBF1000F78D10333184431463E
:10762000012280B216F050FC9DF80040D9F800000D
:107630000DF06AF9172C2ED01C2C2CD0022003B090
:10764000BDE8F08F3C4B00934FF0010900233D4E05
:107650008DF804306D468DF8059095E80600306889
:107660000DF0EEF8364A237810780002484400EB1B
:10767000032029464A4680B216F026FC9DF80050A9
:1076800030680DF041F9002D3FF454AFE368FF1A64
:10769000632F3FF64BAF002049E70C33DB0298B273
:1076A0006EE7DFF89CA023789AF8000000022630ED
:1076B00000EB032080B20222314616F005FC9DF853
:1076C00000309DF801B004254BEA032B9AF8000026
:1076D00023780002263000EB0320022280B23146DC
:1076E00016F0F2FB9DF800209DF8013043EA0223DA
:1076F0005B4505F1FF3584D015F0FF059B46E5D1CC
:10770000D9F800000DF000F9284610E72833184496
:1077100080B20222314616F0D7FB9DF800309DF86A
:107720000100A4F804B040EA032060801CE7D9F807
:1077300000000DF0E9F8F9E6809FD50071A4002063
:1077400070A400201C62002000B583B000230093C9
:107750001A461946024817F0E1FC03B05DF804FB35
:107760000883002030B589B013F0B6FB012805D19D
:10777000184B1B7873B1184B1B785BB9174B184D1E
:1077800018490024184610222C701EF082F9C47388
:1077900009B030BD04A813F001FC002106A817F0C1
:1077A000D1FC059A079B9A42E8D09DF817409DF8B6
:1077B00016009DF815200A4902940124CDE9002005
:1077C0009DF814300C70084A044810211EF0F4F89B
:1077D00009B030BD3A8300202D8300209061002045
:1077E00038830020387E0500F08A05002DE9F04737
:1077F0002A4C2B4D237C2B4E072B82B012D82B68A2
:1078000032782949294817F027FD277C072F20D9EE
:1078100000224FF47A73114662600822A3606382EB
:10782000E1602274002422483470FFF7A5FD214A4C
:10783000214B14701C60214E21482249224A234BBF
:107840002C60346004600C6014701C7002B0BDE8E1
:10785000F0871F4B00934FF0010ADFF87C908DF802
:1078600005A000238DF80430E84698E80600D9F812
:1078700000000CF0E5FF174B1B78380200EB0320EB
:10788000504410235246414680B28DF8003016F025
:1078900045FAD9F800000DF037F8B9E76C830020FD
:1078A0003C83002050830020388C05009464002025
:1078B000A061002080830020A8850020AC850020E6
:1078C0004883002040830020B085002044830020AE
:1078D000809FD50070A400201C620020024B1B7CFE
:1078E000072B03D9704700BF6C83002070B5044696
:1078F0009D48FFF7D5FD002800F034819B4B1A68A6
:10790000002A40F03F819A4A1278002A40F03A81DA
:10791000984A99491160002C00F03C81217811713E
:1079200006240525072092F9011018606FEA01214D
:1079300000298EB2B6BF41F22101710081EA4601F1
:107940008EB2310446BF41F2210181EA4601710045
:107950008EB2310446BF41F2210181EA4601710035
:107960008EB2310446BF41F2210181EA4601710025
:107970008EB2310446BF41F2210181EA4601710015
:107980008EB2310446BF41F2210181EA4601710005
:107990008EB2310446BF41F2210181EA46017100F5
:1079A0008EB231044ABF41F22101710081EA4601E1
:1079B000967889B281EA062109B200298EB2B6BF53
:1079C00041F22101710081EA46018EB2310446BFC5
:1079D00041F2210181EA460171008EB2310446BFB5
:1079E00041F2210181EA460171008EB2310446BFA5
:1079F00041F2210181EA460171008EB2310446BF95
:107A000041F2210181EA460171008EB2310446BF84
:107A100041F2210181EA460171008EB2310446BF74
:107A200041F2210181EA460171008EB231044ABF60
:107A300041F22101710081EA4601D67889B281EADA
:107A4000062109B200298EB2B6BF41F221017100B0
:107A500081EA46018EB2310446BF41F2210181EA3A
:107A6000460171008EB2310446BF41F2210181EA24
:107A7000460171008EB2310446BF41F2210181EA14
:107A8000460171008EB2310446BF41F2210181EA04
:107A9000460171008EB2310446BF41F2210181EAF4
:107AA000460171008EB2310446BF41F2210181EAE4
:107AB000460171008EB231044ABF41F221017100CA
:107AC00081EA4601167989B281EA062109B20029C4
:107AD0008EB2B6BF41F22101710081EA46018EB239
:107AE000310446BF41F2210181EA460171008EB2A4
:107AF000310446BF41F2210181EA460171008EB294
:107B0000310446BF41F2210181EA460171008EB283
:107B1000310446BF41F2210181EA460171008EB273
:107B2000310446BF41F2210181EA460171008EB263
:107B3000310446BF41F2210181EA460171008EB253
:107B400031044ABF41F22101710081EA460189B244
:107B500051550A4E090A00251155356018F0E8FB09
:107B6000074B186070BD00BFA0610020A8850020F1
:107B7000B08500209C840020AAFE0100AC85002076
:107B8000408300200549064817F04EFBBDE87040D1
:107B9000FFF72CBE052404250620C4E6108C050042
:107BA0009464002038B502460446A049A04817F066
:107BB00053FB2046F6F7A8FD9E4B1B7C072B00D9F4
:107BC00038BD9D48FFF76CFC0028F9D09B4A13682C
:107BD000002B40F01C819A4B1B78002B40F0178142
:107BE00040F2FF139BB29749974808605B001D0461
:107BF00046BF41F2210080EA43035B009BB21804B8
:107C000046BF41F2210080EA43035B009BB21D04A2
:107C100046BF41F2210080EA43035B009BB2180497
:107C200046BF41F2210080EA43035B009BB21D0482
:107C300046BF41F2210080EA43035B009BB2180477
:107C400046BF41F2210080EA43035B009BB21D0462
:107C500046BF41F2210080EA43035B0088780C7143
:107C60009BB283EA00231BB2002B98B2B6BF41F24D
:107C70002103430083EA40039BB2180446BF41F24C
:107C8000210080EA43035B009BB21D0446BF41F222
:107C9000210080EA43035B009BB2180446BF41F217
:107CA000210080EA43035B009BB21D0446BF41F202
:107CB000210080EA43035B009BB2180446BF41F2F7
:107CC000210080EA43035B009BB21D0446BF41F2E2
:107CD000210080EA43035B009BB218044ABF41F2D3
:107CE0002100580080EA4300CB7880B280EA03206C
:107CF00000B2002883B2BABF41F2210080EA4303F8
:107D00005B009BB21D0446BF41F2210080EA4303A1
:107D10005B009BB2180446BF41F2210080EA430396
:107D20005B009BB21D0446BF41F2210080EA430381
:107D30005B009BB2180446BF41F2210080EA430376
:107D40005B009BB21D0446BF41F2210080EA430361
:107D50005B009BB2180446BF41F2210080EA430356
:107D60005B009BB21D044ABF41F221005B0080EA28
:107D700043039BB283EA042424B2002CA3B24EDB5B
:107D80005B009BB2180446BF41F2210080EA430326
:107D90005B009BB21D0446BF41F2210080EA430311
:107DA0005B009BB21C0446BF41F2210080EA430302
:107DB0005B009BB2180446BF41F2210080EA4303F6
:107DC0005B009BB21D0446BF41F2210080EA4303E1
:107DD0005B009BB21C0446BF41F2210080EA4303D2
:107DE0005B009BB2180446BF41F2210080EA4303C6
:107DF0005B009BB24B71154C1B0A07208B71002551
:107E00002560106018F094FA114B186038BD1149C4
:107E1000074817F009FABDE83840FFF7E7BC41F220
:107E2000210080EA43039BB2ACE700BFEC8B050066
:107E3000946400206C830020A0610020A8850020AD
:107E4000B08500209C840020AAFE0100AC850020A3
:107E500040830020108C05002DE9F041A14DA24F78
:107E60002B683C7884B0164600940446581C286061
:107E70001346884622469D499D4817F0EDF99D49D5
:107E80008B680BB13A7852B1502C25D0324641461E
:107E900020460123F7F7E4F804B0BDE8F081502C48
:107EA00040F00C819E4207D13246096840461CF0E2
:107EB00067FE002800F034818F498D4817F0B4F92F
:107EC00004A8092300F8023DFFF708FD8B4B0122AF
:107ED0001A7004B0BDE8F081894B1B7C072BDBD8FE
:107EE0008848FFF7DDFA0028D6D0874A1368002BB0
:107EF00040F0F080854B1B78002B40F0EB806FF456
:107F0000A2438349002B45F2AA10086098B2BBBF78
:107F100041F2210383EA400343001BB29BB21804E1
:107F200046BF41F2210080EA43035B0098B2070498
:107F300046BF41F2210383EA4003430098B206049E
:107F400046BF41F2210383EA4003430098B205048F
:107F500046BF41F2210383EA4003430098B2040480
:107F600046BF41F2210383EA4003430098B2030471
:107F700046BF41F2210383EA4003430098B207045D
:107F80004ABF41F22103430083EA400388789BB251
:107F900083EA00231BB2002B98B2B6BF41F2210343
:107FA000430083EA400398B2060446BF41F221032E
:107FB00083EA4003430098B2050446BF41F221031F
:107FC00083EA4003430098B2040446BF41F2210310
:107FD00083EA4003430098B2030446BF41F2210301
:107FE00083EA4003430098B2070446BF41F22103ED
:107FF00083EA4003430098B2060446BF41F22103DE
:1080000083EA4003430098B205044ABF41F22103CA
:10801000430083EA4003C8789BB283EA00231BB283
:10802000002B98B2B6BF41F22103430083EA40031C
:1080300098B2040446BF41F2210383EA400343009F
:1080400098B2030446BF41F2210383EA4003430090
:1080500098B2070446BF41F2210383EA400343007C
:1080600098B2060446BF41F2210383EA400343006D
:1080700098B2050446BF41F2210383EA400343005E
:1080800098B2040446BF41F2210383EA400343004F
:1080900098B203044ABF41F22103430083EA40033C
:1080A0009BB20B711B4C1B0A06204B7100252560EF
:1080B000106018F03DF9184B1860EDE604A809238C
:1080C00000F8013DFFF70AFC0C4B01221A7004B0C6
:1080D000BDE8F0811149064817F0A6F8FFF786FBC6
:1080E000DAE600BF3C83002050830020648C05004A
:1080F0009464002054830020908C05004483002069
:108100006C830020A0610020A8850020B08500209D
:108110009C840020AC85002040830020108C05004A
:108120000123764976483B7017F07EF8754B1B7C2F
:10813000072B3FF6B1AE7448FFF7B2F900283FF4C1
:10814000ABAE724A1368002BC4D1714B1B78002B65
:10815000C0D16FF4A2436F49002B45F2AA1008600A
:1081600098B2BBBF41F2210383EA400343001BB234
:108170009BB2180446BF41F2210080EA43035B0032
:1081800098B2030446BF41F2210383EA400343004F
:1081900098B2070446BF41F2210383EA400343003B
:1081A00098B2060446BF41F2210383EA400343002C
:1081B00098B2050446BF41F2210383EA400343001D
:1081C00098B2040446BF41F2210383EA400343000E
:1081D00098B203044ABF41F22103430083EA4003FB
:1081E00088789BB283EA00231BB2002B98B2B6BFFB
:1081F00041F22103430083EA400398B2070446BFDB
:1082000041F2210383EA4003430098B2060446BFCB
:1082100041F2210383EA4003430098B2050446BFBC
:1082200041F2210383EA4003430098B2040446BFAD
:1082300041F2210383EA4003430098B2030446BF9E
:1082400041F2210383EA4003430098B2070446BF8A
:1082500041F2210383EA4003430098B206044ABF77
:1082600041F22103430083EA4003C8789BB283EACA
:1082700000231BB2002B98B23ADB430098B20504EE
:1082800046BF41F2210383EA4003430098B204044D
:1082900046BF41F2210383EA4003430098B203043E
:1082A00046BF41F2210383EA4003430098B207042A
:1082B00046BF41F2210383EA4003430098B206041B
:1082C00046BF41F2210383EA4003430098B205040C
:1082D00046BF41F2210383EA400343009BB21C04E2
:1082E0004ABF41F221005B0080EA43039BB2D8E61B
:1082F00041F2210383EA400398B2C0E7A88C05004D
:10830000946400206C830020A0610020A8850020D8
:10831000B08500209C840020034B03210422C3F875
:108320000817C3F808257047000300502DE9F04FE7
:108330009BB000250D939E4BDFF8A082DFF8C8C2EA
:108340001D709C4F9C4BDFF8C492DFF8C4B2DFF87D
:10835000C4A2CCF80050CDE90B1206461022974972
:108360001D6040463D7089F800508BF800508AF837
:1083700000501DF08EFB4FF08053914C1B6E6371CB
:108380001A0C180A49F2022CE2701F22A4F800C04D
:10839000A27001212071222088F80F501BF0BEFA34
:1083A000012122201BF03EFB012115201BF0B6FA13
:1083B000152001211BF036FB4FF47A7017F0C4FF33
:1083C000002E00F0B38032787E4BAA4208BF1E46D2
:1083D0007D4B3146184641221DF05BFB03460022CF
:1083E0007A4883F840200CF0DFF91A21774812F020
:1083F00069FD01233B7012F06FFDA0F10100B0FA9E
:1084000080F0397825786678A378E27840098BF88F
:10841000000094F804B0647900297AD16C4908917D
:1084200015202221CDE90432CDE90010CDE906B4B2
:108430001A23654A67496848CDE9025616F00CFFD1
:108440005B4B5E496548002410221C7089F800408F
:108450008AF800401DF01DFB0B9B88F80F40002B95
:1084600033D018AE2146304616F06CFE0C99259B91
:108470004968139125995A68199B51480C460D99E2
:108480009A4208BF0C46249A63684D680096566865
:108490002594534C159314AA16AB12A91795129450
:1084A00014941694CDE9184612F0CAFCFFF75AF955
:1084B0003878D0B9464C00902346484A4949464846
:1084C00016F0CAFE1BB0BDE8F08F012389F800301A
:1084D00012F002FD01282BD043493F4816F0A4FEBC
:1084E000FFF740F938780028E4D012F0F5FC0128B5
:1084F00055D0374C3D4B022808BF1C463878002821
:10850000D9D012F0E9FCA0F10100B0FA80F04009E6
:10851000D1E7CDE90E3212F0DFFC0128DDE90E32A1
:108520003BD002287FF47AAF304978E7254E4FE7F9
:1085300017F0FEFE204B2E4A18604FF47A7441F279
:10854000883300942B49244816F086FE224641F2D7
:1085500088311B4812F0BEFB031C18BF01230446E0
:108560008AF80030FFF7FEF814B1114B1B78C3B93D
:108570000F4B12491948002410221C708AF8004041
:108580001DF087FA1C49144888F80F4016F04CFE7D
:108590001A49114816F048FE88E719493FE7184C78
:1085A000ACE70E4A17490C4816F056FE7EE700BFAE
:1085B000388300203983002034830020387E050072
:1085C0008861002048830500446100201883002052
:1085D00040890500548905009464002090610020C2
:1085E0006CD50500C88A0500B089050048890500DA
:1085F000F0890500F88905003C8A0500848A050099
:1086000050890500248A0500308300203A83002029
:108610002C8300202D8300204B4B1B7803B970471F
:10862000F0B583B017F084FE484A1368C31AB3F557
:108630007A7F04460BD2464D2B7833B1454D2B78CB
:108640001BB912F049FC012815D003B0F0BD106031
:1086500012F042FC404B3E4D1A78A0F10100B0FAF6
:1086600080F0400982423CD018702B78002B51D109
:10867000FFF778F8E0E7394E336823B1E41A47F2A0
:108680002F539C42E1D917F053FE64243060FA2343
:108690000094334A33493448344E16F0DDFD224607
:1086A000FA21334812F016FB031C18BF01230446BD
:1086B0003370FFF757F814B12B78002B3BD12D4BBB
:1086C0002D4900241846102234702C701DF0E1F959
:1086D0002A4903462448DC7303B0BDE8F04016F095
:1086E000A3BD2B78002BC3D0204E3378002BBFD0F6
:1086F000002ABDD012F0FAFB0328B9D11D4B154A50
:108700001D49002717701846102237701DF0C1F957
:10871000C773ADE7174B114ADFF850C00D4F16492C
:1087200000261660184610228CF800603E701DF07E
:10873000B0F9C6739CE70F4A11490B4803B0BDE876
:10874000F04016F089BD00BF39830020308300203F
:108750003A830020388300202C83002034830020BB
:1087600038890500F8890500946400202D830020D5
:108770008861002090610020387E05003C8A050059
:10878000248A050008B5064B187800B908BD12F018
:10879000A3FBA0F10100B0FA80F0400908BD00BFC2
:1087A00039830020234B1B780BB90020704730B56C
:1087B00089B012F091FB01282ED11F4B1B7813B109
:1087C0001E4B1B7843B304A812F0E8FB002106A857
:1087D00016F0B8FC059A079B9A421DD09DF8171019
:1087E0009DF816009DF81520154C02910121CDE948
:1087F00000209DF814302170124A134810211DF0FA
:10880000DBF8237893B112F067FBA0F10100B0FA16
:1088100080F0400909B030BD0B4B094D0B490024D5
:10882000184610222C701DF034F9C473002009B0D2
:1088300030BD00BF398300203A8300202D83002003
:1088400038830020F08A050090610020387E050002
:108850001E4B1B780BB91E48704730B589B012F01B
:108860003BFB012824D11B4B1B7813B11A4B1B78FF
:10887000F3B104A812F092FB002106A816F062FCE6
:10888000059A079B9A4213D09DF817409DF8160051
:108890009DF81520114902940124CDE900209DF88E
:1088A00014300C700E4A0A4810211DF085F809E0BA
:1088B000074B0A4D0B490024184610222C701DF05E
:1088C000E8F8C473024809B030BD00BF3983002006
:1088D000906100203A8300202D83002038830020FF
:1088E000F08A0500387E05002DE9F0410025044698
:1088F00082B0057045708570C570043016F006FCB6
:1089000004F10C0016F002FC04F1140016F0FEFB5A
:1089100004F11C0016F0FAFB04F12C0704F124000A
:10892000DFF8F08016F0F2FB3846294641221CF0B1
:108930005AF904F16D0698F80030C4F86D50B5800E
:108940002370E3B9E37063700023A3706D4628467B
:10895000002116F0F7FB019BA3623846412228490B
:108960001DF097F8274B18689B88C4F86D0000220B
:10897000204684F86C20B38002B0BDE8F08112F08C
:10898000ABFA01281CBF0238B0FA80F098F800302A
:108990000CBF02204009E070002B2FD0FEF7E2FE52
:1089A000194B1B7853B998F8003000226270002BE5
:1089B000CAD0164B1B78A3706D46C8E712F08CFA2C
:1089C000012898F80030F0D160700BB10F4B1B7884
:1089D000A3706D46284612F0E1FA019BA360284679
:1089E00012F000FB019B2361284612F01FFB084B8D
:1089F000019A5B6823620193A261A8E76370A3E711
:108A00004461002088610020388300203A830020E0
:108A100080A30020398300202DE9F04F974F984D17
:108A200085B004468946FEF7E1FE3B6823B12B88FA
:108A3000002B4DD100233B60DFF880829148002657
:108A4000494688F800602E8017F0E6FB8E4A8F4B6F
:108A500016701E70C4B18E4B8E4A5E6018461C8123
:108A60001A603B602C8012F083FD8B4B1B7833B176
:108A7000FEF778FE894B1B78002B40F0E480002342
:108A800088F80030224615E0814B824A5C6041F252
:108A9000BF3418461A601C813B602C8012F068FDC0
:108AA0007D4B1B78002B40F0D980002388F80030E4
:108AB00041F2BF3273497A4C8D687A4B7A497B48D0
:108AC000002D08BF234616F0C7FB05B0BDE8F08FA8
:108AD000774B0293DFF8E8A1764EDAF80000012325
:108AE0004FF0000B8DF80D308DF80CB00DF108082B
:108AF00098E8060001930BF0A3FE32882988019BB9
:108B0000914200F0918072882B889A427CD0B28882
:108B10002B889A4268D0F2882B889A4254D03289A6
:108B20002B889A4240D072892B889A422CD0B289E5
:108B30002B889A4218D0F2892B889A4204D0DAF80E
:108B400000000BF0E1FE75E75B4B1878000200F2C5
:108B500001701023414680B201228DF8083015F0D3
:108B6000DDF80023F381EAE7534B1878000200F2A6
:108B70000160102380B2012241468DF8083015F0C3
:108B8000CDF80023B381D6E74B4B1878000200F2F2
:108B90000150102380B2012241468DF8083015F0B3
:108BA000BDF800237381C2E7434B1878000200F23E
:108BB0000140102380B2012241468DF8083015F0A3
:108BC000ADF800233381AEE73B4B1878000200F28A
:108BD0000130102380B2012241468DF8083015F093
:108BE0009DF80023F3809AE7334B1878000200F2D7
:108BF0000120102380B2012241468DF8083015F083
:108C00008DF80023B38086E72B4B1878000200F222
:108C10000110102380B2012241468DF8083015F072
:108C20007DF80023738072E7234A10780002013038
:108C30001A4680B2102341468DF8083015F06EF8C0
:108C4000A6F800B05FE712F047F9A0F10100B0FA12
:108C500080F0400988F8000022462BE7FEF782FDED
:108C60000E4B1B78002B3FF420AF12F035F9431E5A
:108C70005842584188F8000022461BE7988400209B
:108C800046830020548300205083002080830020EE
:108C900060830020FCD30500398300203883002046
:108CA000EC930500908B05009C8B050094640020DC
:108CB000809FD50008A4002070A4002045830020D8
:108CC0001C6200202DE9F04FA74C236891B0002BC7
:108CD00056D0A64B1B78002B55D1A54B1B7C072BE0
:108CE00005D9A44B1B6813B9A34B1B780BB1FEF736
:108CF0007DFDA24D2B78002B40D0A14E3388002B58
:108D00003CD0A04BA04C0B934FF001094FF0000852
:108D10000BAB8DF831908DF830809C4F206893E834
:108D200006000BF08DFD3B8832889A4200F0568198
:108D30007A8833889A4200F0C081BA8833889A4290
:108D400000F0AB813288FB889A4200F096813A8924
:108D500033889A4200F081817A8933889A4200F000
:108D60006C81BA8933889A4200F057813388FA8936
:108D70009A4200F0428120680BF0C6FD00232B7060
:108D800011B0BDE8F08FFEF7EDFC814B1B78002B96
:108D9000A3D012F0A1F8012806469ED1774D2B787A
:108DA00043B9206803681B6998477A497A482E704E
:108DB00016F03AFA6E4D2B7C072B45D96D4F3B6868
:108DC000002B49D16C4B1B78002B45D121680BA897
:108DD00013F09AF89DF83C30072B40D92B7C072BD9
:108DE000CED86E48FEF75CFB0028C9D0614F624EBA
:108DF000DFF8A881DFF8E0A14FF480793B6810AC80
:108E0000B3B93378A3B904F8143D17F091FA2246A8
:108E100001464046FEF77EFB012800F08D810238B6
:108E2000C0B2012840F263813B68002B00F0F7815B
:108E30002B7C072B05D85948FEF732FB002840F061
:108E40005981FEF7D3FC9BE75448FEF729FB002825
:108E5000C4D12B7C072BB1D8FEF7C8FCB6E70BA911
:108E600007A812F0D1F99DF820200A2A3DD0AC2A9B
:108E70009DF8213000F03181C02A00F03481A92A08
:108E800031D1FE2B31D09DF823009DF82210CDE981
:108E900000104349404816F0DFF99DF83C40072C8C
:108EA0003FF66EAF374B09930126374D8DF8296099
:108EB00000238DF8283009AB93E8060028680BF0F2
:108EC000BFFC384B1A78200210A900EB02201023B7
:108ED000304401F8263D324680B214F01FFF286866
:108EE0000BF012FD4CE77F2ACDD1DDE90C040E9A80
:108EF0009DF83C10BDF83E306860C5E90242274845
:108F000029746B82284C1B4FFEF72EFA274B2168E1
:108F10009E682748274B9DF82020002E08BF184642
:108F20000131CDE902102160234C2449244E9DF8E3
:108F30002130002020600860224C0F49206008701A
:108F4000214C224920700870214C9DF8221030706D
:108F5000386000919DF82310019120601D490E4852
:108F600016F07AF93AE700BF988400203983002090
:108F70006C830020A8850020B08500204583002058
:108F800046830020809FD5001C62002008A400209A
:108F900038830020FC8A050094640020A061002032
:108FA000288B050070A400204C83002054830020EF
:108FB000908B0500EC930500AC85002048830020D1
:108FC00080830020408300204483002050830020C1
:108FD0003C830020588B0500A57B0300BA4B187812
:108FE00010A900021023484401F8273D4A4680B2E8
:108FF00014F094FEA7F800809AE6B34B187810A9F5
:109000000002102300F2017001F8273D80B2012216
:1090100014F084FE0023FB81ADE6AB4B187810A959
:109020000002102300F2016001F8273D80B2012206
:1090300014F074FE0023BB8198E6A34B187810A9A6
:109040000002102300F2015001F8273D80B20122F6
:1090500014F064FE00237B8183E69B4B187810A9F3
:109060000002102300F2014001F8273D80B20122E6
:1090700014F054FE00233B816EE6934B187810A940
:109080000002102300F2013001F8273D80B20122D6
:1090900014F044FE0023FB8059E68B4B187810A98E
:1090A0000002102300F2012001F8273D80B20122C6
:1090B00014F034FE0023BB8044E6834B187810A9DB
:1090C0000002102300F2011001F8273D80B20122B6
:1090D00014F024FE00237B802FE6A3F110010F295A
:1090E0007FF603AFCFE6A82B7FF4CDAEFDE6FEF70B
:1090F0007DFB99E6DFF8F8A117F01AF9DAF80030ED
:1091000041F28732C31A93423FF69BAE2D7C072D66
:109110003FF697AE10AC002604F8266D17F008F95C
:10912000224601466948FEF731F998B99DF81A3090
:10913000002B3FF425AE84E602469DF82C10CDF8B6
:1091400000A0634B6348F3F75DFFB9F101097FF4B9
:1091500055AE69E6604B614C1B7820684FEA0529E3
:10916000002B61D05E4B0B9301258DF830608DF89C
:1091700031500BAEDFF8508196E806000BF060FB33
:1091800098F8000009EB002003302A4680B23146EF
:1091900014F09AFE9DF82C30172B01D01C2B7FD198
:1091A0004D4A98F80030127809EB0323012A9BB24C
:1091B0007AD0023398B20122314614F085FE9DF830
:1091C0002C3013F0080540F0F780DB0677D598F8CF
:1091D0000000414E10A909EB00201023023001F8D5
:1091E0001C3D012280B214F099FD20683D4C0BF02B
:1091F0008BFB3D4A206813683968357003448B4205
:10920000136025607FF4BCAD384B3D601978156064
:10921000CAF800501D7000293FF4B2AD11E6337852
:10922000002B3FF4ADAD03E6DFF8BCA02C4A8DF86F
:1092300030304FF0010BDAF800308DF831B00BAE62
:109240003F680B92DFF8808096E80600FF1A0BF06B
:10925000F7FA98F8000009EB002003305A4631462F
:1092600080B214F031FE98F800009DF82CB009EBA4
:1092700000202030022280B2314614F025FEB7F5DE
:10928000807F9DF82C209DF82D3028BF4FF48077EB
:10929000BBF1170F43EA02232CD0BBF11C0F29D0DE
:1092A00020680BF031FBCCE5013398B2314614F065
:1092B0000BFE9DF82C3013B9074A02231370206867
:1092C0000BF022FB5CE500BF70A40020A061002031
:1092D000597E030080830020B08500201C6200209E
:1092E000809FD50048830020AC8500204483002067
:1092F000408300209F42E2D898F8000009EB00204C
:1093000024300222314680B214F0DEFD484A9DF836
:109310002C109DF82D30127843EA0123332A05934F
:10932000C3F30A035BD0DAF80010DFF810B105F1DF
:10933000100003EBC020372A8B4480B203D0DA1927
:10934000B2F5006F56D85946BAB214F0E7FC98F857
:109350000000059B09EB00203B449BB224301D120A
:109360003146022280B28DF82D308DF82C5014F049
:10937000D5FC98F8000010A909EB00201823023052
:1093800001F8253D012280B214F0C8FC98F80000D5
:1093900010A909EB00202023013001F8243D01220F
:1093A00080B214F0BBFC20680BF0AEFA214A1760C3
:1093B000214A01231370E3E498F8000009EB002030
:1093C000023008233146012280B28DF82C3014F08F
:1093D000A5FC20680BF098FAFEF708FAD0E4DAF85A
:1093E0000020164905F1080003EBC02001EB020B39
:1093F00080B2A4E7C3F5006A1FFA8AFA52465946BA
:1094000014F08CFC0A4B1B78332B0BD005F11000A9
:10941000C00280B2A7EB0A020BEB0A0192B214F071
:109420007DFC94E705F10800C00280B2F2E700BFBE
:1094300071A4002048830020B08500209C84002077
:10944000284B1B780BB90020704730B589B011F05C
:1094500043FD012838D1244B1B781BB1234B1B78CB
:10946000002B31D004A811F099FD002106A815F0B9
:1094700069FE059A079B9A4226D09DF817109DF821
:1094800016009DF815201A4C02910121CDE900200B
:109490009DF814302170174A174810211CF08CFADF
:1094A0002378DBB111F018FD012817D1134B1B7C79
:1094B000072B13D81248FDF7F3FF78B1114B9B68C7
:1094C0006BB1114B18780AE00B4B094D0F49002482
:1094D000184610222C701CF0DCFAC473002009B06E
:1094E00030BD00BF398300203A8300202D83002047
:1094F00038830020F08A0500906100206C830020F2
:10950000A06100205483002050830020387E050095
:1095100070B5354B1B788AB0044633B933492046C1
:1095200016F024FE20460AB070BD11F0D5FC0128CB
:109530004FD12F4B1B781BB12E4B1B78002B48D0E3
:1095400004A811F02BFD06A8002115F0FBFD059ADB
:10955000079B9A423DD09DF817109DF816009DF884
:109560001520254D02910121CDE900209DF81430F0
:109570002970224A224810211CF01EFA2B78002B59
:10958000CCD011F0A9FC0128C8D11E4D2B7C072B93
:10959000C4D81D48FDF784FF0028BFD0294604A881
:1095A00011F032FE9DF817009DF816109DF8152059
:1095B0009DF814300092CDE90110104A102106A840
:1095C0001CF0FAF906A9204616F0D0FD20460AB094
:1095D00070BD0B4B084E0D49002518461022357002
:1095E0001CF057FAC57399E739830020F080050015
:1095F0003A8300202D83002038830020F08A050064
:10960000906100206C830020A0610020387E05005E
:10961000344B1B7803B97047F0B589B00D4604464A
:1096200011F05AFC01284AD12F4B1B781BB12F4B4C
:109630001B78002B43D004A811F0B0FC002106A831
:1096400015F080FD059A079B9A4238D09DF81710B7
:109650009DF816009DF81520254E02910121CDE9B7
:1096600000209DF814303170224A234810211CF04C
:10967000A3F933786BB311F02FFC012829D11F4BCC
:109680001B7C072B25D81E48FDF70AFF08B314B32F
:109690006B1EB3F5857F1ED81A4E3368DBB91A4BA3
:1096A0001F78C7B921462A4618481BF078FA184B8C
:1096B00035601F6016F03CFE164B186009E00E4B3B
:1096C0000B4D15490024184610222C701CF0E1F9AE
:1096D000C47309B0F0BD1149114815F0A5FDFEF79E
:1096E00085F8F6E7398300203A8300202D83002097
:1096F00038830020F08A0500906100206C830020F0
:10970000A0610020A8850020B08500209C84002056
:10971000AC85002040830020387E0500C08B05000A
:109720009464002030B583B00024234622462146AD
:1097300000941448144D15F0F1FC1E2300931D22D3
:109740000323124912480AF0FDFF124B124A1A6015
:1097500008204FF47A725C6018749A600F495A823C
:10976000284616F003FD28460D4A0E491AF0BCFAA9
:109770000D4B1C705C70C3F80240A3F8164103B097
:1097800030BD00BF108300205483002000F0024051
:10979000188300206C830020A0D30500F080050012
:1097A0000060002009020500808300202DE9F043BD
:1097B0002B4D2C7C072C83B02CD9002600244FF491
:1097C0007A73082227486B82C5E901432A74EC604A
:1097D000FDF7D2FD244B25482549264A04700C701C
:1097E000186814605C602449244A254B04700C609E
:1097F00014601C602EB92348F3F7B4FB03B0BDE836
:10980000F08316F095FD01461E48F3F7A3FB03B065
:10981000BDE8F0831C4B00934FF00109DFF8708026
:109820008DF8059000238DF804306F4697E8060008
:109830000646D8F800000BF003F8144B1B78200202
:1098400000EB0320484410234A46394680B28DF885
:10985000003014F063FAD8F800000BF055F8ADE7CB
:1098600028880020B0610020C4850020C085002029
:1098700040A30020BC8500201C88002024880020F4
:10988000208800200C880020809FD50070A4002034
:109890001C62002010B50346044653F8080B98429A
:1098A00001D019F035F8204610BD00BF38B5054687
:1098B000F9F714F8044620B12946DE2202481BF0CD
:1098C0006EF9204638BD00BF2487002070B50D46D4
:1098D00088B00446002104A815F034FC6A68059B92
:1098E0009A4204F108061CD0E879A9792B796A79A3
:1098F0000092CDE901101021164A0DEB01001CF079
:109900005BF8266004A81CF0AAF80F2805460FD8BB
:1099100001281AD090B9002320466560735508B01D
:1099200070BD00232046C4E90063237208B070BDF7
:10993000013018F0E9FFA56006462060304604A912
:109940002A461BF02CF92668E5E79DF810302372B3
:10995000E1E700BFF08A050000297BD0012838B577
:109960000C46054642D002283ED1424920461CF012
:1099700064F8002838D0404920461CF05EF80028E2
:1099800066D03E4920461CF058F8002860D03C497B
:1099900020461CF052F800285AD03A4920461CF0C4
:1099A0004CF8002854D0384920461CF046F80028CE
:1099B0004ED0364920461CF040F8002848D03449A3
:1099C00020461CF03AF8002842D0324920461CF0CC
:1099D00034F800283CD020462F491CF02EF80028EF
:1099E00014BF0A20092038BD0A2038BD2B49204663
:1099F0001CF023F80028F6D0294920461CF01DF859
:109A000050B3284920461CF018F848B32649204690
:109A10001CF013F810B3254920461CF00EF808B3CB
:109A2000234920461CF009F8F0B1224920461CF0D9
:109A300004F8D8B1104920461BF0FFFFC0B1204602
:109A40001D491BF0FAFF002814BF0A20082038BD6A
:109A5000092038BD0A207047284638BD032038BD8C
:109A6000022038BD042038BD052038BD062038BD91
:109A7000072038BDA08F0500948505002C850500C2
:109A800030850500788505007C8F050084850500FC
:109A90008C850500988F0500BC840500508F05005B
:109AA0008C8F0500548F0500608F05006C8F0500BA
:109AB000788F0500888F0500948F05002DE9F0430D
:109AC000844D2C7C072C85B040F2E28000244FF4BA
:109AD0007A730822C5E901437F48EC606B822A74DF
:109AE000FDF74AFC7D4B7E4E1A687E485C607E49DD
:109AF00014707E4B7E4A34707E4D7F4E04607F48EA
:109B00001C602C700C601460F3F72CFA3378C3B926
:109B10007B4C00232370F8F7DDFEDE2201467948F6
:109B20001BF03DF8784811F023FD01233370FEF758
:109B300039FE76492070764815F076FB05B0BDE811
:109B4000F083744BDFF8D88102934FF001098DF850
:109B50000C408DF80D9002AF6F4DD8F8000097E8DB
:109B600006000AF06DFE2B88502B0CD16B4B187839
:109B70000002484410234A4680B239468DF8083026
:109B800014F0CCF82C806B88502B0ED1634B1878D6
:109B9000000200F20110102380B2012239468DF834
:109BA000083014F0BBF800236B80AB88502B0ED12B
:109BB0005A4B1878000200F20120102380B20122D3
:109BC00039468DF8083014F0A9F80023AB80EB88F3
:109BD000502B0ED1514B1878000200F201301023A7
:109BE00080B2012239468DF8083014F097F800232E
:109BF000EB802B89502B0ED1484B1878000200F2D5
:109C00000140102380B2012239468DF8083014F04B
:109C100085F800232B816B89502B0ED13F4B187890
:109C2000000200F20150102380B2012239468DF863
:109C3000083014F073F800236B81AB89502B0ED1E0
:109C4000364B1878000200F20160102380B2012226
:109C500039468DF8083014F061F80023AB81EB89A8
:109C6000502B0ED12D4B1878000200F201701023FA
:109C7000394680B201228DF8083014F04FF80023E5
:109C8000EB81D8F800000AF03FFE002333703FE775
:109C9000204B02930127224E8DF80D7000238DF882
:109CA0000C3004AB13E9060030680AF0C9FD1B4B09
:109CB0001A78200204A900EB02201023384401F88E
:109CC000093D3A4680B214F029F830680AF01CFECB
:109CD000FCE600BF28880020B0610020C485002079
:109CE000C0850020BC8500201C8800202088002022
:109CF0002488002040A30020DC8500200C88002060
:109D0000C18500202487002034A3002098900500FE
:109D100094640020809FD50008A4002070A4002037
:109D20001C6200202DE9F0437A4D2C7C072C85B075
:109D300040F2CF8000244FF47A730822C5E9014332
:109D40007548EC606B822A74FDF716FB734B744EFA
:109D50001A6874485C6074491470744B744A3470A7
:109D6000744D754E046075481C602C700C60146056
:109D7000F3F7F8F833782BB9714B00221A7005B05D
:109D8000BDE8F0836F4BDFF8C88102934FF0010903
:109D90008DF80C408DF80D9002AF6B4DD8F8000097
:109DA00097E806000AF04CFD2B88502B0CD1674B2E
:109DB00018780002484410234A4680B239468DF88C
:109DC000083013F0ABFF2C806B88502B0ED15F4B0B
:109DD0001878000200F20110102380B201223946E7
:109DE0008DF8083013F09AFF00236B80AB88502B5E
:109DF0000ED1564B1878000200F20120102380B2D9
:109E0000012239468DF8083013F088FF0023AB801B
:109E1000EB88502B0ED14D4B1878000200F2013028
:109E2000102380B2012239468DF8083013F076FFF6
:109E30000023EB802B89502B0ED1444B1878000265
:109E400000F20140102380B2012239468DF808301B
:109E500013F064FF00232B816B89502B0ED13B4BF9
:109E60001878000200F20150102380B20122394616
:109E70008DF8083013F052FF00236B81AB89502B13
:109E80000ED1324B1878000200F20160102380B22C
:109E9000012239468DF8083013F040FF0023AB81D2
:109EA000EB89502B0ED1294B1878000200F201707B
:109EB0001023394680B201228DF8083013F02EFFAE
:109EC0000023EB81D8F800000AF01EFD0023337058
:109ED00052E71C4B029301271D4E8DF80D70002395
:109EE0008DF80C3004AB13E9060030680AF0A8FCCA
:109EF000164B1A78200204A900EB022010233844E4
:109F000001F8093D3A4680B213F008FF30680AF0C4
:109F1000FBFC0FE728880020B0610020C4850020EA
:109F2000C0850020BC8500201C88002020880020DF
:109F30002488002040A30020DC8500200C8800201D
:109F4000C1850020809FD50008A4002070A40020B7
:109F50001C6200202DE9F84307460446084688465F
:109F60001BF07DFD57F8086BBE42054622D0A36862
:109F7000984222D8B0450CD22DB1012D40D198F88D
:109F80000030337026686560002373552046BDE8B5
:109F9000F8836268B3189845EED8002DF3D0954247
:109FA0003AD8012DEBD0304641462A461AF002FE3F
:109FB0002668E8E70F28DDD90F234FEA43094D450E
:109FC0001BD2B9F1000F3DDB09F1010018F09CFC38
:109FD000064625B1012D30D198F800303370206845
:109FE000874201D018F094FC00232660C4F8089042
:109FF000656073552046BDE8F883681CA946E5E70F
:10A00000414630462A461AF0CAFD2668656000239C
:10A0100073552046BDE8F88308EB05018B42C0D29A
:10A02000984514D3AA1A012D08EB02012CD0304612
:10A030002A461AF0B4FD2668A5E741462A461AF0DA
:10A04000AEFDCCE74FF000406FF00049BEE7A3EB58
:10A050000807012F0AD00FBB012D06EB050119D00F
:10A060002A4630461AF09BFD26688CE798F80030A7
:10A070003370EA1B012A06EB070306EB050108D043
:10A08000002AF1D01E46ECE718F80230337026683B
:10A0900079E71E460B783370266874E741463A46E6
:10A0A00030461AF087FDE4E72DE9F04F8046D0E90D
:10A0B0000030AC4DC01AC01005FB00F083B00C4658
:10A0C0009246CB1A0D46002800F092804600B0421E
:10A0D00040F239816FF00F063046019318F014FCFE
:10A0E000019B0746DAE9001B07EB030909F10800A9
:10A0F000F850002900F02081BBF10F0F00F2098118
:10A10000BBF1010F79D0BBF1000F40F00F810022AD
:10A11000C9F804B000F80B20DAF82410D8F80030A1
:10A120009AF81800C9F82410BAF81A1089F818001B
:10A130009AF81CC0A9F81A10BAF81E009AF8201054
:10A1400089F81CC0A342A9F81E0089F8201000F06D
:10A1500003812833E01A84490194C00801FB00F10F
:10A1600021F0604A0AEB8A0C07EBCC0C10460CF18C
:10A17000300C07F10802A94625E042F8085C53F8C4
:10A18000205C156053F8245C13F810EC42F8045C72
:10A1900043E90A1003F8200C82F810E013F80C1CB5
:10A1A00033F90E5C5582117513F8085C53F8041CE2
:10A1B00033F90AECA2F816E01576D161283262452F
:10A1C00003F128031DD042F8082C53F8285CA3F1B2
:10A1D00020018D42D1D10D68D1F804E08C68D1F80E
:10A1E0000CB0C2F80CB01560C2F804E09460C9E786
:10A1F000012606EB8606F6006EE70B7889F8083034
:10A2000085E70AF1010303EB8303019C4D4607EB4D
:10A21000C303D8F80420A24203F1280952D02834FD
:10A22000121B5149D20801FB02F222F0604C0CEBE8
:10A230008C0E03EBCE0E0EF1580E3033002528E0C5
:10A2400054F8200C43F8081C186054F8241C54F8E7
:10A2500004AC14F8100CC3F81CA043F8041C1874C8
:10A2600034F80EBC14F80CAC34F80A0C14F8081CC2
:10A27000A3F812B083F814A0D88219762833734556
:10A2800044F8282C04F8205C44F8245C04F12804E9
:10A2900010D054F8281C43F8083CA4F12002914245
:10A2A000CED110685168186059609068D168986084
:10A2B000D960CAE70CF1010C0CEB8C0CD8F80450F7
:10A2C00009EBCC09D8F800A0AA450FD00AF1080480
:10A2D00054F8080CA0420AF1280A13D018F018FB11
:10A2E000AA4504F12804F3D1D8F8005015B1284646
:10A2F00018F00EFB3E44C8F80860C8E9007903B0C6
:10A30000BDE8F08FAA4504F12804E1D1D8F8005047
:10A31000ECE7BBF1000F21DB0BF10100019118F01C
:10A32000F3FA0199C9F80000C9F808B05A461AF0C2
:10A3300036FCD9F80000EAE6BBF1000F3FF4E7AEC7
:10A340000A4819F0D6FC0A4A96423FF6C3AE002EE0
:10A350007FF44FAF3746C5E63B465AE7054819F04C
:10A36000CBFC00BFCDCCCCCCCDCCCC0CD888050060
:10A3700066666606C0880500884236D02DE9F84337
:10A3800080464E6858F8087BB84514BF83680F2391
:10A39000B3420C4605460BD32EB1012E216825D1C0
:10A3A0000B783B702F686E600023BB55BDE8F883C7
:10A3B000002E28DB4FEA43094E4521D2B9F1000FA8
:10A3C000AEBF09F101004FF000406FF0004918F0F6
:10A3D0009BFA07462868804501D018F099FA2F604B
:10A3E000C5F80890002EDED0D7E7704738463246D1
:10A3F0001AF0D5FB2F686E600023BB55BDE8F883CB
:10A40000701CB146E3E7014819F076FCC0880500EE
:10A410002DE9F04F2DED028BADF2E44D0446F8F737
:10A4200059FA064640A8FEF75FFA5DAD28A8F4F792
:10A43000CBF82846F2F798FF04F1D40BDA4BCDF8AD
:10A4400040B004F1EC0B1868CDF844B004F5827B01
:10A45000C4F8A000CDF848B004F1500004F58E7B9C
:10A460000790CDF84CB004F5D07004F59E7B0A90AF
:10A47000CDF820B004F1BC0004F5AA7BDFEDCB6A77
:10A480000F9004F1A00ACDF850B004F5077004F560
:10A49000B67BB3F8048093F806E0CDF824B000232F
:10A4A00004F1680104F1200C04F1380704F10809F3
:10A4B00004F5C27B0E9007981591CDF818B0C4F83A
:10A4C00018C02763A064C4E900932372E36184F891
:10A4D0002030636384F83830E36484F85030636676
:10A4E000C4F898A084F86830A36784F87C3084F8B6
:10A4F0007D30C4E92133C4E9233384F8943084F8EF
:10A5000095302166C4ED206A0721AAF804808AF8F4
:10A5100006E004F5DC7804F5E87ECDF82C80CDF873
:10A5200030E0C4F89C1084F8A73084F8B030C4F848
:10A53000B83084F8BC30C4F8D03084F8D430C4F8D3
:10A54000E83084F8EC30C4F8003184F80431C4F801
:10A55000183184F81C3184F82C31C4F83031C4F837
:10A56000383184F83C31C4F850310F99C4F8B41034
:10A570001099C4F8CC101199C4F8E4101299C4F8D9
:10A58000FC101399C4F814110899C4F834111499E3
:10A59000C4F84C110999C4F864110699C4F87C11E7
:10A5A0000A9984F85431C4F8683184F86C31C4F8DD
:10A5B000803184F8843184F89431C4F89811C4F857
:10A5C0009C3184F8A031C4F8B43184F8B831C4F8AF
:10A5D000CC3184F8D03104F5F47EC4F8E4310E991E
:10A5E000CDF834E0C4F8141204F5007E0C99CDF8CF
:10A5F00038E0C4F8C8114FF4807E0D99C4F82CE2FD
:10A600009FED677B04F5347E04F52E77C4F8E011E6
:10A6100041F2BF3B0E99664ACDF81CE004F5287C58
:10A6200084F8E831C4F8FC3184F8003284F812323E
:10A63000C4F8183284F81C3284F83032A4F832326C
:10A6400084F8343284F83532A4F8363284F838325B
:10A6500084F83932C4F83C32C4F84032A4F84432A9
:10A6600084F84632C4F84832C4F8B081C4F8F8110E
:10A67000A4F810B2C4F84C32C4F8B07204F54B77A9
:10A68000394604F53A70C4F898C24FF0FF3CC4F85C
:10A69000C8E2C4F8503284F8683284F8783284F81A
:10A6A0008832C4F89C3284F8A032C4F8B43284F8FA
:10A6B000B832C4F8CC3284F8D032C4F8E43284F82A
:10A6C000E832C4F8F832C4F8FC32C4F80033C4F8F5
:10A6D0000433C4F80C3384F81433C4F8183384F802
:10A6E00020331697C4F8E00284ED967B84ED987BC6
:10A6F00084ED9C7B84EDA07B84EDA47BC4F808C32F
:10A70000C4F810C3C4F824731068B2F804C0927976
:10A71000C4F82C0304F55C778A710722A1F804C001
:10A720001F20C4F8282384F8333384F83C3384F89A
:10A730003D33C4F84033C4F84433C4F84833A4F874
:10A740004C33C4F85033C4F85433C4F85833A4F825
:10A750005C33C4EDD86AC4EDD96AC4F86C3384F8AC
:10A760007033C4F8687318F0CFF8DFF848C0D4F835
:10A7700000E08046BCE80F00C8F80000C8F80410EC
:10A78000BCE80300F145C8F80820C8F80C30C8F848
:10A790001000C8F814100FD0704618F0B9F80BE08C
:10A7A0000000000000000000E48C05000000000034
:10A7B00040890500847D05001E221823C4E901326A
:10A7C000002388F818303299C4F8008004F118008A
:10A7D000FFF7C0FBF8F7E8F8014604F13000FFF797
:10A7E000B9FBF8F7EDF883461BF039F9D4F860901F
:10A7F000159B4B45804600F06085A36E984200F2A1
:10A800006085CB4580F00985B8F1000F09D0B8F11B
:10A81000010F40F01A879BF8003089F80030D4F817
:10A820006090C4F86480002309F808301EA8FEF781
:10A830006FFE1E9904F14800FFF78CFB1EA815F06F
:10A84000E3FC3E9B28999DF8B620C4F880304FF079
:10A8500001089DF8F430A16784F87C209DF8FD1074
:10A860009DF8FC2084F87D3084F8943084F895209D
:10A8700084F8841084F8868084F88D80F2F772FD65
:10A88000D4F86833214A84F88C009F4284F893807E
:10A89000C4F88E2000F01A86D4F87023B72A40F24C
:10A8A000FA871B498B4240F2A7841846B822184900
:10A8B0001AF075F9D4F868930023B822C4F86C2311
:10A8C00089F8B830D4F898309A4525D0D4F8A0202B
:10A8D000072A21D84FEA4208B8F1080F38BF4FF0D5
:10A8E000080808F1010018F00FF80A4BD4F8982076
:10A8F000074603CB92453860796002D0104618F0C5
:10A9000007F8C4F89870C4F8A0800FE001000001B7
:10A91000EC8C0500947D0500C7498B4240F297847A
:10A92000C54A03CA18605960D4F898709DF801317F
:10A9300000220821C4F89C101EA83A7241A984F88C
:10A94000B030FEF7C3FF1E9AD4F8B4300DF1800981
:10A950004A4500F07A87DDE91F010F9F9F42C4E955
:10A960002D2000F0C985D4F8BC20C4F8BC10002B01
:10A9700000F0C4851E93209200221F921A701E9828
:10A98000484501D017F0C4FF43A91EA8FEF79EFF5B
:10A990001E9AD4F8CC304A4500F03F87DDE91F010C
:10A9A000109F9F42C4E9332000F0B885D4F8D4202A
:10A9B000C4F8D410002B00F0B3851E93209200221F
:10A9C0001F921A701E98484501D017F0A1FF45A9A3
:10A9D0001EA8FEF77BFF1E9AD4F8E4304A4500F02B
:10A9E0004487DDE91F01119F9F42C4E9392000F02F
:10A9F000B085D4F8EC20C4F8EC10002B00F0AB8547
:10AA00001E93209200221F921A701E98484501D072
:10AA100017F07EFF47A91EA8FEF758FF1E9AD4F82C
:10AA2000FC304A4500F01987DDE91F01129FC4F888
:10AA3000FC209F42C4F8000100F08285D4F8042174
:10AA4000C4F80411002B00F07D851E932092002293
:10AA50001F921A701E98484501D017F059FF49A956
:10AA60001EA8FEF733FF1E9AD4F814314A4500F0B1
:10AA70000487DDE91F01139FC4F814219F42C4F825
:10AA8000180100F05485D4F81C21C4F81C11002BC7
:10AA900000F04F851E93209200221F921A701E987C
:10AAA000484501D017F034FF9DF80371D4F8348184
:10AAB000012F00F02B84022F00F0DA83089BDFF8CF
:10AAC00088B143454FF0070700F02884D4F83C31A3
:10AAD000BB42C0F0D883D84540F22384012F40F018
:10AAE000D9859BF8003088F80030D4F83481C4F858
:10AAF0003871002308F807309DF872C19DF8717114
:10AB00009DF870019DF86F119DF86E219DF86D31D3
:10AB10000092CDE9037CCDE90110484A122119A821
:10AB20001AF04AFF19A8CDF878901AF098FF0F286C
:10AB3000074600F28D84012800F0C1844A460028AF
:10AB400041F0928000231F97D3551E9AD4F84C31C0
:10AB50004A4500F06A86DDE91F01149FC4F84C21C4
:10AB60009F42C4F8500100F0D084D4F85421C4F8B6
:10AB70005411002B00F0CB841E93209200221F92D0
:10AB80001A701E98484501D017F0C2FE2C4AE06C9E
:10AB90002C49D4F86431002814BF93468B46099A97
:10ABA0009A4200F0FF83D4F86C21082A00F2FA835D
:10ABB0004FEA4208B8F1090F38BF4FF0090808F111
:10ABC000010017F0A1FE0746BBE803009BF8002038
:10ABD000D4F864313A72099A38609A42796002D0A6
:10ABE000184617F095FEC4F86471C4F86C8106F13C
:10ABF000020A09220023C4F8682150467B721AF029
:10AC00002EFFD4F880210746D4F87C81069B43456B
:10AC100000F0F983D4F88431BB42C0F0F883D0450A
:10AC200004D808EB020BD34580F0D8849FB1012FE4
:10AC300040F01C850AE000BF947D050028830500D4
:10AC4000C88C0500BC8C050040890500B37888F8E5
:10AC50000030D4F87C81C4F88071002308F80730F4
:10AC600096F8433084F8943196F8470096F84630C9
:10AC700096F8452096F84410009019A814F04EFA62
:10AC800019A91EA8FEF722FE1E9AD4F898314A454B
:10AC900000F0D385DDE91F010A9FC4F898219F4287
:10ACA000C4F89C0100F05E84D4F8A021C4F8A0117F
:10ACB000002B00F059841E93209200221F921A70DC
:10ACC0001E98484501D017F023FE96F84B0096F8E1
:10ACD0004A3096F8492096F84810009019A814F0C8
:10ACE0001DFA19A91EA8FEF7F1FD1E9AD4F8B0317D
:10ACF0004A4500F08A85DDE91F010B9FC4F8B021A9
:10AD00009F42C4F8B40100F04784D4F8B821C4F8D5
:10AD1000B811002B00F042841E93209200221F9253
:10AD20001A701E98484501D017F0F2FD96F84F00B2
:10AD300096F84E3096F84D2096F84C10009019A8D1
:10AD400014F0ECF919A91EA8FEF7C0FD1E9AD4F85C
:10AD5000C8314A4500F05185DDE91F010C9FC4F858
:10AD6000C8219F42C4F8CC0100F00D84D4F8D02152
:10AD7000C4F8D011002B00F008841E93209200220A
:10AD80001F921A701E98484501D017F0C1FD96F821
:10AD9000530096F8523096F8512096F850100090D3
:10ADA00019A814F0BBF919A91EA8FEF78FFD1E9A69
:10ADB000D4F8E0314A4500F01885DDE91F010D9F08
:10ADC000C4F8E0219F42C4F8E40100F0EE83D4F817
:10ADD000E821C4F8E811002B00F0E9831E932092CB
:10ADE00000221F921A701E98484501D017F090FD5E
:10ADF00096F8570096F8563096F8552096F8541065
:10AE0000009019A814F08AF919A91EA8FEF75EFD92
:10AE10001E9AD4F8F8314A4500F0DF84DDE91F01BD
:10AE20000E9FC4F8F8219F42C4F8FC0100F0A383F0
:10AE3000D4F80022C4F80012002B00F09E831E9369
:10AE4000209200221F921A701E98484501D017F0D8
:10AE50005FFDB6F85830A4F8103296F85A20BDF8C5
:10AE6000B83094F88D7029682879003218BF012213
:10AE700084F812224FF6FF72934296F8DC2084F891
:10AE80002E220ABF002301220022A4F8363284F8C1
:10AE90003522AB796A7984F8452284F8463284F801
:10AEA000347284F84402C4F84012D5F8080319F04B
:10AEB00017F9C4E99601D5F80C0319F011F995F8C2
:10AEC000143384F86832C4E99801D5F8100319F0F6
:10AED00007F995F81C3384F87832C4E99C01D5F859
:10AEE000180319F0FDF895F8243384F88832C4E982
:10AEF000A001D5F8200319F0F3F8C4E9A401D5F8AE
:10AF0000281304F52670FFF725F8D5F8341304F557
:10AF10002C70FFF71FF8D5F8408340461AF09FFDCC
:10AF2000D4F8C872079BBB42064600F0A382D4F84F
:10AF3000D032984200F2A282B84505D3D4F8CC2290
:10AF4000BB18984540F239833EB1012E40F086830C
:10AF500098F800303B70D4F8C872C4F8CC62002373
:10AF6000BB5504F53870D5F84C13FEF7F3FFD5F850
:10AF70005803D5F85C33D5F86423C4F8F8320028B8
:10AF800014BF01210021D5F8603384F81413C4F8EC
:10AF9000FC32D5F86813C4F800234FF0FF334FF4A8
:10AFA0001652C4F80413C4F80833C4F81033C4F8B4
:10AFB0000C2340F05982EB79C4F81803002B00F001
:10AFC000818000269FEDE08AB04604F5127B4FF0A9
:10AFD000180A0AFB0653CDF878909F68CDF87C805C
:10AFE00038468DF880808DF89080ADF892808DF88D
:10AFF0009480ADF896808DF898808DED278A1AF0B0
:10B000002EFD00223B46114600901EA8FAF7F6F8E6
:10B0100006EB460305EBC3030136B3F91420ADF884
:10B020009220D243B3F91630D4F84C72ADF8963072
:10B03000D20F06EB460105EBC1018DF89020D4F844
:10B040005022086809792790DB43DB0F97428DF87F
:10B0500094308DF8981000F0838107F10800386073
:10B06000DDE91E13002900F097810F2B00F27E818D
:10B07000012B00F08E81002B40F084817B6000F872
:10B080000380D4F84C329DF89020BDF992002799A6
:10B090003A769DF8942078832833BDF996003A7764
:10B0A0009DF8982087F82020F8837962C4F84C3204
:10B0B0001E98484500F0418117F02AFCEB79F6B262
:10B0C000B34286D89DF8D4309DF8B710012284F899
:10B0D0002023002B40F07A81914200F0D6839B4BD5
:10B0E0009B4E02290BBF1E4608200620072508BFDD
:10B0F0000525D4F82433169A9A4204D0D4F82C7338
:10B10000AF42C0F053839E4280F0648131461846BE
:10B110002A4619F044FDD4F82483C4F828530023A8
:10B1200008F80530BDF9B230DFED8A6A9DF8D51018
:10B130009DF8C2009DF8C75007EE103ABDF9B43033
:10B1400007EE903AB8EEC77AF8EEE77A9DF8D43079
:10B1500084F83C3327EE267A67EEA67ADDF8BA202B
:10B16000DDF8BE30C4F8443384EDD87AC4EDD97A22
:10B1700084F83D13C4F84023BDF8C5309DF8C310D2
:10B180009DF8C42084F8480384F8491329982A9923
:10B1900084F84A2384F84B332B9ABDF8B030C4F8B6
:10B1A0005413C4F85823A4F85C33A4F84C53C4F8DF
:10B1B00050030DF5986015F027F80DF2B44015F026
:10B1C00023F80DF5956015F01FF80DF29C4015F071
:10B1D0001BF80DF27C455FAE183D284615F014F8BB
:10B1E000B542F9D132A815F00FF820460DF2E44D22
:10B1F000BDEC028BBDE8F08FD4F86C239F188F4212
:10B20000FFF453ABB72A40F279821846B82219F0FE
:10B21000C6FCD4F86893FFF74FBB636E09EB0301DC
:10B220008B453FF6F1AAB8F1000F3FF4FAAA434567
:10B23000C0F07882B8F1010F3FF4EDAA48465946B4
:10B24000424619F0B7FCD4F86090FFF7EABAD4F898
:10B250009C209F188F42FFF463AB072A40F23B8289
:10B260000A4603CA18605960D4F89870FFF75EBBAD
:10B27000089B434500F00382D4F83C31DFF8D8B096
:10B28000BB42BFF428AC4FEA430ABA4540F2D7812B
:10B290000AF1010017F038FB3A465946804619F08A
:10B2A0007EFCD4F83401089B834201D017F030FBB8
:10B2B000C4F83481C4F83CA119E40F287FF6A1AA90
:10B2C0000F235B00984580F0B381002BC0F21F83F1
:10B2D000581C179317F018FB179B8146B8F1000F05
:10B2E00007D0B8F1010F40F0FD829BF8002089F8EB
:10B2F0000020206E159A824203D0159317F008FBA8
:10B30000159BC4F86090A366FFF78BBA089BDFF823
:10B310004CB043454FF004077FF4D8ABD84500F25A
:10B32000B981D4F8383108EB030AD34540F2BD8225
:10B33000002F3FF4DCABFFF7D1BBEB79F6B2B342A1
:10B340003FF647AEBEE600BF000000006C8E050071
:10B35000DC8C0500CDCCCC3D50890500488905002A
:10B3600039461EAA5846FEF79FFEA1E6002B07911C
:10B37000C0F27784581C069317F0C6FA069B07990B
:10B380003860BB601A46069319F009FC3868069BC2
:10B3900074E60A783A7271E6002B3FF46FAEDD482E
:10B3A00018F0A7FC9B4506F1020A05D3D4F86821E2
:10B3B0009F18BB4540F22481BBE803009BF80020A6
:10B3C0001A7218605960D4F8647112E408200725D5
:10B3D000D14E8EE6D4F828135A1896423FF696AE10
:10B3E0008D427FF693AE70198242BFF48FAE9642C3
:10B3F000C0F02483691A314418462A4619F0CFFB5D
:10B40000D4F8248389E60F2F7FF609AC0F234FEA87
:10B41000430BBB4540F21681BBF1000FC0F27C82AA
:10B420000BF1010017F070FA80462FB1012F40F0A8
:10B430005482B37888F80030D4F87C01069B8342AC
:10B4400001D017F065FAC4F87C81C4F884B102E435
:10B45000013017F059FA20971E903A4619A919F0B1
:10B460009EFB1E9AFFF76EBB14F062FFD5F85833AF
:10B47000C01AA0E50F287FF65FAD0F234FEA430AFD
:10B48000564580F0D980BAF1000FC0F24A820AF125
:10B49000010017F039FA07462EB1012E40F029823B
:10B4A00098F800303B70D4F8C802079B834201D063
:10B4B00017F02EFAC4F8C872C4F8D0A24DE59DF872
:10B4C00064308DF880304A46FFF73CBB4FF0B80837
:10B4D000B92017F019FAB8229049814619F05FFB9C
:10B4E000D4F86803874201D017F012FAC4F86893C1
:10B4F000C4F87083FFF7E0B9C4F8BC10CDF87890B9
:10B500000DF180094B46FFF737BAC4F85411CDF856
:10B5100078900DF180094B46FFF730BBC4F8D4108A
:10B52000CDF878900DF180094B46FFF748BAC4F882
:10B530001C11CDF878900DF180094B46FFF7ACBA9D
:10B54000C4F80411CDF878900DF180094B46FFF74F
:10B550007EBAC4F8EC10CDF878900DF180094B4616
:10B56000FFF750BAC4F8A011CDF878900DF180091A
:10B570004B46FFF7A2BBC4F80012CDF878900DF14E
:10B5800080094B465DE4C4F8D011CDF878900DF1F8
:10B5900080094B46FFF7F3BBC4F8B811CDF878909B
:10B5A0000DF180094B46FFF7B9BBC4F8E811CDF89F
:10B5B00078900DF180094B4612E4002E3FF4CDAC9B
:10B5C000B242C0F0DD80012E3FF4C2AC38464146A5
:10B5D000324619F0EFFAD4F8C872BEE4002F3FF4F7
:10B5E0003AABBA42C0F0B680012F3FF42FAB4046D1
:10B5F00051463A4619F0DEFAD4F87C81FFF72BBBAE
:10B60000082A50D9BBE803009BF800201A72186082
:10B610005960D4F8643100220921C4F868115046F9
:10B620005A721AF01CFAD4F880210746FFF7ECBAD8
:10B6300008F1010043464CE6701CB24629E7781C2D
:10B64000BA4627E6781CBB46ECE6484659464246D1
:10B6500019F0A5FAD4F86090FFF7E3B838464146F0
:10B66000324619F09CFAD4F8C87276E44046514646
:10B670003A4619F094FAD4F87C81FFF7ECBA2849DD
:10B68000884506D8D4F8383108EB030A8A4580F09B
:10B6900035818B46404659463A4619F080FAD4F82F
:10B6A0003481FFF724BA0BF109018F42BFF484AE55
:10B6B000BB45C0F0D281C2F109029344DBF800001F
:10B6C000DBF804109BF80820186059601A72D4F84F
:10B6D0006471FFF78EBA01F108008742BFF4C0AD74
:10B6E0008F4200F29681C2F10802114408684A684C
:10B6F00018605A60D4F89870FFF718B901F1B800D3
:10B700008742BFF482AD8F4200F26E81C2F1B8026F
:10B7100011447AE5D8880500D48C0500EC8C05002E
:10B72000508905000BEB08029142BFF483AD8B45B5
:10B73000C0F0FC80A8EB0303B8F1010F0BEB030191
:10B7400000F01A824846424619F029FAD4F860906F
:10B75000FFF767B80AEB07039B45BFF445AFD34536
:10B7600000F22B81BA1A012F0AEB020100F00C82C1
:10B7700040463A4619F013FAD4F87C81FFF76BBAC9
:10B7800008EB06018B42BFF41EAF9845C0F0FE8067
:10B79000B21A012E08EB020100F0C1813846324690
:10B7A00019F0FDF9D4F8C872FFF7D7BB7F00AF429C
:10B7B0006FD9781C17F0A8F82A463146804619F050
:10B7C000EEF9D4F82403169B834201D017F0A0F8B9
:10B7D000C4F82483C4F82C739FE41EA904F5FC70FC
:10B7E000FEF7CAFD1E9BFFF72CBB1EA904F5F070E7
:10B7F000FEF7C2FD1E9BFFF7F3BA1EA904F5E47025
:10B80000FEF7BAFD1E9BFFF7BABA1EA904F5D87061
:10B81000FEF7B2FD1E9BFFF781BA1EA904F1CC0012
:10B82000FEF7AAFD1E9BFFF7CAB81EA904F5A67075
:10B83000FEF7A2FD1E9BFFF7A1B91EA904F5CC706F
:10B84000FEF79AFD1E9BFFF738BA1EA904F1B4005B
:10B85000FEF792FD1E9BFFF78FB81EA904F1FC00B6
:10B86000FEF78AFD1E9BFFF7F2B81EA904F1E40063
:10B87000FEF782FD1E9BFFF7C5B81EA904F58A706E
:10B88000FEF77AFD1E9BFFF707B9DB4E032002256A
:10B890002FE42F468EE702FA08F8B8F1B80F38BF48
:10B8A0004FF0B80808F1010013E6BB42BFF416A937
:10B8B0000BEB07029245BFF411A9DA454CD8FB1AED
:10B8C000012F0BEB030100F0478140463A4619F087
:10B8D00066F9D4F83481FFF70AB951463A4619F0AF
:10B8E0005EF9A9E559464246179319F058F9179B96
:10B8F000FFE44146324619F052F9D4E5012B3FF6F8
:10B90000C8AE8A1C92458B46BFF4C4AED5E74FF053
:10B9100000406FF00043DCE44FF000406FF0004B5C
:10B9200080E54FF000406FF0004AB2E5A1EB0B0359
:10B93000012B00F0B880002B40F07281B8F1010FAC
:10B9400009EB080100F011814246484619F027F939
:10B95000D4F86090FEF765BFAAEB0B0ABAF1010FAD
:10B9600000F09C80BAF1000F40F06281A7EB0A0260
:10B97000012A08EB0A0008EB070100F0E5800AB194
:10B9800019F00DF9D4F83481FFF7B1B8A3EB080A28
:10B99000BAF1010F00F09780BAF1000F40F04E812C
:10B9A000012E07EB060100F0F8803246384619F008
:10B9B000F6F8D4F8C872FFF7D0BAABEB0A0BBBF1BC
:10B9C000010F00F09080BBF1000F40F03D81012F8E
:10B9D00008EB070100F0AB803A46404619F0DFF86B
:10B9E000D4F87C81FFF737B97F1A012F03EB070BDF
:10B9F000C7F1B80803F1B80946D0002F40F0E9803C
:10BA000042464946584619F0CAF8D4F86893FEF7FA
:10BA100053BF7F1A012F03EB070AC7F1080803F190
:10BA2000080934D0002F40F0E9804246494650468C
:10BA300019F0B5F8D4F89870FEF778BF971B012F6E
:10BA400060D0002F40F0068159192A46184619F097
:10BA5000A6F8D4F82483FFF760BBA7EB0B07DA192D
:10BA60000892012F03F10902C7F10908099211D0C8
:10BA7000002F40F098804246DDE9080119F08FF868
:10BA8000D4F86471FFF7B5B853221A70B8E74522AD
:10BA90001A70CAE79BF800201A70ECE79BF8003098
:10BAA00088F8003062E79BF8002089F80020A8EBB6
:10BAB0000302012A4B4409EB080155D0002A3FF448
:10BAC00047AF994641E798F800303B70A6EB0A0271
:10BAD000012A07EB0A0307EB06015DD0002A3FF4B9
:10BAE00068AF1F4662E7B37888F80030A7EB0B0217
:10BAF000012AC34408EB070118D0002A3FF470AFB5
:10BB0000D8466AE732781A70EA1B012A03EB07006D
:10BB100003EB050112D0002A9BD0034696E718F8E4
:10BB200002303B70D4F8C872FFF717BAD8460B78CA
:10BB300088F80030D4F87C81FFF78DB85A5DDA556B
:10BB4000D4F82483FFF7E9BA18F8073008F80A3068
:10BB5000D4F83481FEF7CBBF1BF8033088F80030EF
:10BB6000D4F83481FEF7C3BF99460B7889F80030CA
:10BB7000D4F86090FEF755BE1BF8033089F800300A
:10BB8000D4F86090FEF74DBE1AF8023088F8003005
:10BB9000D4F87C81FFF75FB81F460B783B70D4F870
:10BBA000C872FFF7DAB959463A46184618F0F7FF57
:10BBB000B8F1010F07D0B8F1000F7FF45CAFD4F8F3
:10BBC0006471FFF716B8427AC255D4F86471FFF772
:10BBD00010B83A46184618F0E2FFB8F1010F04D049
:10BBE000B8F1000F3FF411AF0AE790F8B820C25542
:10BBF000D4F86893FEF760BE707E05003A4618469A
:10BC000018F0CDFFB8F1010F04D0B8F1000F3FF4E8
:10BC100011AF0AE7027AC255D4F89870FEF786BED3
:10BC20001A4659464846159318F0C4FF159B3EE73F
:10BC300059465246404618F0B2FF97E641465246F2
:10BC4000384618F0B7FF41E751465A46404618F0CB
:10BC5000B1FF4BE7184631463A4618F0A0FF0346BD
:10BC600052E7034818F048F84846FFF7F6BB00BF14
:10BC7000C08805002DE9F04390461446526858F8F4
:10BC8000087BB2F5804F87B069D8644D47450646BA
:10BC900089462A6800F08680D4E901C005F10801D0
:10BCA0008A42C5E9007C00F08580A968A860002A66
:10BCB00000F081802260A16059495A4F00208342E0
:10BCC0000CBF0B463B4640F295118E4260601070EF
:10BCD00000F0A180B6F5CB7F11DB40F29F129642B7
:10BCE00000F09780B6F5D07F69DAB6F5CC7F77D0D3
:10BCF00040F29D12964240F08A804B490FE040F29C
:10BD00009112964200F08180B6F5C97F70DB40F257
:10BD10009312964262D0B6F5CA7F78D143496A68D9
:10BD20004348CDE90223CDE900193346414A4FF497
:10BD3000A07119F041FEB0F5A07F53D23E4B3F49B0
:10BD40003F4A186000230B60136014F0F1FA3D4A7B
:10BD50003D4B106003221A7007B0BDE8F0834745E1
:10BD60004BD0A3681D2B48D9384DAF4230D9374D41
:10BD70000FCD38607960BA6007CD2D88FB60BD8338
:10BD800038617961BA612268244DDFF8E8901E219C
:10BD900000236160937727682A6847454FF4FA7655
:10BDA0007FF47AAF214628460593FEF7E5FA22682C
:10BDB000059B81E7A860C4F8008042467CE7B6F5A1
:10BDC000FA7F09D040F2F712964220D12049A6E727
:10BDD0003A44AA42CCD2CAE71E49A0E71E499EE7D0
:10BDE0001E499CE7002007B0BDE8F043FDF7DEBC2C
:10BDF000B6F5C87F0BD11A4991E71E2300930021A5
:10BE0000124B2046F7F764FABDE7164987E7164953
:10BE100085E7164983E7164981E700BFC4850020FE
:10BE2000F0800500A88D0500308E0500008E05000D
:10BE3000E0850020AC8E0500208800201C880020B2
:10BE40002488002008880020C08500208C8E0500F2
:10BE5000748E05005C8E0500F48D0500208E0500B3
:10BE6000D88D0500E48D0500888E0500448E050000
:10BE70000C8E0500BC8705002DE9F041464CD2B080
:10BE8000651FF422002115A818F0ADFE284643498D
:10BE90001494F1F787FF04F20224D5F8083A1590BC
:10BEA0003F49179328461694F1F77CFF3D491890B7
:10BEB0002846F1F777FFDE223B4919901AA818F0BF
:10BEC0006EFEF1F74FFA00238DF84601374A06A8B7
:10BED00014A9FAF7D1FF0D9E0E9C02ADDDE906789C
:10BEE0000095002E38D00F2C29D8012C22D0002C00
:10BEF00050D12A46002301943846135541466A46DC
:10BF0000FFF7B8FE0098A84201D016F001FD284BBB
:10BF10001C78032C25D00D980FAB984201D016F059
:10BF2000F7FC079809AB984201D016F0F1FC52B02B
:10BF3000BDE8F08133788DF808302A46DAE7002C26
:10BF400025DB601C16F0E0FC02940090224631468E
:10BF500018F025FE009ACDE7002CCAD0154817F03E
:10BF6000C8FE9DF84C50022D09D0012DD3D114F0FC
:10BF7000DFF9214602461048F0F7E4FFCBE714F062
:10BF8000D7F9294602460C48F0F7DCFFC3E70B4817
:10BF900017F0B2FE2846D9E741880020308F05000F
:10BFA000408F0500488F050024870020AD980300CE
:10BFB000C0850020D88805000C880020C0880500B6
:10BFC0002DE9F047A54C0F460646914694E8070038
:10BFD00090B006AC254603C54FF00A082A803846C3
:10BFE0004FF0000A0494CDF814808DF822A019F0C7
:10BFF00036FD9B4B984200F22E8100F10A050F2D71
:10C0000000F2AD8038B1012840F0E8803B788DF82F
:10C010002230224600E0224600230595535505991B
:10C020006FF000435B1A012B40F21581049BA34281
:10C0300018BF069A01F1020508BF0F22954200F2CF
:10C040009780884A12885A52049B059500275F55AD
:10C05000049D0DF13008A542CDF8288000F0D08075
:10C06000DDE905C3BCF5804F0A950494CDF82CC0DA
:10C0700005970C938DF8187000F282807A4F454531
:10C080003B6800F0CC8007F108018B420C9AC7E9AD
:10C09000005C00F09380B968BA60002B00F08F80DC
:10C0A0000A930C917148724A0021894508BF0246E3
:10C0B00040F2951086420B91197000F0C680B6F5DB
:10C0C000CB7F3BDB40F29F139E4200F0BC80B6F575
:10C0D000D07F7ADAB6F5CC7F00F0908040F29D13E5
:10C0E0009E4240F0B48063487B6863490090CDE98C
:10C0F000023201913346614A61484FF4A07119F050
:10C100005BFC604B6049614A186000230B60136060
:10C1100014F00EF95E490A9B5E4A086043454FF0F1
:10C120000301117002D0184616F0F2FB0498A042E9
:10C1300001D016F0EDFB10B0BDE8F08740F291138E
:10C140009E4200F08680B6F5C97F6EDB40F2931305
:10C150009E424FD0B6F5CA7F79D14F48C4E70090D0
:10C1600052463B46414604A8F7F7B2F8049A53E713
:10C170000223009304A83B4B0022F7F7A9F863E7DA
:10C18000454557D01D2B55D9444EB5422ED9434E67
:10C190000FCE28606960AA6007CE3688EB60AE8358
:10C1A00028616961AA610A9D1E234FF0000985F884
:10C1B0001E900B939C464FF4FA765FE7BA60CDF879
:10C1C00028800DF1300843466CE7B6F5FA7F13D0AE
:10C1D00040F2F7139E423AD1314885E7024639468C
:10C1E0000DF1220018F0DBFC224615E7AC44B44503
:10C1F000CED2CCE72B4877E72B4875E72B4873E77F
:10C2000094E80F00DDF814C08DF81870BCF5804F6D
:10C2100088E80F00CDF82CC005970BD8124F1248B4
:10C220000AA9FEF7A9F80A9B3CE7B6F5C87F0ED12C
:10C230001F4859E71E2300936246184B00210AA8A5
:10C24000F7F746F8AFE71B484EE71B484CE71B489B
:10C250004AE71B4848E71B4817F04EFDDC870500FE
:10C26000F5FFFF7FA88E0500C4850020F080050043
:10C27000A88D0500308E0500BC870500AC8E05003A
:10C28000E0850020208800201C88002024880020D1
:10C2900008880020C0850020008E05008C8E0500D7
:10C2A000748E0500F48D05005C8E0500208E05005F
:10C2B000D88D0500448E05000C8E0500888E050083
:10C2C000E48D0500E887050070B5ADF5667D044690
:10C2D00006A8FEF79DF8082C00F20E81DFE814F0A6
:10C2E000D700DF00E700EC00F100F600FB000001E2
:10C2F0000900684606A906F0CFFA83496A4600237A
:10C30000C820FFF7B7FC009802AB984201D016F0A6
:10C31000FFFAE098E2AB984201D016F0F9FACF9814
:10C32000D1AB984201D016F0F3FABE98C0AB984258
:10C3300001D016F0EDFAB898BAAB984201D016F0D9
:10C34000E7FAB298B4AB984201D016F0E1FAAC9893
:10C35000AEAB984201D016F0DBFA989D999EB5429B
:10C3600010D005F1080454F8083C9C42184605F129
:10C37000280500F0BA8016F0CBFAB54204F1280483
:10C38000F1D1989E16B1304616F0C2FA8B988DAB5B
:10C39000984201D016F0BCFA849886AB984201D03E
:10C3A00016F0B6FA7E9880AB984201D016F0B0FA3B
:10C3B00078987AAB984201D016F0AAFA729874ABCA
:10C3C000984201D016F0A4FA6C986EAB984201D056
:10C3D00016F09EFA659867AB984201D016F098FA6D
:10C3E0005F9861AB984201D016F092FA59985BAB16
:10C3F000984201D016F08CFA539855AB984201D070
:10C4000016F086FA4B984DAB984201D016F080FAA0
:10C41000459847AB984201D016F07AFA3F9841AB65
:10C42000984201D016F074FA39983BAB984201D08B
:10C4300016F06EFA339835AB984201D016F068FAD0
:10C440002C982EAB984201D016F062FA1E9820ABC1
:10C45000984201D016F05CFA18981AAB984201D0B5
:10C4600016F056FA129814AB984201D016F050FA12
:10C470000C980EAB984201D016F04AFA069808AB19
:10C48000984201D016F044FA0DF5667D70BD06A9FC
:10C49000684602F075F96A4600231C4930E706A990
:10C4A000684601F091F96A460023184928E7684672
:10C4B00006A905F0F1FE20E7684606A903F060FB37
:10C4C0001BE7684606A904F00BF816E7684606A9BC
:10C4D00004F010FD11E7684606A907F06DFE0CE7B1
:10C4E000684606A905F068FA07E7AE4204F1280499
:10C4F0007FF439AF989E45E7002205494FF4CA7092
:10C50000FFF75EFD05E700BFBC870500148F05003F
:10C51000888405002DE9F04F8BB013F009FFAC4C77
:10C52000AC4A014600232046F0F726FD237823B1CC
:10C53000237A13B10BB0BDE8F08FA74B1B78002B0B
:10C54000F8D0FCF72FF900283FD0A44C2378002B1B
:10C5500048D0A34C2378032B00F00481022B00F079
:10C560002481012B00F0EE809E4905A80FF0CCFC41
:10C570009DF824100729DDD8DDE906309A4D089A88
:10C580006B60A860BDF826309848EA606B82297419
:10C59000FAF7EAFE294603A80EF036FE9DF81030A1
:10C5A0000A2B00F07E81AC2B9DF8112000F0A681B3
:10C5B000C02B40F0A781A82A00F0738100228C498B
:10C5C00040F29310FFF7FCFCB4E7874B1B7C072B72
:10C5D00040F2B580814E337873B9002333700BB0CD
:10C5E000BDE8F08F7F480EF0C3FF012381498248E8
:10C5F000237012F019FEACE7804B814C05934FF08D
:10C600000108002705AB8DF819808DF818707D4D55
:10C61000206893E8060008F013F92B88502B0CD102
:10C62000794B18780AA900021023404401F81F3DF5
:10C63000424680B211F072FB2F806B88502B0ED1D6
:10C64000714B18780AA90002102300F2011001F8BA
:10C650001F3D80B2012211F061FB00236B80AB888B
:10C66000502B0ED1684B18780AA90002102300F253
:10C67000012001F81F3D80B2012211F04FFB002381
:10C68000AB80EB88502B0ED15F4B18780AA90002C3
:10C69000102300F2013001F81F3D80B2012211F099
:10C6A0003DFB0023EB802B89502B0ED1564B187885
:10C6B0000AA90002102300F2014001F81F3D80B2D8
:10C6C000012211F02BFB00232B816B89502B0ED103
:10C6D0004D4B18780AA90002102300F2015001F80E
:10C6E0001F3D80B2012211F019FB00236B81AB8941
:10C6F000502B0ED1444B18780AA90002102300F2E7
:10C70000016001F81F3D80B2012211F007FB0023F8
:10C71000AB81EB89502B0ED13B4B18780AA9000254
:10C72000102300F2017001F81F3D80B2012211F0C8
:10C73000F5FA0023EB81206808F0E6F84DE7FDF7F5
:10C7400035F847E713F0F4FD304B1B6841F28732B0
:10C75000C01A904260D900222D494FF4CC70FFF7E7
:10C760002FFCE7E613F0E4FD2A4B1B6841F2873209
:10C77000C01A904215D81C4B1D7C072D11D80026DD
:10C780001A488DF80960FAF78BFE002840F0C78040
:10C790009DF809302BB91548FAF782FE00287FF47E
:10C7A000C9AE0020FDF702F8C4E60AAC002504F883
:10C7B000145D13F0BDFD224601460C48FAF7E6FD74
:10C7C00000287BD19DF81430002B3FF4B3AEE9E78D
:10C7D0000C880020BDCF0200DC850020C185002030
:10C7E000C085002034A3002028880020B0610020EC
:10C7F00088900500A88F050094640020809FD500D4
:10C800001C62002008A4002070A4002004880020DE
:10C810000C900500088800200AAD002705F8147D5B
:10C8200013F086FD2A460146C148FAF773FE012837
:10C83000064600F0D880022800F0EE80032867D07A
:10C8400013F076FD0146BB48F1F788FA0138042859
:10C850003FF670AEDFE800F01F18110A0300002257
:10C86000B5494FF4CC70FFF7ABFB63E60022B34948
:10C8700040F29D10FFF7A4FB5CE60022B04940F2B5
:10C880009510FFF79DFB55E60022AE494FF4C870A6
:10C89000FFF796FB4EE6022323704BE67F2B7FF4D7
:10C8A0008DAE13F045FDA84B014640F6B832A148C5
:10C8B0001960F0F7D9FF012323703BE6A34BA44C8A
:10C8C00013F89B2F9B4EA349002A18BF1C463046E5
:10C8D000F1F768FA2246A049F1F7F4FB002800F0CE
:10C8E000A280711D3079FDF737F80A2800F0A58085
:10C8F000092800F09F80FFF7E7FC1BE6103A0F2A9B
:10C90000CFD95BE6A92BC9D1FE2A7FF457AEC8E781
:10C910003A46924940F2F710FFF752FB0AE613F04D
:10C9200007FD0DF1090201468148FAF72FFD0028A5
:10C930003FF42EAFDFF854B29BF80030002B40F0EC
:10C940008E80874A874B16681B68874AB34234BF7C
:10C9500001210021117077D2844AF61A02EB0309F3
:10C96000834B059301238DF819300093814CDFF838
:10C97000208220684FF000038DF8183005AFB6F51F
:10C98000807F97E8060028BF4FF4807607F058FFB5
:10C9900098F80000009B4FEA052A0AEB00200330BC
:10C9A0001A46394680B211F08FFA98F800009DF8C7
:10C9B000143000930AEB002020303946022280B266
:10C9C00011F082FA009B9DF814109DF81520172B8A
:10C9D00042EA012200F0ED801C2B00F0EA80206882
:10C9E00007F092FFDDE613F0A3FC3246034629462A
:10C9F0005048F1F755F8013804283FF69BAD01A3E4
:10CA000053F820F097C8030089C803007BC80300CF
:10CA10006DC803005FC803004648F1F7B7F9384610
:10CA2000FCF7C4FE86E50122534940F29110FFF75E
:10CA3000C7FA7FE5FFF720FA7CE52A464F494FF415
:10CA4000CA70FFF7BDFA75E54D4A4E4BD2E90016A4
:10CA50001B68F61A01EB03093FF4A3AE80E7444BD1
:10CA6000444C05934FF001098DF818608DF819902A
:10CA700005AFDFF81C81206897E8060007F0E0FEAC
:10CA800098F800002D0205EB002003304A4680B2E2
:10CA9000394611F019FA9DF81430172B01D01C2BD0
:10CAA0009DD198F800309BF8002005EB0323012A64
:10CAB0009BB26FD0023398B20122394611F004FACA
:10CAC0009DF814301A0700F1D180DB066DD598F877
:10CAD00000000AA905EB00201023023001F81C3DDC
:10CAE000012280B211F01AF9206807F00DFF1E4BE9
:10CAF0001B78002B00F0D4801A4A234B1168186869
:10CB000001441160164910680968002288428BF8B8
:10CB100000201A607FF40EAD194A1A4B52681B6848
:10CB20009A427FF407AD0120FCF740FE02E500BF0A
:10CB3000B06100203C8800205C9005004890050012
:10CB400034900500289005000488002024870020E8
:10CB500020830500DC8F0500EC8F05006C9005003C
:10CB6000208800202488002020870020E0850020E5
:10CB7000809FD5001C620020F48F0500888405008A
:10CB8000C48500201C880020BC85002040A3002014
:10CB900070A40020013398B2394611F095F99DF840
:10CBA000143013B902238BF80030206807F0ACFE74
:10CBB000C0E49642F9D898F800000AEB002024302F
:10CBC0000222394680B211F07FF9484A9DF81410CC
:10CBD0009DF81530127843EA0123332A0093C3F3FA
:10CBE0000A0357D005F1100003EBC020372A80B2AA
:10CBF00003D09A19B2F5006F5AD84946B2B211F073
:10CC00008DF898F80000009B0AEB002033449BB29B
:10CC100024301D123946022280B28DF815308DF86D
:10CC2000145011F07BF898F800000AA90AEB0020D4
:10CC30001823023001F81E3D012280B211F06EF877
:10CC400098F800000AA90AEB00202023013001F81F
:10CC50001D3D012280B211F061F8206807F054FEFA
:10CC6000234A012316608BF8003063E498F8000033
:10CC700005EB0020023008233946012280B28DF8EE
:10CC8000143011F04BF8206807F03EFE0020FCF74E
:10CC90008DFD4FE405F1080003EBC02080B2A8E74A
:10CCA0001448134B01681C68134A2144016029E7AA
:10CCB000C3F500639BB21A464946019311F02EF862
:10CCC0000A4B1A78019B332A0AD005F11000C002E2
:10CCD00080B2F21A09EB030192B211F01FF890E74B
:10CCE00005F10800C00280B2F3E700BF71A4002084
:10CCF000BC8500201C8800202488002030B583B02B
:10CD0000002423462246214600941248124D12F078
:10CD100005FA124A1249134B1348C2E90014502174
:10CD200011814FF47A72C3E9005408219A60197492
:10CD30005A82F0F753FD0D4B0D4A0E495C6003F12A
:10CD4000080518461C721D6003B0BDE8304016F09F
:10CD5000CBBF00BFB4850020A0D3050034A30020C2
:10CD6000FCD30500288800203C880020C4850020D2
:10CD7000006000209598030070B50546E9B1541A8B
:10CD80000F2C0E4609D8012C00681DD10B780370BA
:10CD900028686C600023035570BD002C1ADB601CF2
:10CDA00015F0B2FDAC6028603146224617F0F7FE60
:10CDB00028686C600023035570BD42B914460068B2
:10CDC0006C600023035570BD002CE2D0ECE70348F3
:10CDD00016F08FFF024816F08FFF00BFD8880500BD
:10CDE000C088050038B5044600F1080559B15368FC
:10CDF000ABB92560D2E90032204619461A44FFF744
:10CE0000BBFF204638BD59680029F2D00560D3E940
:10CE1000002311461A44FFF7AFFF204638BD0560D6
:10CE2000D2E9003219461A44FFF7A6FF204638BD62
:10CE300038B500F10803044603600D4649B10846C1
:10CE400018F00DFE29462A182046FFF795FF2046C8
:10CE500038BD20464FF0FF322946FFF78DFF2046B0
:10CE600038BD00BF70B588B08BB20029054608A850
:10CE7000B8BF5B424FF00002B8BF9BB200F8012D73
:10CE8000184E00E02046A6FB0342D20802EB8204C3
:10CE9000A3EB440303F1300493B200F8014C441EA9
:10CEA000002BEFD1002905F108020BDB2A60204698
:10CEB00018F0D5FD214622182846FFF75DFF2846C9
:10CEC00008B070BD2D2104F8011C841E2A60EED12B
:10CED0001C4628464FF0FF322146FFF74DFF2846FB
:10CEE00008B070BDCDCCCCCC2DE9F04105464268F0
:10CEF00055F8087B8A42164638BF0E46BD4214BF1D
:10CF000083680F23B34216D0044616D30F2E2CD9B4
:10CF1000002E42DB701C15F0F7FCD4E9007380464C
:10CF20005A1CFBB162BBBD4202D0384615F0F0FC82
:10CF3000C4F80080A660BDE8F081002E2DDB5B0008
:10CF4000B342E7D9002BABBF581C4FF000401E4640
:10CF50006FF0004615F0D8FCD4E9007380465A1CE7
:10CF6000002BDFD13B780370DDE7BD42E3D0531CDB
:10CF700052B163B9384615F0CBFC2560BDE8F081AD
:10CF8000394617F00CFECEE73B780372F2E71A46FB
:10CF90003946284617F003FEECE7014816F0ACFED0
:10CFA000C0880500F0B40B4600F10804046053F893
:10CFB000082B93420AD002608A6882604A68426005
:10CFC0000022C1E900320A72F0BC70471F685E6837
:10CFD0009D68DA6842618760C6600561EEE700BF60
:10CFE000F0B50446476850F8085B854218BFA06852
:10CFF00002EB070608BF0F20864283B00DD832B17E
:10D00000012A05EB070011D10B78EB552568666006
:10D0100000232046AB5503B0F0BD00920B46002222
:10D0200039462046F6F754F92568F0E717F0B7FDC2
:10D030002568ECE72DE9F04F002300F1080AC0E96C
:10D0400000A303720C46496883B008310646FFF717
:10D050004BFFD4E9005305EB0308A84525D0DFF8C2
:10D06000FCB015F8017B7468A7F122031C2B4CD887
:10D07000DFE803F0404B4B4B352A4B4B4B4B4B4BB4
:10D080004B4B4B4B4B4B4B4B4B4B4B4B4B4B1F4B1C
:10D090000F006FF000431C1B032C51D904222A49B6
:10D0A0003046FFF79DFFA845DBD1304603B0BDE811
:10D0B000F08F6FF000431C1B032C41D9042223493D
:10D0C0003046FFF78DFFEEE76FF000431C1B042C8A
:10D0D00036D9052259463046FFF782FFE3E76FF065
:10D0E00000431C1B042C2BD9052219493046FFF79D
:10D0F00077FFD8E76FF000431C1B052C20D90622D0
:10D1000014493046FFF76CFFCDE733689A4518BFE6
:10D11000B26804F1010908BF0F22914508D9002324
:10D120000122009221461A463046F6F7D1F83368BC
:10D130001F553368C6F80490002203F80920B2E7AF
:10D14000054816F0D9FD00BFE8900500E090050005
:10D15000D8900500F0900500E8870500F8900500DC
:10D1600010B54B6804461BB1FFF764FF204610BDA5
:10D17000044A00F108030360D11FFFF7FDFD2046BC
:10D1800010BD00BF478905002DE9F04F002300F1D5
:10D190000808C0E9008303720C46496885B008316D
:10D1A0000546FFF7A1FED4E900673744B74263D0D4
:10D1B000DFF800B216F8014BD5F804900C2C79D0AA
:10D1C0005ED8092C00F0B7800A2C00F0A780082C4C
:10D1D00000F097801F2C00F2BB806FF00043A3EBA0
:10D1E0000909B9F1030F40F2CF80042268492846AB
:10D1F000FFF7F6FED5E9003A221198451BF8022008
:10D20000039218BFAA680AF1010908BF0F229145CD
:10D2100008D900230122009251461A462846F6F703
:10D2200057F82B689DF80C2003F80A202B68C5F8E6
:10D230000490002203F80920D5E9003904F00F0416
:10D24000984518BFAA681BF804A008BF0F2209F16F
:10D250000104944208D900230122009249461A464B
:10D260002846F6F735F82B6803F809A02B686C60A0
:10D270000022B7421A559DD1284605B0BDE8F08F6F
:10D28000222C24D05C2C2FD00D2CA3D16FF0004386
:10D29000A3EB0909B9F1010F76D902223D492846CD
:10D2A000FFF79EFEB742E7D016F8014BD5F8049081
:10D2B0000C2C85D16FF00043A3EB0909B9F1010FE4
:10D2C00062D9022234492846FFF78AFEEAE76FF066
:10D2D0000043A3EB0909B9F1010F55D902222F49E7
:10D2E0002846FFF77DFEDDE76FF00043A3EB090959
:10D2F000B9F1010F48D9022229492846FFF770FEEB
:10D30000D0E76FF00043A3EB0909B9F1010F3BD956
:10D31000022224492846FFF763FEC3E76FF000436B
:10D32000A3EB0909B9F1010F2ED902221E492846A3
:10D33000FFF756FEB6E76FF00043A3EB0909B9F11A
:10D34000010F21D9022219492846FFF749FEA9E712
:10D350002B68984518BFAA6809F1010A08BF0F2277
:10D36000924508D900230122009249461A462846D0
:10D37000F5F7AEFF2B6803F809402B68C5F804A049
:10D38000002203F80A208DE7094816F0B5FC00BF1B
:10D390001C9105000C9105001891050000910500F5
:10D3A00004910500149105000891050010910500F5
:10D3B000E88705002CCD05002DE97041044683B0B7
:10D3C0000846884618F04BFB61686FF00042521A1D
:10D3D000824228D326460D1856F8082BB24214BFB5
:10D3E000A3680F239D420FD838B1012802EB010337
:10D3F00012D198F80030535422686560002320460B
:10D40000535503B0BDE8708100900022434620468A
:10D41000F5F75EFF2268F0E702464146184617F02E
:10D42000BEFB2268E9E7014816F066FCE8870500C4
:10D430002DE9F04747686FF00043DB1B1F2B82B0DC
:10D4400040F2EE80054607F1200A55F808EBAE459C
:10D4500014BF83680F239A4504468946904600F21C
:10D46000AA80714E0FCE0EEB070C4EF80700CCF8D9
:10D470000410CCF80820CCF80C300FCECCF81000FB
:10D48000CCF81410CCF81820CCF81C302368C4F861
:10D4900004A0002203F80A20484618F0E0FA616868
:10D4A0006FF000435B1A8342C0F0BA8023689D424C
:10D4B00018BFA26800EB010608BF0F22964200F2D7
:10D4C000828040B1012803EB010740F09D8099F86C
:10D4D00000205A542368666000229A5566686FF0EF
:10D4E00000439B1B162B40F29B80D4F800E075454F
:10D4F00018BFA36806F1170708BF0F239F4271D812
:10D50000DFF82CC1BCE80F000EEB06094EF8060050
:10D51000BCF804E0DCF800009CF80660C9F80410D0
:10D52000C9F80820C9F80C30C9F81000A9F814E0AF
:10D5300089F81660236867600022DA55D4E9006133
:10D54000D8F80420D8F80030AE4218BFA06802EB2B
:10D55000010708BF0F2087423DD832B1012A06EBF0
:10D56000010058D11B787354266867600023F35577
:10D5700063686FF00042D21A0C2A51D92768BD4265
:10D5800018BFA26803F10D0608BF0F22964232D8D9
:10D59000264D07CD07EB030C2D78F8508CF80C5076
:10D5A000CCF80410CCF808202368666000229A5555
:10D5B00002B0BDE8F0872023009339461A4B0022C1
:10D5C000F5F786FE62E700904B4600222046F5F70D
:10D5D0007FFE23687FE7009220460022F5F778FE61
:10D5E0002668C2E7172300933146114B00222046DC
:10D5F000F5F76EFE9EE70D22194600920B4B0022B6
:10D600002046F5F765FECFE702464946384617F053
:10D61000C6FA23685FE7194617F0C1FA2668A4E73F
:10D62000044816F069FB00BF309105006C910500BD
:10D6300054910500E88705002DE9F043044683B0C6
:10D6400008461746894604F1080618F008FA002330
:10D65000C4E9006323727968054629442046FFF730
:10D6600043FC61686FF00042521AAA424DD322680F
:10D67000964218BFA36805EB010808BF0F23984521
:10D6800030D83DB1012D02EB010038D199F80030BE
:10D6900053542268C4F80480002302F80830D4E907
:10D6A00000517A683B68AE4218BFA06802EB0107E0
:10D6B00008BF0F2087420ED832B1012A05EB0100C6
:10D6C00018D11B786B542568676000232046EB5502
:10D6D00003B0BDE8F083009220460022F5F7F8FD84
:10D6E0002568F1E7002200954B462046F5F7F0FD4E
:10D6F0002268CFE7194617F052FA2568E4E72A4670
:10D70000494617F04CFA2268C4E7014816F0F4FACB
:10D71000E8870500F0B50D464F6851F8083B1646FE
:10D720008B42526818BFD5F808C03168044608BF5C
:10D730004FF00F0CB818604583B009D906F1080CFA
:10D74000614514BFD6F808C04FF00F0C604517D9DB
:10D750002846FFF745FC03461A4604F108002060FE
:10D7600052F8081B914213D021609968A160596852
:10D770006160204600211A605960197203B0F0BD43
:10D780000022009730461146F7F738FD0346E3E7DD
:10D79000176856689568D1686161A760E660256181
:10D7A000E5E700BF30B5054683B008460C4618F0E3
:10D7B00056F900220090234628461146F7F71EFD31
:10D7C00003B030BD000000002DE9F04F002300F150
:10D7D0000802A3B0C0E9002303720C4641F6583199
:10D7E0000546FFF781FBD4E9001204A80A440DF1B5
:10D7F0001809CDF81090FFF7BFFAB54904A8FFF754
:10D80000DBFD04A90AA8FFF715FCB2490AA8FFF737
:10D81000C9FF014610A8FFF7C5FBAF4910A8FFF7E5
:10D82000CBFD014616A8FFF7BDFB2846DDE9161221
:10D83000FFF7D6FB169818AEB04201D015F068F885
:10D84000109812AFB84201D015F062F80A980DF1A5
:10D85000300A504501D015F05BF80498484501D0D6
:10D8600015F056F804F1180116A8FFF7E3FB284657
:10D8700016AA9A49FFF7DCFD1698B04201D015F0C0
:10D8800047F804F1300110A8FFF7D4FB944A954BF8
:10D8900094F8871010A8002914BF11461946FFF705
:10D8A0008BFD014616A8FFF77DFB284616AA8E4978
:10D8B000FFF7BEFD1698B04201D015F029F8109878
:10D8C000B84201D015F024F8D4F8B830002B00F09D
:10D8D000808404F1B40116A8FFF7ACFB284616AA11
:10D8E0008249FFF7A5FD1698B04201D015F010F857
:10D8F000E36C002B40F09A837D4916A8FFF798FA55
:10D90000284616AA7B49FFF793FD1698B04201D02E
:10D9100014F0FEFF04F1980116A8FFF78BFB2846D0
:10D9200016AA7549FFF784FD1698B04201D014F08D
:10D93000EFFF94F82C31002B40F0AB840DF1770809
:10D9400094F88630002B40F07484D4F878C06B488B
:10D950006B496C4BDFF8D8E1A0FB0CB0A1FB0CB21B
:10D96000000C4FF4616BD20A03FB10C30BFB12C215
:10D97000A1FB0313AEFB0CB14909AEFB02E2C1EB04
:10D980000111DB0A5209ACEB8101002840F016843A
:10D99000CDE9002116A85C4A282118F00DF816A838
:10D9A000109718F05CF816A90A1810A8FFF7E4F908
:10D9B000284610AA5549FFF73BFD1098B84201D000
:10D9C00014F0A6FF94F88D3083B394F83532002B11
:10D9D00000F0E683B4F8360216F070FB3AA3D3E900
:10D9E000002316F0D5FB0323494ACDE9000130217D
:10D9F00016A817F0E1FF16A910A8FFF719FA454974
:10DA000010A8FFF7D9FC014616A8FFF7CBFA284665
:10DA100016AA4149FFF70CFD1698B04201D014F048
:10DA200077FF1098B84201D014F072FF94F83832A2
:10DA30004BB394F83932002B00F0A283D4F83C02A7
:10DA400016F04EFB0323324ACDE90001302116A81F
:10DA500017F0B2FF16A910A8FFF7EAF92F4910A88E
:10DA6000FFF7AAFC014616A8FFF79CFA284616AA5B
:10DA70002B49FFF7DDFC1698B04240F079861098EC
:10DA8000B84240F08A8394F88C3023B194F8413244
:10DA9000002B40F0138323492846FFF78DFC94F8B0
:10DAA0008E3023B194F82033002B40F0A1841E491E
:10DAB0002846FFF781FC0022D4F850331B488DF82C
:10DAC0007720C14636E000BFFCA9F1D24D62503F3D
:10DAD000CCC20500DCC205009CC6050038C70500A5
:10DAE00078C20500F080050044C7050050C7050056
:10DAF0005CC7050064C7050078C7050007452EC24E
:10DB0000C5B3A29180510100D4C70500E8C7050044
:10DB1000F0C70500F8C70500FCC7050004C80500EC
:10DB20000CC805003CC80500F4C80500CDCCCCCC21
:10DB300089888888A0FB0321C90801EB8102A3EB37
:10DB40004203303309F8013D0B460029F2D1484623
:10DB5000109717F084FF494609EB000210A8FFF761
:10DB60000BF9284610AA7749FFF762FC1098B842D3
:10DB700001D014F0CDFE0022D4F8543372488DF851
:10DB80007720C146A0FB0321C90801EB8102A3EB6A
:10DB90004203303309F8013D0B460029F2D14846D3
:10DBA000109717F05CFF494609EB000210A8FFF739
:10DBB000E3F8284610AA6549FFF73AFC1098B842E6
:10DBC00001D014F0A5FE0022D4F858335E488DF839
:10DBD0007720C146A0FB0321C90801EB8102A3EB1A
:10DBE0004203303309F8013D0B460029F2D1484683
:10DBF000109717F034FF494609EB000210A8FFF711
:10DC0000BBF8284610AA5249FFF712FC1098B842F8
:10DC100001D014F07DFEB4F95C1310A8FFF722F9CF
:10DC20004C4910A8FFF7C8FB864616965EF8083BDD
:10DC30007345844600F05385169383681893DCF887
:10DC40000430179300232846CCE900E38CF8083011
:10DC500016AA4149FFF7ECFB1698B04201D014F028
:10DC600057FE1098B84201D014F052FED4F8600369
:10DC700016F036FA0123CDE90001384A302116A802
:10DC800017F09AFE16A8109717F0E9FE16A90A18C1
:10DC900010A8FFF771F8324910A8FFF78DFB014675
:10DCA00016A8FFF77FF9284616AA2E49FFF7C0FBF2
:10DCB0001698B04201D014F02BFE1098B84201D053
:10DCC00014F026FED4F8640316F00AFA0123CDE915
:10DCD0000001224A302116A817F06EFE16A81097F0
:10DCE00017F0BDFE16A90A1810A8FFF745F8194944
:10DCF00010A8FFF761FB014616A8FFF753F9284665
:10DD000016AA1949FFF794FB1698B04201D014F0F7
:10DD1000FFFD1098B84201D014F0FAFD94F97CC0D0
:10DD200009495FFA8CFEBCF1000FB8BFCEF10002CA
:10DD30004FF00003B8BF5FFA82FE8DF8773040469F
:10DD400015E000BF18C90500CDCCCCCC24C9050016
:10DD500030C9050084C705003CC90500F0C70500AF
:10DD600048C905004CC9050058C905004846A1FB33
:10DD70000E23DB0803EB8302AEEB4202303213F0DA
:10DD8000FF0E00F8012C00F1FF39EFD1BCF1000FBC
:10DD9000C0F243821097484617F061FE09EB00027B
:10DDA000494610A8FEF7E8FFAB4910A8FFF704FBAF
:10DDB000864616965EF8083B7345844600F08284DA
:10DDC000169383681893DCF80430179300232846D1
:10DDD000CCE900E38CF8083016AAA049FFF728FB2D
:10DDE0001698B04201D014F093FD1098B84201D0BB
:10DDF00014F08EFD94F894304BB394F87D30002BE2
:10DE000000F01A81D4F8800016F06AF90123944AD0
:10DE1000CDE90001302116A817F0CEFD16A910A8F3
:10DE2000FFF706F88C4910A8FFF7C6FA014616A8B6
:10DE3000FFF7B8F8284616AA8A49FFF7F9FA1698A4
:10DE4000B04240F099841098B84240F0028194F8B2
:10DE50009530A3B1844A854B94F8841016A8002904
:10DE600014BF11461946FEF7E3FF284616AA80495B
:10DE7000FFF7DEFA1698B04201D014F049FD7D4953
:10DE80002846FFF799FA7C4B7C4A94F894911696B1
:10DE9000B9F1000F14BF91469946484617F0DFFDCF
:10DEA000494609EB000216A8FEF766FF284616AAA7
:10DEB0007349FFF7BDFA1698B04201D014F028FD5F
:10DEC0000022B4F810326F488DF87720C146A0FBCD
:10DED0000321C90801EB8102A3EB420303F13002E5
:10DEE0008BB209F8012D002BF1D14846109717F09D
:10DEF000B6FD494609EB000210A8FEF73DFF284693
:10DF000010AA6149FFF794FA1098B84201D014F0B2
:10DF1000FFFC94F82C31002B40F0018294F88930FA
:10DF2000A3B15A4A5A4B94F82C1216A8002914BFD0
:10DF300011461946FEF77CFF284616AA5549FFF7F9
:10DF400077FA1698B04201D014F0E2FC94F88A30C7
:10DF5000A3B1514A514B94F82F1216A8002914BFAF
:10DF600011461946FEF764FF284616AA4C49FFF7EA
:10DF70005FFA1698B04201D014F0CAFCD4F8E83029
:10DF8000002B00F0438104F1E40116A8FFF752F8DA
:10DF9000284616AA4349FFF74BFA1698B04201D01B
:10DFA00014F0B6FCD4F8D030002B00F0288104F136
:10DFB000CC0116A8FFF73EF8284616AA3A49FFF703
:10DFC00037FA1698B04201D014F0A2FCD4F8003110
:10DFD000002B00F00D8104F1FC0116A8FFF72AF8D0
:10DFE000284616AA3149FFF723FA1698B04201D005
:10DFF00014F08EFCD4F81831002B00F0F28004F5F8
:10E000008A7116A8FFF716F8284616AA2849FFF7BE
:10E010000FFA1698B04201D014F07AFC2549284630
:10E02000FFF7CAF9284623B0BDE8F08F04F1480194
:10E0300016A8FEF7FFFF63E41F4916A8FEF7F8FED7
:10E04000284616AA0749FFF7F3F91698B0423FF49D
:10E05000FEAE14F05DFCFAE664C9050068C905006F
:10E06000F0C7050078C905003C7E0500407E05002C
:10E070008CC9050098C90500BCC20500C4C20500D2
:10E080003CCA0500CDCCCCCCC4C9050090C205006B
:10E090009CC20500D8C90500A8C20500B0C2050091
:10E0A000E8C9050004CA05000CCA050014CA050029
:10E0B0001CCA050024CA05004089050094F84332B3
:10E0C000002B40F0FD8294F84222B649B64B002A5C
:10E0D00008BF194616A8FEF7ABFE284616AAB34994
:10E0E000FFF7A6F91698B04201D014F011FC94F88D
:10E0F0004332002B3FF4CFACD4E996010623AC4A5F
:10E10000CDE90001302116A817F056FC16A904A885
:10E11000FEF78EFEA74904A8FFF74EF901460AA8AC
:10E12000FEF740FFD4E998010623CDE90001A04A9B
:10E13000302116A817F040FC16A910A8FEF778FEAB
:10E1400010AA0AA916A8FFF7E5FA284616AA9A49BE
:10E15000FFF76EF91698B04201D014F0D9FB109871
:10E16000B84201D014F0D4FB0A98504501D014F005
:10E17000CFFB049848453FF48EAC14F0C9FB8AE409
:10E180008E4916A8FEF754FE284616AA8C49FFF7BA
:10E190004FF91698B0423FF476AC14F0B9FB72E434
:10E1A000864916A8FEF744FE284616AA8549FFF7B9
:10E1B0003FF91698B0423FF439AC35E4CDE901217E
:10E1C0000093814A0346282116A817F0F5FBFFF7B4
:10E1D000E6BB7E4A1696D11F16A8FEF7CDFDFFF7C7
:10E1E0007DBB7B4A1696111F16A8FEF7C5FD0BE7EF
:10E1F000774A1696111F16A8FEF7BEFDF0E6744A80
:10E200001696111F16A8FEF7B7FDD5E6704A1696AA
:10E21000111F16A8FEF7B0FDBAE62D2309F8013C40
:10E22000B0F1020910977FF4B6ADF1464FF0FF321E
:10E23000B6E504F59A7116A8FEF792FF284616AACD
:10E240006449FFF7F5F81698B04201D014F060FB6E
:10E2500004F5A67116A8FEF783FF284616AA5E49A4
:10E26000FFF7E6F81698B04201D014F051FB04F520
:10E27000B27116A8FEF774FF284616AA5749FFF791
:10E28000D7F81698B0423FF460AB14F041FBFFF7AB
:10E290005CBB0DF18808D4F830C15149002308F85F
:10E2A000113D8CEAEC7E4046AEEBEC7E00E0584639
:10E2B000A1FB0E23DB0803EB8302AEEB42023032FC
:10E2C00000F8012C9E4600F1FF3B002BEFD1BCF182
:10E2D000000FC0F2E9811097584617F0C0FB0BEB16
:10E2E0000002594610A8FEF747FD3E4910A8FFF767
:10E2F00063F8014616A8FEF755FE284616AA3A49C5
:10E30000FFF796F81698B04201D014F001FB109870
:10E31000B8423FF415AB14F0FBFAFFF711BBD4F889
:10E320003011DFF8BCC0002381EAE170A0EBE1709E
:10E330008DF8773000E0C846ACFB0023DB0803EB28
:10E340008302A0EB4202303208F8012C184608F193
:10E35000FF39002BEFD10029C0F29B81109748466E
:10E3600017F07DFB09EB0002494610A8FEF704FDFB
:10E370001C4910A8FFF720F8014616A8FEF712FE68
:10E38000284616AA1949FFF753F81698B04201D04B
:10E3900014F0BEFA1098B8423FF4C0AD14F0B8FAC9
:10E3A000BCE500BF88C2050080C2050020C805008A
:10E3B000F0C7050028C805002CC8050040890500E5
:10E3C0000CC80500FCC70500BCC70500478905004F
:10E3D00060C705009CC70500ACC70500B0C70500B5
:10E3E000CDCCCCCC84C705008CC70500CCC90500BA
:10E3F000C5492846FEF7E0FF04F5497116A8FEF767
:10E4000019FE284616AAC149FFF712F81698B0421D
:10E4100001D014F07DFAD4F8400315F03FFEB6A306
:10E42000D3E9002315F0B4FE0323B94ACDE9000176
:10E43000302116A817F0C0FA16A910A8FEF7F8FCAC
:10E44000B44910A8FEF7B8FF014616A8FEF7AAFDCA
:10E45000284616AAB049FEF7EBFF1698B04201D045
:10E4600014F056FA1098B84201D014F051FAD4F8CA
:10E47000440315F013FEA2A3D3E9002315F088FE90
:10E480000123A34ACDE90001302116A817F094FA20
:10E4900016A910A8FEF7CCFCA04910A8FEF78CFF27
:10E4A000014616A8FEF77EFD284616AA9C49FEF7EF
:10E4B000BFFF1698B04201D014F02AFA1098B84263
:10E4C00001D014F025FA002294F84833DFF864C232
:10E4D0008DF877204146ACFB0302D20802EB8200A4
:10E4E000A3EB4003303301F8013D02F0FF03002AA3
:10E4F000F1D110A8FEF79CFC8A4910A8FFF752F949
:10E50000014616A8FEF74EFD284616AA8649FEF7D4
:10E510008FFF1698B04201D014F0FAF91098B84263
:10E5200001D014F0F5F9002294F84933DFF804C261
:10E530008DF877204146ACFB0302D20802EB820043
:10E54000A3EB4003303301F8013D02F0FF03002A42
:10E55000F1D110A8FEF76CFC744910A8FFF722F95E
:10E56000014616A8FEF71EFD284616AA7049FEF7BA
:10E570005FFF1698B04201D014F0CAF91098B84263
:10E5800001D014F0C5F994F94AC36A495FFA8CFEC8
:10E59000BCF1000FB8BFCEF100024FF00003B8BFCE
:10E5A0005FFA82FE8DF87730404600E04846A1FBD6
:10E5B0000E23DB0803EB8302AEEB4202303213F092
:10E5C000FF0E00F8012C00F1FF39EFD1BCF1000F74
:10E5D000C0F2C0801097484617F041FA09EB0002DC
:10E5E000494610A8FEF7C8FB534910A8FEF7E4FE01
:10E5F000014616A8FEF7D6FC284616AA4F49FEF794
:10E6000017FF1698B04201D014F082F91098B84262
:10E6100001D014F07DF994F84B33494A082110A831
:10E6200017F0CAF910A916A8FEF702FC284616AA88
:10E630004449FEF7FDFE1698B04201D014F068F987
:10E640000022B4F84C33DFF8ECC08DF87720414657
:10E65000ACFB0302D20802EB8200A3EB400303F100
:10E66000300093B201F8010D002BF1D110A8FEF794
:10E67000DFFB284610AA3449FEF7DAFE1098B842AC
:10E6800001D014F045F931492846FEF795FEFFF711
:10E690000EBA2D23B8F10208109709F8013C65D194
:10E6A00081464FF0FF325FE62D230BF8013CB0F1BD
:10E6B000020B10977FF410AEF3464FF0FF3210E6D6
:10E6C000234907E5DEF80000DEF80410DEF8082034
:10E6D000DEF80C30B146A9E80F00FFF774BBDEF896
:10E6E0000000DEF80410DEF80820DEF80C30B14639
:10E6F000A9E80F00FFF7A3BA8DEDB5A0F7C6B03EAD
:10E70000FCA9F1D24D62503F4CC8050070C805000D
:10E71000F0C7050078C8050080C805008CC8050052
:10E7200094C80500A0C80500A4C80500B8C8050025
:10E73000BCC80500CDCCCCCC84C70500C8C805003A
:10E74000D4C80500DCC80500E8C80500ECA5050034
:10E75000FC8805002D2309F8013CB0F1020910974F
:10E760007FF439AFF1464FF0FF3239E7C146F6E5A5
:10E7700014F0CEF8FFF783B914F0CAF8FFF763BBC3
:10E780002DE9F04F0C4609686268ADF5337D0A4407
:10E79000A8AF0546A6A8A697FEF7EEFABC49A6A81C
:10E7A000FEF70AFE0AA8A6A9FEF744FCA698B842FE
:10E7B00001D014F0ADF804F1B403194610A81E46B8
:10E7C0000493FEF7CDFC16A804F13001FEF732FCED
:10E7D000334604F5CC7294F89411A6A8FEF702FB18
:10E7E0001CA8A6A9FEF726FCA698B84201D014F0F2
:10E7F0008FF804F1CC0304F5D87294F894110593C2
:10E80000A6A8FEF7EFFA22A8A6A9FEF713FCA69881
:10E81000B84201D014F07CF804F1E40304F5E4728A
:10E8200094F894110693A6A8FEF7DCFA28A8A6A9E6
:10E83000FEF700FCA698B84201D014F069F804F184
:10E84000FC0304F5F07294F894110793A6A8FEF760
:10E85000C9FA2EA8A6A9FEF7EDFBA698B84201D0EA
:10E8600014F056F804F58A7304F5FC7294F89411C8
:10E870000893A6A8FEF7B6FA34A8A6A9FEF7DAFB15
:10E88000A698B84201D014F043F800223CA994F8AD
:10E8900094318DF8F020CDE93A1204F198010391FA
:10E8A000002B40F0798794F8B020002A40F065856D
:10E8B00048230093774B11463AA8F6F79FFC0DF5D5
:10E8C0001A78A0AE0DF522790DF51C7A002305F11A
:10E8D0000802C5E900232B7242F228312846FEF7D0
:10E8E00003FB0AAA94A86C49FEF7A6FE6B4994A8FC
:10E8F000FEF762FD01464046FEF754FBDDE90A12D1
:10E900004046FEF76DFB01463046FEF74BFB64497F
:10E910003046FEF751FD0146A6A8FEF743FBA79A35
:10E92000A6992846FEF75CFBA698B84201D013F0E2
:10E93000EFFFA098484501D013F0EAFF9A985045A0
:10E9400001D013F0E5FF94980DF5167B584501D0E2
:10E9500013F0DEFF94F8873016AA002B00F0E9854B
:10E9600050493046FEF768FE4F493046FEF724FD19
:10E970000146A6A8FEF716FBA79AA6992846FEF719
:10E980002FFBA698B84201D013F0C2FFA0984845CB
:10E9900001D013F0BDFF10AA7CA84449FEF74CFE3D
:10E9A00043497CA8FEF708FD014682A8FEF7FAFA63
:10E9B00088A80399FEF73EFB88AA82A98EA8FEF7D5
:10E9C000A9FE3C498EA8FEF7F7FC014694A8FEF785
:10E9D000E9FAE36C002B40F0A58537494046FEF785
:10E9E00027FA424694A93046FEF794FE3349304652
:10E9F000FEF7E2FC0146A6A8FEF7D4FAA79AA6996C
:10EA00002846FEF7EDFAA698B84201D013F080FF31
:10EA1000A098484501D013F07BFF9A98504501D04B
:10EA200013F076FF9498584501D013F071FF8E983B
:10EA300090AB984201D013F06BFF88988AAB984254
:10EA400001D013F065FF829884AB984201D013F097
:10EA50005FFF7C987EAB984201D013F059FF94F889
:10EA60008630002B40F0EF85154A164B94F81212B1
:10EA700088A800290CBF11461946FEF7D9F912499A
:10EA800088A8FEF78FFE01468EA8FEF78BFA1DE0E0
:10EA9000CCC205004C95050098950500149605001C
:10EAA000189C0500349C0500509C0500849C0500C2
:10EAB0009C9C0500C09C05005CC705007C9C050073
:10EAC000E4930500D09305004C9D0500B7498EA83E
:10EAD000FEF772FC014694A8FEF764FAB44BB54AFF
:10EAE00094F89411404600290CBF11461946FEF7D0
:10EAF0009FF9424694A93046FEF70CFEAE493046D7
:10EB0000FEF75AFC0146A6A8FEF74CFAA79AA6996A
:10EB10002846FEF765FAA698B84201D013F0F8FE31
:10EB2000A098484501D013F0F3FE9A98504501D0C3
:10EB300013F0EEFE9498584501D013F0E9FE8E983C
:10EB400090AB984201D013F0E3FE88988AAB9842CC
:10EB500001D013F0DDFE94F8903023B194F88F309B
:10EB6000002B40F0A186D4F86C23002A40F0618588
:10EB7000924994A8FEF75CF994A94046FEF75AFA28
:10EB80008F494046FEF70EFE01463046FEF70AFA70
:10EB90008C493046FEF710FC0146A6A8FEF702FAA3
:10EBA000A79AA6992846FEF71BFAA698B84201D064
:10EBB00013F0AEFEA098484501D013F0A9FE9A9834
:10EBC000504501D013F0A4FE9498584501D013F09D
:10EBD0009FFE94F89130002B00F0B2847A4A7B4B70
:10EBE00094F8871076A8002914BF11461946FEF73D
:10EBF0001FF9774976A8FEF7D5FD01467CA8FEF7F8
:10EC0000D1F974497CA8FEF7D7FB014682A8FEF72C
:10EC1000C9F9714B714A94F8871088A800290CBF74
:10EC200011461946FEF704F988AA82A98EA8FEF7B4
:10EC300071FD6B498EA8FEF7BFFB014694A8FEF755
:10EC4000B1F904F5BE714046FEF7F4F9424694A9C5
:10EC50003046FEF75FFD63493046FEF7ADFB0146E7
:10EC6000A6A8FEF79FF9A79AA6992846FEF7B8F935
:10EC7000A698B84201D013F04BFEA098484501D0A9
:10EC800013F046FE9A98504501D013F041FE949837
:10EC9000584501D013F03CFE8E9890AB984201D0BD
:10ECA00013F036FE88988AAB984201D013F030FEFC
:10ECB000829884AB984201D013F02AFE7C987EABF8
:10ECC000984201D013F024FE769878AB984201D098
:10ECD00013F01EFE3AAA40A84349FEF7ADFC434993
:10ECE00040A8FEF769FB014646A8FEF75BF9404BDA
:10ECF000404A94F894114CA800290CBF11461946BB
:10ED0000FEF796F84CAA46A952A8FEF703FD3A4929
:10ED100052A8FEF751FB014658A8FEF743F9DDE97A
:10ED20001C1258A8FEF75CF901465EA8FEF73AF9F6
:10ED300032495EA8FEF740FB014664A8FEF732F9AF
:10ED4000DDE9221264A8FEF74BF901466AA8FEF736
:10ED500029F92B496AA8FEF72FFB014670A8FEF798
:10ED600021F9DDE9281270A8FEF73AF9014676A8E4
:10ED7000FEF718F9234976A8FEF71EFB01467CA88A
:10ED8000FEF710F9DDE92E127CA8FEF729F90146FD
:10ED900082A8FEF707F91C4982A8FEF70DFB014681
:10EDA00088A8FEF7FFF8DDE934122FE0749D050016
:10EDB000F49305000C940500909D0500A09F0500AC
:10EDC000D49F050028A00500189405005494050060
:10EDD000F0A005003CA105008094050044C7050093
:10EDE0008CA10500E4A1050094A20500D0A20500B5
:10EDF00094940500F080050068A30500FCA30500BD
:10EE000064A40500C8A405002CA5050088A8FEF789
:10EE1000E7F801468EA8FEF7C5F8B7498EA8FEF7B9
:10EE2000CBFA014694A8FEF7BDF803994046FEF7D9
:10EE300001F9424694A93046FEF76CFCAF493046D2
:10EE4000FEF7BAFA0146A6A8FEF7ACF8A79AA6996B
:10EE50002846FEF7C5F8A698B84201D013F058FD31
:10EE6000A098484501D013F053FD9A98504501D021
:10EE700013F04EFD9498584501D013F049FD8E983B
:10EE800090AB984201D013F043FD88988AAB98422A
:10EE900001D013F03DFD829884AB984201D013F06D
:10EEA00037FD7C987EAB984201D013F031FD769807
:10EEB00078AB984201D013F02BFD709872AB98425A
:10EEC00001D013F025FD6A986CAB984201D013F085
:10EED0001FFD649866AB984201D013F019FD5E984F
:10EEE00060AB984201D013F013FD58985AAB98428A
:10EEF00001D013F00DFD529854AB984201D013F09D
:10EF000007FD4C984EAB984201D013F001FD469896
:10EF100048AB984201D013F0FBFC409842AB9842BA
:10EF200001D013F0F5FC94F88630002B40F04984B2
:10EF300094F8893073B3724A724B94F82C1240469D
:10EF400000290CBF11461946FDF772FF6E49404675
:10EF5000FEF728FC01463046FEF724F86B493046A0
:10EF6000FEF72AFA0146A6A8FEF71CF8A79AA6996A
:10EF70002846FEF735F8A698B84201D013F0C8FC31
:10EF8000A098484501D013F0C3FC9A98504501D091
:10EF900013F0BEFC94F8853073B3594A594B94F87A
:10EFA0002D12404600290CBF11461946FDF740FFBF
:10EFB00057494046FEF7F6FB01463046FDF7F2FFA3
:10EFC00054493046FEF7F8F90146A6A8FDF7EAFFD6
:10EFD000A79AA6992846FEF703F8A698B84201D04A
:10EFE00013F096FCA098484501D013F091FC9A9834
:10EFF000504501D013F08CFCB2AB1A46002302F846
:10F00000113DDFF824C1B4F8103203921146ACFB75
:10F010000320C00800EB8002A3EB4202303283B22F
:10F0200001F8012D002BF2D14046FDF701FF3A49CE
:10F030004046FEF7B7FB01463046FDF7B3FF3749C0
:10F040003046FEF7B9F90146A6A8FDF7ABFFA79A2F
:10F05000A6992846FDF7C4FFA698B84201D013F040
:10F0600057FCA098484501D013F052FC9A9850459F
:10F0700001D013F04DFC94F88B3063B394F89130C9
:10F080004BB327492846FEF797F90022B4F83232ED
:10F09000DFF894C003998DF8B722ACFB0320C008B9
:10F0A00000EB8002A3EB4202303283B201F8012D63
:10F0B000002BF2D13046FDF7BBFEA19AA09928465D
:10F0C000FDF78EFFA098484501D013F021FC1549AB
:10F0D0002846FEF771F994F88A30002B00F0808002
:10F0E000084B074A94F82F1288A800290CBF114634
:10F0F0001946FDF79DFE19E08CA50500E0A5050069
:10F10000F080050094940500ACA605000CA705004E
:10F1100050A70500A4A7050010A805006CA80500CD
:10F12000FCA80500A8AA0500CDCCCCCCB54988A880
:10F13000FEF738FB01468EA8FDF734FFB2498EA8D2
:10F14000FEF73AF9014694A8FDF72CFFB2A9002377
:10F1500001F8113DDFF8ECC2B4F83232ACFB032009
:10F16000C00800EB8002A3EB4202303283B201F808
:10F17000012D002BF2D14046FDF75AFE424694A9DC
:10F180003046FEF7C7FAA1493046FEF715F90146A9
:10F19000A6A8FDF707FFA79AA6992846FDF720FF26
:10F1A000A698B84201D013F0B3FBA098484501D00F
:10F1B00013F0AEFB9A98504501D013F0A9FB949838
:10F1C000584501D013F0A4FB8E9890AB984201D023
:10F1D00013F09EFB88988AAB984201D013F098FBFD
:10F1E00094F88C30002B33D094F89130002B00F041
:10F1F000D882874A874B94F82E12404600290CBFCC
:10F2000011461946FDF714FE83494046FEF7CAFA37
:10F2100001463046FDF7C6FE80493046FEF7CCF881
:10F220000146A6A8FDF7BEFEA79AA6992846FDF7B7
:10F23000D7FEA698B84201D013F06AFBA0984845C3
:10F2400001D013F065FB9A98504501D013F060FB94
:10F2500094F886304BB194F88D30002B40F0F48058
:10F2600094F88C30002B40F0EF8094F89130002B14
:10F2700000F046816A4A6B4B94F81212404600290E
:10F280000CBF11461946FDF7D3FD67494046FEF70E
:10F2900089FA01463046FDF785FE64493046FEF79F
:10F2A0008BF80146A6A8FDF77DFEA79AA6992846E9
:10F2B000FDF796FEA698B84201D013F029FBA0985E
:10F2C000484501D013F024FB9A98504501D013F023
:10F2D0001FFB94F88830002B40F0178354492846D0
:10F2E000FEF76AF894F89330002B40F00E8194F802
:10F2F00091301BB14F492846FEF75EF84E4928462B
:10F30000FEF75AF83A983CAB984201D013F000FB54
:10F31000349836AB984201D013F0FAFA2E9830ABFD
:10F32000984201D013F0F4FA28982AAB984201D001
:10F3300013F0EEFA229824AB984201D013F0E8FAC9
:10F340001C981EAB984201D013F0E2FA169818AB45
:10F35000984201D013F0DCFA109812AB984201D019
:10F3600013F0D6FA0A980CAB984201D013F0D0FAF9
:10F3700028460DF5337DBDE8F08F0DF51A7840462F
:10F38000FDF758FE2D494046FEF70CFAA0AE0146A7
:10F390003046FDF707FE2A493046FEF70DF80146D4
:10F3A000A6A8FDF7FFFDA69A3A9BBA4200F0F982A3
:10F3B000A798A8990DF1F00C6345CDE93A2000F02B
:10F3C000FB813C9A3C91002B00F0F781A693A89218
:10F3D0000022A7921A70A698B84201D013F098FAAA
:10F3E000A0980DF52279484501D013F091FA9A982A
:10F3F0000DF51C7A50453FF469AA13F089FAFFF71E
:10F4000065BA00BF84AB0500E8AC0500B0AD0500EF
:10F41000F08005009494050024AF050050B005006D
:10F42000B8940500AC9405005CB1050074B3050008
:10F43000ECB70500D8BB050080C00500109505009D
:10F4400048950500CDCCCCCCBB492846FDF7B4FF90
:10F4500094F88D3083B394F83532002B00F0858218
:10F46000B4F8360214F02AFEB1A3D3E9002314F055
:10F470008FFE0323B14ACDE900013021A6A816F082
:10F480009BFAA6A93046FDF7D3FCAD493046FDF7FF
:10F4900093FF0146A6A8FDF785FD2846A6AAA9491F
:10F4A000FDF7C6FFA698B84201D013F031FAA09834
:10F4B000484501D013F02CFA94F88C30BBB194F885
:10F4C000413233B194F84332002B00F084829E49DC
:10F4D00000E09E49A6A8FDF7ABFC2846A6AA9C49D9
:10F4E000FDF7A6FFA698B84201D013F011FA99498A
:10F4F0002846FDF761FF94F89130002B7FF4BAAEF7
:10F5000094F89330002B3FF4F9AE93492846FDF769
:10F5100053FF636E002B40F0FD8190492846FDF7B4
:10F520004BFFE4E604F148014046FDF783FDFFF799
:10F5300058BA8B493046FEF77FF88A49FFF715BA6B
:10F5400094F88630002B3FF4C6AD87492846FDF776
:10F5500033FF864A864B94F89411A6A800290CBF65
:10F5600011461946FDF764FC2846A6AA8149FDF715
:10F570005FFFA698B84201D013F0CAF90499A6A873
:10F58000FDF7EEFD2846A6AA7B49FDF751FFA69898
:10F59000B84201D013F0BCF90599A6A8FDF7E0FD2B
:10F5A0002846A6AA7549FDF743FFA698B84201D0A0
:10F5B00013F0AEF90699A6A8FDF7D2FD2846A6AA33
:10F5C0006F49FDF735FFA698B84201D013F0A0F9B6
:10F5D000D4F80031002B00F0DD810799A6A8FDF7D3
:10F5E00029FD2846A6AA6749FDF722FFA698B8423A
:10F5F00001D013F08DF9D4F81831002B00F0C3813D
:10F600000899A6A8FDF716FD2846A6AA5E49FDF7AB
:10F610000FFFA698B84201D013F07AF94D49284659
:10F62000FDF7CAFE94F89130002B3FF454ADFFF77C
:10F63000D5BAD4F86813CDF850B20A4494A8FDF7AF
:10F640009BFBFFF799BA76A804F59A71FDF788FD40
:10F650004E4976A8FEF7A6F801467CA8FDF7A2FC65
:10F660004B497CA8FDF7A8FE014682A8FDF79AFC4D
:10F6700004F5A67188A8FDF773FD88AA82A98EA853
:10F68000FEF748F843498EA8FDF796FE014694A878
:10F69000FDF788FC04F5B2714046FDF761FD424676
:10F6A00094A93046FEF736F82E493046FDF784FE21
:10F6B0000146A6A8FDF776FCA79AA6992846FDF76D
:10F6C0008FFCA698B84201D013F022F9A0984845C3
:10F6D00001D013F01DF99A98504501D013F018F994
:10F6E0009498584501D013F013F98E9890AB984236
:10F6F00001D013F00DF988988AAB984201D013F02D
:10F7000007F9829884AB984201D013F001F97C98F4
:10F710007EAB984201D013F0FBF8769878AB984214
:10F720003FF4A2A913F0F4F8FFF79EB9AFF30080FD
:10F73000FCA9F1D24D62503F04B10500F0C70500AD
:10F74000F8C70500FCC70500FC880500A09405006B
:10F7500020C80500D8A00500C4B8050078BA050087
:10F760005C9C05007C9C050080A00500BCC20500D7
:10F77000C4C205003CCA050058C705000CCA0500F4
:10F7800004CA050014CA05001CCA0500EC9C05004B
:10F79000089D0500289D05004C230093A94BFFF709
:10F7A0008AB894F88630002B7FF455AD94F89330E6
:10F7B000002B3FF4A3ADA8E63C91A697A8AF3B462B
:10F7C00006E604F59A7176A8FDF7CAFC9E4976A86C
:10F7D000FDF7E8FF01467CA8FDF7E4FB9B497CA808
:10F7E000FDF7EAFD014682A8FDF7DCFB04F5A671F2
:10F7F00088A8FDF7B5FC88AA82A98EA8FDF78AFF24
:10F8000093498EA8FDF7D8FD014694A8FDF7CAFBE1
:10F8100004F5B2714046FDF7A3FC424694A9304678
:10F82000FDF778FF8B493046FDF7C6FD0146A6A8D7
:10F83000FDF7B8FBA79AA6992846FDF7D1FBA69835
:10F84000B84201D013F064F8A098484501D013F0F5
:10F850005FF89A98504501D013F05AF8949858459B
:10F8600001D013F055F88E9890AB984201D013F068
:10F870004FF888988AAB984201D013F049F88298E3
:10F8800084AB984201D013F043F87C987EAB984249
:10F8900001D013F03DF8769878AB98423FF448AB2E
:10F8A00013F036F8FFF744BB16AA6B494046FDF744
:10F8B000C3FE6A4A6A4B94F88710404600290CBF81
:10F8C00011461946FDF778FD01463046FDF76AFB03
:10F8D00064493046FDF770FD0146A6A8FDF762FBBE
:10F8E000A79AA6992846FDF77BFBA698B84201D0B7
:10F8F00013F00EF8A098484501D013F009F89A9833
:10F9000050457FF464A9FFF764B957492846FDF7CD
:10F9100053FDE3E404F160014046FDF78BFB5349DE
:10F920004046FDF73FFF01463046FDF73BFB50499F
:10F930003046FDF741FD0146A6A8FDF733FBA79A27
:10F94000A6992846FDF74CFBA698B84201D012F0C4
:10F95000DFFFA098484501D012F0DAFF9A98504591
:10F960003FF4DBAD12F0D4FFD7E54249A6A8FDF77E
:10F970005FFA2846A6AA4049FDF75AFDA698B84264
:10F980003FF49AAD96E53D4AA697111FA6A8FDF74C
:10F99000F3F939E6394AA697111FA6A8FDF7ECF945
:10F9A0001FE63CAA9342DDF89CA214BF3C9A0F22AA
:10F9B000924518D8BAF1000F06D0BAF1010FA699F6
:10F9C00033D10A781A703A9BCDF8ECA0002203F8E4
:10F9D0000A20A69BFCE494F842222949294B002ADC
:10F9E00018BF194676E5BAF1000F28DB4FEA420945
:10F9F000CA4520D2B9F1000FAEBF09F101004FF0A6
:10FA000000406FF0004912F07FFF03463A983CAA8D
:10FA1000904203D0099312F07BFF099B3A93CDF8F3
:10FA2000F090BAF1000FCFD0C7E71846524615F054
:10FA3000B6F83A9BC8E70AF10100D146E3E712485D
:10FA400014F05AF9C0940500F4A5050034A6050089
:10FA50006CA60500E0A50500DC9D0500F080050012
:10FA600078C205007C9F05000CB60500DCB90500D6
:10FA700018BA050040890500FCC7050060C70500ED
:10FA800080C2050088C20500C0880500F0B58FB0AF
:10FA9000054602A8FDF778FB01230022009302A887
:10FAA0002B4B1146F5F7AAFB0AAF0646089756F806
:10FAB000083BB342044639D0826808930A926368CF
:10FAC00009930023C4E90063099923726FF000438E
:10FAD000994239D0089BBB4218BF0A9A01F1010430
:10FAE00008BF0F22944219D822225A54089B099425
:10FAF00000221A55089B05F10804BB422C601DD05A
:10FB00000A9A2B60AA60099B02986B6004AB98422A
:10FB100001D012F0FDFE28460FB0F0BD0123009386
:10FB200000220B4B08A8F3F7D3FBDFE730687168BE
:10FB3000B268F368BC46ACE80F00C0E70FCFA8601E
:10FB4000E9602A616B61DEE7024814F0D5F800BF76
:10FB50002C910500E887050010B54B6804461BB1E1
:10FB6000FFF794FF204610BD044A00F1080303602C
:10FB7000111FFDF701F9204610BD00BF28910500B7
:10FB80002DE9F04FFDB082464CA80C46FFF77EFFF2
:10FB90004CA8B449FDF706FE54AB0646529356F8FE
:10FBA000083BB342054600F0908452938368549317
:10FBB0006B6853930023C5E900632B7252A8AA49CE
:10FBC000FDF7FAFB0DF5B4790646CDF8609156F8CD
:10FBD000083BB342054600F06784589383685A9304
:10FBE0006B6859930023C5E900632B725EA804F18A
:10FBF0001801FFF74BFF5EAA64A858A9FDF78AFD1C
:10FC000064A89A49FDF7D8FB6CAE07466A9657F888
:10FC1000083BBB42054600F04F846A9383686C93AF
:10FC20006B686B930023C5E900732B7270A804F115
:10FC30003001FFF72BFF04A870AA6AA9FDF76AFD3F
:10FC4000709872AFB84201D012F062FE6A98B0426A
:10FC500001D012F05DFE64980DF5CC78404501D0DE
:10FC600012F056FE5E9860AB984201D012F050FE42
:10FC70005898484501D012F04BFE529854AB984228
:10FC800001D012F045FE4C984EAB984201D012F0D4
:10FC90003FFE94F887B0BBF1000F00F03183D4E948
:10FCA0000C1264A80A44CDF89081FDF765F87049FC
:10FCB00064A8FDF781FB64A96AA8FFF7E7FE6D4918
:10FCC0006AA8FDF76FFD844670975CF8083B6345B2
:10FCD000054600F079837093836872936B68719323
:10FCE0000023C5E900C32B72719A709904A8FDF72F
:10FCF00077F97098B84201D012F00AFE6A98B042C3
:10FD000001D012F005FEBBF1000F04D0649840450D
:10FD100001D012F0FDFD0AA804F19801FFF7B6FE2C
:10FD20000AA85549FDF73EFD12AB844610935CF8D6
:10FD3000083B6345054600F0848382681093129265
:10FD40006B6811930023C5E900C32B724B4910A8BF
:10FD5000FDF732FB18AB844616935CF8083B63450D
:10FD6000054600F07B838268169318926B681793A0
:10FD70000023C5E900C32B721CA804F1B401FFF7EE
:10FD800085FE1CAA22A816A9FDF7C4FC22A83C499E
:10FD9000FDF712FB2AAB844628935CF8083B6345C9
:10FDA000054600F01D83826828932A926B68299388
:10FDB0000023C5E900C32B722EA804F14801FFF708
:10FDC000CBFE2EAA34A828A9FDF7A4FC34A82D49FF
:10FDD000FDF7F2FA3CAB86463A935EF8083B734572
:10FDE000844600F00A8382683A933C92DCF804303F
:10FDF0003B937CAD0023CCE900E38CF8083005F898
:10FE0000113D2149A36FAB46A1FB0302D20802EBCF
:10FE10008200A3EB400330330BF8013D1346002A68
:10FE2000F2D142AB5846409315F019FE59460BEB00
:10FE3000000240A8FCF7A0FF40AA46A83AA9FDF797
:10FE400069FC46A81149FDF7B7FA4EAB86464C93BC
:10FE50005EF8083B7345844600F0DA824C93836871
:10FE60004E9315E0BCCA0500C8CA0500D8CA0500F3
:10FE700078C20500E8CA0500F4CA050004CB0500F5
:10FE800014CB05002CCB0500CDCCCCCC3CCB050055
:10FE9000DCF804304D934FF0000B8CF808B0A16FE4
:10FEA000354B364ACCF800E0A2FB01E2A3FB010E81
:10FEB0004FEADE2ECCF804B04FF4616C0CFB1E1E32
:10FEC000DFF8CCC0120C0CFB121CA3FB0C032C485B
:10FED000A0FB010C2A484FEA5C1CA0FB0E0ECCEBE9
:10FEE0000C1CDB0A4FEA5E10A1EB8C0C002A40F0E0
:10FEF0003082CDE9000C234A282170A815F05CFD62
:10FF000054AB70A8529315F0AAFD70A90A1852A814
:10FF1000FCF732FF52A958A8FFF7B8FD58AA4CA920
:10FF20005EA8FDF7F7FB18495EA8FDF745FA86467F
:10FF3000CDF890815EF8083B7345844600F0A882B6
:10FF4000649383686693DCF8043065930023CCE9FE
:10FF500000E38CF8083094F97CC00C485FFA8CF30D
:10FF6000BCF1000FB8BF5B424FF00002B8BFDBB27C
:10FF70008DF8DF2129460EE0C5B3A29107452EC2B8
:10FF800089888888D4C7050048CB0500CDCCCCCC67
:10FF9000805101005946A0FB03E2D20802EB820E19
:10FFA000A3EB4E03303301F8013C12F0FF0301F1E3
:10FFB000FF3BEFD1BCF1000FC0F2D5816A965846E5
:10FFC00015F04DFD0BEB000259466AA8FCF7D4FE74
:10FFD0006AAA64A970A8FDF79DFB719A709904A89C
:10FFE000FCF7FEFF7098B84201D012F091FC6A98BD
:10FFF000B04201D012F08CFC6498404501D012F060
:020000024000BC
:1000000087FC5E9860AB984201D012F081FC589852
:10001000484501D012F07CFC529854AB984201D074
:1000200012F076FC4C984EAB984201D012F070FC66
:10003000469848AB984201D012F06AFC409842AB17
:10004000984201D012F064FC3A983CAB984201D03F
:1000500012F05EFC349836AB984201D012F058FC96
:100060002E9830AB984201D012F052FC28982AAB5F
:10007000984201D012F04CFC229824AB984201D057
:1000800012F046FC1C981EAB984201D012F040FCC6
:10009000169818AB984201D012F03AFC109812ABA7
:1000A000984201D012F034FC0A980CAB984201D06F
:1000B00012F02EFC94F894300BB394F87D30002BA2
:1000C00040F02581B44A6A96111F6AA8FCF754FED5
:1000D000B2496AA8FDF766FB014670A8FCF762FF0B
:1000E000719A709904A8FCF77BFF7098B84201D010
:1000F00012F00EFC6A98B04201D012F009FC94F89C
:1001000095304BB3A64BA74A94F884B06A96BBF1DE
:10011000000F14BF93469B46584615F0A0FC594665
:100120000BEB00026AA8FCF727FE9F496AA8FDF7BF
:1001300039FB014670A8FCF735FF719A709904A845
:10014000FCF74EFF7098B84201D012F0E1FB6A98BC
:10015000B04201D012F0DCFB94F83532002B00F0F5
:100160000E810021B4F83632904A8DF8DF11A2FBDF
:100170000301C90801EB8100A3EB400303F1300048
:100180008BB205F8010D002BF1D12846CDF8609116
:1001900015F065FC29462A1858A8FCF7EDFD58A86B
:1001A0008349FDF7FFFA60AB84465E935CF8083B39
:1001B0006345054600F05F815E93836860936B68DA
:1001C0005F930023C5E900C32B725EA87949FDF750
:1001D000F3F88446CDF890815CF8083B634505460A
:1001E00000F023816493836866936B6865930023B2
:1001F0002B7294F83522C5E900C3002A79D0B4F8EF
:10020000360213F05BFF62A3D3E9002313F0C0FFB3
:10021000694ACDE900010323302170A815F0CCFB19
:1002200070A86A9615F01BFC70A90A186AA8FCF75A
:10023000A3FD64A96AAA70A8FDF76CFA719A709977
:1002400004A8FCF7CDFE7098B84201D012F060FB14
:100250006A98B04201D012F05BFB6498404501D02F
:1002600012F056FB5E9860AB984201D012F050FB42
:100270005898484501D012F04BFB94F8383203B33C
:1002800094F83932002B53D1434A6A96111F6AA859
:10029000FCF772FD49496AA8FDF784FA014670A887
:1002A000FCF780FE719A709904A8FCF799FE70988B
:1002B000B84201D012F02CFB6A98B04201D012F083
:1002C00027FBDDE904120AF108030A44CAF80030EA
:1002D0005046FCF751FD3A495046FDF76DF8049839
:1002E00006AB984201D012F013FB50467DB0BDE83A
:1002F000F08F294A6A96111F6AA8FCF73DFD98E71E
:10030000254A6A96111F6AA8FCF736FDD7E4D4F88F
:10031000800013F0E5FE0123CDE90001264A3021DB
:1003200070A815F049FB70A96AA8FCF781FDCFE61B
:10033000D4F83C0213F0D4FE0323CDE900011E4A99
:10034000302170A815F038FB70A96AA8FCF770FD81
:10035000A0E7CDE9010C00932821134670A8194AA3
:1003600015F02AFBCCE52D220BF8012CB1F1020B84
:100370006A967FF424AE9B464FF0FF3224E6064A8D
:10038000CDF86091111F58A8FCF7F6FC07E700BFF5
:10039000FCA9F1D24D62503F2891050060CB0500C9
:1003A0002086050018860500D4CB0500CDCCCCCC2A
:1003B00078CB050090CB0500F0C70500A8CB050061
:1003C000D0CB0500BCC70500DCF80000DCF8041049
:1003D000DCF80820DCF80C30BE46AEE80F007DE407
:1003E000DCF80000DCF80410DCF80820DCF80C3045
:1003F0000DF1A80EAEE80F00D8E4DEF80000DEF83C
:100400000410DEF80820DEF80C303CAD0FC5EDE43A
:10041000DEF80000DEF80410DEF80820DEF80C300C
:100420000DF59C7BABE80F0032E5DCF80000DCF852
:100430000410DCF80820DCF80C30C646AEE80F00EB
:10044000D3E6DCF80000DCF80410DCF80820DCF867
:100450000C300DF1480EAEE80F0071E4DCF800003E
:10046000DCF80410DCF80820DCF80C300DF1600E2C
:10047000AEE80F007AE4DCF80000DCF80410DCF8E9
:100480000820DCF80C300DF5C07EAEE80F0096E6D3
:10049000DEF80000DEF80410DEF80820DEF80C308C
:1004A000C346ABE80F004EE530687168B268F36888
:1004B0004F460FC7FFF794BB38687968BA68FB6886
:1004C000B446ACE80F00FFF7ABBB30687168B268A8
:1004D000F36854AF0FC7FFF76BBB00BF000000000D
:1004E0002DE9F04FADF57B7D0D46824601F5497152
:1004F0000AA8FFF7CBFA0AA8B749FDF753F912ABE0
:100500000646109356F8083BB342044600F0758443
:10051000826810931292636811930023C4E9006308
:100520002372AE4910A8FCF747FF18AB0746169395
:1005300057F8083BBB42044600F067848268169374
:1005400018920023237295F83C03A549A54E6268D2
:100550001792984208BF0E46C4E9007330461EAB9E
:100560001C9315F07CFA314632181CA8FCF704FCE9
:100570001CAA22A816A9FDF7CDF822A89A49FCF7D3
:100580001BFF2AAB0746289357F8083BBB4204469B
:1005900000F04384826828932A920023237295F8FE
:1005A0003D038F498F4E62682992984208BF0E46DC
:1005B000C4E90073304630AB2E9315F050FA314643
:1005C00032182EA8FCF7D8FB2EAA34A828A9FDF7CC
:1005D000A1F834A88549FCF7EFFE3CAB07463A93F7
:1005E00057F8083BBB42064600F01F8482683A93E6
:1005F0003C9273683B93FAAC0023C6E900733372F4
:1006000004F8113D7A49D5F840332646A1FB030290
:10061000D20802EB8200A3EB4003303306F8013D21
:100620001346002AF2D142AB3046409315F017FA38
:100630003146321840A8FCF79FFB40AA46A83AA9C9
:10064000FDF768F846A86B49FCF7B6FE4EAB0746C7
:100650004C9357F8083BBB42064600F0EE83826895
:100660004C934E92002372683372D5F840034D923A
:10067000C6E9007313F012FD53A3D3E9002313F06E
:1006800087FD5D4ACDE9000103233021EEA815F076
:1006900093F954ABEEA8529315F0E1F9EEAB1A18AA
:1006A000194652A8FCF768FB52AA58A84CA9FDF7B6
:1006B00031F858A85149FCF77FFE60AB07465E93BE
:1006C00057F8083BBB42064600F0C08382685E9341
:1006D0006092002173683172454A5F93D5F84433C4
:1006E000376071608DF8D7132646A2FB0301C90855
:1006F00001EB8100A3EB4003303306F8013D0B46CC
:100700000029F2D166AB3046649315F0A8F9314662
:10071000321864A8FCF730FB64AA6AA85EA9FCF74B
:10072000F9FF6AA83649FCF747FE72AB074670939B
:1007300057F8083BBB42064600F0918382687093ED
:100740007292002372683372D5F844037192C6E93D
:10075000007313F0A3FC1EA3D3E9002313F018FDCC
:10076000254ACDE9000101233021EEA815F024F936
:1007700078ABEEA8769315F072F9EEAB1A1819461D
:1007800076A8FCF7F9FA76AA7CA870A9FCF7C2FF54
:100790007CA81C49FCF710FE84AB0746829357F8EF
:1007A000083BBB42064600F06383826882938492D2
:1007B000736883930022C6E90072327295F8483359
:1007C0000B498DF8D7231FE08DEDB5A0F7C6B03EDD
:1007D000FCA9F1D24D62503FA8C00500B4C005008D
:1007E0002086050018860500D0C10500E8C1050077
:1007F000CDCCCCCCC0C00500F0C70500D4C00500EE
:10080000E8C00500FCC005002646A1FB0302D20893
:1008100002EB8200A3EB4003303306F8013D02F007
:10082000FF03002AF1D18AAB3046889315F017F9FF
:100830003146321888A8FCF79FFA88AA8EA882A9A8
:10084000FCF768FF8EA82E49FCF7B6FD96AB07466D
:10085000949357F8083BBB42064600F01283826827
:1008600094939692736895930022C6E9007232724F
:1008700095F8493323498DF8D7232646A1FB030277
:10088000D20802EB8200A3EB4003303306F8013DAF
:1008900002F0FF03002AF1D19CAB30469A9315F089
:1008A000DEF8314632189AA8FCF766FA9AAAA0A890
:1008B00094A9FCF72FFFA0A81349FCF77DFDA8AB76
:1008C0000746A69357F8083BBB42064600F0E28273
:1008D0008268A693A8927368A7930023C6E9007361
:1008E000337295F94A630748F3B2002EB8BF5B42F2
:1008F0004FF00002B8BFDBB28DF8D723214606E0E7
:1009000014C10500CDCCCCCC24C105003946A0FBD8
:100910000372D20802EB8207A3EB4703303301F8DE
:10092000013C12F0FF0301F1FF37EFD1002EACAE16
:10093000C0F24982AEAB03933360384615F08FF8AE
:100940003A1839463046FCF717FAB2A83246A6A93B
:10095000FCF7E0FEB2A8B549FCF72EFD0DF53A799B
:100960008446CDF8E0925CF8083B6345074600F00A
:1009700038828268B893BA927B68B9930023C7E93A
:1009800000C33B72AA4A95F84B330821EEA815F034
:1009900013F8C0ABEEA8BE9315F061F8EEAB1A18D1
:1009A0001946BEA8FCF7E8F9BEA9C4A8FFF76EF87F
:1009B000C4AACAA8B8A9FCF7ADFECAA89D49FCF70D
:1009C000FBFCD2AB8446D0935CF8083B63450746FA
:1009D00000F06982D0938368D2937B68D193002220
:1009E000C7E900C23A7295F84B3393498DF8D72383
:1009F0002746A1FB0302D20802EB8200A3EB4003CF
:100A0000303307F8013D02F0FF03002AF1D1D8ABE3
:100A10003846D69315F023F839463A18D6A8FCF78D
:100A2000ABF9D6AADCA8D0A9FCF774FEDCA88349F0
:100A3000FCF7C2FCE4AF8646E2975EF8083B7345DC
:100A4000844600F03D82E2938368E493DCF804304E
:100A5000E39300228CF808207749B5F84C33CCF8A2
:100A600000E0CCF80420A3468DF8D723A1FB0302B5
:100A7000D20802EB8200A3EB400303F1300093B2F3
:100A80000BF8010D002BF1D10DF56A785846CDF821
:100A9000A08314F0E4FF59460BEB0002E8A8FCF732
:100AA0006BF904A8E8AAE2A9FCF734FEE8984045EF
:100AB00001D011F02DFFE298B84201D011F028FFCB
:100AC000DC98DEAB984201D011F022FFD698D8AB6B
:100AD000984201D011F01CFFD098D2AB984201D0BF
:100AE00011F016FFCA980DF54C7B584501D011F056
:100AF0000FFFC498C6AB984201D011F009FFBE9811
:100B0000C0AB984201D011F003FFB898484501D01E
:100B100011F0FEFEB298B4AB984201D011F0F8FE8D
:100B20003068039B984201D011F0F2FEA698A8AB62
:100B3000984201D011F0ECFEA098A2AB984201D0EF
:100B400011F0E6FE9A989CAB984201D011F0E0FEBD
:100B5000949896AB984201D011F0DAFE8E9890AB43
:100B6000984201D011F0D4FE88988AAB984201D007
:100B700011F0CEFE829884AB984201D011F0C8FEED
:100B80007C987EAB984201D011F0C2FE769878AB8B
:100B9000984201D011F0BCFE709872AB984201D01F
:100BA00011F0B6FE6A986CAB984201D011F0B0FE1D
:100BB000649866AB984201D011F0AAFE5E9860ABD3
:100BC000984201D011F0A4FE58985AAB984201D037
:100BD00011F09EFE529854AB984201D011F098FE4D
:100BE0004C984EAB984201D011F092FE469848AB1B
:100BF000984201D011F08CFE409842AB984201D04F
:100C000011F086FE3A983CAB984201D011F080FE7C
:100C1000349836AB984201D011F07AFE2E9830AB62
:100C200098420DD011F074FE0AE000BF38C10500F3
:100C3000D4C8050048C10500CDCCCCCC5CC10500B2
:100C400028982AAB984201D011F062FE229824AB7A
:100C5000984201D011F05CFE1C981EAB984201D066
:100C600011F056FE169818AB984201D011F050FEC4
:100C7000109812AB984201D011F04AFE0A980CABC2
:100C8000984201D011F044FE95F88A30002B00F014
:100C9000818095F82F12DFF858928F4EC4A8002952
:100CA00014BF49463146FCF7C3F88C49C4A8FCF789
:100CB00079FD0146CAA8FCF775F98949CAA8FCF76D
:100CC0007BFB0146D0A8FCF76DF995F83012D6A849
:100CD000002914BF49463146FCF7AAF8D6AAD0A984
:100CE000DCA8FCF717FD7F49DCA8FCF765FB014693
:100CF000E2A8FCF757F9B5F832327B4D00222146C5
:100D00008DF8D723A5FB0302D20802EB8200A3EBE8
:100D1000400303F1300093B201F8010D002BF1D133
:100D2000E8A8FCF785F8E8AAE2A9EEA8FCF7F2FC2F
:100D3000EF9AEE9904A8FCF753F9EE98F0AB9842BD
:100D400001D011F0E5FDE898404501D011F0E0FD3B
:100D5000E298B84201D011F0DBFDDC98DEAB98429E
:100D600001D011F0D5FDD698D8AB984201D011F042
:100D7000CFFDD098D2AB984201D011F0C9FDCA98EE
:100D8000584501D011F0C4FDC498C6AB984201D0BB
:100D900011F0BEFDDDE904120AF108030A44CAF8A5
:100DA00000305046FBF7E8FF50495046FCF704FB83
:100DB000049806AB984201D011F0AAFD50460DF5FB
:100DC0007B7DBDE8F08FAEAA104603922D2207F876
:100DD000012C8F1E30607FF4B0AD1F464FF0FF3204
:100DE000AFE5DCF80000DCF80410DCF80820DCF8E3
:100DF0000C30CE46AEE80F00BEE530687168B268D0
:100E0000F36812AF0FC7FFF786BB38687968BA6816
:100E1000FB6818AE0FC6FFF794BB38687968BA68EC
:100E2000FB682AAE0FC6FFF7B8BB38687968BA68A6
:100E3000FB683CAC0FC4FFF7DCBB38687968BA6864
:100E4000FB680DF59C7CACE80F000BE43868796812
:100E5000BA68FB680DF5C07CACE80F0039E438686F
:100E60007968BA68FB680DF5E47CACE80F0068E4CB
:100E700038687968BA68FB680DF5047CACE80F0047
:100E800096E438687968BA68FB680DF5167CACE8BA
:100E90000F00E7E438687968BA68FB680DF5287CCC
:100EA000ACE80F0017E5DCF80000DCF80410DCF813
:100EB0000820DCF80C300DF5527EAEE80F008CE512
:100EC000DEF80000DEF80410DEF80820DEF80C3052
:100ED000B846A8E80F00B9E52086050070C10500F6
:100EE00094C10500B4C10500CDCCCCCCD0CB05005D
:100EF000188605002DE9F04F91F89431B54D0C4658
:100F0000B549ADF5217D002B08BF0D46019004AB1E
:100F10002846029314F0A3FD29462A1802A8FBF7DD
:100F20002BFF02A908A8FEF7B1FD08A8AB49FCF702
:100F300039FC0DF140080646CDF8388056F8083BDC
:100F4000B342054600F06F8482680E9310926B687E
:100F50000F930023C5E900632B72A1490EA8FCF78B
:100F60002BFA0DF158090746CDF8509057F8083B79
:100F7000BB42054600F060848268149316920023F9
:100F80002B7294F894019749974E6A68159298428B
:100F900008BF0E46C5E9007330461CAB1A9314F027
:100FA0005EFD314632181AA8FBF7E6FE1AAA20A801
:100FB00014A9FCF7AFFB20A88C49FCF7FDF928AE7B
:100FC0000746269657F8083BBB42054600F03C848E
:100FD0002693836828936B6827930023C5E90073E1
:100FE0002B722CA804F19801FEF750FD2CAA32A810
:100FF00026A9FCF78FFB32A87D49FCF7DDF93AAB57
:101000000746389357F8083BBB42054600F0258455
:10101000389383683A936B68399300232B7294F862
:10102000B00071496F4A6B60984214BF8A4692467D
:101030002F60504640AF3E9714F011FD51460AEB29
:1010400000023EA8FBF798FE3EAA44A838A9FCF788
:1010500061FB44A86749FCF7AFF94CAB84464A935F
:101060005CF8083B6345054600F001844A938368B9
:101070004C936B684B930023C5E900C32B7250A8B7
:1010800004F1B401FEF702FD50AA56A84AA9FCF7E4
:1010900041FB56A85849FCF78FF95EAB84465C9338
:1010A0005CF8083B6345054600F0EF835C9383687A
:1010B0005E936B685D930023C5E900C32B7262A841
:1010C00004F1CC01FEF748FD62AA68A85CA9FCF710
:1010D00021FB68A84949FCF76FF970AB84466E9311
:1010E0005CF8083B6345054600F0DC836E9383683B
:1010F00070936B686F930023C5E900C32B7274A8CB
:1011000004F1E401FEF728FD74AA7AA86EA9FCF7A1
:1011100001FB7AA83A49FCF74FF982AB84468093E9
:101120005CF8083B6345054600F0158480938368AE
:1011300082936B6881930023C5E900C32B7286A854
:1011400004F1FC01FEF708FD86AA8CA880A9FCF733
:10115000E1FA8CA82B49FCF72FF90DF5147A844697
:10116000CDF848A25CF8083B6345054600F00184D1
:101170009293836894936B6893930023C5E900C3AB
:101180002B7298A804F58A71FEF7E6FC019898AADC
:1011900092A9FCF7BFFA98989AADA84201D011F035
:1011A000B7FB9298504501D011F0B2FB8C988EABF2
:1011B000984201D011F0ACFB86980DF5087B58459C
:1011C00001D011F0A5FB809882AB98421CD011F0A1
:1011D0009FFB19E05C860500ECCB0500A0CC050068
:1011E000F4CB05002086050018860500F4CA05002A
:1011F00008CC050004CB050014CC050020CC05006C
:101200002CCC050038CC05007A987CAB984201D0F4
:1012100011F07EFB749876AB984201D011F078FB08
:101220006E9870AB984201D011F072FB68986AAB6F
:10123000984201D011F06CFB629864AB984201D0E7
:1012400011F066FB5C985EAB984201D011F060FB38
:10125000569858AB984201D011F05AFB509852ABB7
:10126000984201D011F054FB4A984CAB984201D0FF
:1012700011F04EFB449846AB984201D011F048FB68
:101280003E98B84201D011F043FB38983AAB9842EF
:1012900001D011F03DFB329834AB984201D011F0EF
:1012A00037FB2C982EAB984201D011F031FB2698D9
:1012B000B04201D011F02CFB209822AB984201D013
:1012C00011F026FB1A981CAB984201D011F020FBBC
:1012D0001498484501D011F01BFB0E98404501D0F1
:1012E00011F016FB08980AAB984201D011F010FBE0
:1012F000029804AB984201D011F00AFB94F82C310B
:10130000002B40F0C8810DF27F2894F88630002B26
:1013100040F00B820022B4F81032BA488DF87F22D8
:10132000A0FB0312D20802EB8201A3EB410303F1FD
:10133000300193B208F8011D002BF1D122AB4046D9
:10134000209314F08CFB414608EB000220A8FBF729
:1013500013FDAD4920A8FCF725FA864626965EF8CF
:10136000083B7345844600F01183269383682893D5
:10137000DCF8043027930023CCE900E38CF8083034
:10138000A24926A8FCF718F82EAB86462C935EF8E7
:10139000083B7345844600F0C5822C9383682E93E6
:1013A000DCF804302D9300238CF8083094F8128276
:1013B000974A9849CCF800E0984514BF9046884673
:1013C000CCF80430404634AB329314F048FB41462D
:1013D00008EB000232A8FBF7CFFC32AA2CA938A8F0
:1013E000FCF798F98C4938A8FBF7E6FF86463E974C
:1013F0005EF8083B7345844600F0A1823E93836803
:101400004093DCF804303F930023CCE900E38CF8F0
:10141000083004F5CC7144A8FEF79EFB44AA3EA90F
:101420004AA8FCF777F97D494AA8FBF7C5FF52ABFC
:10143000864650935EF8083B7345844600F03F8231
:10144000509383685293DCF8043051930023CCE925
:1014500000E38CF8083004F5D87156A8FEF77CFB41
:1014600056AA50A95CA8FCF755F96D495CA8FBF792
:10147000A3FF64AB864662935EF8083B73458446DF
:1014800000F02A82629383686493DCF804306393EB
:101490000023CCE900E38CF8083004F5E47168A877
:1014A000FEF75AFB68AA62A96EA8FCF733F96EA88A
:1014B0005C49FBF781FF76AB864674935EF8083B88
:1014C0007345844600F01582749383687693DCF844
:1014D000043075930023CCE900E38CF8083004F560
:1014E000F0717AA8FEF738FB7AAA74A980A8FCF7F5
:1014F00011F980A84C49FBF75FFF8646CDF818B27A
:101500005EF8083B7345844600F00082869383684A
:101510008893DCF8043087930023CCE900E38CF84F
:10152000083004F5FC718CA8FEF716FB8CAA86A97E
:1015300092A8FCF7EFF892A83C49FBF73DFF8446E0
:1015400098955CF8083B6345044600F060819893E9
:1015500083689A93636899930023C4E900C3237254
:10156000999A98990198FBF73BFD9898A84201D069
:1015700011F0CEF99298504501D011F0C9F98C982C
:101580008EAB984201D011F0C3F98698584501D02E
:1015900011F0BEF9809882AB984201D011F0B8F9F1
:1015A0007A987CAB984201D011F0B2F9749876AB7E
:1015B000984201D011F0ACF96E9870AB984201D00E
:1015C00011F0A6F968986AAB984201D011F0A0F921
:1015D000629864AB984201D011F09AF95C985EABC6
:1015E000984201D011F094F9569858AB984201D026
:1015F00011F08EF9509852AB984219D011F088F939
:1016000016E000BFCDCCCCCC7CCC05008CCC05004A
:101610001886050020860500ACCC050014CC05001A
:1016200020CC05002CCC050038CC0500B88705007F
:101630004A984CAB984201D011F06AF9449846ABF5
:10164000984201D011F064F93E98B84201D011F0EF
:101650005FF938983AAB984201D011F059F93298B5
:1016600034AB984201D011F053F92C982EAB98422C
:1016700001D011F04DF92698B04201D011F048F98F
:10168000209822AB984201D011F042F901980DF553
:10169000217DBDE8F08F0DF520780023D4F83001CE
:1016A00008F8013D80EAE073BE494246A3EBE073CF
:1016B00000E04A46A1FB03EC4FEADC0C0CEB8C0E7D
:1016C000A3EB4E03303302F8013C634602F1FF39CD
:1016D000002BEED10028C0F28D80CDF848A24846FC
:1016E00014F0BDF909EB0002494692A8FBF744FB50
:1016F000AD4992A8FCF756F8014698A8FBF752FCB2
:10170000999A98990198FBF76BFC9898A84201D098
:1017100011F0FEF8929850453FF4F7AD11F0F8F84B
:1017200094F88630002B3FF4F5AD04F59A716EA85D
:10173000FEF712FA9D496EA8FCF734F8014674A82A
:10174000FBF730FC9A4974A8FBF736FE01467AA8ED
:10175000FBF728FC04F5A67180A8FEF7FDF980AA26
:101760007AA986A8FBF7D6FF924986A8FBF724FE44
:1017700001468CA8FBF716FC04F5B27192A8FEF79F
:10178000EBF992AA8CA998A8FBF7C4FF999A9899AB
:101790000198FBF725FC9898A84201D011F0B8F801
:1017A0009298504501D011F0B3F88C988EAB9842C6
:1017B00001D011F0ADF88698584501D011F0A8F885
:1017C000809882AB984201D011F0A2F87A987CAB55
:1017D000984201D011F09CF8749876AB984201D0F1
:1017E00011F096F86E9870AB98423FF493AD11F0FB
:1017F0008FF88FE52D2109F8011CB2F10209CDF80F
:1018000048A27FF46CAFE1464FF0FF326CE7DCF8A2
:101810000000DCF80410DCF80820DCF80C30AE46E0
:10182000AEE80F0096E630687168B268F368C446A7
:10183000ACE80F00FFF78BBB38687968BA68FB68C3
:101840004E460FC6FFF79BBB38687968BA68FB68DD
:10185000B646AEE80F00FFF7BEBB38687968BA68D5
:10186000FB680DF1E80EAEE80F00FFF7D4BBDCF823
:101870000000DCF80410DCF80820DCF80C300DF572
:10188000987EAEE80F00FFF7F4BBDCF80000DCF850
:101890000410DCF80820DCF80C300DF5BC7EAEE856
:1018A0000F0006E4DCF80000DCF80410DCF8082087
:1018B000DCF80C300DF5E07EAEE80F0019E4DEF840
:1018C0000000DEF80410DEF80820DEF80C300DF51C
:1018D000A478A8E80F00B6E5DEF80000DEF80410F2
:1018E000DEF80820DEF80C300DF5C878A8E80F0007
:1018F000CBE5DEF80000DEF80410DEF80820DEF8A4
:101900000C300DF5EC78A8E80F00E0E5DEF80000FB
:10191000DEF80410DEF80820DEF80C30D846A8E81F
:101920000F00F6E5DEF80000DEF80410DEF808200F
:10193000DEF80C300DF1B808A8E80F0030E5DEF84D
:101940000000DEF80410DEF80820DEF80C30B8469F
:10195000A8E80F0055E5DCF80000DCF80410DCF81E
:101960000820DCF80C300DF5027EAEE80F00FFF722
:10197000E0BBDCF80000DCF80410DCF80820DCF840
:101980000C30D646AEE80F00FFF7F5BBDEF80000DE
:10199000DEF80410DEF80820DEF80C30B046A8E8C7
:1019A0000F00E5E4CDCCCCCC44CC050058CC0500F0
:1019B00064CC05006CCC05002DE9F04FFFB00C465F
:1019C000074601F5BE7164A8FEF760F864A8B8493F
:1019D000FBF7E8FE0DF5D87B0646CDF8A8B156F822
:1019E000083BB342054600F0DC836A9383686C933E
:1019F0006B686B930023C5E900632B726AA8AD493D
:101A0000FBF7DAFC72AD844670955CF8083B6345E1
:101A1000064600F0958370938368729373687193A0
:101A20000023C6E900C3337276A804F13001FEF743
:101A30002DF8384676AA70A9FBF76CFE769878AE3A
:101A4000B04201D010F064FF7098A84201D010F0AD
:101A50005FFF6A98584501D010F05AFF649866AB52
:101A6000984201D010F054FF94F89230002B40F0CF
:101A70005983914B914A94F812827095B8F1000FF6
:101A800014BF90469846404613F0E9FF414608EBE4
:101A9000000270A8FBF770F9894970A8FBF782FE75
:101AA000864676965EF8083B7345844600F0D983F7
:101AB000769383687893DCF8043077930023CCE93D
:101AC00000E38CF80830779A76993846FBF788FA65
:101AD0007698B04201D010F01BFF7098A84201D058
:101AE00010F016FF7EAB1A46002302F8013D754840
:101AF000B4F8103201929046A0FB0312D20802EB18
:101B00008201A3EB410303F1300193B208F8011DF8
:101B1000002BF1D106AB4046049313F0A0FF4146E1
:101B200008EB000204A8FBF727F904A86649FBF7B5
:101B300039FE0CAB86460A935EF8083B7345844633
:101B400000F0378382680A930C92DCF804300B9320
:101B50000023CCE900E38CF808305C490AA8FBF7C5
:101B60002BFC12AB864610935EF8083B7345844607
:101B700000F0448382681093129200238CF808309E
:101B800094F894014D49DFF83081DCF8042011927B
:101B9000984218BF8846CCE900E3404618AB16933C
:101BA00013F05DFF414608EB000216A8FBF7E4F8CE
:101BB00016AA1CA810A9FBF7ADFD1CA84449FBF709
:101BC000FBFB24AB864622935EF8083B73458446B4
:101BD00000F02183826822932492DCF8043023935E
:101BE0000023CCE900E38CF8083028A804F5CC7178
:101BF000FDF7B2FF28AA2EA822A9FBF78BFD2EA87D
:101C00003449FBF7D9FB36AB864634935EF8083B84
:101C10007345844600F00C83826834933692DCF876
:101C2000043035930023CCE900E38CF808303AA85F
:101C300004F5D871FDF790FF3AAA40A834A9FBF744
:101C400069FD40A82449FBF7B7FB0DF5907A86465D
:101C5000CDF818A15EF8083B7345844600F0F58284
:101C6000826846934892DCF8043047930023CCE91D
:101C700000E38CF808304CA804F5E471FDF76CFF24
:101C80004CAA52A846A9FBF745FD52A81349FBF7F9
:101C900093FB0DF5B4788646CDF860815EF8083B7D
:101CA0007345844600F09282589383685A9317E0F4
:101CB00044CA050054CA05002086050018860500A0
:101CC00094870500CDCCCCCC7CCC0500F4CB0500B2
:101CD00090CA050014CC050020CC05002CCC0500D2
:101CE000DCF8043059930023CCE900E38CF8083089
:101CF0005EA804F5F071FDF72FFF5EAA58A964A84D
:101D0000FBF708FDB64964A8FBF756FB8646CDF8FD
:101D1000A8B15EF8083B7345844600F063826A937D
:101D200083686C93DCF804306B930023CCE900E308
:101D30008CF8083004F5FC7170A8FDF70DFF70AA4F
:101D40006AA976A8FBF7E6FC779A76993846FBF7FE
:101D500047F97698B04201D010F0DAFD7098A842A9
:101D600001D010F0D5FD6A98584501D010F0D0FD93
:101D7000649866AB984201D010F0CAFD5E980DF5EC
:101D8000C079484501D010F0C3FD5898404501D0B6
:101D900010F0BEFD529854AB984201D010F0B8FD3F
:101DA0004C984EAB984201D010F0B2FD4698504589
:101DB00001D010F0ADFD409842AB984201D010F038
:101DC000A7FD3A983CAB984201D010F0A1FD3498A1
:101DD00036AB984201D010F09BFD2E9830AB984264
:101DE00001D010F095FD28982AAB984201D010F050
:101DF0008FFD229824AB984201D010F089FD1C98E9
:101E00001EAB984201D010F083FD169818AB984293
:101E100001D010F07DFD109812AB984201D010F067
:101E200077FD0A980CAB984201D010F071FD049830
:101E300006AB984201D010F06BFD94F889304BB39B
:101E4000684B694A94F82CA27095BAF1000F14BF40
:101E500092469A46504613F002FE51460AEB0002A3
:101E600070A8FAF789FF614970A8FBF79BFC01464F
:101E700076A8FBF797F8779A76993846FBF7B0F88B
:101E80007698B04201D010F043FD7098A84201D07E
:101E900010F03EFD94F88A30002B00F09980514BF1
:101EA00094F82F22DFF840A10393002A14BF524672
:101EB0001A464EA910464C91029213F0D0FD029A98
:101EC000114602444CA8FAF757FF49494CA8FBF7C2
:101ED00069FC014652A8FBF765F8464952A8FBF792
:101EE0006BFA014658A8FBF75DF8039B94F8302283
:101EF000CDF87891002A08BF9A46504613F0AFFDFE
:101F000051460AEB00025EA8FAF736FF5EAA58A90E
:101F100064A8FBF7FFFB384964A8FBF74DFA0146BC
:101F20006AA8FBF73FF80022B4F832323348DDF8F4
:101F300004A08DF8F721A0FB0312D20802EB820166
:101F4000A3EB410303F1300193B20AF8011D002B0A
:101F5000F1D15046709513F082FD51460AEB000214
:101F600070A8FAF709FF70AA6AA976A8FBF7D2FB56
:101F7000779A76993846FBF733F87698B04201D0D5
:101F800010F0C6FC7098A84201D010F0C1FC6A980D
:101F9000584501D010F0BCFC649866AB984201D063
:101FA00010F0B6FC5E98484501D010F0B1FC58988E
:101FB000404501D010F0ACFC529854AB984201D08F
:101FC00010F0A6FC4C984EAB984201D010F0A0FC4B
:101FD000044B054A94F82EA2CDF8608110E000BFB2
:101FE00038CC05002086050018860500A0CA05002B
:101FF00070C1050094C10500B4C10500CDCCCCCCA6
:10200000BAF1000F14BF92469A46504613F027FDCE
:1020100051460AEB000258A8FAF7AEFE58A89749B5
:10202000FBF7C0FB8646CDF878915EF8083B734518
:10203000844600F091805E9383686093DCF80430FE
:102040005F930023CCE900E38CF808305EA88C494C
:10205000FBF7B2F966AB864664935EF8083B7345BE
:10206000844600F08580649383686693DCF80430CE
:10207000659300238CF8083094F88C10814A824CC8
:10208000CCF80430994208BF1446CCF800E0204652
:10209000CDF8A8B113F0E3FC214622186AA8FAF79C
:1020A0006BFE6AAA64A970A8FBF734FB70A8774995
:1020B000FBF782F9844676965CF8083B6345044654
:1020C00063D0769383687893636877930023C4E939
:1020D00000C32372779A76993846FAF781FF76988B
:1020E000B04201D010F014FC7098A84201D010F05A
:1020F0000FFC6A98584501D010F00AFC649866AB52
:10210000984201D010F004FC5E98484501D010F0D0
:10211000FFFB5898404501D010F0FAFB38467FB0DD
:10212000BDE8F08F04F5057170A8FDF7AFFC5849C4
:1021300070A8FBF737FB014676A8FAF733FFC2E435
:10214000DCF80000DCF80410DCF80820DCF80C30C7
:10215000AE46AEE80F0061E4DEF80000DEF80410E1
:10216000DEF80820DEF80C30CA46AAE80F0065E762
:10217000DEF80000DEF80410DEF80820DEF80C308F
:102180000DF5CC7AAAE80F0070E7DCF80000DCF867
:102190000410DCF80820DCF80C30B646AEE80F007E
:1021A00092E730687168B268F368DC46ACE80F000B
:1021B0001EE4DEF80000DEF80410DEF80820DEF889
:1021C0000C300DF13008A8E80F00BEE4DEF8000086
:1021D000DEF80410DEF80820DEF80C30C146A9E86D
:1021E0000F007DE5DEF80000DEF80410DEF80820C0
:1021F000DEF80C30D946A9E80F0093E5DEF80000C0
:10220000DEF80410DEF80820DEF80C300DF1480886
:10221000A8E80F00B1E4DEF80000DEF80410DEF8F4
:102220000820DEF80C300DF19008A8E80F00D4E487
:10223000DEF80000DEF80410DEF80820DEF80C30CE
:102240000DF1D808A8E80F00E9E4DEF80000DEF898
:102250000410DEF80820DEF80C30D046A8E80F00A5
:1022600001E5DEF80000DEF80410DEF80820DEF8F4
:102270000C30B046A8E80F001DE400BFA887050099
:102280007CCA05002086050018860500D0CB050015
:102290006CCA0500000000002DE9F04FBFB091F9B5
:1022A0007C70084D0DF1F8090022FBB2002F09F8EF
:1022B000112DB8BF5B4280460C46B8BFDBB2484622
:1022C00003E000BFCDCCCCCC3046A5FB0312D20836
:1022D00002EB8201A3EB4103303300F8013C12F022
:1022E000FF0300F1FF36EFD1002FC0F258822EAD70
:1022F0002C95304613F0B3FB321831462CA8FAF770
:102300003BFD1523002200932CA8C14B1146F2F788
:1023100075FF04AB0746029357F8083BBB420646DD
:1023200000F06F8282680293049273680393002323
:10233000C6E9007333722C98A84201D010F0E8FA75
:1023400094F894307BB394F87D30002B40F0FA8100
:10235000B04A2C95111F2CA8FAF70EFDAE492CA8F7
:10236000FBF720FA34AF844632975CF8083B6345AC
:10237000064600F077823293836834937368339310
:102380000023C6E900C33372DDE9321202A8FAF76E
:1023900027FE3298B84201D010F0BAFA2C98A84221
:1023A00001D010F0B5FA94F89530002B34D094F8A1
:1023B00084309A4A9A4E2C95002B08BF1646304618
:1023C00013F04DFB314632182CA8FAF7D5FC95498D
:1023D0002CA8FBF7E7F934AF844632975CF8083B4A
:1023E0006345064600F0F181329383683493736845
:1023F00033930023C6E900C33372DDE9321202A829
:10240000FAF7EEFD3298B84201D010F081FA2C981C
:10241000A84201D010F07CFA94F83532002B00F07D
:10242000C9810022B4F836327F488DF8E720A0FB3E
:102430000312D20802EB8201A3EB410303F1300146
:1024400093B209F8011D002BF1D10DF1280B48467C
:10245000CDF820B013F003FB08AE09EB00024946AB
:102460003046FAF789FC16230022304600931146C5
:102470006E4BF2F7C3FE0DF1400A0746CDF838A0C7
:1024800057F8083BBB42064600F0B38182680E93C2
:10249000109273680F930022C6E900720F9932728E
:1024A0006FF000435B1A142B40F2E881152260495B
:1024B0000EA8FAF795FD0DF1A0090746CDF8989002
:1024C00057F8083BBB42064600F08B812693836891
:1024D0002893736827930023337294F83522C6E952
:1024E0000073002A00F02681B4F8360211F0E6FDF0
:1024F00045A3D3E9002311F04BFE32AECDE9000134
:102500004C4A30210323304613F056FA30462C95BE
:1025100013F0A5FA314632182CA8FAF72DFC26A99B
:102520002CAA3046FBF7F6F802A8DDE93212FAF7DA
:1025300057FD329834AFB84201D010F0E9F92C9829
:10254000A84201D010F0E4F92698484501D010F0D7
:10255000DFF90E98504501D010F0DAF90898584587
:1025600001D010F0D5F994F8383283B394F83932A9
:10257000002B40F0FE80274A2C95111F2CA8FAF75B
:10258000FBFB2D492CA8FBF70DF9864632975EF828
:10259000083B7345844600F0598132938368349335
:1025A000DCF8043033930023CCE900E38CF80830E6
:1025B00002A8DDE93212FAF713FD3298B84201D0D1
:1025C00010F0A6F92C98A84201D010F0A1F9DDE98D
:1025D000021214A80A440DF1580BCDF850B0FAF7C6
:1025E000CBFB159B6FF0004AAAEB03030B2B40F2C9
:1025F00045810C22114914A8FAF7F2FC1AA804F13B
:102600001801FDF743FA1BE0FCA9F1D24D62503FDF
:1026100090C005002891050060CB050020860500CC
:1026200018860500D4CB0500CDCCCCCC78CB0500EA
:1026300090CB0500F0C70500A8CB0500C8CA05006F
:102640001AAA14A920A8FBF765F8219BAAEB030A94
:10265000BAF10B0F40F2128120A80C228949FAF737
:10266000BFFC8646CDF898905EF8083B73458446DB
:1026700000F0D080269383682893DCF804302793F9
:102680000023CCE900E38CF8083004F130012CA8D9
:10269000FDF7FCF92CAA26A93046FBF73BF8339A44
:1026A0006FF000439A4200F0E980012276493046FB
:1026B000FAF796FC08F108010346C8F8001053F831
:1026C000082B9A4200F0B280C8F800208268C8F84F
:1026D00008204268C8F804200022C0E900320272D3
:1026E0003298B84201D010F013F92C98A84201D0CA
:1026F00010F00EF92698484501D010F009F92098FD
:1027000022AB984201D010F003F91A981CAB984202
:1027100001D010F0FDF81498584501D010F0F8F8E9
:10272000029804AB984201D010F0F2F840463FB056
:10273000BDE8F08F554A2C95111F2CA8FAF71CFB09
:1027400032AEECE6D4F8800011F0CAFC32AECDE92E
:10275000000101234E4A3021304613F02DF9304656
:102760002C9513F07CF9314632182CA8FAF704FBAB
:10277000F4E5D4F83C0211F0B3FC0323CDE90001E9
:10278000434A3021304613F017F930462C9513F0A8
:1027900066F9314632182CA8FAF7EEFAF1E62D2246
:1027A0002EAD023806F8012C2C954DD11E464FF067
:1027B000FF32A2E5354A08AE0DF1280B111F304655
:1027C000CDF820B0FAF7D8FA4DE6DCF80000DCF8D6
:1027D0000410DCF80820DCF80C30BE46AEE80F0030
:1027E00005E638687968BA68FB68CC46ACE80F0043
:1027F0006FE638687968BA68FB68D446ACE80F00C1
:1028000047E638687968BA68FB680DF1100CACE8E7
:102810000F008AE5DEF80000DEF80410DEF808207C
:10282000DEF80C30CA46AAE80F0026E7D3F800C04D
:102830005E689C68DA68C8F81420C8F808C0C8F850
:102840000C60C8F8104044E7064652E5DEF8000088
:10285000DEF80410DEF80820DEF80C30BA46AAE8EC
:102860000F009DE6DCF80000DCF80410DCF808201E
:10287000DCF80C30BE46AEE80F007FE5054811F0ED
:102880003BFA00BFD8CA0500D0CB0500289105004F
:10289000F0C70500E88705002DE9F04F0F46C44C4E
:1028A000C44D91F84112ADF2C44D00290CBF294628
:1028B000214682467CA8FAF7BBFABF497CA8FAF702
:1028C00071FF014682A8FAF76DFBBC4982A8FAF7AE
:1028D00073FD014688A8FAF765FB97F840128EA8A9
:1028E00000290CBF29462146FAF7A2FA8EAA88A928
:1028F00094A8FAF70FFFB24994A8FAF75DFD0146D4
:102900009AA8FAF74FFB97F84212A0A800290CBF2B
:1029100029462146FAF78CFAA0AA9AA9A6A8FAF79E
:10292000F9FEA849A6A8FAF747FD0146ACA8FAF7B0
:1029300039FB97F84312B2A800290CBF294621465B
:10294000FAF776FAB2AAACA9B8A8FAF7E3FE9E495C
:10295000B8A8FAF731FD0DF598640146BEA8FAF75C
:1029600021FB002304F8113D97F8443204942146DA
:10297000964CA4FB0302D20802EB8200A3EB4003B7
:10298000303301F8013D02F0FF03002AF1D1C4A861
:10299000FAF74EFAC4AACAA8BEA9FAF7BBFE8C4938
:1029A000CAA8FAF709FD0146D0A8FAF7FBFA97F88A
:1029B0004332002B01F02B80D7E996230DF5926965
:1029C000CDE9002330210623824AD6AC484606943E
:1029D00012F0F2FF49462046FAF72AFAD8AB0793DD
:1029E000069ADCA8D0A9FAF795FE7B49DCA8FAF78D
:1029F000E3FC0146E2A8FAF7D5FA97F84332002B38
:102A000000F0FA87D7E998010623CDE90001714A61
:102A100030214846E8AE12F0CFFF30464946FAF77B
:102A200007FAEAAB02933246EEA8E2A9FAF772FE81
:102A30006A49EEA8FAF7C0FC0146F4A8FAF7B2FA20
:102A400097F86832002B00F0CB87D7E99C0101236F
:102A5000CDE900015F4A3021FAAC4846059412F0F6
:102A6000ABFF20464946FAF7E3F9FCAB0393059A1E
:102A70000DF58060F4A9FAF74DFE59490DF5806017
:102A8000FAF79AFC01460DF58360FAF78BFA0023FA
:102A900097F845424D4A04998DF8AF34A2FB0403E0
:102AA000DB0803EB8300A4EB4004303401F8014D54
:102AB00003F0FF04002BF1D10DF58660FAF7B8F9A9
:102AC0000DF586620DF589600DF58361FAF722FE3A
:102AD00044490DF58960FAF76FFC01460DF58C60ED
:102AE000FAF760FA97F84632384804998DF8AF44FF
:102AF000A0FB0342D20802EB8204A3EB4403303371
:102B000001F8013D02F0FF03002AF1D10DF58F60BD
:102B1000FAF78EF90DF58F620DF58C614846FAF7DC
:102B2000F9FD31494846FAF747FC01465046FAF7A5
:102B300039FADDF890040DF59363984201D00FF057
:102B4000E7FEDDF878040DF59063984201D00FF0B0
:102B5000DFFEDDF860040DF58D63984201D00FF0C3
:102B6000D7FEDDF848040DF58A63984201D00FF0D6
:102B7000CFFEDDF830040DF58763984201D00FF0E9
:102B8000C7FEDDF818040DF58463984201D00FF0FC
:102B9000BFFEDDF800040DF58163984201D00FF00F
:102BA000B7FEFA98039B984220D00FF0B1FE1DE0CB
:102BB00018860500208605007C9105008891050097
:102BC00098910500A4910500B8910500CDCCCCCC1E
:102BD000C4910500F0C70500E0910500F0910500E3
:102BE000009205002092050034920500F498F6AB9F
:102BF000984201D00FF08CFEEE98F0AB984201D0D5
:102C00000FF086FE3068029B984201D00FF080FEE4
:102C1000E298E4AB984201D00FF07AFEDC98DEAB8C
:102C2000984201D00FF074FE069B1868079B9842EB
:102C300001D00FF06DFED098D2AB984201D00FF0CA
:102C400067FECA98CCAB984201D00FF061FEC498E1
:102C5000C6AB984201D00FF05BFEBE98C0AB984265
:102C600001D00FF055FEB898BAAB984201D00FF0E2
:102C70004FFEB298B4AB984201D00FF049FEAC9829
:102C8000AEAB984201D00FF043FEA698A8AB984295
:102C900001D00FF03DFEA098A2AB984201D00FF0FA
:102CA00037FE9A989CAB984201D00FF031FE949871
:102CB00096AB984201D00FF02BFE8E9890AB9842C5
:102CC00001D00FF025FE88988AAB984201D00FF012
:102CD0001FFE829884AB984201D00FF019FE7C98B9
:102CE0007EAB984201D00FF013FED7F84812D7F808
:102CF0004C32994200F0E0824FF00008444608EB65
:102D0000880501EBC5052946E2A8FCF7BFFE0723AD
:102D1000002200931146694BE2A8F2F76FFA029B7A
:102D20003360864684465EF8083B734500F01286A1
:102D300033608368B360DCF804307360CCE900E48E
:102D40008CF8084072686FF000439B1A142B40F215
:102D5000968615225A493046FAF742F9F0AB864674
:102D6000EE935EF8083B7345844600F0E585EE93EC
:102D70008368F093DCF80430EF938CF808402B7EE6
:102D8000CCE900E4002B00F03682B5F91AC00499B2
:102D90008DF8AF441FFA8CF3BCF1000FBCBF5B424F
:102DA0009BB2484800E05946A0FB032E4FEADE0ED6
:102DB0000EEB8E02A3EB420230321FFA8EF301F8C3
:102DC000012C01F1FF3B002BEDD1BCF1000FC0F253
:102DD0003082F6ABF493584612F041FE0BEB000242
:102DE0005946F4A8F9F7C8FFEE9BDDF8BCC3F59A85
:102DF000F0A98B4218BFDDF8C0E3F4990CEB020098
:102E000008BF4FF00F0E70450AD90DF5767E71455B
:102E100014BFDDF8D8E34FF00F0E704540F2388252
:102E2000EEA8FAF7DDF88446E646039BFA935EF8CF
:102E3000083B734500F07285FA93DCF80830FC9388
:102E4000DCF80430FB93CCE900E48CF80840FB9AF2
:102E50006FF000439B1A122B40F2118613221A497D
:102E60000598FAF7BDF80DF581638646CDF8003474
:102E70005EF8083B7345844600F03D85CDF800348C
:102E80008368CDF80834DCF80430CDF804348CF8CD
:102E900008402B7FCCE900E4002B00F0BF81B5F99E
:102EA0001EC004998DF8AF441FFA8CF3BCF1000FDB
:102EB000BCBF5B429BB2034809E000BF989205008B
:102EC000A0920500CDCCCCCCB89205005946A0FB11
:102ED000032E4FEADE0E0EEB8E02A3EB42023032DF
:102EE0001FFA8EF301F8012C01F1FF3B002BEDD10D
:102EF000BCF1000FC0F2AA810DF58463CDF818343F
:102F0000584612F0ACFD0BEB000259460DF58360FC
:102F1000F9F732FFDDF80034DDF804C4DDF81C24D5
:102F20000DF581618B4218BFDDF808E4DDF8181457
:102F30000CEB020008BF4FF00F0E70450AD90DF5DB
:102F4000846E714514BFDDF820E44FF00F0E70451C
:102F500040F28B810DF58060FAF742F88446E64630
:102F60000DF58763CDF830345EF8083B734500F00B
:102F7000FF84CDF83034DCF80830CDF83834DCF894
:102F80000430CDF83434CCE900E48CF80840DDF8A6
:102F900034246FF000439B1A092B40F270850A22FB
:102FA000C0490DF58660FAF71BF80DF58A63864671
:102FB000CDF848345EF8083B7345844600F0E6845B
:102FC000CDF848348368CDF85034DCF80430CDF8BF
:102FD0004C348CF8084095F82030CCE900E4002B04
:102FE00000F01181686A11F07BF8AF4ACDE9000169
:102FF00001233021484612F0DFFC0DF58D63484671
:10300000CDF8603412F02BFD494609EB00020DF5B6
:103010008C60F9F7B1FEDDF84834DDF84C54DDF88A
:1030200064240DF58A618B4218BFDDF850C4DDF8C9
:10303000601405EB020008BF4FF00F0C60450AD981
:103040000DF58D6C614514BFDDF868C44FF00F0CB1
:10305000604540F214810DF58960F9F7C1FF05461E
:10306000AC460DF59063CDF878345CF8083B6345C9
:1030700000F0A884CDF87834AB68CDF880346B6864
:10308000CDF87C34C5E900C42C72DDF87C246FF0E7
:1030900000439A4200F0F384012284490DF58F60C9
:1030A000F9F79EFF0DF593638446CDF890345CF8F4
:1030B000083B6345054600F07784CDF8903483687B
:1030C000CDF898346B68CDF89434C5E900C42C72FF
:1030D000DDF89424DDF890145046F9F781FFDDF80F
:1030E00090040DF59363984201D00FF011FCDDF8C8
:1030F00078040DF59063984201D00FF009FCDDF8DB
:1031000060040DF58D63984201D00FF001FCDDF8ED
:1031100048040DF58A63984201D00FF0F9FBDDF801
:1031200030040DF58763984201D00FF0F1FBDDF814
:1031300018040DF58463984201D00FF0E9FBDDF827
:1031400000040DF58163984201D00FF0E1FBFA987D
:10315000039B984201D00FF0DBFBF498F6AB98424A
:1031600001D00FF0D5FBEE98F0AB984201D00FF0F4
:10317000CFFB3068029B984201D00FF0C9FBE29868
:10318000E4AB984201D00FF0C3FBD7F84812D7F850
:103190004C32474A5B1ADB1008F1010802FB03F3CB
:1031A000984580F08980B8F1000F3FF4A8AD5346F0
:1031B000DAF804B053F8082B9A4218BFDAF808304E
:1031C0000BF1010508BF0F239D4209D901220023FD
:1031D000009259461A465046F0F77AF8DAF800207D
:1031E0002C2302F80B30DAF80030CAF804505C5592
:1031F000D7F8481283E52F4AF6AB111FF4A8F493D1
:10320000F9F7BAFDF0E52B4A0DF58D63111F0DF5A9
:103210008C60CDF86034F9F7AFFDFCE6254A0DF57A
:103220008463111F0DF58360CDF81834F9F7A4FD00
:1032300070E62D22F6A80BF8012CB1F1020BF490E8
:103240007FF4C9AD9B464FF0FF32C9E52D220DF545
:1032500084600BF8012CB1F1020BCDF818047FF457
:103260004FAE9B464FF0FF324FE60022CDF800C034
:1032700011460DF58360F1F7C1FF84466FE6002229
:10328000009511460DF58C60F1F7B8FF0546E7E6AD
:103290000022CDF800C01146F4A8F1F7AFFF844634
:1032A000C2E500BFCC920500F0C70500D0CB0500F9
:1032B000CDCCCCCC289105000AA807F52671FCF7E7
:1032C0004BFCC2490AA8FAF76DFA014610A8F9F7B3
:1032D00069FEBF4910A8FAF76FF8014616A8F9F77A
:1032E00061FE1CA807F52C71FCF736FC1CAA16A978
:1032F00022A8FAF70FFAB74922A8FAF75DF80146B3
:1033000028A8F9F74FFE2EA807F53271FCF724FC28
:103310002EAA28A934A8FAF7FDF9AF4934A8FAF77C
:103320004BF801463AA8F9F73DFE97F87832002BA2
:1033300040F07B830DF5807BA84A42AB111F5846B5
:10334000CBF800300893F9F717FD5A4646A83AA97A
:10335000FAF7E0F9A24946A8FAF72EF801464CA878
:10336000F9F720FE97F88832002B00F07183D7E937
:10337000A4010223CDE900019A4A302148460DF507
:10338000A47812F019FB40464946F9F751FD54ABB9
:103390000993424658A84CA9FAF7BCF9924958A893
:1033A000FAF70AF801465EA8F9F7FCFD64A807F5EC
:1033B0003871FCF7D1FB64AA5EA96AA8FAF7AAF9EA
:1033C0008A496AA8F9F7F8FF014670A8F9F7EAFDFB
:1033D0000023D7F8F852864A04998DF8AF34A2FB3F
:1033E0000503DB0803EB8300A5EB4005303501F84E
:1033F000015D1D46002BF2D176A8F9F719FD76AADA
:1034000070A97CA8FAF786F97A497CA8F9F7D4FF65
:10341000014682A8F9F7C6FDD7F8FC42744A049920
:103420008DF8AF54A2FB0403DB0803EB8300A4EB8D
:103430004004303401F8014D1C46002BF2D188A81D
:10344000F9F7F6FC88AA82A98EA8FAF763F96A4907
:103450008EA8F9F7B1FF014694A8F9F7A3FDD7F8B4
:103460000053634A04998DF8AF44A2FB0503DB08BF
:1034700003EB8300A5EB4005303501F8015D1D46E7
:10348000002BF2D19AA8F9F7D3FC9AAA94A9A0A884
:10349000FAF740F95949A0A8F9F78EFF0146A6A806
:1034A000F9F780FDD7F80443514A04998DF8AF54D9
:1034B000A2FB0403DB0803EB8300A4EB40043034DD
:1034C00001F8014D1C46002BF2D1ACA8F9F7B0FC75
:1034D000ACAAA6A9B2A8FAF71DF94949B2A8F9F70A
:1034E0006BFF0146B8A8F9F75DFDB7F90813BEA850
:1034F000F9F7B8FCBEAAB8A9C4A8FAF70BF9414974
:10350000C4A8F9F759FF0146CAA8F9F74BFDB7F966
:103510000A13D0A8F9F7A6FC069DD0AA2846CAA986
:10352000FAF7F8F838492846F9F746FF0146DCA8CB
:10353000F9F738FDD7F80C532D4A04998DF8AF44AC
:10354000A2FB0503DB0803EB8300A5EB4005303548
:1035500001F8015D1D46002BF2D1E2A8F9F768FCE5
:10356000E2AADCA93046FAF7D5F828493046F9F73F
:1035700023FF0146EEA8F9F715FDB7F91013F4A8DB
:10358000F9F770FC059CF4AAEEA92046FAF7C2F8F8
:103590001F492046F9F710FF01460DF58060F9F745
:1035A00001FDB7F912130DF58360F9F75BFC0DF51A
:1035B00083620DF580610DF58660FAF7ABF8154969
:1035C0000DF58660F9F7F8FE26E000BF449205008D
:1035D0005C920500689205007C9205002891050028
:1035E000D8920500F0C70500EC9205000C93050089
:1035F000CDCCCCCC2893050044930500589305000E
:10360000749305008493050094930500A49305002A
:10361000B4930500C493050001460DF58960F9F7E0
:10362000C1FC97F81433002B00F01E82D7F8183332
:10363000B84804998DF8AF54A0FB0342D20802EBBE
:103640008204A3EB4403303301F8013D1346002A02
:10365000F2D10DF58C60F9F7EBFB0DF58C620DF5F1
:1036600089610DF58F60FAF755F8AB490DF58F605C
:10367000F9F7A2FE01464846F9F794FCDDF89424D8
:10368000DDF890145046F9F7ABFCDDF890040DF529
:103690009363984201D00FF03BF9DDF878040DF503
:1036A0009063984201D00FF033F9DDF860040DF516
:1036B0008D63984201D00FF02BF9DDF848040DF529
:1036C0008A63984201D00FF023F9DDF830040DF53C
:1036D0008763984201D00FF01BF9DDF818040DF54F
:1036E0008463984201D00FF013F9DDF800040DF562
:1036F0008163984201D00FF00BF9FA98039B98422E
:1037000001D00FF005F9F498F6AB984201D00FF014
:10371000FFF8EE98F0AB984201D00FF0F9F830685E
:10372000029B984201D00FF0F3F8E298E4AB984284
:1037300001D00FF0EDF8DC98DEAB984201D00FF02D
:10374000E7F8069B1868079B984201D00FF0E0F855
:10375000D098D2AB984201D00FF0DAF8CA98CCAB2F
:10376000984201D00FF0D4F8C498C6AB984201D06B
:103770000FF0CEF8BE98C0AB984201D00FF0C8F859
:10378000B898BAAB984201D00FF0C2F8B298B4AB77
:10379000984201D00FF0BCF8AC98AEAB984201D083
:1037A0000FF0B6F8A698A8AB984201D00FF0B0F889
:1037B000A098A2AB984201D00FF0AAF89A989CABBF
:1037C000984201D00FF0A4F8949896AB984201D09B
:1037D0000FF09EF88E9890AB984201D00FF098F8B9
:1037E00088988AAB984201D00FF092F8829884AB07
:1037F000984201D00FF08CF87C987EAB984201D0B3
:103800000FF086F8769878AB984201D00FF080F8E8
:10381000709872AB984201D00FF07AF86A986CAB4E
:10382000984201D00FF074F8649866AB984201D0CA
:103830000FF06EF85E9860AB984201D00FF068F818
:1038400058985AAB984201D00FF062F8D8F80000AF
:10385000099B984201D00FF05BF84C984EAB984210
:1038600001D00FF055F8469848AB984201D00FF0C0
:103870004FF8DBF80000089B984201D00FF048F8A1
:103880003A983CAB984201D00FF042F8349836ABEE
:10389000984201D00FF03CF82E9830AB984201D0FE
:1038A0000FF036F828982AAB984201D00FF030F884
:1038B000229824AB984201D00FF02AF81C981EAB36
:1038C000984201D00FF024F8169818AB984201D016
:1038D0000FF01EF8109812AB984201D00FF018F8B4
:1038E0000A980CAB984201D00FF012F850460DF236
:1038F000C44DBDE8F08FDEF80000DEF80410DEF8FD
:103900000820DEF80C300DF5816BABE80F00FFF7F7
:10391000BABA00BFCDCCCCCCB8870500DEF8000029
:10392000DEF80410DEF80820DEF80C30DDF80CB00C
:10393000ABE80F00FFF784BADEF80000DEF80410F1
:10394000DEF80820DEF80C300DF5707BABE80F00D8
:10395000FFF710BADEF80000DEF80410DEF80820E9
:10396000DEF80C30DDF808B0ABE80F00FFF7E3B984
:10397000DEF80000DEF80410DEF80820DEF80C3077
:103980000DF5876BABE80F00FFF7F9BADEF8000022
:10399000DEF80410DEF80820DEF80C300DF58A6B36
:1039A000ABE80F00FFF711BBDCF80000DCF80410F7
:1039B000DCF80820DCF80C300DF5936EAEE80F0053
:1039C000FFF780BBDCF80000DCF80410DCF808200E
:1039D000DCF80C300DF5906EAEE80F00FFF74FBB32
:1039E000284AFAAB05931846111FFCAB0393FA93D0
:1039F000F9F7C2F9FFF73BB8224AE8AEEAAB111F6C
:103A0000304602933360F9F7B7F9FFF70CB81D4A57
:103A1000D6ABD8AC111F184606930794D6940DF573
:103A20009269F9F7A9F9FEF7DBBFD7E9A0010223F4
:103A3000CDE90001144A302148460DF5807B11F094
:103A4000BBFF58464946F9F7F3F942AB08937CE4CB
:103A50000DF5A4780B4A54AB111F4046C8F800304E
:103A60000993F9F789F994E4064A0DF58D63111F5E
:103A70000DF58C60CDF86034F9F77EF9EDE503487B
:103A800010F03AF928910500F0C70500E887050015
:103A90002DE9F04FF1B070AD002305F8113D8846D7
:103AA000D1F85063974904462F46A1FB0623DB0853
:103AB00003EB8302A6EB4206303607F8016D1E4683
:103AC000002BF2D106AB3846049311F0C8FF3946FB
:103AD0003A1804A8F9F750F90E23009332468A4B9E
:103AE000314604A8F1F78AFB0CAB07460A9357F856
:103AF000083BBB42064600F0E48282680A930C92BF
:103B000073680B930022C6E900720B9932726FF052
:103B100000435B1A0D2B40F247830E227B490AA813
:103B2000F9F75EFA0DF148090746CDF8409057F8CD
:103B3000083BBB42064600F0CD8282681093129289
:103B40000022736832726F481193D8F8543337608B
:103B500072608DF8AF212E46A0FB0312D20802EB53
:103B60008201A3EB4103303306F8013D1346002ADE
:103B7000F2D118AB3046169311F071FF314632186E
:103B800016A8F9F7F9F8DDE91036179A16994B459A
:103B900018BF129F06EB020008BF0F27B84207D9D3
:103BA00018AFB94214BF189F0F27B84240F25F8286
:103BB00010A8F9F715FA064637461EAB1C9357F8BE
:103BC000083BBB4200F08E82B2681C931E92736861
:103BD0001D930022C6E900721D9932726FF00043F6
:103BE0005B1A0D2B40F2E0820E2249491CA8F9F71E
:103BF000F7F90DF1900B0746CDF888B057F8083B60
:103C0000BB42064600F08F828268229324920021F4
:103C1000736831723B4A2393D8F858333760716028
:103C20008DF8AF112E46A2FB0301C90801EB8100FC
:103C3000A3EB4003303306F8013D0B460029F2D1D7
:103C40002AAB3046289311F00AFF3146321828A8D3
:103C5000F9F792F8DDE92236299A28995B4518BFD1
:103C6000249F06EB020008BF0F27B84207D92AAFEE
:103C7000B94214BF2A9F0F27B84240F2008222A8FF
:103C8000F9F7AEF90646374630AB2E9357F8083BA6
:103C9000BB4200F03082B2682E93309273682F934B
:103CA0000022C6E900722F9932726FF000435B1A4E
:103CB000102B40F27982112216492EA8F9F790F9BB
:103CC0000DF1D80A0746CDF8D0A057F8083BBB4203
:103CD000064600F0308282683493369200233372B5
:103CE000B8F95C13726835920029C6E900738BB28B
:103CF000B8BF5B424FF00002B8BF9BB28DF8AF2156
:103D000000480AE0CDCCCCCCC4CC0500D4CC050016
:103D1000E4CC0500F4CC05003546A0FB0362D208D4
:103D200002EB8206A3EB460303F1300693B205F8DB
:103D3000016C6E1E002BEFD10029C0F283813CABD9
:103D400003933A93304611F08AFE321831463AA86E
:103D5000F9F712F8349B359D3B9A3A99534518BFB1
:103D6000369E05EB020008BF0F26B04207D9039E1E
:103D7000B14214BF3C9E0F26B04240F2708134A87D
:103D8000F9F72EF905462E4642AB409356F8083B0C
:103D9000B34200F0B981AA68409342926B684193A4
:103DA0000022C5E9006241992A726FF000435B1A54
:103DB0000E2B40F2F9810F22B94940A8F9F710F90A
:103DC00048AD0746469557F8083BBB42064600F00B
:103DD000A281826846934892002372683372D8F8B1
:103DE00060034792C6E9007310F07AF9AD4ACDE955
:103DF00000010123302164A811F0DEFD4EAB64A860
:103E00004C9311F02CFE64AB1A1819464CA8F8F725
:103E1000B3FF469B479E4D9A4C99AB4218BFDDF8C5
:103E200020C106EB020008BF4FF00F0C604509D916
:103E30004EAFB94214BFDDF838C14FF00F0C6045EA
:103E400040F2258146A8F9F7CBF80646B44654ABB4
:103E500052935CF8083B634500F09981B268529335
:103E60005492736853930022C6E900C25399327288
:103E70006FF000435B1A122B40F2968113228A499D
:103E800052A8F9F7ADF85AAE864658965EF8083B48
:103E90007345844600F07081826858935A920023DB
:103EA000DCF804208CF80830D8F864035992CCE987
:103EB00000E310F015F90123CDE90001794A302122
:103EC00064A811F079FD0DF5C07864A8CDF878816B
:103ED00011F0C5FD64AB1A1819465EA8F8F74CFF3F
:103EE000589BDDF864C15F9A5E99B34218BFDDF854
:103EF00068E10CEB020008BF4FF00F0E704508D9C7
:103F0000414514BFDDF880E14FF00F0E704540F2DF
:103F1000CF8058A8F9F764F88446E64666AB649308
:103F20005EF8083B734500F00E816493DCF80830BE
:103F30006693DCF8043065930023CCE900E38CF849
:103F40000830659A6FF000439A4200F02D810122FB
:103F5000564964A8F9F744F804F1080203462260C0
:103F600053F8081B994200F0F98021608268A26032
:103F7000426862600022C0E900320272649866AB57
:103F8000984201D00EF0C4FC5E98404501D00EF07E
:103F9000BFFC5898B04201D00EF0BAFC529854AB16
:103FA000984201D00EF0B4FC4C984EAB984201D030
:103FB0000EF0AEFC4698A84201D00EF0A9FC409845
:103FC00042AB984201D00EF0A3FC3A98039B984272
:103FD00001D00EF09DFC3498504501D00EF098FCB5
:103FE0002E9830AB984201D00EF092FC28982AAB64
:103FF000984201D00EF08CFC2298584501D00EF06A
:1040000087FC1C981EAB984201D00EF081FC1698DC
:1040100018AB984201D00EF07BFC1098484501D0B7
:104020000EF076FC0A980CAB984201D00EF070FCB2
:10403000049806AB984201D00EF06AFC204671B09D
:10404000BDE8F08F2D223CA906F8012CAE1E03918D
:104050003A917FF477AE1E464FF0FF3276E60022AB
:1040600000953AA81146F1F7C9F805468BE60022FB
:104070000096114616A8F1F7C1F806469CE5002205
:104080000096114628A8F1F7B9F80646FBE500228C
:1040900000964CA81146F1F7B1F80646D6E600BFE7
:1040A00008CD0500F0C7050018CD0500D0CB0500F0
:1040B0000022CDF800C05EA81146F1F79FF88446B3
:1040C0002BE738687968BA68FB680DF1300CACE80A
:1040D0000F0015E538687968BA68FB68CC46ACE82B
:1040E0000F002DE538687968BA68FB680DF1780C27
:1040F000ACE80F006BE538687968BA68FB680DF1C9
:10410000C00CACE80F00C9E530687168B268F368AC
:1041100042AF0FC742E638687968BA68FB68AC46B8
:10412000ACE80F0058E638687968BA68FB68DC4686
:10413000ACE80F006BE538687968BA68FB68D4466C
:10414000ACE80F00CAE5DEF80000DEF80410DEF887
:104150000820DEF80C3066AF0FC7EAE61968D3F81E
:1041600004E0D3F808C00F46D9686161A760C4F8BD
:104170000CE0C4F810C0FBE6DEF80000DEF8041026
:10418000DEF80820DEF80C3037460FC787E6DCF88B
:104190000000DCF80410DCF80820DCF80C300DF529
:1041A000A87EAEE80F005CE601480FF0A5FD00BF59
:1041B000E8870500000000002DE9F04F91F8353246
:1041C000EFB00C468046002B00F041826EAD00231C
:1041D00005F8113DBE4AB1F83632A2FB0301C90809
:1041E00001EB8100A3EB400303F130008BB205F833
:1041F000010D002BF1D10DF1080A0DF1100B28462D
:10420000CAF800B011F02BFC29462A185046F8F7DE
:10421000B3FD1623002200931146AE4B5046F0F733
:10422000EDFF0AAD0746089557F8083BBB42064626
:1042300000F01982826808930A9273680993002239
:10424000C6E90072099932726FF000435B1A142BB1
:1042500040F26C821522A04908A8F8F7C1FE0DF5BE
:10426000B0790746CDF8589157F8083BBB4206464F
:1042700000F04082569383685893736857930023E5
:10428000337294F83522C6E90073002A00F0C08129
:10429000B4F836020FF012FF8BA3D3E900230FF01E
:1042A00077FF0323CDE900018C4A302162A811F089
:1042B00083FB5EAF62A85C9711F0D1FB5CAE62AB92
:1042C0001A1819463046F8F757FD404656A93246A7
:1042D000F9F720FA5C98B84201D00EF019FB569815
:1042E000484501D00EF014FB0898A84201D00EF00A
:1042F0000FFBDAF80000584501D00EF009FB94F8E6
:1043000038328BB394F83932002B40F08A81744AEA
:104310005C97111F3046F8F72FFD72493046F9F7C8
:1043200041FA64AD864662955EF8083B7345844663
:1043300000F0F081629383686493DCF80430639347
:104340000023CCE900E38CF80830639A6299404678
:10435000F8F746FE6298A84201D00EF0D9FA5C98B0
:10436000B84201D00EF0D4FA0EA82146FBF708FCA3
:104370000A23002200930EA85B4B1146F0F73EFF84
:1043800016AB844614935CF8083B6345054600F081
:1043900072818268149316926B6815930022C5E9A6
:1043A00000C215992A726FF000435B1A082B40F285
:1043B000BD8109224D4914A8F8F712FE1CAB8446B2
:1043C0001A935CF8083B6345054600F061818268FA
:1043D0001A931C926B681B930023C5E900C32B72D0
:1043E00020A82146FCF77CF820AA26A81AA9F9F7EC
:1043F00091F9279A6FF000439B1A0B2B40F296819C
:104400000C223B4926A8F8F7EBFD2EAB84462C93F3
:104410005CF8083B6345054600F0478182682C93B1
:104420002E926B682D930023C5E900C32B7232A82E
:104430002146FFF72DFB32AA38A82CA9F9F76AF913
:10444000399A6FF000439B1A0A2B40F26F8138A80B
:104450000B222849F8F7C4FD0DF5807A8446CDF883
:10446000F8A05CF8083B6345054600F02B818268A4
:104470003E9340926B683F930023C5E900C32B72C3
:1044800044A82146FCF736FD44AA4AA83EA9F9F7FC
:1044900041F94B9A6FF000439B1A062B40F246817C
:1044A0004AA807221449F8F79BFD0DF5A47B844622
:1044B000CDF840B15CF8083B6345054600F00E813D
:1044C00082685093529219E0FCA9F1D24D62503F9C
:1044D000CDCCCCCCFCC1050090CB0500F0C70500CD
:1044E0002891050014C205003CC2050048C2050021
:1044F00054C2050064C2050070C205006B68519388
:104500000023C5E900C32B72214656A8FEF7C4F963
:1045100056AA50A93046F9F7FDF85D9A6FF00043AE
:104520009A4200F00381304601228249F8F758FD93
:1045300064AD0646629556F8083BB342044600F067
:10454000E180629383686493636863930023C4E9A2
:1045500000632372639A62994046F8F741FD6298BE
:10456000A84201D00EF0D4F95C98B84201D00EF008
:10457000CFF95698484501D00EF0CAF950985845E1
:1045800001D00EF0C5F94A984CAB984201D00EF01C
:10459000BFF9449846AB984201D00EF0B9F93E9865
:1045A000504501D00EF0B4F938983AAB984201D09A
:1045B0000EF0AEF9329834AB984201D00EF0A8F963
:1045C0002C982EAB984201D00EF0A2F9269828AB79
:1045D000984201D00EF09CF9209822AB984201D06D
:1045E0000EF096F91A981CAB984201D00EF090F993
:1045F000149816AB984201D00EF08AF90E9810ABC1
:10460000984201D00EF084F940466FB0BDE8F08FBB
:10461000494A5CAE5EAF111F30465C97F8F7ACFBC1
:1046200053E6D4F83C020FF05BFD0323CDE9000113
:10463000424A302162A811F0BFF962A85C9711F0DC
:104640000EFA62A90A183046F8F796FB65E60DF1F6
:10465000080A394A0DF1100B111F5046CAF800B074
:10466000F8F78AFBD5E538687968BA68FB68AC4624
:10467000ACE80F00E1E5DCF80000DCF80410DCF841
:104680000820DCF80C300DF1580EAEE80F0083E680
:10469000DCF80000DCF80410DCF80820DCF80C3052
:1046A0000DF1700EAEE80F0094E6DCF80000DCF8C7
:1046B0000410DCF80820DCF80C300DF1B80EAEE880
:1046C0000F00AEE6DCF80000DCF80410DCF808208F
:1046D000DCF80C30D646AEE80F00CBE6DCF8000084
:1046E000DCF80410DCF80820DCF80C30DE46AEE81C
:1046F0000F0003E738687968BA68FB68CC46ACE815
:104700000F00BAE530687168B268F368AC46ACE88F
:104710000F0019E7DEF80000DEF80410DEF80820CC
:10472000DEF80C30AA46AAE80F0006E604480FF0AF
:10473000E3FA00BFD0CB050028910500F0C70500C3
:10474000E887050070B5002444749DF81050C9B185
:104750000F4E0160B142846012D00E4CA14204BFE2
:10476000012101710C4951F82220027351F82330C4
:10477000837351F8253043730023C373037470BDF2
:104780000471EFE7054B064A0648242110F0EAF8C9
:104790000030024000F00240A4D4050040CD0500E6
:1047A000A8CD050050CD0500437C03B1704730B55E
:1047B000012285B042740321FF22019304468DF843
:1047C00003208DF806208DF80510827B417B8DF843
:1047D00000204FF080451A4602958DF80110057BA8
:1047E000C3736946037403938DF802500EF068F9A1
:1047F000A37B1F2B86BF03F01F030C4A4FF0A04280
:1048000003F5E07340F2013142F82310637B1F2B64
:1048100086BF03F01F0305494FF0A04103F5E07385
:1048200040F2033241F8232005B030BD00030050B0
:1048300010B504460EF08CFA0023637410BD00BF5F
:1048400010B483B002AB03E906009DF805309DF873
:104850000410026813F1FF3318BF0123002402295A
:10486000C2F800451C460374C17332D003292DD011
:10487000012925D0224B0099B3FBF1F3B3F5007F5A
:10488000C2F854451FD2FF2B0FD87F2B24D83F2BC3
:1048900025D81F2B26D80F2B27D8072B02D819492C
:1048A0008A4225D04FF0004101E04FF0806107239C
:1048B000C2F82415C2F8003503B05DF8044B704708
:1048C00043F00204D6E74FF00071F0E743F006042E
:1048D000D0E743F00404CDE74FF00061E7E74FF085
:1048E0008051E4E74FF00051E1E74FF08041DEE70F
:1048F000042B34BF4FF0A0514FF02061D7E700BF29
:104900000090D00300F0024003680022C3F80025A5
:10491000704700BF002B3AD02DE9F047814684B0A4
:104920000D4617461E464FF6FF784FF0000A4645E3
:10493000344628BF4446002D14BF2346002300956B
:104940000297361B01938FB10022694648460394B3
:104950000EF060FA05B125442744002EE7D104B0DB
:10496000BDE8F087CDE900550295361B0022694667
:104970004846CDF80CA00EF04DFA4DB946453446E8
:1049800028BF4446002EEDD104B0BDE8F087704743
:104990002544002ECBD1E2E78AB32DE9F04107464A
:1049A00084B00D4614464FF6FF784445264628BF8E
:1049B00046460022694638460095A41B55B1CDE90C
:1049C0000165039635440EF025FA002CEDD104B0B4
:1049D000BDE8F0814FF6FF7604E0B442009594BF45
:1049E000241BA41B002269463846CDE901550395D6
:1049F0000EF010FA002CF0D104B0BDE8F081704741
:104A000010B586B006AB012403F8111D002202A9DF
:104A10000293CDE9034305940EF0FCF99DF80700DD
:104A200006B010BD30B4094A094B546FD068916F7D
:104A30001C7300220124074D1C7198735973DA739B
:104A40001A741D605A749A6030BC7047A4D4050073
:104A500044A3002000F002402DE9F0471A4DAC4677
:104A600007468A4691469846BCE80F003C464FF000
:104A7000000E44F804EB0FC49CE807001C3584E8E2
:104A800007000FCD82B007F130040A9EC7F82880D6
:104A9000C7E908A9FE620FC42B6823600CABC7F8F6
:104AA00044E093E803006C4684E8030030200DF0F6
:104AB0002BFF94E80C000B99054601F0CFF838461F
:104AC0003D6002B0BDE8F087E8CD050010B50446B2
:104AD000006803685B6C98472068216A03688268F5
:104AE0009B6898472068216A03680269DB689847D9
:104AF000004B10BDC0610020006803689B6C184724
:104B00002DE9F04F057C83B00446407C0D9F0C9E40
:104B10000196ED0805EBD0053D44284689469046B0
:104B20009B460DF0F3FE064628460DF0EFFE82464A
:104B3000207C08285FFA89F35FFA88F132D843EACB
:104B40000102638932704B4506F1010034D03A46C8
:104B5000A18910F048F8206803685B6B98472068CB
:104B6000216A0368C268DB689847206803682A46A0
:104B700031469D6B5346A8472068216A0368026945
:104B8000DB68984720680368DB6B984723894B45AF
:104B900017D030460DF0BEFE504603B0BDE8F04FD2
:104BA0000DF0B8BE43EA182263897170D2B24B454A
:104BB00006F102003270CAD159463A460FF0EFFFB3
:104BC000C9E7217C01983A460AEBD1010FF0E7FFD3
:104BD000DFE700BF2DE9F04790F804C084B0044639
:104BE0000F4615461E46BCF1000F00F0B580437C11
:104BF0005AB2002AB8BF0732D210013A52B2002A84
:104C00000DF10808C0F2BC80B0F80AE04146D000BF
:104C1000013A52B24EFA00FCB2F1FF3F01F801CB6B
:104C2000A0F10800F4D194F810C04FEADC0C0CF1AC
:104C3000FF3252B2501C09D00139D000013A27FA94
:104C400000F052B201F8010F501CF6D10CEBD30763
:104C500007EB060948460DF059FE824647B1013F71
:104C6000FFB2013741463A460FF099FF0AEB0700C1
:104C7000324629460FF093FFE36A20680133036848
:104C800066D05B6A984705460BE0206803685B6D59
:104C90009847206803685B6A9847E369401B98421D
:104CA00064D22068E16A03681B6998470028ECD148
:104CB00048460DF02BFE0646206803685B6B98475C
:104CC0002068216A0368C268DB6898472068036827
:104CD0004A469D6B51463346A8472068216A0368BF
:104CE0000269DB68984720680368DB6B9847E36AD2
:104CF0002068013303683FD01B6A01219847206870
:104D000003685B6A984705460BE0206803685B6DA3
:104D10009847206803685B6A9847E369401B98429C
:104D20000DD22068E16A03681B6998470028ECD11E
:104D3000636923B1E27C914501D9B05C9847504644
:104D40000DF0E8FD304604B0BDE8F0470DF0E2BDDF
:104D5000DB6932219847ABE74189CDE900C31346AF
:104D60003A46FFF7CDFE04B0BDE8F087504604B0E8
:104D7000BDE8F0470DF0CEBDDB6901219847D7E7CC
:104D8000414650E72DE9F04F83B004460C9F807CEC
:104D90009DF838500095D51905EBD00528469DF8AB
:104DA00034A0019316468B460DF0B0FD80465EB1EF
:104DB00006F1FF395FFA89F909F1010959464A46B6
:104DC0000FF0EDFE08EB0900A27CA18907EBD202EF
:104DD0000FF009FFBAF1000F1DD0E26A206801321E
:104DE00003687FD05B6A984781460DE020680368BE
:104DF0005B6D9847206803685B6A9847E369A0EB9E
:104E00000900984280F088802068E16A03681B6985
:104E100098470028EAD128460DF078FD81462068A1
:104E200003685B6B98472068216A0368C268DB6887
:104E30009847206803682A46D3F838B041464B4665
:104E4000D8472068216A03680269DB6898472068B0
:104E50000368DB6B9847BAF1000F21D0E26A206843
:104E60000132036861D01B6A0121984720680368FA
:104E70005B6A984782460CE0206803685B6D984740
:104E8000206803685B6A9847E369A0EB0A009842D0
:104E900052D22068E16A03681B6998470028EBD169
:104EA00063691BB3E27C954220D919F80200984748
:104EB000A17C06EBD10105463A46494401980FF022
:104EC0006EFE40460DF026FD48460DF023FDFDB96F
:104ED000009BE3B1A569DDB120462B4603B0BDE8D8
:104EE000F04F1847DB693221984794E7A17C01987D
:104EF00006EBD1013A4649440FF051FE40460DF011
:104F000009FD48460DF006FD009B002BE2D11D4631
:104F1000284603B0BDE8F08F40460DF0FBFC6FF46F
:104F20003075284603B0BDE8F08FDB690121984752
:104F30006369002BB6D1D9E7A17C019806EBD101BA
:104F400049443A460FF02BFE40460DF0E3FC48463C
:104F50000DF0E0FC6FF43075284603B0BDE8F08F2B
:104F600090F811C02DE9F04F04464FFA8CF000285C
:104F7000B8BF0730C010013883B040B200289DF898
:104F800030509DF83460174698460CDBC30001AAE8
:104F9000013840B241FA03FEB0F1FF3F02F801EBE5
:104FA000A3F10803F4D14FEADC0B0BEB080A5046DF
:104FB0000DF0ACFC8146BBF1000F09D001AB13F83A
:104FC000012B00F8012BA0EB0901C9B28B45F6D8E3
:104FD000424639460FF0E3FDDDB1E26A2068013256
:104FE000036870D05B6A984707460BE02068036847
:104FF0005B6D9847206803685B6A9847E369C01B4C
:10500000984271D22068E16A03681B6998470028BA
:10501000ECD150460DF07AFC0746206803685B6BC4
:1050200098472068216A0368C268DB68984720684F
:1050300003685246D3F8388049463B46C04720684B
:10504000216A03680269DB68984720680368DB6BA4
:10505000984705B3E26A2068013203684DD01B6AA5
:1050600001219847206803685B6A984705460BE072
:10507000206803685B6D9847206803685B6A9847FF
:10508000E369401B98423FD22068E16A03681B69CC
:1050900098470028ECD16369CBB1E27C924516D9E0
:1050A000B85C9847054648460DF034FC38460DF08C
:1050B00031FCADB99EB1A56995B120462B4603B030
:1050C000BDE8F04F1847DB6932219847A1E7484611
:1050D0000DF020FC38460DF01DFC002EEBD13546BE
:1050E000284603B0BDE8F08F48460DF013FC6FF47E
:1050F0003075284603B0BDE8F08FDB690121984781
:105100006369002BC9D1E2E748460DF003FC38463D
:105110000DF000FC6FF43075284603B0BDE8F08F49
:105120002DE9F04F83B00446DDF830809DF83490CF
:105130009DF838B0019102EB0806304615469A46B4
:105140000DF0E4FB07463DB1013DEDB2013501999B
:105150002A460FF024FD7819424651460FF01FFDF4
:10516000B9F1000F1BD0E26A20680132036875D0E4
:105170005B6A984705460BE0206803685B6D9847BB
:10518000206803685B6A9847E369401B984277D2BE
:105190002068E16A03681B6998470028ECD1304613
:1051A0000DF0B4FB0546206803685B6B98472068E8
:1051B000216A0368C268DB68984720680368324642
:1051C000D3F8388039462B46C0472068216A0368E7
:1051D0000269DB68984720680368DB6B9847B9F180
:1051E000000F21D0E26A20680132036851D01B6AA7
:1051F00001219847206803685B6A984780460CE065
:10520000206803685B6D9847206803685B6A98476D
:10521000E369A0EB0800984242D22068E16A036883
:105220001B6998470028EBD16369DBB1E27C9642A9
:1052300018D9A85C9847064638460DF06BFB2846FF
:105240000DF068FBC6B9BBF1000F14D0A6699EB182
:105250002046334603B0BDE8F04F1847DB693221E2
:1052600098479CE738460DF055FB28460DF052FB59
:10527000BBF1000FEAD15E46304603B0BDE8F08FC7
:1052800038460DF047FB6FF43076304603B0BDE88A
:10529000F08FDB69012198476369002BC6D1E1E7F4
:1052A00038460DF037FB28460DF034FB6FF43076AE
:1052B000304603B0BDE8F08F2DE9F043457C6BB27A
:1052C000002BB8BF0733DB10013B5BB2002B83B070
:1052D00004460CDBC689DA0001A9013B46FA02F05C
:1052E0005BB201F8010B581CA2F10802F5D1A77CB2
:1052F000ED0805EBD707013738460DF007FB0646EA
:1053000045B101AA12F8013B00F8013B831BDBB257
:105310009D42F7D8A27CA189D20801320FF063FC2C
:10532000E36A20680133036800F089805B6A98476C
:1053300080460CE0206803685B6D9847206803682E
:105340005B6A9847E369A0EB080098427BD220682B
:10535000E16A03681B6998470028EBD138460DF0D5
:10536000D5FA8146206803685B6B98472068216AFC
:105370000368C268DB689847206803683A46D3F838
:10538000388031464B46C0472068216A036802696D
:10539000DB68984720680368DB6B9847E36A2068FE
:1053A000013303683AD01B6A0121984720680368DB
:1053B0005B6A984780460CE0206803685B6D9847FD
:1053C000206803685B6A9847E369A0EB080098428D
:1053D00042D22068E16A03681B6998470028EBD134
:1053E00063690BB3E27C97421ED919F80200984713
:1053F000A37C09EBD303074630465D5D0DF08AFAC6
:1054000048460DF087FA2FB967691FB12846B8479B
:105410000027E080384603B0BDE8F083DB69012156
:1054200098476369002BDDD1A37C09EBD303304699
:105430005D5D0DF06FFA48460DF06CFAE4E7DB694C
:10544000322198478AE730460DF064FA6FF43077DE
:10545000384603B0BDE8F08330460DF05BFA4846AD
:105460000DF058FA6FF43077384603B0BDE8F0839A
:105470002DE9F04F85B01546109A9DF844400194EF
:105480008A460446AF180293002B40F0FD80837CCF
:1054900007EBD30738460DF039FA0646002D00F029
:1054A000CB8046EA0A035A0740F011810B2D40F2E7
:1054B0000E81002D14BF2B46012303934FEAD30B1B
:1054C000721CAAF1080C31460023FCE90289013361
:1054D0005FFA83FE1046F345E1E8028900F1070018
:1054E00002F10802F1D8039901F0F8038B4206EBB0
:1054F00003023BD003F1010C5FFA8CFC1AF8031095
:10550000F154654502F1010030D9991CC9B21AF86D
:105510000C0050708D4202F1020027D9D81C1AF8F5
:1055200001109170C1B28D4202F103001ED9181D05
:105530001AF80110D170C1B28D4202F1040015D9E0
:10554000581D1AF801101171C1B28D4202F1050007
:105550000CD90633DBB21AF8011051719D4202F1E9
:10556000060003D91AF803309371D01D029B002B5B
:1055700062D0109A0E990FF012FB019B002B65D19F
:1055800038460DF0C3F98046206803685B6B984786
:105590002068216A0368C268DB689847206803684E
:1055A0003A46D3F8389031464346C8472068216AC6
:1055B00003680269DB68984720680368DB6B9847DB
:1055C000019B13B3E26A20680132036800F08B800C
:1055D0001B6A01219847206803685B6A98478146E7
:1055E0000CE0206803685B6D9847206803685B6A7D
:1055F0009847E369A0EB090098427BD22068E16AF2
:1056000003681B6998470028EBD16369002B48D0D9
:10561000E27CBA4245D218F8020098470746029B3E
:10562000002B42D030460DF075F940460DF072F96E
:10563000384605B0BDE8F08F109BA27CA18903EB32
:10564000D2020FF0D0FA019B002B99D0E26A2068B9
:105650000132036821D05B6A984780460CE02068DD
:1056600003685B6D9847206803685B6A9847E36945
:10567000A0EB0800984221D22068E16A03681B6908
:1056800098470028EBD17BE738460DF03FF90646F6
:10569000002D7FF406AF30466BE7DB693221984777
:1056A0006EE7029B0027002BBCD1A17C05EBD1014A
:1056B0004144DDE90F020FF072FAB3E730460DF016
:1056C00029F96FF43077384605B0BDE8F08F0AF15C
:1056D000FF3A30461AF8013F00F8013B831BDBB26A
:1056E0009D42F7D842E7DB69012198476369002BA7
:1056F0008ED1D6E76FF4307791E700BF2DE9F04106
:10570000067986B005460C46002E3FD0477C78B21D
:105710000028B8BF0730C010013840B2002804A9E3
:105720003EDBB5F808800E464FEAC00C013840B2A7
:1057300048FA0CFEB0F1FF3F06F801EBACF1080CA3
:10574000F4D195F810E04FEADE0E0EF1FF3040B2D2
:10575000B0F1FF3F0BD0013E4FEAC00C013840B220
:1057600024FA0CFCB0F1FF3F06F801CFF4D100247D
:105770000126029201930EEBD7022846039600946D
:105780002346FFF775FE06B0BDE8F0810189CDE93B
:10579000003233462246FFF7B3F906B0BDE8F08188
:1057A0000E46CEE790F811C02DE9F04305464FFABA
:1057B0008CF00028B8BF0730C010013887B040B265
:1057C00000289DF838E09DF83C600DF114090CDBD1
:1057D0004F46C400013840B241FA04F8B0F1FF3F2F
:1057E00007F8018BA4F10804F4D10020CDE9023EB2
:1057F0000192009003464FEADC0249462846FFF733
:1058000037FE20B91EB1AB690BB12846984707B0E7
:10581000BDE8F0832DE9F04F8BB0072B9DF8585071
:105820009DF850809DF8547005959DF85CB000F28D
:105830002F81B8F1070F00F22B814345C0F028817A
:105840001E4603799146002204460D468DF81F201E
:10585000002B00F00681427C53B2002BB8BF073307
:10586000DB10013B5BB2002B08A9C0F20F81B0F83E
:1058700008A08E46D800013B5BB24AFA00FCB3F1A7
:10588000FF3F0EF801CBA0F10800F4D194F810C04E
:105890004FEADC0C0CF1FF335BB2581C0AD00EF15E
:1058A000FF3ED800013B25FA00F05BB20EF8010F75
:1058B000581CF6D101200DF11F0A0023CDE902008A
:1058C0000CEBD202CDE9003A2046FFF7D1FDFF22D2
:1058D000731CC8F1080802FA03F342FA08F843EA15
:1058E00008039DF81F60DB43DBB289EA060213421E
:1058F00003D1BBF1000F00F0A18026EA030603EA02
:105900000909237946EA09068DF81E60002B00F08C
:10591000B280627C53B2002BB8BF0733DB10013B6F
:105920005BB2002B08A9C0F2B680B4F80A80084622
:105930004FEAC30C013B5BB248FA0CFEB3F1FF3FE8
:1059400000F801EBACF1080CF4D194F810C04FEA68
:10595000DC0C0CF1FF335BB2B3F1FF3F0BD001382D
:105960004FEAC30E013B5BB225FA0EFEB3F1FF3FD7
:1059700000F801EFF4D1002001230CEBD2020DF16D
:105980001E0CCDE900C0CDE902332046FFF770FDC3
:10599000206803689B6A98474FF47A7909FB07F9F6
:1059A00083464FF000080127206803689B6A9847E8
:1059B000A0EB0B0048454FD223798DF81F80002BB8
:1059C00040D0617C4BB2002BB8BF0733DB10013BEA
:1059D0005BB2002B3EDBB4F808C0DA0008A8013B3C
:1059E0005BB24CFA02FEB3F1FF3F00F801EBA2F10B
:1059F0000802F4D1227CD208531E5BB2B3F1FF3F00
:105A00000BD001384FEAC30C013B5BB225FA0CFC0A
:105A1000B3F1FF3F00F801CFF4D102EBD102CDE9A1
:105A20000277CDE9008A002308A92046FFF720FD70
:105A30009DF81F30059A73401A42B5D100200BB073
:105A4000BDE8F08F21892A46CDE900A72046FFF75F
:105A500057F8EDE708A8CDE76FF00F000BB0BDE8F1
:105A6000F08F01220DF11F0A0189CDE900A22A461B
:105A7000FFF746F82BE761890093012301932A463B
:105A80000DF11E032046FFF73BF881E78E46FDE649
:105A90006FF00A00D3E7084657E700BFF8B5446C3B
:105AA00024B906E0914205D0183402D02278002AA9
:105AB000F8D1F8BD0646043400F1300500F1440782
:105AC00055F8041B002904DB306822680368DB6892
:105AD0009847AF4204F10404F2D1F8BD21B1034B61
:105AE000880143F001031847704700BF80CE0500CE
:105AF00008467047704700BF006AFEF755BE00BFFA
:105B0000006AFEF795BE00BF72B1F8B54C1E07469D
:105B1000A6185D1E14F8011F386AFEF771FFB44223
:105B200005F8010FF6D1F8BD704700BF0DF000BCBD
:105B30004B1C02D0C8B209F001BC704708461146A0
:105B4000421C03D01A46C0B209F0BEBC704700BF69
:105B5000006AFEF7D9BE00BF00F1240393E80600F7
:105B6000006AFEF76DBE00BF08461146421C02D017
:105B70001A460DF07FBB0020704700BF08B50A4BE6
:105B8000DB68D90103D5094B1A68D20708D40BF09A
:105B900049FE074BA0FB0323900A40EA835008BD4F
:105BA0005868800908BD00BFF0ED00E0001000E07B
:105BB00040420F000AF0BCBB08460AF0C5BB00BF5C
:105BC0004B1C02D008460AF027BA70470846114617
:105BD000421C02D01A460AF015B970474B1C02D07D
:105BE00008460DF03BBF0020704700BF4B1C084625
:105BF00002D011460DF016BF704700BF4B1C08467F
:105C000002D011460DF08ABE704700BF10B530219A
:105C100004460CF081FE204610BD00BF90F82C20F9
:105C200002B9704702680449126C8A4202D1006AC4
:105C3000FEF7FEBD104700BF015B040090F82C206A
:105C400002B9704702680449126B8A4202D1006AA5
:105C5000FEF7AABD104700BFF95A0400F0B587B09F
:105C600004AD85E80C0003270122002304240E461E
:105C7000CDE9014700921946044605F013F895E86E
:105C8000030004F12403054D26620022256083E809
:105C90000300204684F82C2007B0F0BD20CE05007C
:105CA0004AB116290B466FF00800A8BF162383429D
:105CB000B8BF034613700931C9B21F298CBF6FF0FA
:105CC0000C000020704700BF704700BF10B54FF4B4
:105CD000E67104460CF020FE204610BD9FED167ABA
:105CE000B4EEC70AF1EE10FA23D49FED147AB4EEA5
:105CF000C70AF1EE10FA1CDC38B5D0ED587A70EE18
:105D0000677AB3EE047AF0EEE77AF4EEC77AF1EE52
:105D100010FA054610EE104A06DA00EE104A284640
:105D2000BDE8384004F0BABC02F04CFA0028F4D0C8
:105D300038BD6FF00B007047000016430000704440
:105D400030B50368154A9B6D934283B005460C46F7
:105D500019D10931CBB21F2B1CD8D5F86831104AA4
:105D6000002B08BF134603EB410013F8112090F9F4
:105D7000011000241309284602F00F02009404F0D9
:105D800059FC03B030BD002298470028F9D104F136
:105D90000901E2E76FF00C00F3E700BFA15C04002B
:105DA000B8CE0500F0B52DED028B85B005689DF8E5
:105DB000346080F85461C0ED540AD5F81051494E52
:105DC0009DF930708DF80C10B5428DED020A8DF8FA
:105DD0000D208DF80E308DF80F705BD1044602F067
:105DE00001FD18B105B0BDEC028BF0BD23683E4A41
:105DF000DB6B9DED028A93425AD1DFED3C7AB4EE23
:105E0000E78AF1EE10FA5ED4DFED397AB4EEE78A74
:105E1000F1EE10FA57DCD4ED587A78EE677AB3EEEB
:105E2000047AF0EEE77AF4EEC77AF1EE10FA37DA98
:105E3000B0EE480A204604F031FC0028D2D10121FE
:105E4000204602F031FA0028CCD1236829495A6D46
:105E50009DF90F508A4232D19B6D274A934235D12A
:105E600005F10903DAB21F2A39D8D4F86821234989
:105E7000002A08BF0A4602EB430112F8132091F9E9
:105E8000011000251309204602F00F02009504F0CE
:105E9000D1FBA7E702A9A84705B0BDEC028BF0BD76
:105EA000B0EE480A204602F08DF90028C0D099E7EC
:105EB000B0EE480A20469847002893D1BFE729460C
:105EC000204690478EE76FF00B008BE7024629468D
:105ED00020469847002885D105F10903C5E76FF0F2
:105EE0000C007FE72D600400DD5C04000000164319
:105EF00000007044415D0400A15C0400B8CE0500C0
:105F000030B52DED028B91ED010A83B00D460446AC
:105F100002F04AFC18B103B0BDEC028B30BD23681F
:105F20003C4ADB6B95ED008A934254D1DFED3A7A1F
:105F3000B4EEE78AF1EE10FA5DD4DFED387AB4EE14
:105F4000E78AF1EE10FA56DCD4ED587A78EE677AEB
:105F5000B3EE047AF0EEE77AF4EEC77AF1EE10FAD7
:105F600031DAB0EE480A204604F098FB0028D2D17E
:105F70000121204602F098F90028CCD12368284955
:105F80005A6D95F908508A4238D19B6D254A934243
:105F900028D105F10903DAB21F2A37D8D4F86821CD
:105FA0002149002A08BF0A4602EB430112F81320D8
:105FB00091F9011000251309204602F00F02009507
:105FC00004F038FBA7E7B0EE480A204602F0FAF8E2
:105FD0000028C6D09FE7B0EE480A20469847002820
:105FE00099D1C5E70246294620469847002892D114
:105FF00005F10903D2E76FF00B008CE72946204634
:1060000003B0BDEC028BBDE8304010476FF00C00D0
:1060100081E700BFDD5C040000001643000070440F
:10602000415D0400A15C0400B8CE050030B52DED43
:10603000028B0C4683B08B794A790979054602F0C8
:10604000D1FB18B103B0BDEC028B30BD2B683C4ACC
:10605000DB6B94ED008A934254D1DFED3A7AB4EED3
:10606000E78AF1EE10FA5DD4DFED377AB4EEE78A15
:10607000F1EE10FA56DCD5ED587A78EE677AB3EE89
:10608000047AF0EEE77AF4EEC77AF1EE10FA31DA3C
:10609000B0EE480A284604F001FB0028D2D10121C5
:1060A000284602F001F90028CCD12B6827495A6D07
:1060B00094F907408A4238D19B6D254A934228D1F2
:1060C00004F10903DAB21F2A37D8D5F8682121492B
:1060D000002A08BF0A4602EB430112F8132091F987
:1060E000011000241309284602F00F02009404F066
:1060F000A1FAA7E7B0EE480A284602F063F80028A4
:10610000C6D09FE7B0EE480A28469847002899D1A4
:10611000C5E70246214628469847002892D104F157
:106120000903D2E76FF00B008CE72146284603B045
:10613000BDEC028BBDE8304010476FF00C0081E7EA
:10614000DD5C04000000164300007044415D040063
:10615000A15C0400B8CE050030B52DED028B0C46D5
:1061600083B091ED031AD4ED020A498A94ED010A35
:10617000054602F093FA18B103B0BDEC028B30BDB6
:106180002B683C4ADB6B94ED008A934254D1DFEDDF
:106190003A7AB4EEE78AF1EE10FA5DD4DFED377AA1
:1061A000B4EEE78AF1EE10FA56DCD5ED587A78EEC7
:1061B000677AB3EE047AF0EEE77AF4EEC77AF1EE9E
:1061C00010FA31DAB0EE480A284604F067FA0028DF
:1061D000D2D10121284602F067F80028CCD12B68E3
:1061E00027495A6D94F910408A4238D19B6D254A4F
:1061F000934228D104F10903DAB21F2A37D8D5F81F
:1062000068212149002A08BF0A4602EB430112F81F
:10621000132091F9011000241309284602F00F02FF
:10622000009404F007FAA7E7B0EE480A284601F008
:10623000C9FF0028C6D09FE7B0EE480A2846984715
:10624000002899D1C5E702462146284698470028EC
:1062500092D104F10903D2E76FF00B008CE72146DD
:10626000284603B0BDEC028BBDE8304010476FF00C
:106270000C0081E7DD5C0400000016430000704460
:10628000415D0400A15C0400B8CE0500F0B52DED21
:10629000028B04464F4B056880ED541A16460F4694
:1062A00084F8546193E80700D5F808514A4E87B046
:1062B00003ABB54283E807008DF81470CDED040AF6
:1062C0008DED030A5DD1B0EE600A204602F06CFA53
:1062D00018B107B0BDEC028BF0BD23683F4ADB6B01
:1062E0009DED038A93425BD1DFED3D7AB4EEE78A00
:1062F000F1EE10FA5FD4DFED3B7AB4EEE78AF1EE0F
:1063000010FA58DCD4ED587A78EE677AB3EE047A56
:10631000F0EEE77AF4EEC77AF1EE10FA38DAB0EE82
:10632000480A204604F0BAF90028D2D101212046BB
:1063300001F0BAFF0028CCD123682B495A6D9DF992
:1063400014508A4233D19B6D284A934236D105F1CD
:106350000903DAB21F2A3AD8D4F868212449002A5E
:1063600008BF0A4602EB430112F8132091F901100D
:1063700000251309204602F00F02009504F05AF997
:10638000A7E719462046A84707B0BDEC028BF0BD31
:10639000B0EE480A204601F015FF0028BFD098E76C
:1063A000B0EE480A20469847002892D1BEE7294619
:1063B000204690478DE76FF00B008AE7024629469A
:1063C00020469847002884D105F10903C4E76FF0FF
:1063D0000C007EE788CE0500015F0400DD5C040050
:1063E0000000164300007044415D0400A15C0400FD
:1063F000B8CE05002DE9F041594DDFF880C12DEDF3
:10640000028B06468E46174698460FCD88B003ACE1
:106410000FC4336886ED542A86F85481D3F80031CE
:106420002A6822606345F0EE607ACDED040A8DF8AB
:106430001CE08DED051ACDED061AADF81E708DED40
:10644000030A63D1F0EE410A3946B0EE611AB0EEAC
:10645000670A304602F022F920B108B0BDEC028B89
:10646000BDE8F08133683F4ADB6B9DED038A9342C0
:106470005CD1DFED3D7AB4EEE78AF1EE10FA60D43C
:10648000DFED3A7AB4EEE78AF1EE10FA59DCD6ED98
:10649000587A78EE677AB3EE047AF0EEE77AF4EEA3
:1064A000C77AF1EE10FA39DAB0EE480A304604F055
:1064B000F5F80028D1D10121304601F0F5FE002881
:1064C000CBD133682A495A6D9DF91C408A4234D198
:1064D0009B6D284A934237D104F10903DAB21F2A8F
:1064E0003BD8D6F868212449002A08BF0A4602EBA7
:1064F000430112F8132091F90110002413093046CA
:1065000002F00F02009404F095F8A6E703A93046C4
:10651000984708B0BDEC028BBDE8F081B0EE480AA8
:10652000304601F04FFE0028BED096E7B0EE480A94
:1065300030469847002890D1BDE721463046904725
:106540008BE76FF00B0088E70246214630469847FC
:10655000002882D104F10903C3E76FF00C007CE747
:1065600094CE0500DD5C040000001643000070447A
:10657000415D0400A15C0400B8CE0500596104002F
:106580002DE9F0412DED028B614DDFF8A0C186B001
:1065900004468E4616461F4695E80F009DF840803B
:1065A000256884ED541A84F85481D5F8F88002AD3A
:1065B00085E80F00E0459DF93820BDF83C308DF8A6
:1065C00010E08DF811608DF812708DED020ACDED9E
:1065D000030A8DF81320ADF8143070D13A463146D5
:1065E000204601F0FFFF20B106B0BDEC028BBDE8F4
:1065F000F08123689DF81010D3F8F03020469847BA
:106600000028F1D123689DED030AD3F8EC30204631
:1066100098470028E8D123683E4ADB6B9DED028A4B
:1066200093425CD1DFED3C7AB4EEE78AF1EE10FAEA
:106630005ED4DFED3A7AB4EEE78AF1EE10FA57DC79
:10664000D4ED587A78EE677AB3EE047AF0EEE77A12
:10665000F4EEC77AF1EE10FA39DAB0EE480A2046C5
:1066600004F01CF80028BFD10121204601F01CFED7
:106670000028B9D123682A495A6D9DF913508A42DE
:1066800032D19B6D274A934235D105F10903DAB225
:106690001F2A3AD8D4F868212349002A08BF0A469D
:1066A00002EB430112F8132091F9011000251309A0
:1066B000204602F00F02009503F0BCFF94E7294644
:1066C0002046C04706B0BDEC028BBDE8F081B0EEBD
:1066D000480A204601F076FD0028BED084E7B0EEDF
:1066E000480A20469847BDE72946204690477BE761
:1066F0006FF00B0078E702462946204698470028AD
:106700007FF472AF05F10903C4E76FF00C006BE78B
:10671000A8CE0500DD5C04000000164300007044B4
:10672000415D0400A15C0400B8CE0500316704009F
:1067300030B52DED028B0C4683B08B898A7A497A6D
:10674000054601F04FFF18B103B0BDEC028B30BD20
:106750002B68217AD3F8F030284698470028F3D1E7
:106760002B6894ED010AD3F8EC30284698470028AE
:10677000EAD12B683C4ADB6B94ED008A934254D1FA
:10678000DFED3A7AB4EEE78AF1EE10FA5CD4DFED91
:10679000387AB4EEE78AF1EE10FA55DCD5ED587A86
:1067A00078EE677AB3EE047AF0EEE77AF4EEC77A21
:1067B000F1EE10FA31DAB0EE480A284603F06EFF27
:1067C0000028C1D10121284601F06EFD0028BBD16F
:1067D0002B6828495A6D94F90B408A422CD19B6D45
:1067E000254A934233D104F10903DAB21F2A38D87B
:1067F000D5F868212149002A08BF0A4602EB430167
:1068000012F8132091F9011000241309284602F010
:106810000F02009403F00EFF96E7B0EE480A2846F8
:1068200001F0D0FC0028C6D08EE7B0EE480A28461A
:106830009847002888D1C5E72146284603B0BDEC1B
:10684000028BBDE8304010476FF00B007CE702463A
:1068500021462846984700287FF476AF04F10903C3
:10686000C6E76FF00C006FE7DD5C04000000164324
:1068700000007044415D0400A15C0400B8CE050036
:10688000F0B52DED028B01298BB0044600F0EE80AF
:10689000C0F0868002297DD10368B04AD3F8145134
:1068A000954240F00D81AE49AE4AC0F850110592B4
:1068B0000A2100224FF483758DF81B10ADF8185093
:1068C00080F85421D3F81021A74901238A428DF87A
:1068D0001A3040F011811A46062101F083FF00288A
:1068E0005AD12368A14ADB6B9DED058A934240F0A3
:1068F0002081DFED9F7AB4EEE78AF1EE10FA00F125
:106900001D81DFED9C7AB4EEE78AF1EE10FA00F318
:106910001581D4ED587A78EE677AB3EE047AF0EE0A
:10692000E77AF4EEC77AF1EE10FA80F2F480B0EE76
:10693000480A204603F0B2FE70BB0121204601F058
:10694000B3FC48BB23688C495A6D9DF91B508A42A1
:1069500040F088809B6D894A934240F0F28005F1B7
:106960000903DAB21F2A00F2F680D4F868218449BC
:10697000002A08BF0A4602EB430112F8132091F9DE
:10698000011000251309204602F00F02009503F0C4
:1069900051FE01E06FF013000BB0BDEC028BF0BDB7
:1069A0000768784BD7F804519D4240F09680764EA8
:1069B000DFF8ACC1C4F850C10FCE05AD0FC5002340
:1069C00084F85431D7F80031704A9FED711A31685C
:1069D000296093428DED081A40F091801021F1EE6C
:1069E000040A9FED6C0A204601F058FE0028D3D11E
:1069F00023685E4ADB6B9DED058A934240F09480EC
:106A0000DFED5B7AB4EEE78AF1EE10FA00F19680E2
:106A1000DFED587AB4EEE78AF1EE10FA00F38E80DB
:106A2000D4ED587A78EE677AB3EE047AF0EEE77A2E
:106A3000F4EEC77AF1EE10FA65DAB0EE480A2046B5
:106A400003F02CFE0028A7D10121204601F02CFCE8
:106A50000028A1D1236848495A6D9DF924508A42E3
:106A60003FF478AF29462046904795E706684A4BA1
:106A7000D6F8FC509D4213D1484B394FC4F85071A1
:106A80000FCB002705AD84F8547185E80F00D6F8C8
:106A9000F8302946204698470BB0BDEC028BF0BD7C
:106AA0000A21082200238DE80E009FED3D1ADFED3C
:106AB0003D0A9FED3D0A122307220921A8476BE7F3
:106AC00000210A220123CDE90021DFED350A9FEDE7
:106AD000360A1A460621A8475EE700239FED302AB2
:106AE000DFED2B1ADFED2B0A9FED2F0A10220A2172
:106AF000B1EE041AA8474FE705A990474CE705A94E
:106B00002046984748E7B0EE480A204601F05AFB75
:106B1000002892D040E7B0EE480A204601F052FB30
:106B200000283FF404AF37E7B0EE480A2046984704
:106B300088E7B0EE480A20469847FDE66FF00B0064
:106B40002AE7024629462046984700287FF424AFCA
:106B500005F1090309E76FF00C001DE7A55D0400CE
:106B6000CDCCCC3F0000D9432D600400DD5C040097
:106B70000000164300007044415D0400A15C040065
:106B8000B8CE0500F563040094CE050059610400F9
:106B900033331C439A99994081650400A8CE0500BF
:106BA000CDCCCC3F0000FA420000D94310B50446DA
:106BB00001F0EAF9034A044B2260C4F85831204638
:106BC00010BD00BF08CF0500F8CE050070B5074B1B
:106BD00005460FCB84B02E686C4684E80F00D6F8CB
:106BE000A03021462846984704B070BD20D005004B
:106BF00010B582B0036800220092DC6940F2722274
:106C000002236FF07F41A04702B010BD82B0F0B404
:106C1000012904A880E80C009DF81E209DF81F3073
:106C20003AD00FD3022904D06FF01300F0BC02B0A9
:106C300070479DF81130032B00F2BF80DFE803F0AE
:106C4000B2ACA876BDF81C109DED046ADFED5C5A6D
:106C500007EE902ADB0006EE901AB8EEE77A07EE10
:106C6000903A099BF8EEE66ADB0076EE876AF8EE6A
:106C7000E77A07EE103A76EEA77AB8EE477A66EE34
:106C8000256A37EE877AF0BCC7EE267A02B0FCEEB2
:106C9000E77A17EE900A70479DF81010DDED056A4F
:106CA0009DF8204042F21070884007EE100AF2EE84
:106CB000047AB8EE477A66EEA76A481FC7EE267ACE
:106CC000C0B2022835BF1925112500260826FCEE82
:106CD000E77A17EE900A24BB8C00E4B2099F07EB19
:106CE0004303C1EB4301002A06EB81030CBF1421CF
:106CF00000211944BDF81C209DF81860631E09B2DC
:106D00000029A8BF5B18083293FBF4F39BB206FB83
:106D1000032305EB8303F0BC00FB03F0800802B003
:106D2000704701F13E04A400E4B2D7E7099B03EBEE
:106D300043039BB22349A1FB0321490901EB8102D3
:106D400001EB410102EB8202A3EB011352009BB263
:106D500092B213B1023313449AB29DF81C101A4B2D
:106D60009FED1A7AC1EBC10001EBC00102EB4102B9
:106D700092B203FB02F307EE903AF8EE677AF0BCAA
:106D800067EE877A02B0FCEEE77A17EE900A70475A
:106D9000099B5B009BB2CDE7099B03EB4303C3F365
:106DA0004F03C7E7099B0A4A03EB43035B00043325
:106DB000A2FB0323C3F38F03BCE76FF0090035E7A1
:106DC0006F12833AABAAAAAA00127A00AD37063B2B
:106DD000CDCCCCCC07EE901A9FED057AF8EE677A11
:106DE00067EE877AFCEEE77A17EE900A704700BFED
:106DF0006F12833D036889B2D3F8F430184700BF9F
:106E00000368D3F8E4301847D0F86C01704700BF2E
:106E100000F00E03062B0BD0082B0CD00A2B0CD045
:106E20000138C0B2FD288CBF6FF001000020704710
:106E30006FF430707047024870470248704700BFD7
:106E40003EFDFFFF3DFDFFFF704700BFA9B110B53C
:106E50000C4602F0EDFA01280CD005D3032806D128
:106E600002232370002010BD0020207010BD6FF0A1
:106E7000130010BD2070002010BD6FF0020070479D
:106E800008B50221D0F86C01FEF708FE4FF0FF3084
:106E900008BD00BF30B504460D4683B0D0F86C0184
:106EA00094F86411FEF7FAFD25B12946204602F058
:106EB00095FA48B901220023D4F86C01D121CDE91B
:106EC00000221A46FEF74CF803B030BD00B583B07F
:106ED0008AB200231146009302F044FA03B05DF831
:106EE00004FB00BF00B585B004AA002322F8043DCE
:106EF0000123D0F86C011221CDE900330223FEF703
:106F000051FCBDF80C0040BA80B205B05DF804FB3E
:106F10002DE9F04186B000240646FF270225D0F86F
:106F20006C010394CDE901572346224640F6E20165
:106F30000094FEF76FFCD6F86C0123462246CDE99B
:106F40000274CDE9004540F6E501FEF763FC6FF001
:106F50007F41304602F03CF9D6F86C31186803687E
:106F60000A21DB6998472546274601230DF11702C0
:106F700040F6190130468DF8177002F0BBF99DF804
:106F8000170000F00100A04001342843082CC5B2CE
:106F9000EBD133684FF0FF08022430461B69984755
:106FA000D6F86C0103970097CDE901480023012230
:106FB00040F6E201FEF72EFCD6F86C010397CDE90E
:106FC000014800970023012240F6E501FEF722FC6C
:106FD000284606B0BDE8F08138B590F8381002298F
:106FE000044626D0032903D06FF01805284638BD83
:106FF00090F86411D0F86C01FEF750FD0021204696
:1070000002F0D0F8054630B1F0E7D4F86C311868DA
:1070100003685B6D9847D4F86C311868D96A0368C7
:107020001B6998470028F0D1002384F8383028469F
:1070300038BDD0F86C01FEF731FDD4F8A811204618
:1070400002F0C6F80023054684F83830EFE700BFA9
:1070500010B5D0F86C310446186803681B6998476E
:10706000C1B22046BDE8104003F0CCBC10B54FF4CF
:10707000E67104460BF050FC204610BD10B50368C5
:1070800044F2FF31D3F8F4300446984700B110BD04
:10709000236820461B69BDE810401847F0B583B04F
:1070A0000E46054602F0C4F9012836D12B68284661
:1070B0001B699847044610B1204603B0F0BD022179
:1070C000D5F86C01FEF7EAFCB168284603F084FCB1
:1070D000F1680746284603F07FFC009482B22346FD
:1070E000B9B2284602F03EF904460028E4D12B68E4
:1070F00044F2FF31D3F8F43028469847044600287C
:10710000DAD17068F478B3787278317801900094AD
:10711000284602F075F80446CEE76FF01304CBE77B
:1071200010B5044602F084F9012802D0BBEE040A2F
:1071300010BD204602F0C4FA000A030654BFC0B2D4
:1071400060F0FF000CF0BAFF0022044B0DF020F8B5
:107150000DF030FA00EE100A10BD00BF0000D03F65
:1071600008B502F0ADFAC0B20CF0A8FF0022044B43
:107170000DF00EF80DF01EFA00EE100A08BD00BF6B
:107180000000E0BF10B584B0044602F051F90128B8
:1071900003D194F87431012B10D004AA002322F8F3
:1071A000043D0123D4F86C011321CDE900330223FF
:1071B000FEF7F8FA9DF80C0004B010BDD4F8A00159
:1071C00004B010BDF0B52B4B2B4F04460FCB2568F8
:1071D000D5F8946087B002ADBE4285E80F003FD17C
:1071E000204602F025F9012841D1236820461B6979
:1071F0009847054610B1284607B0F0BD0221D4F8E3
:107200006C01FEF74BFC0499204603F0E5FB059961
:107210000646204603F0E0FB009582B22B46B1B251
:10722000204602F09FF805460028E4D1236844F286
:10723000FF31D3F8F4302046984705460028DAD1CC
:1072400003989DF80B50019000959DF80A309DF829
:1072500009209DF80810204601F0D2FF0546CAE734
:1072600029462046B0470546284607B0F0BD6FF0D6
:107270001305C0E720D005009D700400F0B5036839
:1072800083B01B6905469847044610B1204603B0F9
:10729000F0BD95F87431012B0AD02B682846D3F83D
:1072A000F43044F2FF3198470446204603B0F0BD65
:1072B000284602F0BDF801280646EED102AA034690
:1072C00002F8024D40F60211284602F00BF804467F
:1072D0000028DBD102AF334607F8010D40F6441118
:1072E0003A46284602F006F804460028CED19DF81A
:1072F0000740334644F002043A4640F6441128461B
:107300008DF8074001F0EEFF04460028BED1C4E727
:107310002DE9F041044684B0D0F86C0116460F46C2
:10732000FDF7CAFF2368324AD3F8843093420546FA
:107330005AD104AA002322F8043D0123D4F86C0199
:107340001221CDE900330223FEF72CFABDF80C0020
:1073500040BA80B26FF430739D423CD0A5BB430667
:1073600036D400F0300020280CBF6FF006084FF034
:107370000008204602F05CF804AA002322F8043D2D
:107380000123D4F86C011321CDE900330223FEF769
:1073900009FA9DF80D309DF80C2016B1B24228BFB5
:1073A0003246D2B23946204601F0C8FF054658B9E8
:1073B00023682046D3F8F43044F2FF319847B8F1FF
:1073C000000F14BF45460546284604B0BDE8F081CD
:1073D0006FF00608CDE710F4007F18BF6FF00505C9
:1073E000284604B0BDE8F08120469847B2E700BFC8
:1073F000E56E040010B584B0044602F019F80128C7
:1074000003D06FF0130004B010BD22681349D2F806
:1074100084208A421ED104AA0346002122F8041DBA
:10742000D4F86C011221CDE900330223FEF7BAF93A
:10743000BDF80C0040BA80B2C30508D410F0800F2C
:107440000CBF4FF0FF306FF00E0004B010BD0448C9
:1074500004B010BD20469047EEE700BFE56E040083
:1074600042FDFFFF2DE9F0410F46016884B0096934
:10747000044616461D46884728BB6DB92368454D0E
:10748000DB6F002E14BF3146FF212046984700EBEA
:107490008000A5FB0035AD0907EE905A9FED3E7ABE
:1074A0002368F8EE677A002267EE877A0092FCEE96
:1074B000E77AD3F81C8017EE901A022340F272226A
:1074C0002046C04710B104B0BDE8F081D4F86C315B
:1074D000186803685B6A984780460FE0D4F86C31FF
:1074E000186803685B6D9847D4F86C3118680368B6
:1074F0005B6A9847A0EB0800854232D3D4F86C3120
:107500001868596A03681B6998470028E6D0236801
:1075100020461B6998470346002836D123681F4A36
:10752000D3F8843093422DD104AA002322F8043DDD
:107530000123D4F86C011221CDE900330223FEF7B8
:1075400031F9BDF80C0040BA80B2626B236810427A
:1075500012D11B6B324639462046984704B0BDE82D
:10756000F081236820461B699847034618B16FF4E1
:1075700030729342A7D12368DB6A204698476FF0A8
:107580000500A0E720469847DFE76FF4307293428A
:1075900099D1C3E7D34D621000008042E56E04002C
:1075A000F0B50368484AD3F89430934285B0044656
:1075B0005CD10E4601F03CFF012852D123682046E1
:1075C0001B699847054610B1284605B0F0BD022159
:1075D000D4F86C01FEF762FAB168204603F0FCF9BA
:1075E000F1680746204603F0F7F9009582B22B4672
:1075F000B9B2204601F0B6FE05460028E4D1236862
:1076000044F2FF31D3F8F43020469847054600286D
:10761000DAD17568F078B37872783178CDE9000501
:10762000204601F0EDFD054635B1CDE7D4F86C31CB
:10763000186803685B6D9847D4F86C311868596A0C
:1076400003681B6998470028F0D023681F4AD3F8C5
:107650009830934220462CD101F0EAFE01280346DF
:1076600007D06FF01305284605B0F0BD98470546D2
:10767000DAE722681649D2F884208A4220D104AA87
:10768000002122F8041DD4F86C011221CDE9003349
:107690000223FEF787F8BDF80C0040BA80B2C3059C
:1076A0000CD410F0800F0CBF4FF0FF356FF00E05BB
:1076B0008AE798470546284605B0F0BD054D83E7A3
:1076C00020469047EBE700BF9D700400F57304006F
:1076D000E56E040042FDFFFF2DE9F0470F4601680B
:1076E00084B0096904461646984688470546D8B9C5
:1076F00094F87131042B06D9072E40F2C48094F817
:107700007331012B50D0FF2E50D823683146DB6FE8
:1077100020469847824620684346456A32463946A5
:107720002046A847054618B1284604B0BDE8F087B2
:10773000204601F07DFED4F86C31564EDFF85C81B6
:107740008146186803685B6A98470AEB8A0AA6FBB9
:107750000A36B6090746053607E0D4F86C311868D2
:10776000596A03681B69984718BBD4F86C311868CC
:1077700003685B6D9847D4F86C31186803685B6ADE
:107780009847C01B8642E8D2236843499A6A8A42D6
:1077900058D1D3F8F43044F2FF31204698470028FE
:1077A00049D06FF00405BFE7FD2EACD96FF003059B
:1077B000BAE7B9F1030F226851D1D2F884304345BA
:1077C00045D10123D4F86C01ADF80C50CDE900335C
:1077D00003AA02231221FDF7E5FFBDF80C0040BA11
:1077E00080B210F00103226839D1D2F884204245DA
:1077F00030D1ADF80C300123D4F86C0103AACDE9E7
:10780000003312210223FDF7CDFFBDF80C305BBA27
:107810005A04AAD5D4F8C811204601F00F0101F08E
:10782000B9FB0028A1D1236844F2FF31D3F8F4302A
:107830002046984799E7236820461B6998476FF0D0
:10784000040571E7204690476FF004056CE7204679
:107850009847C6E720469047430486D5DAE7936AFF
:107860000D498B4212D1D2F8F43044F2FF31204658
:107870009847054600287FF457AF236820461B69C8
:107880009847054650E76FF01D054DE7204698479D
:10789000054649E7D34D62107D700400E56E040093
:1078A0002DE9F04F8FB00F46054601F0C1FD08AE3F
:1078B0000DF1100C0024012874600894B460049445
:1078C000ACF8044056D00346A0B1032800F0218153
:1078D000022840F0DD8095ED607A9FEDC96ADFED0A
:1078E000C97AB8EE477A2346C6EE076AA346CDEDBD
:1078F000086A1AE0D5ED607A9FEDC16A95F88B2190
:10790000B8EE677AD5ED617AC6EE076A12F0FB022F
:10791000F8EE677ACDED086A40F0B6800123B5F83D
:10792000902195F88CB1ADF810202968B64AD1F8AD
:10793000788090454FF0000400F0AF80A6462246C4
:107940008DF813308DF812B08DF814409CE80300C8
:107950008DF828E00A9B0190ADF80810CDED097A6A
:10796000039700931146284696E80C00C0470FB0D5
:10797000BDE8F08F95F871E1BEF1040F7FD9BEF13B
:10798000070F08BF4FF0080E2A6895F8733195F875
:10799000749195F872A1D2F878809B4A95F870118D
:1079A0008DF82010003318BF0123A9F1010B1AF143
:1079B0000004B5F87611ADF81010BBFA8BFB18BFB8
:1079C000012490454FEA5B1BD5ED5E7A40F09F8025
:1079D000CDED097A8DF828E096E807000EAD05E9AF
:1079E00007009DF82C508DF812B042F21072AA4098
:1079F00006EE902AB2EE047AF8EE666A27EE877AEF
:107A00008DF81330C6EE877A8DF814409CE8030099
:107A10006A1FD2B2022A069035BF19211121002215
:107A20000822FCEEE77A17EE900ABAF1000F00F098
:107A3000968005F13E04A400E4B207EB4303B9F1DC
:107A4000010FC5EB430302EB830314BF1422002292
:107A50001344BDF818501AB2631E002AA8BF9B1821
:107A600005F1080293FBF4F39BB20EFB032E01EB2E
:107A70008E0E00FB0EF080080FB0BDE8F08F0EF107
:107A8000040E5FFA8EFE7FE7022A08BF022346E754
:107A90006FF013000FB0BDE8F08FCDED097A8DF8CF
:107AA000284096E807008DF813308DF814408DF8C3
:107AB00012B00EAC04E907009CE8030080B207EEA8
:107AC000900AFF00F8EEE76A07EE907A07EE10BA28
:107AD000F8EE677AB8EEC77A76EEA77A1BB2DB00CB
:107AE00077EE877A07EE103ADDED0B6A9FED476A75
:107AF000B8EEC77A66EE866A37EE877AC7EE267AE0
:107B0000FCEEE77A17EE900A0FB0BDE8F08F012285
:107B100016E729683C4BD1F8788095F8AD118DF8BF
:107B2000201095F8AC118DF8211095F8B3118DF84F
:107B30002210984595F8AE118DF8101058D196E89E
:107B400007000EAB03E907009CE803009DF82D3009
:107B50000690032B49D8DFE803F03E393605AC0028
:107B6000E4B26AE707EB4707BFB2294AA2FB073234
:107B7000520902EB820302EB4202A7EB021703EB6E
:107B800083035A00BFB292B217B102373A4492B29D
:107B90009DF818101F4B9FED207AC1EBC10001EB3F
:107BA000C00102EB410292B203FB02F307EE903AEE
:107BB000F8EE677A67EE877AFCEEE77A17EE900ABE
:107BC0000FB0BDE8F08F7F00BFB2CEE707EB4707ED
:107BD000C7F34F07C9E707EB47077F000F4B043791
:107BE000A3FB0737C7F38F07BFE76FF0090043E731
:107BF0002346A346A646DFED037A0222A0E600BF95
:107C000000007A49000000000D6C04006F12833AF6
:107C1000ABAAAAAA00127A00AD37063BCDCCCCCCD9
:107C20002DE9F0410229C8B00E46174604465DD042
:107C3000032956D15368FF2B00F2748101F0F8FB41
:107C40000128054600F0E080002800F0B2800228FC
:107C500000F0E980032840F06881002344F201022B
:107C600000931146204601F07DFB00283BD10246DF
:107C70000146204601F000FDA8BB032D00F0EA807C
:107C800003463A793968204601F044FB58BB236823
:107C900044F2FF31D3F8F43020469847054610BB34
:107CA00008AA012340F6890120468DF8205001F0F2
:107CB00021FBC0B9204601F0BBFB012800F04B813D
:107CC0009DF8200040F004008DF8200008AA012350
:107CD00040F68901204601F005FB20B984F83860A0
:107CE00001E06FF0180048B0BDE8F08190F8743101
:107CF000012B00F08280236820461B6998470028EA
:107D0000F1D13A686FF07F439A4203D0BB6843F4E5
:107D10000073BB607968204602F05EFEB9680546D4
:107D2000204602F059FE002382B2A9B200932046F9
:107D300001F018FB0028D6D102460146204601F08A
:107D40009BFC0028CFD1236844F2FF31D3F8F430F4
:107D5000204698470028C6D1204601F069FB01283B
:107D600000F0E980002840F0E08094F88E01B4F83B
:107D7000901194F8882194F88B3194F88CC194F880
:107D80008DE1002840F0D48094F8A081CDF808E07F
:107D90000025CDE90308CDE900C5204601F012FC1D
:107DA0003B685A1C04BF6FF07F433B60C4F8A831A6
:107DB00094E797F804C094F88E0194F88B3194F806
:107DC0008821B4F890110195CDF810C094F88DC1B8
:107DD000039094F88C010090CDF808C0204601F083
:107DE000F1FB00287FF47FAF00900346012240F2B0
:107DF0000121204601F0B6FA37E7D368002B3FF4A3
:107E00007AAFC0F8A03176E794F8740194F8A4C171
:107E10003B7994F87321B4F87611CDE9000C204633
:107E200001F0A6FBDDE77968D4F88031C800642B47
:107E300080B241F6705E43F20F7C40F2E143009065
:107E400040F62F12C9B204BF73466246204601F0C5
:107E5000E5FBC6E7204600F0CBFF00287FF443AFE8
:107E600094F8AE31C3F10403002B0ADD0546204629
:107E700001F06AF894F8AE310135C3F10403AB4266
:107E8000F5DC0025FF22002108A80CF0ACFEC4F8A8
:107E9000C051C4F8C451C4F8C851D7E9001204F560
:107EA000E27004F5E07307AFCDE90130009708AB4D
:107EB0002046079500F0E6FC00287FF414AF034647
:107EC00008A93A78204601F025FA00287FF40BAF84
:107ED0003B68D4F8C4018DF8193001218DF81810D1
:107EE0008DF81A0006AA032340F28531204601F0DE
:107EF000F9F900287FF4F7AE94F8C431102B1F462F
:107F000028BF1027002B3FF4C2AE054602E0BD4259
:107F10003FF4BDAEE9B2204601F03CF8013500283F
:107F2000F5D0E0E66FF00300DDE64FF0FF30DAE673
:107F30004FF0FF082AE794F8740194F8A45194F8DC
:107F4000A03194F87321B4F87611CDE900052046EC
:107F500001F00EFB24E7D4ED5E7ADFED096A9FEDB8
:107F6000097A9DF8200077EEE67AF0EEE77AF4EEF3
:107F7000C77AF1EE10FA3FF6A3AE00F0FB00A3E6DD
:107F80000000FA436F12833AF8B504460F4602F038
:107F9000FDFC3948394B0069C4F85031002240F2E9
:107FA0000163A4F8AC31C4F8AF0100230320C4F886
:107FB0006021C4F87821C4F894213149216001225C
:107FC00084F84D3184F85431C4F8583184F85C3168
:107FD000C4F86831C4F8703184F87431A4F876318B
:107FE000C4F88031C4F88431C4F88831A4F88C31E5
:107FF00084F88E31A4F89031C4F8983184F89C311B
:1080000084F89D3184F89E31C4F8A03184F8A431FD
:10801000C4F8A83184F8640184F8AE0184F87C21A6
:10802000FF2584F8B3310220042122610822A560D3
:10803000606120254020A161E26180214FF48072BF
:10804000C4F8B431C4F8B831A4F8BC31C4F8C031B4
:10805000C4F8C431C4F8C831C4E909501023C4E9D4
:108060000B12084E23624FF40073C4F86C71666003
:1080700063632046F8BD00BF20D00500CDCCCC3FC7
:1080800040D005000024743F10B4032ABDF804401A
:1080900013D8092980F8AC2112D85A1E032A80F877
:1080A000AD1110D8B4F5007F80F8AE310ED2A0F833
:1080B000BC4100205DF8044B70476FF00900F9E700
:1080C0006FF00700F6E76FF00A00F3E76FF0690062
:1080D000F0E700BF70B5D0F86C31044618680D4663
:1080E000996A036882689B689847D4F86C3118686D
:1080F000996A0368C268DB689847D4F86C311868DD
:1081000003680121DB699847D4F86C311868996AD3
:1081100003680269DB68984715B90025284670BDD9
:10812000D4F86C31186803685B6A9847064611E01A
:10813000D4F86C31186803685B6A9847801BB0F507
:108140007A7F4FF00A01E9D2D4F86C3118680368DD
:10815000DB699847236800215B69204698470546FC
:108160000028E5D1D9E700BF00B585B0B9B904AAA8
:10817000012302F8011DD0F86C011521CDE900336F
:10818000FDF710FB9DF80F3000EE103AB8EE400AF4
:10819000FEEE007A20EE270A05B05DF804FB01F040
:1081A0008FFAC0B20BF08AFF0022054B0BF0F0FFF4
:1081B0000CF000FA00EE100A05B05DF804FB00BFF9
:1081C0000000E0BF30B5FDEEC07A2DED048B17EE58
:1081D000903A85B0A3F2863200211A2A0546ADF8FE
:1081E00008100BD84EF6E113ADF80830284602A966
:1081F00001F00EF905B0BDEC048B30BDA3F25F3287
:10820000072A04D84DF6D733ADF80830EEE7A3F2CD
:108210000B32082A08D9A3F5EB72282A09D848F2AC
:108220007513ADF80830E1E74CF2C153ADF80830F2
:10823000DCE7A3F5D7730A2B31D9B1EE049AB0EE7F
:10824000408A30EE490AF5EE008A20EE280A0BF04B
:108250009DFD38EE098AFCEEC07A28EE280ACDEDA5
:10826000017A0BF04DFD9DF80440FCEEC07AE20768
:10827000CDED017A9DF8043001D4013CE4B2D90778
:108280005CBF0133DBB2284603A98DF80C408DF8A2
:108290000D3001F0BDF805B0BDEC048B30BD46F6E5
:1082A0006B73ADF80830A1E7F0B583B002AC0023E2
:1082B00004F8013D0F462246012340F6D801064648
:1082C00001F018F878B99DF8075077B925F01E0528
:1082D00045F0080522463046012340F6D8018DF8C6
:1082E000075000F0FFFF03B0F0BD45F01E05F1E7B9
:1082F000F0B583B002AC002304F8013D0F462246DE
:10830000012340F23671064600F0F4FF80B99DF873
:108310000750012F0CBF05F0FB0545F00405224670
:108320003046012340F236718DF8075000F0DAFF35
:1083300003B0F0BDF0B585B0044601F079F8F0B9AE
:10834000D4F88031D4F86C11B3F5966F46D0FF267F
:108350000225B3F5167F4FF0030303900093084600
:10836000CDE901564FF0040347D0082240F2D16115
:10837000FDF750FA024630B1104605B0F0BD0022BC
:10838000104605B0F0BDD4F86C010423CDE90262BB
:10839000CDE9005540F69B01FDF73CFA0246002866
:1083A000EAD10427D4F86C010392CDE901561022DA
:1083B00000973B4640F6B801FDF72CFA024600282C
:1083C000DAD1D4F86C010623CDE90262CDE900755B
:1083D00040F2AC61FDF71EFA0246CDE70423FF250B
:1083E000022402460390CDE901450846009340F679
:1083F000B801FDF70FFA0246BEE7182240F2D1613C
:10840000FDF708FA02460028B6D10423D4F86C011F
:108410000392CDE901561A46009540F69B01FDF7FF
:10842000F9F902460028A7D10427D4F86C01039279
:10843000CDE9015600973B4640F6B801FDF7EAF951
:108440000246002898D1D4F86C010623CDE90262D7
:10845000CDE90075502240F2AC61FDF7DBF9024630
:108460008AE700BF2DE9F041044684B0D0F86C01E2
:108470008846FCF72BFBD4F86C311868596AD0E9B0
:1084800000329B689847D4F86C311868D96AD0E9F3
:1084900000329B689847D4F86C314F4A1021197408
:1084A000D4F86C1108234B74D4F86C118B74D4F885
:1084B0006C110123CB74D4F86C111D200881D4F801
:1084C0006C110D204881D4F86C1100258D81D4F8F1
:1084D0006C11C020C881D4F86C110B71D4F86C31C8
:1084E0005A61D4F858710A26237B002B46D16B467B
:1084F00010224FF44871D4F86C01CDE90055CDE954
:108500000255FDF7FBF86946062238460DF0AFFA32
:108510000A21F8B994ED540AB5EEC00AF1EE10FA4A
:1085200006DD41F28831204601F09AFF054668B920
:108530004146204602F0C0F8054620BB94F854316D
:10854000002B40D1204601F0FDFE0546284604B030
:10855000BDE8F081D4F86C3118680368DB6998478E
:10856000731E13F0FF06BFD1D4F86C01FCF7C4FAF8
:108570006FF00105284604B0BDE8F08101212046D6
:10858000FFF7A8FDB3E7236820461B6998472046FC
:1085900001F0B4F8114B9D42D8D18306D6D59FED9A
:1085A000100A41F2883184ED540A204601F058FF48
:1085B00005460028CAD14146204602F07DF805460E
:1085C0000028C3D1BAE7204601F0B8FE0546284688
:1085D00004B0BDE8F08100BF116E04003DFDFFFF57
:1085E00000000000F0B52A4DC0F878511D46062362
:1085F000284E80F85C310F460023FF2183B0C0F87D
:108600007061C0F8A011A0F87651C0F8983180F8D8
:108610007431012104461646FFF724FF08B103B068
:10862000F0BD02463946204601F0D8F90028F6D1BF
:1086300031464422204601F007FA0028EFD1236892
:1086400029461B6E204698470028E8D19FED120A64
:10865000204601F01DFA0028E1D10121204601F059
:10866000D7FF0028DBD10123009341F60F5241F2DE
:1086700021030221204601F09FFD0028CFD123686D
:108680001B6D0146204603B0BDE8F040184700BF0F
:108690000000FA43090300010000704270B545F282
:1086A00055332DED048B4CF6CC42C0F880311A23A3
:1086B0003A4EC0F8842180F889310922062384B01B
:1086C0000D46A0F89011C0F8946180F88A2180F8D6
:1086D0008B3100210446B0EE408AF0EE608AB0EEA5
:1086E000419AFFF7BFFE18B104B0BDEC048B70BD1A
:1086F0002368B0EE480A1B6C204698470028F3D147
:108700002368B0EE680A5B6C204698470028EBD1DE
:10871000B0EE490A204601F01DFC0028E4D19FED8F
:10872000200A204601F0B4F90028DDD1236829464B
:108730001B6E204698470028D6D11A4A2368908A93
:10874000DB6D04A9022221F8040D20469847002879
:10875000CAD1236801469B6C204698470028C3D1A4
:1087600023680146DB6C204698470028BCD1FF21D6
:10877000204601F09FFD0028B6D10125009541F269
:10878000210341F60F520221204601F015FD002879
:10879000AAD12946204601F03BFFA5E733331C430D
:1087A0000000704220D0050010B502212DED028B93
:1087B0000446B0EE408AFFF755FE10B1BDEC028BC7
:1087C00010BD2368B0EE480A1B6C2046984700286D
:1087D000F4D1BDEC028B20460121BDE8104001F030
:1087E00017BF00BF70B50D4686B080F8B3310321C6
:1087F00004461646FFF736FE08B106B070BD9FED81
:108800001F0A204601F044F90028F6D10121204634
:1088100001F0FEFE0028F0D1CDE90300CDE9010012
:108820000090034602460146204600F0CBFE002899
:10883000E3D10B22236884F88901C4F8840184F809
:108840008A211B6C9FED0E0A204698470028D4D140
:10885000032E0DD8092D84F8AC610CD803224FF4F7
:10886000807384F8AD5184F8AE21A4F8BC31C4E71C
:108870006FF00900C1E76FF00700BEE7000070422B
:108880000000FA3E2DE9F04FADF52B7D1C4605901A
:108890000892D2B18D18013D0139601EFF231A11D3
:1088A00011F8016F82EA531282EAD3025E4002F0AD
:1088B000010282EAD312370942EA430347EA061665
:1088C0008D42DBB200F8016FE9D1DDF820C0CE485F
:1088D00062464FF6FF7E0025102747F25B56214681
:1088E000C0E9016E0770961C6746C56002F0D2F8B9
:1088F000E319C0F30722E255294658704FF4187265
:10890000F300A55512A81E4609930CF06CF903213B
:10891000BE480B9502F00CF90BAB0093B21D12ABE5
:108920002146BA4802F008F92946FF2220460CF0F9
:108930005AF9059B93F8ACC1BCF1030F00F04C82CF
:10894000B34BDDF82C800FCB0EAF3E4607C626F8A2
:10895000023BBCF1020F4FEA134333709CBFAD4B97
:1089600013F80C50B8F1000F00F0398200218A464C
:1089700008464FF001096FEA0A0303F0070317F8EE
:1089800000C0CA4309FA03F34FEAD10E4FEADA06F0
:1089900002F007025BB2BCF1000F12D00DF1480CDF
:1089A0000AF1010A1CF80EC014F906E04CFA02F2B2
:1089B00012F0010F43EA0E020ABF2EEA0303A2558A
:1089C000A3550130A84200F0B38101318845D2D1CE
:1089D0000AF10702D208214612A8CDF82CA00CF00B
:1089E000DEF8059B93F8AE31C3EBC30203EBC20282
:1089F000520092B29446BAF1000F00F08780002234
:108A0000013292B202FB02F15145F9D30FFA8AF119
:108A10004FEA420E00294FEA520204911FFA8EFEDD
:108A2000079273DD0020CDF808A0039007464FF0B1
:108A30000109E2464FEADA026FEA0A03A15CCDF8C7
:108A400018A003F0070309FA03F321EA03010AF16E
:108A50000103A154DA10DB43A15C03F0070309FA18
:108A600003F321EA0303A354049B6FF00208302BA5
:108A7000A8EB0A08A8BF30230AF1020BDDF81CA0FE
:108A80009C460026C0F3CF0212A9A8EB06038D5C1A
:108A90000BEB0601C910C24303F0070302F0070203
:108AA00045FA02F209FA03F365565BB212F0010FC0
:108AB00025EA030208BF62547044029A18BF2B4390
:108AC00080B218BF635490420AEB070309D39FB2E8
:108AD000039BBE4503F101039DBF9FB23846039738
:108AE0003846013633B26345CCDB049BDDF818A071
:108AF000303B1BB20CF1020CE244002B04931FFA32
:108B00008AFA97DC059B93F8AE31D446059A9DF816
:108B1000207092F8AC51B2F8BC0192F8B36192F8AF
:108B2000AD118DF83070EA0042EA8602061146EA7D
:108B3000411642EAD1026FF0710101FB03C142F01C
:108B400002028DF83260304E8DF831202F2702015D
:108B50004FF0FF0C08200B910021D2B23070C6E913
:108B6000017CF160002B00F0ED80DFF8B090029105
:108B70000E4609F1280AA9F127080EAF0125013B8D
:108B80005B1A22F00C0242EA83030CA904221E485D
:108B90008DF8333001F07EFF4FF0000B8DF834007C
:108BA00002211A48A7F808B0C7E900BB01F0C0FFCE
:108BB0003B4628220CA9CDF800B0144801F0BCFFB8
:108BC0003B4628220CA9CDF800B0104801F0B4FFB4
:108BD000F208F343A15C104803F0070305FA03F31E
:108BE00021EA0301731CA154DA10DB43A15C03F0FA
:108BF000070305FA03F321EA030306F1020CA35469
:108C00006FEA0C0C0CE000BF5CA3002058A300200E
:108C100038D105005CD105005FD1050087D1050082
:108C20004378C21CD908A2EB0802324417F801E0CD
:108C3000D208DB430CF0070103F007034EFA03F3FD
:108C400005FA01F114F902E013F0010F49B24EEAFE
:108C5000010300F101000ABF2EEA0101A354A1544F
:108C600048450CF1FF3CDBD106F14A0C5D486FEA48
:108C70000C0C437800F12302D908A2EB080232441D
:108C800017F801E0D208DB430CF0070103F00703FB
:108C90004EFA03F305FA01F114F902E013F0010FA3
:108CA00049B24EEA010300F101000ABF2EEA0101B8
:108CB000A354A15450450CF1FF3CDAD16FF02A0EB9
:108CC000DDF814C00396AEEB060E06F12A0B002069
:108CD0000CEBD00200EB0B0192F8AF61C908AEEBD0
:108CE0000003C24303F0070302F0070246FA02F250
:108CF00005FA03F3665612F0010F5BB246EA03026F
:108D000000F101000ABF26EA0303625463542028DD
:108D1000DED1059B029A039E93F8AE310132723682
:108D200093420292B6B20AD99DF83320029926E7FF
:108D3000013141454FF000007FF41DAE48E6059A31
:108D400092F8AC51099A063292B2032D06D8DFE8A8
:108D500005F03934310202EB420292B2224DA5FBFA
:108D60000210400902F12F0400EB800100EB4000EB
:108D7000A2EB0012A5FB045401EB8101B69803EBB2
:108D80005413490092B203608BB212B102321A44FA
:108D900093B2059A92F8AE11722212FB0133B59983
:108DA000DA1D0B60B49BD20800201A600DF52B7DF4
:108DB000BDE8F08F520092B2D0E702EB4202C2F35C
:108DC0004F02CBE702EB4202520008490432A1FBFA
:108DD0000212C2F38F02C1E7DDF82CA002E6C24600
:108DE0004246F8E587D10500ABAAAAAACDCCCCCCE7
:108DF00070B4524D524B8BB0064603930FCD05AC69
:108E00000FC42A6896F8AD3196F8B31122600AAA09
:108E100002EB430300294FF0060243F63611ADF88A
:108E200010104848A6F8B62114BF0821342149F291
:108E30008E5233F8143CB3FBF1F33C2B0290ADF8A7
:108E40000420A6F8B43109D02ED9B92B68D01DD88A
:108E5000562B48D0632B46D03E2B20D1B6F8BC31E0
:108E60000AAA02EB931203F03F0112F81C2CA6F899
:108E7000B821B3F5C07F4FF03802A6F8BA11A6F8B2
:108E8000B6210CD200200BB070BC7047B3F5C37F85
:108E90003AD040F29312934236D0C62B40D06FF0B6
:108EA00069000BB070BC70471C2B06D016D9232B61
:108EB00003D02F2B01D01E2BF1D1B6F8BC310AAA5A
:108EC00002EB9311B3F5C07F03F03F0211F81C1CB5
:108ED000A6F8B811A6F8BA21D4D3E0E70A2BECD053
:108EE000162BDCD1E9E7B6F8BC310AAA02EBD312A3
:108EF000002012F8202CA6F8B82103F07F03A6F872
:108F0000BA310BB070BC7047B6F8BC31A6F8BA31B4
:108F10004FF484720020A6F8B8210BB070BC7047E3
:108F2000B6F8BC310AAA02EB1322DBB212F8242CE9
:108F3000A6F8B821A6F8BA31A4E700BF48D10500C9
:108F4000212D30334144474810B4B0F8B631B0F861
:108F5000BA21B0F8B44103F001015B0819B1B0F8CF
:108F6000B8114B409BB29A4282EA030107D0A1425A
:108F7000F1D8A0F8B6315DF8044B08467047A3421B
:108F800001D91346E7E7A0F8B631194608465DF85F
:108F9000044B7047D0F8C431002B00F08680F0B548
:108FA000B0F8B631B0F8BA41B0F8B45183B003F0BC
:108FB00001025B081AB1B0F8B82153409BB29C4241
:108FC00084EA030269D0AA42F1D8013A92B214B2FB
:108FD000B4EB550FA0F8B63190F8B331A8BF521BCF
:108FE00005F00105A8BF14B20135002B59D11A2391
:108FF00003FB05F54FF4D043D0ED587A9FED357A59
:10900000D0F8C86190F8AE2167EE877A9642FCEE00
:10901000E77A17EE907A03FB1473A3EB452504D28D
:10902000921BD30758BF05F5807501EB4106044636
:109030002A0E280C760004230F464FEA152C8DF8D3
:1090400004208DF8050006F28A310DEB030220465C
:109050008DF807508DF806C000F044F9D8B937BB39
:109060007320054606F562718DF801000026022383
:109070006A4620468DF8006000F034F958B904F5CE
:10908000E0710EC94D1B013A0133C4F8C051C4F858
:10909000C421C4F8C83103B0F0BDAB4212D9234695
:1090A00085E7AD004FF48053A6E71846704794F863
:1090B000AE31BB4208D8D4F8C001312807D885B2F8
:1090C000C0B2CFE71A4680E772200546CAE73220D1
:1090D0000546C7E700008049014801F025BD00BFF3
:1090E00058A3002030B5012185B00446D0F86C01AA
:1090F000FCF7D4FC04AA042302F8013D0023D4F8B1
:109100006C018421CDE900330123FBF729FFD4F85A
:109110006C310546186803680121DB6998472846C9
:1091200005B030BD30B5044685B00121D0F86C01E2
:1091300094F84D51FCF7B2FC0023D4F86C011A46A8
:10914000CDE900331946FBF70BFF04AA0123D4F83D
:109150006C0102F8045D8021CDE90033FBF700FFCC
:1091600005B030BD30B5044685B00D46D0F86C0171
:109170000121FCF793FC0023D4F86C011A46CDE9D9
:1091800000331946FBF7ECFE04AA0123D4F86C0166
:1091900002F8045D8021CDE90033FBF7E1FE05B064
:1091A00030BD00BF30B585B001230D0C0C0A8DF821
:1091B0000E10D0F86C018DF80C50CDE9003303AAE5
:1091C000032383218DF80D40FBF7CAFE05B030BDA7
:1091D00030B585B000220123D0F86C018DF80E1057
:1091E0000D0C01920C0A009303AA032382218DF82F
:1091F0000C508DF80D40FBF7B3FE05B030BD00BF3D
:10920000F0B585B0DDED0B7A9FED277A9DF82860EB
:10921000F8EE677A054667EE877A95F87041FCEEBE
:10922000E77AFF2917EE900A4FEA10478DF80C7085
:109230004FF002078DF80E0004F10D044FEA1020E4
:109240008DF8087018BF8DF80810FF2A8DF80940B6
:109250008DF80D0018BF8DF809200A20FF2B4FF064
:109260000104ADF80A0002AA18BF8DF80A30D5F83B
:109270006C01FF2E4FF00703CDE900444FF0880149
:1092800018BF8DF80B60FBF76BFE034640B9D5F8AD
:109290006C011A46CDE90044C521FBF761FE034687
:1092A000184605B0F0BD00BF6F12833D10B5002415
:1092B00084B061F3070463F30F249DF81830D0F8ED
:1092C0006C0162F3174404AA63F31F64012342F89C
:1092D000044D9521CDE900330423FBF741FE04B092
:1092E00010BD00BF08B5D0F86C01FBF773FC00207F
:1092F00008BD00BF38B504461D46D0F86C011346C2
:109300002A46FCF7FBF9D4F86C01BDE83840FBF7BE
:10931000D3BF00BF10B586B00124D0F86C018DF822
:10932000153000920B46CDE9014402220E2405A916
:109330008DF81440FBF7F4FE06B010BD10B586B0F2
:109340000124D0F86C018DF8153000920B46CDE960
:10935000014402221E2405A98DF81440FBF712FDDA
:1093600006B010BD70B51D4684B00123D0F86C0165
:10937000BDF820408DF80910CDE900330823D9400D
:109380008DF8081022FA03F18DF80F408DF80B20AC
:1093900025FA03F68DF80A10240A19460DEB03028C
:1093A0008DF80D508DF80C608DF80E40FBF7D8FD50
:1093B00004B070BD30B5022385B001220C460D0A01
:1093C000D0F86C018DF80D40CDE90022194603AAB2
:1093D0008DF80C50FBF7C4FD05B030BD70B584B0FE
:1093E00001230E0E0D0C0C0A8DF80F10D0F86C0135
:1093F0008DF80C60CDE9003303AA042386218DF893
:109400000D508DF80E40FBF7ABFD04B070BD00BFF2
:1094100000B5012383B00A46D0F86C019821CDE94C
:1094200000330223FBF79CFD03B05DF804FB00BF93
:1094300000B585B004AAFF2302F8013D0123D0F84E
:109440006C011121CDE90033FCF7ACF99DF80F0058
:1094500005B05DF804FB00BF30B585B001230D46B3
:1094600004468DF80D20D0F86C018DF80C50CDE934
:10947000003303AA02238E21FBF772FD08B984F89A
:109480009C5105B030BD00BF30B585B090F87C412F
:109490009DF820509CB190F8704190ED5E6A0125D6
:1094A00005FA04F407EE904AF8EE677AB3EE007A14
:1094B000C7EE866AF4EEC76AF1EE10FA18DB80F8A0
:1094C0007251002461F3070462F30F2463F317441D
:1094D00004AA65F31F64012342F8044DD0F86C011F
:1094E0008B21CDE900330423FBF73AFD05B030BDF5
:1094F000002580F87251E4E770B584B0D0F86C01B3
:10950000089C8DF80B208DF80C3001220B0CCDE956
:1095100000228DF808300A0A08238DF80A108DF809
:109520000920260C250A0DEB03028B218DF80F4034
:109530008DF80D608DF80E50FBF712FD04B070BD74
:1095400030B585B001238DF80F200D0C0C0A8DF875
:109550000E10D0F86C018DF80C50CDE9003303AA41
:1095600004238B218DF80D40FBF7FAFC05B030BDCC
:109570002DE9F04385B00C469DF834509DF83080BD
:10958000294616461F468146FEF7B2FEB0B90123B2
:10959000D9F86C018DF80940CDE90033240A06237F
:1095A00002AA8C218DF808408DF80A808DF80B7086
:1095B0008DF80C608DF80D50FBF7D2FC05B0BDE8BE
:1095C000F08300BF70B586B00C0A8DF80E20012222
:1095D0008DF81330D0F86C019DF828309DF830607C
:1095E0008DF80D10CDE900229DF82C209DF8345007
:1095F0008DF80C408DF80F309DF838408DF8102014
:10960000092303AA8C218DF814608DF811508DF870
:109610001240FBF7A5FC06B070BD00BF70B584B06A
:109620000546BDF820408DF808108DF80A2019462F
:10963000120A01238DF809200A0AD0F86C018DF86E
:109640000C10260A8DF80B20CDE9003302AA8C21DC
:109650008DF80E408DF80D60FBF782FC044638B99A
:10966000D5F86C0106230DF10902F021FBF7B2FADF
:10967000204604B070BD00BF00B585B001238DF851
:109680000C108DF80D20D0F86C0103AACDE9003341
:109690008F210223FBF764FC05B05DF804FB00BFDB
:1096A00000B585B004AA012302F8041DD0F86C01AE
:1096B0009621CDE90033FBF753FC05B05DF804FBC0
:1096C00010B5012384B0002403AAD0F86C01ADF8D2
:1096D0000C40CDE90033142103238DF80E40FCF734
:1096E00061F89DF80D309DF80C209DF80E001B02CE
:1096F00043EA0243184304B010BD00BF00B585B073
:1097000004AA002322F8043D0123D0F86C0117219C
:10971000CDE900330223FCF745F89DF80C009DF8D5
:109720000D3043EA002005B05DF804FB00B585B0BC
:1097300004AA002322F8043D0123D0F86C0107217C
:10974000CDE900330223FBF70BFC05B05DF804FB09
:109750002DE9F041D0F86C311C680F46596A236836
:1097600005469A6D5E6920469047D5F86C311B68B6
:1097700001463A462046B4465B69BDE8F041604781
:1097800070B5D0F86C311C68596A236820469A6D10
:109790009D6990472B4601462046BDE8704018471A
:1097A00030B583B00D460446FFF742FE012814D1C0
:1097B0006B1F072B0ED894F8720194F8713194F84E
:1097C0005C2184F87051294600902046FFF75CFE2A
:1097D00003B030BD6FF00800FAE76FF01300F7E751
:1097E00010B52DED028B82B0B0EE408A0446FFF733
:1097F0001FFE80BBB5EEC08AF1EE10FA25D4DFED76
:10980000177AB4EEE78AF1EE10FA21D4DFED147A7C
:10981000B4EEE78AF1EE10FA1ADC9FED120A28EE98
:10982000008AFCEEC87A17EE900AC4F8840194F816
:10983000893194F88A21D4F8801100902046FFF7EE
:109840005BFE02B0BDEC028B10BD40F27520ECE770
:109850006FF06500F5E76FF01300F2E79A99193F92
:10986000000048436F1283442DE9F04102680F4D18
:10987000D2F8E440AC4215D1D0F86C311D680E46E8
:10988000596A2B6804469A6D5F6928469047D4F858
:109890006C311B68014632462846BC465B69BDE810
:1098A000F04160472346BDE8F04118475197040056
:1098B00002680B49D2F8E8208A420FD170B5D0F87F
:1098C0006C311C68596A236820469A6D9D699047DF
:1098D0002B4601462046BDE870401847104700BFA0
:1098E0008197040030B52DED028B85B0B0EE408A33
:1098F0000446FFF79DFD012868D1B5EEC08AF1EE60
:1099000010FA49D4DFED337AB4EEE78AF1EE10FABB
:1099100042DCDFED317AB6EE007AE8EE077AFCEE53
:10992000E77ACDED037A9DF80C300F2B3AD00AD9A7
:109930003E2B43D022D97D2B38D0FA2B2CD10620B8
:1099400084F85C0109E0052B34D01FD9072BF7D030
:109950000A2B21D1092084F85C0194F8725194F803
:10996000713194F8701184ED5E8A024600952046AC
:10997000FFF78AFD05B0BDEC028B30BD142B21D062
:109980001F2B09D1032084F85C01E6E7032B03D1E8
:10999000002084F85C01E0E76FF0070005B0BDEC43
:1099A000028B30BD022084F85C01D6E7052084F8E4
:1099B0005C01D2E7082084F85C01CEE7042084F83B
:1099C0005C01CAE70A2084F85C01C6E76FF0130067
:1099D000D0E700BF0000FF430AD7233C70B582B038
:1099E0000D4616460446FFF723FD012828D1281FFF
:1099F000C3B2042B21D86EB984F8713194F8720186
:109A000094F85C2194F8701100902046FFF73CFD1B
:109A100002B070BD042810D8DFE800F00B07070F74
:109A20000300072384F87131E8E784F871512B466D
:109A3000E4E7002384F87131E0E76FF00900E7E71D
:109A40006FF01300E4E700BF2DE9F04182B00E464D
:109A500017468046FFF7ECFC012815D126F00F05CC
:109A600007F00F0445EA171544EA0614404602239E
:109A700001AA4FF4E8618DF804508DF80540FFF716
:109A800031FC02B0BDE8F0816FF01300F9E700BFD0
:109A9000B5EEC00AF1EE10FA1BD4DFED0F7AB4EE8A
:109AA000E70AF1EE10FA14DC00B5DFED0C7A20EED7
:109AB000270A83B0FCEEC07A02AA17EE901A01239F
:109AC00002F8011D40F6E701FFF70CFC03B05DF85A
:109AD00004FB6FF01000704700000C43CDCCCC3E6F
:109AE00000B583B002AA002302F8013D40F6E70169
:109AF0000123FFF7FFFB9DF8073000EE103AB8EEA8
:109B0000400AF0EE047A20EE270A03B05DF804FB69
:109B1000F0B587B00D460446FFF78AFC012833D024
:109B2000002843D194F88C01ABB28342A8BF03460E
:109B3000A9B21F2BA4F8901116DD072294F88E51BC
:109B400084F8882194F88B3194F88D71ADB994F82C
:109B5000A0C100900026CDE9035C02972046019643
:109B6000FFF730FD07B0F0BD172BDAB208DC0F2A83
:109B700008D8002A18BF0422E0E74FF0FF0CE8E7FE
:109B80000622DBE70522D9E794F8A41194F87401C2
:109B900094F8A03194F873210191A9B2A4F8761138
:109BA00000902046FFF7E4FC07B0F0BD4FF0FF3017
:109BB000D8E700BF10B52DED028B82B0B0EE408A21
:109BC0000446FFF735FC90B3032822D002284FD17A
:109BD000DFED297AB4EEE78AF1EE10FA45D4DFED35
:109BE000277AB4EEE78AF1EE10FA3EDC9FED247A94
:109BF000C7EE087A16222046FCEEE77A17EE901A96
:109C0000C4ED607AFFF79CFC38B302B0BDEC028B68
:109C100010BDDFED1C7AB4EEE78AF1EE10FA24D421
:109C2000DFED197AB4EEE78AF1EE10FA1DDC9FED54
:109C3000147AD4F8840194F8893194F88A21C7EE13
:109C4000087AFCEEE77AC4ED607A17EE901A00907D
:109C50002046FFF751FC0028D7D1204602B0BDECCA
:109C6000028BBDE81040FEF765BB6FF06400CCE7E7
:109C70006FF01300C9E700BFCDCCCC3D9A99193FD6
:109C800000007A4923DBF93E355EFA3E70B52DEDD2
:109C9000028B88B003AC84E80E0003689DED048A53
:109CA000D3F8D4309DF838600DF11F010546984770
:109CB000044658B9032E9DF81F3015D0B34212D078
:109CC0002B6828461B69984728B10446204608B0EF
:109CD000BDEC028B70BD2B683146D3F8D0302846DE
:109CE00098470028F1D13346002B5AD0012B14D0CD
:109CF000022BEBD14FF4807300939DF80D209DF85B
:109D00000C1003232846FEF7BFF904460028DDD1D6
:109D10009DF80E3085F8B331D8E72B684B4AD3F85D
:109D2000F0309DF80C40934279D12846FFF780FB34
:109D300001287FD1631F072B00F2828095F8720102
:109D400085F8704195F8713195F85C2100902146B5
:109D50002846FFF799FB0446002CB7D12B68B0EEDC
:109D6000480AD3F8EC302846984704460028ADD17D
:109D700028469DF81440FFF75BFB01285AD1231FAA
:109D8000DBB2042B5FD895F8720195F85C2195F849
:109D9000701185F8713100902846FFF775FB044675
:109DA00094E72B689DED030A1B6C284698470446F0
:109DB00000288BD12B68264A5B6C934234D128460D
:109DC000FFF736FBB0BBB5EEC08AF1EE10FA23D434
:109DD000DFED207AB4EEE78AF1EE10FA2DD4DFED54
:109DE0001E7AB4EEE78AF1EE10FA26DCDFED1B7A7C
:109DF00028EE278AFCEEC87A17EE900AC5F884018F
:109E000095F8893195F88A21D5F880110090284677
:109E1000FFF772FB044659E740F27520EEE7214652
:109E200028469847044697E7B0EE480A28469847E0
:109E300004464BE76FF0130448E76FF0650445E70D
:109E40006FF0080442E76FF009043FE7A1970400B0
:109E5000E19704009A99193F000048436F12834428
:109E600000B52DED028B85B00DF1100C0CE90E0044
:109E70009DF820309DED028A032B2DD04FF0FF304E
:109E80001BBBDDED017A9FED2F7AF4EEC77AF1EE80
:109E900010FA4BD4DFED2C6AF4EEE67AF1EE10FA0C
:109EA00044DCB4EEC78AF1EE10FA42D4DFED277A33
:109EB000B4EEE78AF1EE10FACCBF6FF06500002037
:109EC00005B0BDEC028B5DF804FB012B10D005B092
:109ED000BDEC028B5DF804FB036808A9D3F8D4300D
:109EE00098470028F3D19DF82030002BEDD1C8E72A
:109EF0009DF80430053B072B21D8B5EEC08AF1EE62
:109F000010FA19D4DFED127AB4EEE78AF1EE10FA06
:109F100012DC9DF80C30043B042B94BF00206FF042
:109F2000090005B0BDEC028B5DF804FB6FF0640026
:109F3000CDE76FF06500CAE76FF00700C7E76FF085
:109F40000800C4E79A99193F00009643000048436F
:109F50000000FF43F0B52DED028B93B0B0EE408AC8
:109F60000746FFF765FA002848D1274C05460FCC75
:109F700002AE0FC694E8030046F8040B383C31707B
:109F80000FCC08AE0FC60FCCB2EE040A28EE008A42
:109F90000FC6BCEEC88A94E8030018EE103A86E8B3
:109FA00003009BB2284608AA32F8021B8B421ED33C
:109FB00001301428F8D107EE903A9FED147AF8EEAC
:109FC000E77AF4EEC77AF1EE10FA1AD8092387F887
:109FD0008931D7F8840197F88A21D7F88011009049
:109FE0003846FFF789FA13B0BDEC028BF0BD12AB17
:109FF000184410F8403C87F88931EAE76FF0130005
:10A00000F1E76FF06700EEE7D8D1050000F0914569
:10A0100030B583B0002902AB14BF9625942503F810
:10A02000055D80F89E11154640F6AC011A460123E5
:10A030000446FFF757F900B90DB903B030BD084B1E
:10A040001B6CADF80430204601AA1C0C40F29F2185
:10A0500003238DF80640FFF745F903B030BD00BF7C
:10A06000B0D1050030B583B00C460546FFF7E0F9E6
:10A0700008B1032826D1042C27D8DFE804F01317F1
:10A080001B1F03000B2485F88A41D5F8842195F81D
:10A090008931D5F88011009228462246FFF72CFA24
:10A0A00003B030BD002385F88A31EEE7082485F837
:10A0B0008A41EAE7092485F88A41E6E70A2485F817
:10A0C0008A41E2E76FF01300EAE76FF06900E7E723
:10A0D000F0B589B00E4614460546FFF7A9F970BBE6
:10A0E000082C32D8E4B2324623464FF4D8612846D1
:10A0F000FFF7F8F858BBB5F89011E400E4B2A142BC
:10A100000B46A8BF23461F2B85F88C413DDD072257
:10A1100095F88E0185F8882195F88B3195F88D7129
:10A12000002842D195F8A0C102970026CDE9030C82
:10A13000009428460196FFF745FA09B0F0BD0128C2
:10A1400007D003282DD1042C28D06FF0680009B067
:10A15000F0BD012CF9D828463478FFF769F90128B9
:10A160001FD124F00F032401284644F0040443F0D7
:10A17000040507AA02234FF4E8618DF81C508DF8FE
:10A180001D40FFF7AFF809B0F0BD172BDAB20FDCB6
:10A190000F2A0FD8002A18BF0422B9E73368C5F880
:10A1A000AF316FF0130009B0F0BD4FF0FF0CBBE70B
:10A1B0000622ADE70522ABE72DE9F04188B00D4658
:10A1C00016461F4604469DF83880FFF731F90028EF
:10A1D0003FD1012D59D062D3022D51D1B8F1000FDA
:10A1E00061D0062084F88B0194F88E31B4F8901178
:10A1F00094F8882194F88CC194F88DE1002B4BD110
:10A2000094F8A081CDF808E00025CDE90338CDF819
:10A2100000C0034601952046FFF7D4F968BB350A14
:10A2200007AA022340F2BC6120468DF81D608DF81C
:10A230001C50FFF757F800BB07AA204602233C0A30
:10A2400040F2BE618DF81D708DF81C40FFF74AF892
:10A2500013E001282BD194F8A42194F8740194F808
:10A26000A031B4F8761101922A1C18BF012284F89B
:10A27000732100902046FFF77BF908B0BDE8F0811C
:10A280006FF42F7008B0BDE8F081B8F1000FA9D0CD
:10A29000042084F88B01A7E74FF0FF08B2E7012004
:10A2A00084F88B01A0E784F88B5128469CE74FF097
:10A2B000FF30E2E7F0B587B00D460446FFF7B8F887
:10A2C000C8B994F88DC194F88C7194F88B3194F8D6
:10A2D0008821B4F89011019001260495CDE902C6B9
:10A2E00000972046FFF76EF918B984F88E61C4F81C
:10A2F000A05107B0F0BD6FF01300FAE710B582B0BF
:10A300000446FFF795F8012814D194F8A43194F885
:10A310007321B4F876110193002300932046FF23A4
:10A32000FFF726F920B9FF2384F87401C4F8A0319F
:10A3300002B010BD6FF01300FAE700BF0021FFF775
:10A34000AFB900BF0121FFF7ABB900BFF0B589B0CD
:10A350000D460446FFF76CF8002855D1DDB994F896
:10A360008E0184F88D51B4F8901194F8882194F8F6
:10A370008B3194F88C6160B994F8A0710096002537
:10A38000CDE90307CDE901552046FFF71BF909B0D8
:10A39000F0BDFF27F2E7012384F88D3107AA4FF4BF
:10A3A000D7612046FEF7A6FF0028F0D19DF81C508B
:10A3B00025F0010545F00105FF2607AA02234FF409
:10A3C000D76120468DF81C508DF81D60FEF78AFF7E
:10A3D0000028DCD194F88E01B4F8901194F888210B
:10A3E00094F88B3194F88C7194F88DC108B994F875
:10A3F000A061CDF808C00025CDE9030600972046EE
:10A400000195FFF7DFF8C2E76FF01300BFE700BF69
:10A4100010B50446FFF70CF801280ABF84F87C0148
:10A420006FF01300002010BD30B583B00D46044618
:10A43000FEF7FEFF012810D194F8740194F8A031C2
:10A4400094F87321B4F8761184F8A451CDE900058D
:10A450002046FFF78DF803B030BD6FF01300FAE728
:10A4600030B52DED028B036885B05B6904460D465F
:10A470000021B0EE408A98472046FFF73FF9830657
:10A4800054D49FED597AF0EEC87AF4EEC77AF1EE23
:10A4900010FA4FD9DFED557A78EE677AF0EEE77A69
:10A4A000F4EEC77AF1EE10FA26D800238DF80C30BE
:10A4B00007EE905A9FED4E7AC4F89851F8EE677AFD
:10A4C000012367EE877AD4F86C01FCEEE77ACDE9D8
:10A4D000003317EE901A04230D0C0C0A8DF80F10A0
:10A4E00003AA97218DF80D508DF80E40FAF738FD2C
:10A4F00005B0BDEC028B30BDDFED3E7A78EE677AB9
:10A50000F0EEE77AF4EEC77AF1EE10FA1AD9DFED41
:10A510003A7A78EE677AF0EEE77AF4EEC77AF1EEFF
:10A5200010FA13D802238DF80C30C1E72046FFF74C
:10A53000FDF8A6E720460121FDF7CCFD05B0BDECF6
:10A54000028B30BD01238DF80C30B1E7DFED2B7AA3
:10A5500078EE677AF0EEE77AF4EEC77AF1EE10FA69
:10A560000ED9DFED277A78EE677AF0EEE77AF4EE2F
:10A57000C77AF1EE10FA07D804238DF80C3097E76C
:10A5800003238DF80C3093E7DFED1E7A78EE677ABF
:10A59000F0EEE77AF4EEC77AF1EE10FA03D805236D
:10A5A0008DF80C3084E7F0EE087A78EE677AF0EEFA
:10A5B000E77AF4EEC77AF1EE10FA03D806238DF8A5
:10A5C0000C3075E7DFED107A78EE677AF0EEE77A17
:10A5D000F4EEC77AF1EE10FA03D807238DF80C30A9
:10A5E00066E70A4884E700BF6F12833ACDCCCC3FC0
:10A5F0006F12833D9A99D93F6666E63FCDCC0C40F9
:10A600009A991940CDCC2C403333534041FDFFFF84
:10A6100010B584B0D0F86C4180F89D1104AA0123D4
:10A6200002F8011D2046CDE900339D21FAF798FC80
:10A6300004B010BD2DE9F04784B004AC002504F847
:10A64000015D8946164698462246012340F6E701F9
:10A6500005469DF83070FEF74DFE10B104B0BDE820
:10A66000F0874FF0010A43463A463146CDF800A044
:10A670002846FEF71BFE0028F0D15FFA89F104227C
:10A680002846FEF7E9FE0028E8D153462246284630
:10A6900040F6E701FEF726FEE0E700BFDFED057AB2
:10A6A00080ED580A20EE270AFCEEC07A17EE901AC9
:10A6B000FEF794BE000080492DE9F041037B84B091
:10A6C00006460C4623B100221146FEF7D5FF00BB1B
:10A6D00004AFD6F86C0107F8084D01243A46CDE9DD
:10A6E000004423468A21FAF73BFC90B996F84D3195
:10A6F000D6F86C010194002B14BF30252025234689
:10A7000000943A4693218DF80850FAF729FC034645
:10A7100010B104B0BDE8F08196F87021D6F86C0154
:10A72000ADF80C300D3203218DF80E308DF8092074
:10A730008DF80810CDE900440A2507233A46882100
:10A74000ADF80A50FAF70CFC80460028E1D13368D6
:10A7500044F2FF31D3F8F43030469847CDF800800A
:10A7600005464346424641463046FEF7FBFD284338
:10A7700000B20028CDD1D6F86C112346CDE90040B7
:10A780003A4608467F2489218DF80840FAF7E8FB0D
:10A790000028BED1D6F86C31186803680521DB6942
:10A7A000984705E0D6F86C31186803685B6D9847E8
:10A7B000D6F86C311868D96A03681B699847002875
:10A7C000F0D1D6F86C01FAF777FDA2E76FF0180028
:10A7D000704700BF6FF01800704700BF6FF018009F
:10A7E000704700BF6FF01800704700BF6FF018008F
:10A7F000704700BF6FF01800704700BF6FF018007F
:10A80000704700BF6FF01800704700BF6FF018006E
:10A81000704700BF6FF01800704700BF84B004A8F5
:10A8200000E90E006FF0180004B070476FF01800D8
:10A83000704700BFBBEE090A704700BF82B08DE8C9
:10A840000C00002002B07047002070476FF0180025
:10A85000704700BF6FF01800704700BF00207047BE
:10A86000704700BF704700BF2DE9F0410368D3F87F
:10A87000E0300F46904698470468416A23680546D1
:10A880009A6D5E69204690472B680146B8F1000F2B
:10A8900006D13A462046B4469B69BDE8F041604780
:10A8A0003A462046B4465B69BDE8F041604700BFC8
:10A8B00070B50368D3F8E03098470468416A2368AC
:10A8C00020469A6D9D6990472B4601462046BDE87B
:10A8D00070401847704700BF6FF01800704700BF06
:10A8E0000368044A5B69934202D16FF01800704715
:10A8F00000211847E5A7040030B585B0056801922E
:10A900000022CDE90222D5F8D8500C4A0091954298
:10A910008DF8083003D16FF0180005B030BD6A46DD
:10A9200003210446A8470028F7D12368044AD3F836
:10A93000DC309342EFD020469847EEE7D9A80400D8
:10A94000DDA7040070B505680E4ED5F8D85084B068
:10A95000B5420192089A0091CDE9023203D16FF01D
:10A96000180004B070BD6A4602210446A8470028BA
:10A97000F7D12368044AD3F8DC309342EFD0204665
:10A980009847EEE7D9A80400DDA7040070B5114B85
:10A9900003600446012600210D460673282210306C
:10A9A0000AF021F9A563294604F13C004FF48072B6
:10A9B0000AF019F94FF07E53C4F83C51C4F84051E5
:10A9C00084F84451C4F8485184F84C51A66063603F
:10A9D000204670BDFCD10500002370B41E46012541
:10A9E00005FA03F20A4200EB830403F1010303D0EA
:10A9F00022691F2A18BF1643202BF1D1304670BCA4
:10AA0000704700BF38B590F84C316BB9D0F83C5165
:10AA1000D0F84821D0F8404141EA45010A40A2421D
:10AA2000C0F83C112BD038BD90F83A5090F839302E
:10AA3000054401249C4095F93C2064B2D1B922EA36
:10AA40000402D2B285F83C20591CC9B2082980F80A
:10AA50003910E8D10446104600F002F994F83A3073
:10AA6000E1180022013381F83C0084F83A3084F880
:10AA7000392038BD2243D2B285F83C20E4E70122D8
:10AA800080F83A3080F83B3080F8393080F84C213B
:10AA900038BD00BF2DE9F8435FEAC2090646846865
:10AAA00020D0002588462F460FE031784B1E24FA2F
:10AAB00003F313F0010F18BF736805F101054FEAA6
:10AAC000440418BF5C404D450DD06B07EDD1337C7D
:10AAD00018F807000137B3B93178A1F1080398409D
:10AAE0004440E3E70178F068737C604013B100F004
:10AAF000B7F831784FF0FF33C1F1200123FA01F1AB
:10AB00000840BDE8F883082100F0AAF8E4E700BF98
:10AB1000044B002208211970C3E90122DA601A747B
:10AB20005A7470475CA30020002202704270704784
:10AB30000023417003707047002900F08A80002BC9
:10AB400000F087802DE9F04F83B0002A7FD04FF0CE
:10AB5000000890F801A0C346C146CDE900120AE002
:10AB6000072C057050D0019A08F10108D144904596
:10AB70001FFA89F950D04FEAD805009A0678575D38
:10AB80003549364A6FEA080404F007042741BAF150
:10AB9000020F18BF964607F001074FEA960508BF57
:10ABA0008E46C7F1010C5EF825504FEA8C0C6FEA17
:10ABB000060E5FFA8CFC0EF0030E0CEBCE0C25FAA1
:10ABC0000CF54FF0020204FB0AFC05F00F0404FA36
:10ABD0000CF412FB06764BEA040B06F03F0508F076
:10ABE0000704BDD106F00F06072C0670BBD11C462A
:10ABF0004FEA1B2504F8025B83F801B090F801A02E
:10AC000023464FF0000BAEE7BAF1030FEFD14FEA46
:10AC10001B441C700133EAE718F0070F0BD0BAF1A0
:10AC2000030F03D14FEA1B421A7001334FEA1B2274
:10AC300083F801B01A700C9B2BB10020C3F8009070
:10AC400003B0BDE8F08F184603B0BDE8F08F914621
:10AC5000F1E74FF0FF307047E0D20500F0D2050079
:10AC600099B10022F0B405464F1E1046012606FA9F
:10AC700002F32B40BC1AD3400132A340D4B2A1420C
:10AC800040EA0300F3D8F0BC70470846704700BFA5
:10AC9000704700BF704700BF704700BF084670474D
:10ACA000704700BFF0B4094C094F2568049EC3608B
:10ACB000C0E901120599069A076000230661C0E900
:10ACC0000512C36105B92060F0BC704770A3002075
:10ACD00038D305002DE9F04F4F4D504C2B6813F041
:10ACE000010385B006460F46904600F082804C4D29
:10ACF0002C6002F09DFF20B90646304605B0BDE845
:10AD0000F08F00240123DFF830A1DFF830B18DF897
:10AD10000D30CDF808B08DF80C400DF1080999E818
:10AD20000600DAF80000F9F78BFD3146062209200B
:10AD300002F0F4FF2346224621460094484604F0E0
:10AD4000EDF903A904220F2002F0E8FFDAF8000071
:10AD5000F9F7DAFD314643463A46286803F0D2FC5B
:10AD600001280646C9D1CDF808B08DF80D608DF8E0
:10AD70000C4099E80600DAF80000F9F761FD29684F
:10AD8000484603F083F9042203A90F2002F0C6FF0E
:10AD90002968484603F08AF9042203A9304602F0E4
:10ADA000BDFF2968484603F079F9042203A905206C
:10ADB00002F0B4FFDAF80000F9F7A6FD296848466A
:10ADC00003F07CF9174B184ADB6803995160D901ED
:10ADD00003D5164B1A68D2071BD406F023FD144B7B
:10ADE000A0FB0334980A40EA845080B201F000FCD2
:10ADF00083E7104AE3644FF47A732365A26404F195
:10AE00005C0004F083F90822012384F868202B6099
:10AE10006DE758688009E8E774A300208CA3002040
:10AE200088A30020F0ED00E080A30020001000E0E7
:10AE300040420F001CD405001C620020809FD500FA
:10AE40002DE9F04383B007460E4614461D4602F036
:10AE5000EFFE68B3184B0093DFF864804FF00109F0
:10AE600000238DF804308DF8059002AB13E906003D
:10AE7000D8F80000F9F7E4FC39460622092002F070
:10AE80004DFF311D04220F2002F048FF291D04222E
:10AE9000484602F043FF0A9B04229918052002F05D
:10AEA0003DFFD8F80000F9F72FFD044B62685A60A7
:10AEB00003B0BDE8F08300BF809FD50080A30020D1
:10AEC0001C620020024A034B11701860704700BFDB
:10AED000206200201C62002008B502F0B3FE0128A9
:10AEE00003D002280CBF0220002008BD2DE9F0414C
:10AEF000264D286882B0002843D003F0A3FB022827
:10AF0000044605D0042803D0204602B0BDE8F081F5
:10AF10001F4B00931F4F00234FF001088DF80430A2
:10AF20006E468DF8058096E806003868F9F788FCCB
:10AF30003046296803F0AAF801A904220F2002F084
:10AF4000EDFE3046296803F0B1F801A9042240461D
:10AF500002F0E4FE3046296803F0A0F801A90422BB
:10AF6000052002F0DBFE3868F9F7CEFC3046296890
:10AF700003F0A4F8084B019A5A60204602B0BDE8DD
:10AF8000F0810446204602B0BDE8F08188A300208D
:10AF9000809FD5001C62002080A3002030B583B0C4
:10AFA000044604F0B3F80D4B00930D4D012200232D
:10AFB0008DF804308DF8052002AB13E906002868EF
:10AFC000F9F73EFC211D04220F2002F07DFF2868C6
:10AFD000F9F79AFC204603B030BD00BF809FD50032
:10AFE0001C62002030B583B0044604F08FF80D4B8E
:10AFF00000930D4D012200238DF804308DF80520BB
:10B0000002AB13E906002868F9F71AFC211D042297
:10B01000052002F059FF2868F9F776FC204603B0B6
:10B0200030BD00BF809FD5001C62002070B582B08B
:10B03000044604F06BF80D4B00930D4D01260023E0
:10B040008DF804308DF8056002AB13E9060028681E
:10B05000F9F7F6FB211D0422304602F035FF28687F
:10B06000F9F752FC204602B070BD00BF809FD500AA
:10B070001C62002000B583B0002300931A461946D5
:10B08000044804F04BF8044803B05DF804EB04F006
:10B090003DB800BF78A3002080A30020007C0728D3
:10B0A0008CBF00200120704781F00100704700BF75
:10B0B0000846704741827047037C087C984201D063
:10B0C0000020704707288CBF00200120704700BF78
:10B0D000F0B591B0044604A80E46174604F016F8E1
:10B0E00000214FF47A721B4B08910CA80992079328
:10B0F00004F00CF8082368468DF83C3004F006F89C
:10B10000207C07281BD9144B144D5B68039302A9BC
:10B1100004A8029503F0B4FB6A46314604A841F244
:10B12000883303F041FD40B12368019EDB6902953D
:10B130003A4602A920460396984711B0F0BD01F0A7
:10B1400027FD10B908232374DDE7207C01F0F4FD0E
:10B15000F8E700BF1CD4050080A300206CD50500D3
:10B16000007C072801D90020704708B502F064F878
:10B1700008BD00BF10B504460BE001F009FD17281B
:10B1800001D01C2809D1207C02F056F8B0F5006FE0
:10B1900003D2237C072B1846EFD910BD38B5037CAA
:10B1A000072B01D9002038BD1546044692B2184637
:10B1B00001F072FF10B90123636038BD284638BD25
:10B1C000007C072801D90020704708B501F0CEFEA9
:10B1D00008BD00BF007C072801D90020704712B2CB
:10B1E00001F0CCBD00B583B001220DF10701007C58
:10B1F00001F0C4FD0028CCBF9DF807004FF0FF30E0
:10B2000003B05DF804FB00BFF0B50B7C072B83B0E7
:10B21000054625D8154B0093154F002301228DF8C4
:10B2200004306C468DF805200E46386894E8060018
:10B23000F9F706FB0F4A337C107800020C3000EB64
:10B2400003202146042280B202F03EFE3868F9F75E
:10B250005BFB2146284603F07BFF284603B0F0BD88
:10B26000002103F06FFF284603B0F0BD809FD5009A
:10B270001C62002070A4002038B5037C072B00D985
:10B2800038BD0446184601F057FD05F051F8054653
:10B2900008E0012005F058F805F04AF8638A401BE1
:10B2A000984207D2207C01F073FC0028F1D10823DA
:10B2B000237438BD207C01F097FC08232374F8E741
:10B2C00070B50446007C072884B00D4616461AD98E
:10B2D0000021684603F036FF6A68019B9A420FD04E
:10B2E0004FF0FF3102A803F02DFF6A68039B9A42DA
:10B2F00006D00021212001F085F90728207408D903
:10B30000002004B070BD01F043FCF8B90823237499
:10B31000DEE7291D324601F0C9FC05F009F80546B3
:10B320000DE01C2810D00028EAD005F001F8638A4F
:10B33000401B98424FF001000CD805F005F8207C26
:10B3400001F026FC1728ECD10120DAE7207C01F07F
:10B35000F3FCDBE7207C01F047FC08232374CFE7F4
:10B3600070B5037C072B82B003D90024204602B0BD
:10B3700070BD144B0093144E002301228DF804304D
:10B380008DF805206D4695E8060004463068F9F70B
:10B3900057FA0E4A237C10780002043000EB032099
:10B3A0002946022280B202F08FFD9DF800309DF800
:10B3B0000140306844EA0324F9F7A6FA204602B0B7
:10B3C00070BD00BF809FD5001C62002070A40020CB
:10B3D00070B5037C072B82B003D90024204602B04D
:10B3E00070BD144B0093144E002301228DF80430DD
:10B3F0008DF805206D4695E8060004463068F9F79B
:10B400001FFA0E4A237C10780002103000EB032054
:10B410002946022280B202F057FD9DF800309DF8C7
:10B420000140306844EA0324F9F76EFA204602B07E
:10B4300070BD00BF809FD5001C62002070A400205A
:10B44000026838B5D26B094CA2420AD1037C087C51
:10B45000984201D0012038BD072894BF0020012068
:10B4600038BD904780F00100C0B238BDB9B00400CB
:10B4700010B50368104A5B6882B093428DF80710DC
:10B4800010D10446007C072802D9002002B010BD6C
:10B4900001220DF1070101F0FFFD48B901236360AE
:10B4A00002B010BD01220DF10701984702B010BD96
:10B4B000012002B010BD00BF9DB10400027C072A2C
:10B4C00013D803680A491B698B4210B5044607D19B
:10B4D000104601F04BFD28B1207C01F0A3FD10BD0A
:10B4E0009847F8E74FF0FF3010BD4FF0FF3070473E
:10B4F000C1B10400037C072B01D90020704710B5AF
:10B500000446184601F044FB18280BD91C2810D11A
:10B5100023680D4A1B69934213D1207C07280AD95E
:10B52000002010BD094B23FA00F0C04300F00100D9
:10B5300010BD012010BD01F019FD003018BF012021
:10B5400010BD20469847F8E7C1B104000100100182
:10B5500000B583B0002300931A461946024803F051
:10B56000DDFD03B05DF804FBF8A30020704700BFC9
:10B5700038B505462120298901F044F8072800D96B
:10B5800038BD044601F052FB20B1054B2A8923F84F
:10B59000142038BD2046BDE8384001F0CDBB00BFC7
:10B5A00008A4002070B53A4B1B78322B05462BD0EF
:10B5B000384C332B22882B890CBF042608269A424C
:10B5C00029D062889A422FD0A2889A4235D0E28848
:10B5D0009A423BD0042E15D022892B899A4250D012
:10B5E000052E0FD062892B899A4236D0062E09D0BB
:10B5F000A2892B899A4236D0072E03D0E2892B8963
:10B600009A4238D0002070BD224C2B8922889A4261
:10B610004FF00406D5D1002001F0BAFA14281AD050
:10B620002B8962889A42CFD1012001F0B1FA142807
:10B6300011D02B89A2889A42C9D1022001F0A8FA20
:10B64000142808D02B89E2889A42C3D1032001F044
:10B650009FFA1428BED1012070BD052001F098FA90
:10B660001428C3D1F7E7062001F092FA1428F2D08B
:10B67000072EC3D1C6E7072001F08AFA1428C1D1EA
:10B68000E9E7042001F084FA1428A9D1E3E700BF18
:10B6900071A4002008A40020F0B50368B84A5B68D4
:10B6A00083B093428DF8071066D1B64B04461878E4
:10B6B00000285FD0B44D23892A88323801288CBFF6
:10B6C000082604269A427BD000276A889A4200F016
:10B6D0008E80AA889A4200F0A080EA889A4200F000
:10B6E000AB80042E19D02A8923899A4200F0FF806A
:10B6F000052E12D06A8923899A4200F02381062EF2
:10B700000BD0AA8923899A4200F04281072E04D0E7
:10B71000EA8923899A4200F0B380002F32D023892E
:10B720002A88934244D06A889A4258D0AA88934281
:10B730006CD0EA889A4200F0C080042E19D02A8981
:10B7400023899A4200F0C680052E12D06A89238987
:10B750009A4200F0DD80062E0BD0AA8923899A42F6
:10B7600000F0E380072E04D0EA8923899A4200F092
:10B77000F980012003B0F0BD01220DF107019847C7
:10B7800003B0F0BD2368814A1B69934240F01081E9
:10B790002189212000F036FF07280746BFD801F095
:10B7A00045FA002800F03A81238925F81730B6E7DA
:10B7B000002001F0EDF9172800F0FD802389B2E7A1
:10B7C000002001F0E5F9172800F0FC801C2844D087
:10B7D000142800F0FC8000B92880238974E7012038
:10B7E00001F0D6F9172800F0008123899EE7012097
:10B7F00001F0CEF9172800F0FF801C2836D014285D
:10B8000000F0FF8000B96880238962E7022001F020
:10B81000BFF9172845D023898BE7022001F0B8F93A
:10B82000172845D01C2800F0D580142800F0FA8095
:10B8300000B9A880238950E7032001F0A9F917284F
:10B8400000F0FD801C2800F0DF80142800F0FB8051
:10B8500000287FF446AFE88043E7002001F086FB34
:10B860000028BAD101F068FA23892DE7012001F000
:10B870007DFB0028C8D1012001F05EFA238928E76A
:10B88000072001F085F9172800F01B811C2800F023
:10B89000058114283FF443AF00287FF43EAFE881D0
:10B8A0003BE701220DF10701022001F0F5FBB2E7B1
:10B8B000022001F05BFB23890FE7032001F068F908
:10B8C00017287FF43AAF01220DF10701032001F0A0
:10B8D000E3FB32E7042001F05BF917287FF434AF73
:10B8E00001220DF10701042001F0D6FB2CE7042012
:10B8F00001F04EF9172800F0B5801C2800F0958063
:10B90000142800F0B38000287FF4F2AE2881EFE61F
:10B91000052001F03DF917287FF41DAF01220DF13C
:10B920000701052001F0B8FB15E7062001F030F90A
:10B9300017287FF417AF01220DF10701062001F04F
:10B94000ABFB0FE7052001F023F9172800F09D80DD
:10B950001C287DD0142800F09C8000287FF4CFAEF6
:10B960006881CCE6072001F013F917287FF401AFB6
:10B9700001220DF10701072001F08EFBF9E600BF5F
:10B98000CDBA040071A4002008A4002071B5040001
:10B99000062001F0FDF8172800F08A801C286AD0E4
:10B9A000142800F0898000287FF4B0AEA881ADE6AD
:10B9B00020469847B3E601220DF10701002001F06F
:10B9C0006BFBFBE6002001F0D1FA23897CE623899A
:10B9D00001277AE6022001F0C9FA00287FF42AAF95
:10B9E000022001F0A9F9238977E6012210460DF122
:10B9F000070101F051FBF8E6012001F0B7FA2389B5
:10BA000067E62389012764E6032001F0AFFA0028E6
:10BA10007FF467AE032001F08FF962E6384601F04B
:10BA20008BF97CE62389012757E6042001F09EFA72
:10BA300000287FF45DAE042001F07EF958E6032073
:10BA400001F094FA4DE6042E3FF469AE01274AE670
:10BA5000052001F08BFA00287FF451AE052001F09B
:10BA60006BF94CE6042001F081FA41E6052E3FF423
:10BA700056AE01273EE6062001F078FA00287FF452
:10BA800045AE062001F058F940E6052001F06EFAB7
:10BA900035E6062E3FF443AE012732E6072001F0DB
:10BAA00065FA00287FF439AE072001F045F934E645
:10BAB000062001F05BFA29E6072E3FF430AE01279D
:10BAC00026E6072001F052FA27E600BFBC4B1B78A0
:10BAD000002B71D02DE9F047BA4C06891746323B4E
:10BAE0002288012B8CBF4FF008084FF00408B242A7
:10BAF0000546894662D04FF0000A6388B3426DD094
:10BB0000A388B34200F0A980E388B34200F0C0806C
:10BB1000B8F1040F1CD022892B899A4200F0D480FE
:10BB2000B8F1050F14D062892B899A4200F0228166
:10BB3000B8F1060F0CD0A2892B899A4200F04681F9
:10BB4000B8F1070F04D0E2892B899A4200F0D78020
:10BB5000BAF1000F51D02E8923889E4263D06388AA
:10BB6000B3426AD0A388B3426FD0E388B34200F0F7
:10BB70008380B8F1040F1CD022892B899A4200F0EF
:10BB80009780B8F1050F14D062892B899A4200F092
:10BB9000D980B8F1060F0CD0A2892B899A4200F007
:10BBA000DD80B8F1070F04D0E2892B899A4200F0BA
:10BBB000FB803846BDE8F08718467047002000F04B
:10BBC000E7FF172800F01B811C2800F0E3801428F1
:10BBD00000F0A68000B920802E898CE7012000F0BB
:10BBE000D7FF172800F016811C287ED0142800F0FB
:10BBF000168100B960802E8982E72B68724A1B6922
:10BC0000934240F0F3802989212000F0FBFC0728B3
:10BC10000646A0D801F00AF8002800F019812B8907
:10BC200024F8163097E7002000F0B2FF172800F044
:10BC3000E0802E896388B34294D1012000F0A8FFF0
:10BC4000172800F0E1802E898CE7022000F0A0FF89
:10BC5000172800F0E8802E8987E7022000F098FF7F
:10BC6000172800F0F0801C285ED0142800F0F48023
:10BC700000B9A0802E8947E7032000F089FF17282C
:10BC80007FF477AFBAB24946032001F005FA70E7B6
:10BC9000032000F07DFF172850D01C2800F0C98039
:10BCA000142800F0E78000287FF432AFE0802FE70F
:10BCB000042000F06DFF17287FF463AFBAB2494645
:10BCC000042001F0E9F95CE7042000F061FF172887
:10BCD00000F0E1801C2800F0C380142800F0DF8011
:10BCE00000287FF41DAF20811AE7012001F03EF902
:10BCF000002880D1012001F01FF82E8900E70720DD
:10BD000000F046FF172800F0FB801C2800F0E380BD
:10BD100014283FF420AF00287FF41AAFE08117E722
:10BD20002E894FF0010AE8E6022001F01FF90028F1
:10BD3000A0D1022001F000F82E89E5E6032001F0F1
:10BD400015F9E5E6052000F023FF17287FF421AF61
:10BD5000BAB24946052001F09FF91AE7062000F023
:10BD600017FF17287FF41DAFBAB24946062001F02D
:10BD700093F916E7052000F00BFF172800F0A080CC
:10BD80001C287ED0142800F09F8000287FF4D0AEBD
:10BD90006081CDE6002001F0E9F800287FF41CAFB7
:10BDA00000F0CAFF2E89A6E6072000F0F1FE172852
:10BDB0007FF4FFAE4946BAB2072001F06DF9F8E60C
:10BDC00071A4002008A4002071B50400062000F032
:10BDD000DFFE172800F089801C2867D0142800F0A7
:10BDE000888000287FF4ACAEA081A9E62846984759
:10BDF000B1E6BAB24946002001F04EF919E7002039
:10BE000001F0B4F82E8976E6BAB24946012001F075
:10BE100043F918E7012001F0A9F82E8970E62E8970
:10BE20004FF0010A6CE6BAB24946022001F034F93B
:10BE300011E7032001F09AF800287FF469AE03208F
:10BE400000F07AFF64E6022001F090F82E895BE6AC
:10BE5000304600F071FF7EE62E894FF0010A53E66E
:10BE6000042001F083F800287FF45AAE042000F08B
:10BE700063FF55E6B8F1040F3FF46DAE4FF0010AD1
:10BE800049E6052001F072F800287FF451AE052044
:10BE900000F052FF4CE6042001F068F840E6B8F1EB
:10BEA000050F3FF458AE4FF0010A3CE6062001F0C2
:10BEB0005DF800287FF444AE062000F03DFF3FE629
:10BEC000052001F053F833E6B8F1060F3FF443AE16
:10BED0004FF0010A2FE6072001F048F800287FF410
:10BEE00037AE072000F028FF32E6062001F03EF8CA
:10BEF00026E6B8F1070F3FF42EAE4FF0010A22E616
:10BF0000072001F033F823E62DE9F843A64B1B7810
:10BF10000446002B47D0A54D0A890E46323B29889E
:10BF2000012B8CBF4FF008084FF004088A425AD00A
:10BF300008276B88934274D04FF00009AB88934276
:10BF40007CD0EB88934200F08480B8F1040F1BD0C2
:10BF50002A8933899A4258D0B8F1050F14D06A89DA
:10BF600033899A4200F08480B8F1060F0CD0AA8978
:10BF700033899A4200F0C780B8F1070F04D0EA89EC
:10BF800033899A4200F08280B9F1000F17D04FF444
:10BF90007A730021864A2774C4E901136382226000
:10BFA0002046BDE8F883436008234FF47A72804945
:10BFB00003748260428201602046BDE8F8833368E2
:10BFC0007C4A1B69934250D13189212000F01AFB31
:10BFD00007288046DBD800F029FE002870D033897E
:10BFE00025F81830D3E7002000F0D2FD172800F024
:10BFF00086801C2800F08380142800F0A080002890
:10C0000042D128803289082793E7042000F0C0FD40
:10C01000082F61D0142800F0A28000289CD128812C
:10C020009AE7012000F0B4FD082F4FF000097CD002
:10C03000142841D000B9688032897FE7022000F0DF
:10C04000A7FD082F2FD014284ED000B9A880328920
:10C0500077E7032000F09CFD082F35D0142847D047
:10C0600000287FF472AFE8806FE7304698478EE78C
:10C07000052000F08DFD082F69D014287ED00028FF
:10C080007FF472AF68816FE7328951E7072000F0D3
:10C090007FFD082F79D014283FF479AF00287FF472
:10C0A00073AFE88170E7172801D01C28CBD100239B
:10C0B000AB803289022744E732894FF001093DE71E
:10C0C000404600F039FE62E7172801D01C28C5D190
:10C0D0000023EB80032738E7172801D01C2899D1CB
:10C0E00000232B81042737E732894FF0010928E725
:10C0F000B8F1040F3FF44BAF4FF0010928E70027D8
:10C100002F80328915E7062000F042FD082F2DD040
:10C11000142842D000287FF42FAFA8812CE70120FB
:10C1200000F036FD08274FF00109172802D01C281F
:10C130007FF47EAF00236B8032890127FEE66B8897
:10C1400032899342EBD008274FF00109F6E6172811
:10C1500001D01C2891D100236B81052704E7B8F199
:10C16000050F3FF414AF4FF00109F8E6172801D08E
:10C170001C28CDD10023AB810627FDE6B8F1060FC0
:10C180003FF405AF4FF00109F1E6172801D01C2854
:10C1900081D10023EB810727F6E6B8F1070F3FF4C2
:10C1A000F6AE4FF00109EAE671A4002008A40020D1
:10C1B000A0D3050071B5040000B583B0002300933F
:10C1C0001A461946024802F0A9FF03B05DF804FBC5
:10C1D00000A40020024A02608A694260704700BFE2
:10C1E0006CD50500808B7047008A7047408C704783
:10C1F000704700BF90F82030072B00D9704710B56A
:10C200000446184600F0F0FC082384F8203010BDE6
:10C2100038B5044690F8200007280D460ED9294667
:10C22000022000F0EFF9072884F8200004D800234A
:10C2300025826384012038BD002038BD00F0D4FC85
:10C24000EDE700BF08B50023C383043190F8200058
:10C2500001F0AEF808BD00BF08B590F8200001F06D
:10C26000F7F808BD10B5044693B290F820000A46CE
:10C27000E18B01F03FF8E38B0344E38310BD00BF83
:10C28000438CABB110B582B0044601220DF1070119
:10C2900090F8200000F072FD002806DD638C9DF808
:10C2A0000700013B638402B010BD4FF0FF30FAE796
:10C2B0004FF0FF30704700BF438C93B110B59342ED
:10C2C00094BF1AB212B2044690F8200000F056FD56
:10C2D000002803DD638C1B1A638410BD4FF0FF3010
:10C2E00010BD4FF0FF30704708B590F82030072B95
:10C2F00005D8428C1AB1184600F094FE08BD4FF0E4
:10C30000FF3008BD70B5044690F82000072882B0C1
:10C310000E46154615D972680B4B019269462A469E
:10C320008220009300F0B6FA072884F8200005D890
:10C33000002301202582638402B070BD002002B07A
:10C3400070BD00F051FCE6E76CD505002DE9F04129
:10C3500090B0074604A80E469046002502F0D6FE8F
:10C360004FF47A721C4B09920CA80793089502F0BF
:10C37000CDFE082368468DF83C3002F0C7FE174B0F
:10C38000174C5B68039304A802A9029402F078FAA0
:10C390006A46314604A841F2883302F005FC0128C0
:10C3A00002D010B0BDE8F0813B680E4A5B6A01998B
:10C3B00002949342039109D1FD83424697F82000ED
:10C3C00003A900F0F5FF10B0BDE8F081424602A9D4
:10C3D00038469847E5E700BF1CD4050080A300203D
:10C3E0006CD5050045C2040010B503680D4A5B68B2
:10C3F00082B093428DF807100DD10446C18B90F89E
:10C40000200001230DF1070200F074FFE38B0344C9
:10C41000E38302B010BD01220DF10701984702B07D
:10C4200010BD00BF65C2040070B5224E448C82B0BE
:10C43000054622B200218CB12B685B6BB34215D14B
:10C4400095F8200000F09AFC00286C8CF1DD241A8D
:10C45000A4B26C8422B20021002CEDD195F820000A
:10C4600000F084FD40B9204602B070BD2246002194
:10C47000284698476C8CDCE76946082295F820002E
:10C4800000F07CFC0028EFDD694605F1140002F0A5
:10C4900093FE9DF806109DF807009DF804209DF876
:10C4A000053000EB012080B203EB02236884AB83EC
:10C4B00002B070BDB9C2040070B504680D4E656B62
:10C4C000B54210D1458C95B1AA422CBF2AB212B206
:10C4D000044690F8200000F051FC002807DD638C32
:10C4E0001B1A638470BD2B46BDE8704018474FF09F
:10C4F000FF3070BDB9C2040000B583B000230093C3
:10C500001A461946024802F009FE03B05DF804FB22
:10C5100018A400202DE9F04F334FDFF8D0803C788D
:10C520000502064605EB042083B024300C4680B299
:10C5300001A992460222994601F0C6FC9DF804101A
:10C540009DF8053098F8002043EA01231C44A4B26A
:10C55000332AC4F30A0B22D006F110000BEBC020E3
:10C56000372A80B204D00BEB0903B3F5006F20DC4F
:10C5700051464A4601F0D2FB38784C4405EB002086
:10C58000A4B22430231201A9022280B28DF8054002
:10C590008DF8043001F0C2FB03B0BDE8F08F06F166
:10C5A00008000BEB09030BEBC020B3F5006F80B262
:10C5B000DEDDCBF5006B1FFA8BFB5A46514601F0CE
:10C5C000ADFB98F80030332B0CBF06F1080006F1E4
:10C5D0001000A9EB0B02C0020AEB0B0192B280B271
:10C5E00001F09CFBC8E700BF70A4002071A40020EC
:10C5F000034B1A88C0F30D0050401880704700BFED
:10C600001A6200202DE9F04F9A4B1B7887B0002B5F
:10C6100000F01681984A049200240122323BDFF890
:10C6200070B28DF8152093428DF8144006AB01903E
:10C630008946DBF80000914F13E9060094BF4FF0E4
:10C6400004084FF008080DF10F0AF8F7F9F8224630
:10C65000A44614023878A4B204EB00200330154637
:10C6600003A9012280B2664601F02EFC9DF80C1051
:10C670000AF8011F6A1C5FFA82FC002965D0E045B8
:10C68000E7D89DF810301D2B06D84FF03456DE4009
:10C69000F64316F0010652D09DF811201D2A05D848
:10C6A0004FF03453D340DE0700F1D4809DF81220C0
:10C6B0001D2A05D84FF03453D340DD0700F1CD805B
:10C6C0009DF813201D2A05D84FF03453D340DC07C2
:10C6D00000F1C680B8F1040F25D09DF814201D2A62
:10C6E00040F2A580B8F1050F1DD09DF815201D2A38
:10C6F00005D84FF03453D340D90700F1B480B8F1D6
:10C70000060F10D09DF816201D2A05D84FF034537F
:10C71000D340DA0700F1AA80B8F1070F03D09DF8E3
:10C7200017201D2A05D9DBF80000F8F7EDF80826D8
:10C7300069E04FF03453D340DB07F4D50726354684
:10C740001021304601F074FC34024D4A4D4B00215B
:10C7500022F8151043F001034FF47A5098473878C7
:10C760009DF8043006A904EB002001F80D3D0122DC
:10C7700000F47F4001F0D2FA387806A904EB0020DB
:10C78000FF23023001F80E3D80B2012201F0C6FA0B
:10C79000B9F1000F3BD13C4A138801339BB2B3F58A
:10C7A000404F52D313805FFA83F91A0A38788DF814
:10C7B0000C2004EB0020043080B2022203A98DF883
:10C7C0000D9001F0ABFA0121304601F031FC3878D0
:10C7D0002E4F04EB002028300024022227F8354099
:10C7E00080B203A901F070FB9DF80C209DF80D307C
:10C7F000DBF8000007EBC50543EA0223AC71AC800F
:10C800006B80F8F781F8304607B0BDE8F08F3878D4
:10C810008DF80D9004EB002004304FEA2929022204
:10C8200003A980B28DF80C9001F078FACBE74FF0B5
:10C830003453D340D8077FF555AF042635467FE7FC
:10C840000826304607B0BDE8F08F4FF44043138010
:10C85000C022ABE70126354672E7022635466FE770
:10C86000032635466CE70526354669E70626354634
:10C8700066E700BF71A40020809FD50070A400204F
:10C8800008A4002070D405001A62002028A400200B
:10C890001C6200202DE9F04FB54B1B7889B0002BAE
:10C8A00000F04C819046B34A069200240122323BAC
:10C8B0000F46B1498DF81D2093428DF81C4008ABFE
:10C8C0000190AE4E086813E9060094BF4FF0040AC9
:10C8D0004FF0080A0DF1170BF7F7B2FF2246A446F6
:10C8E00014023078A4B204EB00200330914680B2E9
:10C8F000012204A9654601F0E7FA9DF810300BF813
:10C90000013F09F101025FFA82FC002B65D0E2458C
:10C91000E6D89DF818301D2B06D84FF03455DD4071
:10C92000ED4315F0010552D09DF819201D2A05D8B8
:10C930004FF03453D340DB0700F10A819DF81A20F1
:10C940001D2A05D84FF03453D340DD0700F1038191
:10C950009DF81B201D2A05D84FF03453D340DC0727
:10C9600000F1FC80BAF1040F25D09DF81C201D2A8F
:10C9700040F2DB80BAF1050F1DD09DF81D201D2A65
:10C9800005D84FF03453D340D90700F1EA80BAF10B
:10C99000060F10D09DF81E201D2A05D84FF03453E5
:10C9A000D340DA0700F1E080BAF1070F03D09DF819
:10C9B0001F201D2A05D9704B1868F7F7A5FF082519
:10C9C000A1E04FF03453D340DB07F4D50725A94647
:10C9D0001021284601F02CFB2C026949694A0020ED
:10C9E00021F8190042F001024FF47A509047307854
:10C9F0009DF8043008A904EB002001F8153D012240
:10CA000000F47F4001F08AF9307808A904EB002097
:10CA1000FF22023001F8162D80B2012201F07EF9CA
:10CA20004FEA182B5FFA88FAB8F1000F6FD1564918
:10CA30000A88013292B2B2F5404FC0F084800A8079
:10CA40005FFA82F8110A30788DF8101004EB00209C
:10CA5000043080B2022204A98DF8118001F05EF941
:10CA600030787A79B97997F807C08DF8141004EB0B
:10CA7000002002F07F020C304FF05E0E391D4FF0A7
:10CA800001088DF8132080B204228DF812E08DF891
:10CA900015C0ADF8108001F041F930788DF80CB078
:10CAA00004EB0020103003A9022280B28DF80DA003
:10CAB00001F034F93078354F04EB002006300622BF
:10CAC00004A980B201F02AF94146284601F0B0FAE3
:10CAD000307804EB00202830002403A9022280B221
:10CAE00027F8394001F0F0F9234B9DF80C109DF820
:10CAF0000D20186807EBC90342EA01229C719C8053
:10CB00005A80F7F701FF284609B0BDE8F08F30786A
:10CB10008DF810B004EB00200430022204A980B28A
:10CB20008DF811A001F0FAF89AE74FF03453D34092
:10CB3000D8077FF51FAF0425A94649E708252846F1
:10CB400009B0BDE8F08F4FF440420A80C0217AE777
:10CB50000125A9463CE70225A94639E70325A94650
:10CB600036E70525A94633E70625A94630E700BF85
:10CB700071A40020809FD5001C62002070A40020BA
:10CB800008A4002070D405001A62002028A4002008
:10CB9000F0B5124D124A2B6883B001260092002294
:10CBA0006C468DF805608DF8042094E80600074671
:10CBB0001846F7F745FE0B4B18780002033000EBE0
:10CBC00007202146324680B201F07EF928689DF8A0
:10CBD0000040F7F799FE204603B0F0BD1C6200202C
:10CBE000809FD50070A4002030B50E4C0E4A2368FB
:10CBF00083B00121009200228DF804208DF80510E9
:10CC000002AA12E9060005461846F7F719FE28465B
:10CC1000102101F00DFA206803B0BDE83040F7F7AD
:10CC200073BE00BF1C620020809FD5002DE9F0413B
:10CC3000DFF874801A4AD8F8003082B00126002448
:10CC400000928DF805608DF804406D4695E8060069
:10CC500007461846F7F7F4FD124B1B781B02033307
:10CC600003EB072398B22946324601F02DF99DF8CF
:10CC70000030132B07D0D8F80000F7F745FE204608
:10CC800002B0BDE8F0813846022101F0D1F9D8F8B0
:10CC90000000F7F739FE304602B0BDE8F08100BF72
:10CCA000809FD50070A400201C6200202DE9F04771
:10CCB000DFF87C801D4CD8F80030DFF8789082B027
:10CCC0000125009400248DF805508DF804406E462F
:10CCD00007468A461846154696E80600F7F7B0FD5F
:10CCE00099F800003C0204EB00200C30514604226D
:10CCF00080B201F013F899F800008DF8015004EBB0
:10CD000000201030022231462D1280B28DF80050E2
:10CD100001F004F83846042101F08AF9D8F800003F
:10CD2000F7F7F2FD02B0BDE8F08700BF809FD500A5
:10CD30001C62002070A4002030B50E4C0E4A2368FF
:10CD400083B00121009200228DF804208DF8051097
:10CD500002AA12E9060005461846F7F771FD2846B3
:10CD6000082101F065F9206803B0BDE83040F7F70D
:10CD7000CBBD00BF1C620020809FD5002DE9F04F85
:10CD8000DFF8E4A1744C754EDAF8003087B0054640
:10CD90000494002001248DF815408DF8140036F815
:10CDA0003540019104AF9046184697E80600F7F722
:10CDB00047FDA04544DC002C70D0EB00F218444540
:10CDC000A8BF4446B2F80280019A1FFA84F9CAB19A
:10CDD000634A11783329C8F30A0200F0B18005F1E3
:10CDE000180002EBC020372980B205D012FA84F176
:10CDF000B1F5006F00F38280019902934A4601F079
:10CE000063F8029B36F83520F018C844817949440C
:10CE100089B2A2EB09091FFA88F81FFA89F2F929E9
:10CE2000A0F8028026F835204FD8002A4DD0817115
:10CE3000DAF80000F7F768FD204607B0BDE8F08F8C
:10CE4000484C20784FEA052909EB002026300222C1
:10CE500080B2394601F038F89DF810209DF8113065
:10CE600043EA022B00E09B46207809EB00202630A5
:10CE7000022280B2394601F027F89DF810209DF873
:10CE8000113043EA02239B45EDD106EBC5029479AC
:10CE9000ABEB040426F83540002C8ED1314B1878CA
:10CEA0000002033000EB0520394680B2012201F078
:10CEB0000BF89DF81030142BBAD0002BB8D0B3F17A
:10CEC0001C0418BF4FF0FF34B2E7264A8DF81180DA
:10CED000107800021E442830002300EB052039465C
:10CEE0004FEA28280222B37180B28DF8108000F03A
:10CEF00015FF2846402101F09BF899E7DDF804B0C2
:10CF00000393C2F5006293B21A465946029300F0A9
:10CF1000DBFF134A029B127859461944039B019385
:10CF2000332A029B0CBF05F10C0005F11800A9EB98
:10CF30000302C00280B292B200F0C6FF019B61E71B
:10CF400005F10C0012FA84F102EBC020B1F5006F7C
:10CF500080B27FF751AFD1E7809FD50028A4002091
:10CF600071A4002070A400201C6200202DE9F0476D
:10CF7000DFF8A49039F8304082B01CB1204602B0EE
:10CF8000BDE8F0870123234ADFF890A08DF8044024
:10CF90008DF8053000926D46DFF8848095E8060034
:10CFA0000646DAF80000F7F74BFC98F80000370265
:10CFB00007EB0020263080B22946022200F084FFD1
:10CFC0009DF800009DF8014044EA002400E01C4662
:10CFD00098F8000007EB00202630022280B2294694
:10CFE00000F072FF9DF800209DF8013043EA022313
:10CFF0009C42ECD1DAF80000F7F786FC09EBC60397
:10D000009879241AA4B2204629F8364002B0BDE827
:10D01000F08700BF809FD50028A400201C6200205C
:10D0200070A4002070B5184E184A336882B00121F0
:10D03000009200228DF805108DF804206D460446FC
:10D0400095E806001846F7F7FBFB114B114A03EB76
:10D05000C40312785888332AC0F30A0310D004F1AD
:10D060001800C00280B218442946012280B200F0A4
:10D070002BFF3068F7F748FC9DF8000002B070BD48
:10D080000C34E402A0B2EEE71C620020809FD500C1
:10D0900028A4002071A400202DE9F04FB2F5006F04
:10D0A00085B028BF4FF40062DFF888815E4F0090A2
:10D0B0000191914606024FEAC00B02AD5B4A029213
:10D0C00000234FF001028DF80C308DF80D2095E80B
:10D0D0000600D8F80000F7F7B3FB387806EB00201D
:10D0E000203080B20222294600F0EEFE9DF8083082
:10D0F0009DF8094044EA032400E01C46387806EB1A
:10D1000000202030022280B2294600F0DDFE9DF88A
:10D1100008209DF8093043EA02239C42EDD138787B
:10D12000434B06EB00205B440330012229469C80E0
:10D1300080B200F0C9FE9DF808A0D8F80000F7F70B
:10D14000E3FBBAF1170F02D0BAF11C0F69D106F058
:10D15000EFF84C45B2D34FF0000BDFF8D0A08DF8BC
:10D160000CB00124CDF808A08DF80D4095E806001C
:10D17000D8F80000F7F764FB5946DDF800B0019AD3
:10D1800058464B46FFF7C6F95846202100F050FF9D
:10D1900018E0033080B200F097FE9DF80830ABB382
:10D1A000D8F80000F7F7B0FB06F0C2F8CDF808A0F9
:10D1B0008DF80D408DF80CB0D8F8000095E8060009
:10D1C000F7F73EFB387806EB0020023001222946B3
:10D1D00080B200F079FE9DF808B038781BF0100B93
:10D1E00029464FF0010206EB0020D2D00230102376
:10D1F000012280B28DF8083000F090FDD8F80000D0
:10D20000F7F782FB484605B0BDE8F08FD8F800007C
:10D210000093F7F779FB009B9946484605B0BDE8B7
:10D22000F08F4FF0000996E770A40020809FD50092
:10D2300028A400201C6200202DE9F043294F2A4A2F
:10D240003B682A4E83B00121009200228DF8051020
:10D250008DF804206D4695E8060080461846F7F7DD
:10D26000EFFA30784FEA082404EB0020203080B237
:10D270002946022200F028FE9DF800309DF801901A
:10D2800049EA032900E09946307804EB0020203079
:10D29000022280B2294600F017FE9DF800209DF87A
:10D2A000013043EA02239945EDD1114B307803EB6D
:10D2B000C80804EB002003302946012280B2A8F8F8
:10D2C000049000F001FE9DF800403868F7F71CFB61
:10D2D000172C03D01C2C18BF4FF00009484603B090
:10D2E000BDE8F0831C620020809FD50070A4002060
:10D2F00028A400202DE9F04FDFF8B090284DD9F890
:10D300000040284F85B00126029500258DF80D605C
:10D310008DF80C5002AD80468A462046934695E82B
:10D3200006000193F7F78CFA38784FEA082606EBE7
:10D330000020203080B22946022200F0C5FD9DF871
:10D3400008309DF8094044EA032400E01C46387880
:10D3500006EB00202030022280B2294600F0B4FD06
:10D360009DF808209DF8093043EA02239C42EDD144
:10D37000019B0D4EA34228BF234606EBC8069DB273
:10D380005A4651462B464046B480FFF7C3F8D9F8B9
:10D390000000F7F7B9FA284605B0BDE8F08F00BFE6
:10D3A000809FD50070A4002028A400201C620020CB
:10D3B0000B780BB94B7813B14AB9104670478B788C
:10D3C000002BF9D1CB78002BF6D1184670472DE908
:10D3D000F04782B01B4B0093DFF86C80DFF86CA045
:10D3E000012700238DF804308DF80570E9461446B6
:10D3F0000E46054699E80600D8F80000F7F720FA2F
:10D400009AF800302D0205EB03200C30314604223F
:10D4100080B200F083FC9AF800008DF8014005EB23
:10D420000020103049460222241280B28DF80040BC
:10D4300000F074FCD8F80000F7F766FA384602B03E
:10D44000BDE8F087809FD5001C62002070A40020FA
:10D450002DE9F04F344FDFF8D8903B68334E85B05C
:10D4600000224FF00108CDF808908DF80D808DF85E
:10D470000C2002AC054694E806001846F7F7E0F9E0
:10D480002846202100F0D4FD2D0216E000F01CFDFE
:10D490009DF8083013F0080B32D13868F7F734FAEA
:10D4A00005F046FFCDF808908DF80D808DF80CB092
:10D4B000386894E80600F7F7C3F9307805EB0020E8
:10D4C00002300122214680B200F0FEFC30789DF847
:10D4D00008A005EB002002301AF0100A21464FF098
:10D4E000010280B2D2D0102301228DF8083000F062
:10D4F00015FC3868F7F708FA012005B0BDE8F08F91
:10D50000307804A905EB00201823023001F8093D0A
:10D51000012280B200F002FC3868F7F7F5F95046B6
:10D5200005B0BDE8F08F00BF1C62002070A4002091
:10D53000809FD50000B583B0002300931A4619469A
:10D54000024801F0EBFD03B05DF804FB20A40020CD
:10D55000F0B52B4B2B4D1A782B78A2F13201012913
:10D5600083B006461DD9342A38D0274F18460021EB
:10D5700006F058FA00243868ADF80440032201A9E7
:10D580008DF80640F7F708FA347038683146012202
:10D59000F7F702FA2878012106F044FA012003B0D7
:10D5A000F0BD194C1846002106F03CFA20680F2106
:10D5B000F7F726FA20680021F7F722FA2068002101
:10D5C000F7F71EFA20680021F7F71AFA307028786A
:10D5D000012106F027FA012003B0F0BD1846002112
:10D5E00006F020FA084C02A94FF0807341F8043D80
:10D5F00020680422F7F7D0F9002333702068C5E7CC
:10D6000071A40020206200201C6200202DE9F0415E
:10D61000484B494D1B782A780446A3F13200012873
:10D6200082B00E46E7B223D9342B53D010460021E6
:10D6300006F0F8F9FF2C3ED800238DF805708DF820
:10D6400004308DF806303D4C0322206801A9F7F71D
:10D65000A3F900233370206831460122F7F79CF9C3
:10D660002878012106F0DEF9012002B0BDE8F08142
:10D67000DFF8C8801046002106F0D4F9D8F8000081
:10D680000F21F7F7BDF9210AD8F80000F7F7B8F92C
:10D690003946D8F80000F7F7B3F9D8F800000021B0
:10D6A000F7F7AEF930702878012106F0BBF90120B8
:10D6B00002B0BDE8F081230427D4E31023F01F0358
:10D6C00043F0080300228DF806308DF805708DF8C0
:10D6D0000420B8E71046DFF86480002106F0A2F9C4
:10D6E00004224FF48073D8F80000ADF806302412FD
:10D6F0000DEB02018DF804408DF80570F7F74CF939
:10D7000000233370D8F80000A6E744F3871323F012
:10D710001F03B4F5404F4FEA142234BF43F0100307
:10D7200043F018038DF806308DF804208DF805704D
:10D7300089E700BF71A40020206200201C62002045
:10D740002DE9F041434B444D1B782A780446A3F160
:10D750003200012882B00E46E7B242D9342B1ED0E7
:10D760001046002106F05EF9FF2C50D80022042359
:10D770008DF801708DF800208DF80230374A33782B
:10D7800010688DF8033004226946F7F705F9287808
:10D79000012106F047F9012002B0BDE8F081DFF871
:10D7A000BC801046002106F03DF924124FF4C073EE
:10D7B000D8F800008DF80040042269468DF8017009
:10D7C000ADF80230F7F7E8F83178D8F80000F7F74D
:10D7D00017F92878012106F025F9012002B0BDE8EB
:10D7E000F081DFF878801046002106F01BF9D8F8A8
:10D7F0000000F021F7F704F9210AD8F80000F7F744
:10D80000FFF83946D8F80000F7F7FAF8DCE7230408
:10D810000CD4E31023F01F0343F00C0300228DF817
:10D8200002308DF801708DF80020A7E744F38713CC
:10D8300023F01F03B4F5404F4FEA142234BF43F0E6
:10D84000140343F01C038DF802308DF800208DF88E
:10D85000017093E771A40020206200201C62002068
:10D8600010B582B002A9802301F8033D294B332271
:10D8700000201A701424FFF763FF06E0032B0DD07D
:10D88000013CA4B202F060FDBCB10DF10700FFF74E
:10D890005FFE9DF807300120002BEFD102A9102375
:10D8A00001F8053D0020FFF74BFF0DF10700FFF7E2
:10D8B0004FFE9DF80730132B02D0002002B010BDA0
:10D8C00002A9182301F8043D0020FFF739FF0DF1EC
:10D8D0000700FFF73DFE9DF807301B2BEDD102A995
:10D8E000002001F8020DFFF72BFF0DF10700FFF7F5
:10D8F0002FFE9DF80730032BDFD10DF107018020AB
:10D90000FFF784FE9DF80700A0F15100B0FA80F007
:10D910004009D3E771A4002010B582B002A980238A
:10D9200001F8033D244B332200201A701424FFF722
:10D9300007FF06E0032B0DD0013CA4B202F004FD6A
:10D94000BCB10DF10700FFF703FE9DF80730012081
:10D95000002BEFD102A9102301F8053D0020FFF7AD
:10D96000EFFE0DF10700FFF7F3FD9DF80730102BD8
:10D9700002D0002002B010BD02A9122301F8043D1C
:10D980000020FFF7DDFE0DF10700FFF7E1FD9DF838
:10D990000730122BEDD102A9002001F8020DFFF78C
:10D9A000CFFE0DF10700FFF7D3FD9DF80700B0FA99
:10D9B00080F04009DEE700BF71A4002010B582B0FE
:10D9C00002A9802301F8033D294B342200201A705C
:10D9D0001424FFF7B5FE06E0032B0DD0013CA4B2E2
:10D9E00002F0B2FCBCB10DF10700FFF7B1FD9DF8EC
:10D9F00007300120002BEFD102A9082301F8053DD3
:10DA00000020FFF79DFE0DF10700FFF7A1FD9DF837
:10DA10000730082B02D0002002B010BD02A910234D
:10DA200001F8043D0020FFF78BFE0DF10700FFF722
:10DA30008FFD9DF80730102BEDD102A9002001F8D1
:10DA4000020DFFF77DFE0DF10700FFF781FD9DF848
:10DA50000730002BDFD10DF107011F20FFF7D6FDA6
:10DA60009DF80700A0F10300B0FA80F04009D3E769
:10DA700071A4002010B582B002A9802301F8033DF3
:10DA8000294B372200201A701424FFF759FE06E0B4
:10DA9000032B0DD0013CA4B202F056FCBCB10DF139
:10DAA0000700FFF755FD9DF807300120002BEFD14F
:10DAB00002A9082301F8053D0020FFF741FE0DF102
:10DAC0000700FFF745FD9DF80730082B02D0002026
:10DAD00002B010BD02A9102301F8043D0020FFF799
:10DAE0002FFE0DF10700FFF733FD9DF80730102BD7
:10DAF000EDD102A9002001F8020DFFF721FE0DF182
:10DB00000700FFF725FD9DF80730002BDFD10DF151
:10DB100007013920FFF77AFD9DF80700A0F1040006
:10DB2000B0FA80F04009D3E771A400202DE9F0415C
:10DB3000394F3A4C84B04FF40C7002F005FC386851
:10DB4000F6F732FE2078012105F0E8FE2078012169
:10DB500005F068FF324B0293002401238DF80D304D
:10DB60008DF80C4002AE386896E80600F6F768FEBD
:10DB7000FFF724FF58B32B4D402028704FF00208C8
:10DB800000E028788DF8078004EB00201E300DF1AE
:10DB9000070180B2FFF7D4FD28788DF8088004EBE8
:10DBA00000201F3004F5807480B23146A4B2FFF724
:10DBB000C7FDB4F5006FE4D13868F6F7A5FE1A4B3F
:10DBC000012018700446204604B0BDE8F081FFF73C
:10DBD00051FF18B1134B10221A70EDE7FFF79CFEAE
:10DBE00018B9FFF73DFE044680B104A955240D4B3A
:10DBF00001F80B4D04221B201A70FFF7A1FD04A9A8
:10DC00001A2001F80A4DFFF79BFDD5E7074B38684E
:10DC10001C70F6F779FED6E71C6200202062002017
:10DC2000809FD50070A4002072A4002071A4002061
:10DC3000034B1B780BB101207047FFF777BF00BF84
:10DC400072A4002030B5314B1B7883B033B3304B16
:10DC50001B78323B052B56D8DFE803F0030326552B
:10DC600055432C4B0093012200232B4D8DF80520AA
:10DC70008DF804306C46286894E80600F6F7E0FD5D
:10DC800021463C20FFF7C2FC9DF800402868F6F7CB
:10DC90003BFEE20722D5012003B030BDFFF746FF6F
:10DCA0000028D4D103B030BD1A4B00931A4D002385
:10DCB00001228DF804306C468DF8052094E80600AA
:10DCC0002868F6F7BDFD21463520FFF79FFC9DF83B
:10DCD00000402868F6F718FEA306DCD4022003B043
:10DCE00030BD0C4B0093012200230B4D8DF8052015
:10DCF0008DF804306C46286894E80600F6F7A0FD1D
:10DD000021462E20BEE70020C6E700BF72A40020F7
:10DD100071A40020809FD5001C6200202DE9F043F3
:10DD2000664B1B78A3F13205012D83B004460F46E4
:10DD3000164659D9624D342B5FFA80F94FF0000135
:10DD400028782BD005F06EFEFF2C7CD8002204230F
:10DD50008DF801908DF800208DF80230DFF8648195
:10DD6000052ED8F8000000F283805EB100231A4629
:10DD700002A90A44591CFB5C02F8053CCBB2B34231
:10DD80001A46F5DBF21C6946F6F706FE28780121F3
:10DD900005F048FE304603B0BDE8F083DFF824818B
:10DDA00005F040FE330A241263F07F03D8F8000028
:10DDB0008DF80040042269468DF801908DF80360CB
:10DDC0008DF80230F6F7E8FD002EDFD006F1FF39BE
:10DDD00017FA89F9013F17F8011FD8F80000F6F784
:10DDE0000FFEB945F7D1D1E7002AD3D000EB0209E5
:10DDF000334DDFF8D0804F1E1FFA89F900212878B3
:10DE000005F010FEF021D8F80000F6F7F9FD210A20
:10DE1000D8F80000F6F7F4FDE1B2D8F80000F6F704
:10DE2000EFFD013417F8011FD8F80000F6F7E8FD00
:10DE3000A4B20121287805F0F5FD4C45DED130462D
:10DE400003B0BDE8F083230424D4E31023F01F03C0
:10DE5000DFF870808DF8019043F00C030022052E4E
:10DE60008DF802308DF80020D8F800007FF67DAFE5
:10DE700003226946F6F790FD06F1FF3917FA89F992
:10DE8000013F17F8011FD8F80000F6F7B9FDB945B2
:10DE9000F7D17BE744F3871323F01F03B4F5404F1A
:10DEA0004FEA142234BF43F0140343F01C038DF8EF
:10DEB00002308DF800208DF801904FE771A400200A
:10DEC000206200201C6200202DE9F043554B1B7896
:10DED000A3F13205012D83B004460E46904628D9A1
:10DEE000514F342BC5B238785DD0002105F09AFD32
:10DEF000FF2C49D800238DF805508DF804308DF89B
:10DF000006304A4C0322206801A9F6F745FD424637
:10DF10000021304606F067FE314620684246F6F79B
:10DF20003BFD3878012105F07DFD404603B0BDE89A
:10DF3000F083002AF9D000EB02093B4F3B4D4E1E07
:10DF40001FFA89F90021387805F06CFD0F21286847
:10DF5000F6F756FD210A2868F6F752FDE1B2286867
:10DF6000F6F74EFD00212868F6F74AFD06F8010F86
:10DF70000134A4B20121387805F054FD4C45E1D1BB
:10DF8000404603B0BDE8F083230436D4E31023F009
:10DF90001F0343F0080300228DF806308DF805506A
:10DFA0008DF80420ADE7DFF88490002105F03AFDFC
:10DFB0000422C8F306230DEB0201D9F800008DF806
:10DFC000063024128DF804408DF805508DF8078036
:10DFD000F6F7E2FC42460021304606F004FE4246D7
:10DFE0003146D9F80000F6F7D7FC3878012105F062
:10DFF00019FD404603B0BDE8F08344F3871323F0D6
:10E000001F03B4F5404F4FEA142234BF43F010030E
:10E0100043F018038DF806308DF804208DF8055074
:10E020006FE700BF71A40020206200201C62002066
:10E0300030B50E4D83B002AA2B7802F8021D0402FF
:10E0400004EB0320013080B21146FFF779FB2878FA
:10E0500004EB0020013080B20DF10701FFF7D6FA82
:10E060009DF80730002BF2D103B030BD70A4002022
:10E0700000B583B0002300931A461946024801F008
:10E080004DF803B05DF804FB68A4002010B5103112
:10E09000044601F05DF8204610BD00BF10B51431F4
:10E0A000044601F055F8204610BD00BF10B51831E8
:10E0B000044601F04DF8204610BD00BF10B52031D8
:10E0C000044601F045F8204610BD00BF00B583B0FE
:10E0D000002300931A461946024801F01FF803B0C6
:10E0E0005DF804FB74A400202DE9F0418EB00546D4
:10E0F0000E4617460021202206A806F074FDFF23D5
:10E100001A461946009302A801F008F805F14804E0
:10E11000704A039B04922046432204A90593FEF70C
:10E1200091F8013002D10EB0BDE8F0816B68DFF8E4
:10E13000B8E18DF82170A8464FF0800C1BBA3F0A59
:10E140001C2206A92046CDF818E0ADF822C08DF8B3
:10E1500020700793FEF786F858F8080F06900027FE
:10E16000B8F80430ADF81C30102206A92046CDF8CE
:10E170002270CDF81E70CDF82670CDF82A70CDF83B
:10E180002E70CDF83270ADF83670FEF76BF8394668
:10E19000202206A806F027FD0627202206A92046F1
:10E1A000FEF760F8013FF8D14B4B4C4918689B884B
:10E1B000ADF82E3040F235123D230691ADF81C200B
:10E1C000072101228DF81F30D8F80030CDF82A0041
:10E1D0008DF82010B8F804008DF8212040F60C418D
:10E1E0003022CDF82230EB7AADF828108DF81E6081
:10E1F000ADF826008DF830200DF1310103F00F024B
:10E20000092A94BF303237321B0901F80129002B4B
:10E21000F4D130222B7B8DF832200DF1330103F045
:10E220000F02092A94BF303237321B0901F8012945
:10E23000002BF4D130226B7B8DF834200DF13501A9
:10E2400003F00F02092A94BF303237321B0901F85C
:10E250000129002BF4D11E2206A92046FEF702F860
:10E26000032E11D01E4B069306A9FF2309221D4D34
:10E270008DF8203020460795FDF7F4FF2046FDF786
:10E28000EBFF0EB0BDE8F081297C6B7C8DF81A1095
:10E2900040F23242E97CADF81820AA7CA87F8DF8C4
:10E2A0001B308DF81C2040F236432A7F8DF81D105C
:10E2B000697FADF81E308DF82020EB7F8DF821109E
:10E2C0008DF822000C2206A920468DF82330FDF798
:10E2D000C9FFC7E76CD5050078D405006382536396
:10E2E00037060103060F3A3B010106002DE9F04312
:10E2F00091B007460E46904600F1480402F018F827
:10E30000054608E002F014F8401BB0424FF032001E
:10E310001BD802F019F82046FEF786F80028F1DD38
:10E32000242207A92046FDF7C7FF9DF81C30022BC9
:10E3300003D1B7F86430432B0CD000252046FDF7FD
:10E3400057FF284611B0BDE8F083FF25284611B0DD
:10E35000BDE8F083089E36BAC8F80060062207F1CF
:10E3600008010EA806F00CFC0546002849D13B68C0
:10E370009E4246D37B689E4243D80B9B3B6101463D
:10E38000CC222046FDF798FF07F124062046FDF732
:10E390002DFF0028D2DD2046FDF772FF33285DD027
:10E3A00034DD3A2867D04ADC352800F08F803628E3
:10E3B00040F083802046FDF763FF07F11C084146CB
:10E3C000814601A800F0C4FE002103A800F0BAFEB7
:10E3D000029A049B9A4200F08580414605A800F00D
:10E3E000B7FE3A6E069B9A427CD05FFA89F2002112
:10E3F0002046FDF761FF2046FDF7F8FE0028CADC45
:10E400009CE72046FDF7F4FE00259AE7012847D057
:10E4100050DD03283CD006284FD12046FDF730FFC1
:10E420000422804607F120012046FDF745FF5FFAF0
:10E4300088F2043A00212046FDF73EFFA6E73B287C
:10E440004CD12046FDF71CFF042207F12C01204689
:10E45000FDF732FFFB6A1BBAFB6297E72046FDF728
:10E460000FFF042231462046FDF726FF7B6A1BBAC8
:10E470007B623B638AE72046FDF702FF042207F137
:10E4800028012046FDF718FFBB6A1BBABB627DE777
:10E490002046FDF7F5FE0422804607F11801C3E788
:10E4A0002046FDF7EDFE042207F114012046FDF79A
:10E4B00003FF6BE700283FF469AF2046FDF7E0FE5D
:10E4C0000021C2B22046FDF7F7FE5FE72046FDF7C8
:10E4D000D7FE2046FDF7D4FEC5B257E7FF283FF42C
:10E4E00055AFEAE7414604222046FDF7E5FE4DE739
:10E4F0002DE9F04F4FF4FA6183B00446012001F09A
:10E5000027FE2646606046F8480B3046FDF772FE4F
:10E5100030464421FDF77CFE20B90546284603B06D
:10E52000BDE8F08F01F004FFDFF8148107464FF0DB
:10E5300000094FF4617A002594F84430032B0ED083
:10E54000002B3AD0042B4AD0012B5AD0022B13D0E7
:10E550008DBB01F0EDFEA36BC01B9842EBD930469A
:10E56000FDF748FE63680133636001F0E1FE20645B
:10E57000284603B0BDE8F08F01AAE16B2046FFF703
:10E58000B5FE0528834602D0062842D144E0616AE0
:10E59000032384F8443019B9C4F824A04FF46171FE
:10E5A000A26A0AB94A08A262E36A13B9A1EBD103CD
:10E5B000E362C4E90C230125BEE7636801336360AD
:10E5C00001F0B6FEC21BA8FB0232C2F38F1201217A
:10E5D0002046FFF789FD012384F84430B8E76368DB
:10E5E0000133636001F0A4FEC21BA8FB0232C2F338
:10E5F0008F1203212046FFF777FD022384F8443071
:10E60000A6E701AAE16B2046FFF770FE02288346C9
:10E6100005D0BBF1FF0F9BD184F8449098E7019B94
:10E62000636001F085FEC21BA8FB0232C2F38F12A9
:10E6300003212046FFF758FD84F844B088E700BF67
:10E64000D34D621038B5044601F072FE236CC31A34
:10E65000B3F57A7F06D2216B00293BD00020636B93
:10E660008BB338BD264A216BA2FB035292094FF4AB
:10E670007A7505FB12335500C01AA942206419D2DD
:10E68000636B00219D42216322D9616394F8443079
:10E69000032B2DD00020002BE3D1002384F844303D
:10E6A000236120466361A361E3612362FFF720FFDA
:10E6B000033038BD606B891A8542216313D900206D
:10E6C00060630029E2D094F84430032BE3D1E4E7FF
:10E6D0009A1A626394F84430032B09D0606B0028C7
:10E6E000D9D0002038BD821A62630029B6D1F1E783
:10E6F000042384F844302046FFF7FAFE0130AEE7E9
:10E70000D34D62102DE9F04F0025C0E90955826311
:10E7100085608581C363C562056145618561C561A9
:10E7200005620B6883608B88838183B004464FF455
:10E73000FA6180F84450012001F00AFD274660602C
:10E7400047F8480B3846FDF755FD38464421FDF79C
:10E750005FFD20B90646304603B0BDE8F08F01F0FA
:10E76000E7FDDFF8189180464FF4617A002694F8AF
:10E770004430032B0FD0002B3BD0042B4CD0012B6B
:10E780005DD0022B14D096BB01F0D2FDA36BA0EBA1
:10E7900008009842EAD93846FDF72CFD636801333A
:10E7A000636001F0C5FD2064304603B0BDE8F08F22
:10E7B00001AAE16B2046FFF799FD0528834602D0A8
:10E7C000062844D146E0616A032384F8443019B92D
:10E7D000C4F824A04FF46171A26A0AB94A08A2627F
:10E7E000E36A13B9A1EBD103E362C4E90C23012668
:10E7F000BDE763680133636001F09AFDA0EB080296
:10E80000A9FB0232C2F38F1201212046FFF76CFCF4
:10E81000012384F84430B6E763680133636001F094
:10E8200087FDA0EB0802A9FB0232C2F38F1203217D
:10E830002046FFF759FC022384F84430A3E701AADD
:10E84000E16B2046FFF752FD0228834605D0BBF15D
:10E85000FF0F98D184F8445095E7019B636001F065
:10E8600067FDA0EB0802A9FB0232C2F38F1203215D
:10E870002046FFF739FC84F844B084E7D34D62109A
:10E880004B68436000230381704700BF00B583B02D
:10E89000002300931A461946024800F03FFC03B0DB
:10E8A0005DF804FB7CA400202DE9F04782B004460B
:10E8B0000E4601F03DFD04F10C070DF10808208122
:10E8C00004F1080102223846FDF7CCFC012328F8A8
:10E8D000023D022241463846FDF7C4FC4FF48073E6
:10E8E000414602223846ADF80630FDF7BBFC002356
:10E8F000414602223846ADF80630FDF7B3FC4146EA
:10E9000002223846FDF7AEFC414638460222FDF7AA
:10E91000A9FC33780DF105091BB313B32E2B45D099
:10E92000334602E02E2A38D02B465A785D1C002A46
:10E93000F8D1A5EB060ABAF1000F12DD9C1C0122EA
:10E94000494638468DF805A0FDF78CFC3146524605
:10E950003846FDF787FC2B78264613B13378002B19
:10E96000DCD100234946012238468DF805304FF4AA
:10E970008074FDF777FC414602223846ADF8064028
:10E98000FDF770FC414638460222ADF80640FDF71F
:10E9900069FC012002B0BDE8F087A5EB060ABAF1D8
:10E9A000000F03F10204CADC2646D7E70136D5E79B
:10E9B0002DE9F04786B007460E46904600F10C045C
:10E9C00001F0B6FC054608E001F0B2FC401BB04285
:10E9D0004FF0320012D801F0B7FC2046FDF724FDBD
:10E9E0000028F1DD7A6A7B689A4202D13B8D352B93
:10E9F00009D04FF6FE7006B0BDE8F0874FF6FF7005
:10EA000006B0BDE8F0872046FDF7F0FB0B2840F389
:10EA1000A5800C220DEB02012046FDF74DFCBDF850
:10EA20000E203889BDF80C10130A43EA02231BB2EA
:10EA30009AB28842ADF8062071D1002B6FDA40F20D
:10EA40000F252A4040F09980BDF812301F0A47EA8E
:10EA50000327BFB2002F00F09680BDF81030002BC6
:10EA600000F0978015460DF10A0601223146204636
:10EA7000FDF722FC9DF80A20002A5ED10422002125
:10EA80002046FDF719FCBDF8103001355BBAADB278
:10EA90009BB2AB42E9D84FF00009CA4601220DF102
:10EAA00005012046FDF708FC9DF8052012F0C00185
:10EAB0003BD1002A4AD1022202A92046FDF7FCFBE5
:10EAC000022231462046FDF7F7FB042200212046B2
:10EAD000FDF7F2FB02220DF106012046FDF7ECFBEB
:10EAE000BDF80830B3F5807F05D1BDF80A0040BA03
:10EAF00085B2012D35D0BDF8062009F1010952BAC1
:10EB0000002192B220461FFA89F9FDF7D5FB4F4547
:10EB1000C4D12046FDF76CFB4FF6F6706BE720463C
:10EB2000FDF766FB4FF6FC7065E7012200212046E9
:10EB3000FDF7C2FB8DF805A0BDE700212046FDF7DB
:10EB4000BBFB9DF80A30002B8FD197E72046FDF7DD
:10EB5000B3FB9DF80530002BA0D1ACE74FF6FD705C
:10EB600049E7BDF8062052BA92B2042A14D02046D2
:10EB7000FDF73EFB4FF6F7703DE72046FDF738FB0B
:10EB80004FF6FB7037E72046FDF732FB4FF6FA7081
:10EB900031E70DF10A067EE708F104012046FDF792
:10EBA0008BFB284627E700BF2DE9F0434FF0000C10
:10EBB00083B001F1FF3E66461EF8017F06EB860436
:10EBC000A7F1300505EB440402EB0C09EDB20CF1A2
:10EBD000010857B3092D1DD8A6B2FF2EECD92B4C36
:10EBE00045686468A5424DD01F46904606460C46CF
:10EBF00001F09EFB06F10C0500F00F0101F58061AC
:10EC00002846FDF705FB012818D00024204603B054
:10EC1000BDE8F0832E2FE2D1BCF1030FDFD089F8DD
:10EC200004605FFA88FC0026C6E7BCF1030FD6D16A
:10EC300001242046D67103B0BDE8F083144A7368FE
:10EC400000926946352228460193FDF7FBFA38B950
:10EC500000242846FDF7CEFA204603B0BDE8F08335
:10EC600021463046FFF720FE0028F1D02846FDF768
:10EC7000F3FA0028ECD0424639463046FFF798FEBA
:10EC80000446E6E76FF00104C0E700BF7CA4002063
:10EC90006CD50500704700BF203000F02FBB00BFCF
:10ECA000203000F019BB00BF203000F031BB00BFA6
:10ECB00038B5437F0BB9002038BD00F50A742046F3
:10ECC0000D4600F02FFB0028F5D12046294600F024
:10ECD000EBFA012038BD00BF2DE9F0475AB30646D4
:10ECE000DFF8588033681B684D1E434517464FF0C8
:10ECF000000400F50A7915F801AF16D1737F13B936
:10ED00002046BDE8F087484600F00CFB0028F7D10C
:10ED10005146484600F0C8FA0134A742F0D03368A3
:10ED200015F801AF1B684345E8D051463046984777
:10ED30000028F1D1E4E71446E2E700BFB1EC04009B
:10ED40000AB910467047F8B5054600F12007384665
:10ED500014460E4600F0BAFA2B69C3F888652A6992
:10ED6000012313622A69C2F834752A69C2F838454A
:10ED70002A6913602B6902E0D3F824211AB9D3F869
:10ED80004C21002AF8D00022C3F84C212B6902E064
:10ED9000D3F824211AB9D3F85C21002AF8D0002234
:10EDA000C3F85C212B6901225A612A69D2F8043127
:10EDB000002BFBD00021C2F804112B69D3F82421C9
:10EDC00012B1C3F824112B69D3F83C05C5F8200211
:10EDD000C0B2F8BD10B5044600F50A7084F83014CE
:10EDE00000F074FA0123637710BD00BFF8B5044644
:10EDF000026990F8300400236377C2F8880522691D
:10EE0000C2F80431236901271F62236904F50A76D9
:10EE1000C3F8446530460D4600F070FA2369C3F824
:10EE2000480523699F60236902E0D3F824211AB9B9
:10EE3000D3F85021002AF8D00022C3F850213046E0
:10EE400000F05CFA236940BB0022C3F8602123690B
:10EE500015B9D3F824212AB301225A612269D2F8C4
:10EE60000431002BFBD00023C2F804312369D3F80E
:10EE7000240168B10022C3F824212369D3F8C40413
:10EE8000C3F8C404022803D0042814BF04200320BC
:10EE9000F8BDD3F82421002AD6D1D3F86021002A66
:10EEA000F7D0D1E70122DA612269D2F84831002B8C
:10EEB000FBD00023C2F84831D8E700BF70B52A4C18
:10EEC0006369D3F86421002A3BD1D3F86821EAB9F9
:10EED000D3F804216AB1227F0021C3F8041142B1A2
:10EEE000D4F83824D3F83C05C4F820020AB190477E
:10EEF0006369D3F8242142B10022C3F82421D3F856
:10EF0000D024C3F8D02401225A6170BD0022C3F876
:10EF10006821164822770123637700F0D7F9D4F8E7
:10EF2000343403B1984763691048C3F8440500239B
:10EF3000637700F0E3F963690122C3F848055A6377
:10EF4000C6E7002204F12006C3F8642101253046FB
:10EF5000257700F0BBF963694FF40072C3F834659C
:10EF6000C3F838251D63B0E784A40020ACA60020B8
:10EF700070B52A4C6369D3F86421002A3BD1D3F8D9
:10EF80006821EAB9D3F804216AB1227F0021C3F8CD
:10EF9000041142B1D4F83824D3F83C05C4F8200257
:10EFA0000AB190476369D3F8242142B10022C3F823
:10EFB0002421D3F8D024C3F8D02401225A6170BD93
:10EFC0000022C3F86821164822770123637700F0F6
:10EFD0007DF9D4F8343403B1984763691048C3F815
:10EFE00044050023637700F089F963690122C3F8BF
:10EFF00048055A63C6E7002204F12006C3F86421DD
:10F0000001253046257700F061F963694FF40072FD
:10F01000C3F83465C3F838251D63B0E7C0A80020E5
:10F02000E8AA00202DE9F8431A4DDFF878901A4C31
:10F030001A4F284600264FF47A7840F8209BC5E9FD
:10F04000016800F025F905F50A7000F021F90323A5
:10F050002B767B6B6B76C4E901682046104BBA6B4C
:10F0600040F8209BAA76C5E904336E7700F010F9CA
:10F0700004F50A7000F00CF9D7E9181204204FF0DB
:10F080004023667720766176A276C4E90433BDE832
:10F09000F88300BF84A40020C0A80020A4D40500E9
:10F0A0000030004088D4050008B50121232004F079
:10F0B00035FC232004F0F4FC2420012104F02EFC74
:10F0C0002420BDE8084004F0EBBC00BF2DE9F84364
:10F0D00080460F46051D00F10709002615F8011BA3
:10F0E0000A22384600F070F82E210446384600F017
:10F0F00067F84D4520440644F0D198F8071038468B
:10F100000A2200F061F83044BDE8F883024A026048
:10F1100000224260704700BF6CD5050010B4002487
:10F1200061F3070462F30F249DF80410044A63F3AB
:10F13000174461F31F64C0E900245DF8044B704775
:10F140006CD50500014AC0E9002170476CD5050067
:10F15000024A02600A684260704700BF6CD5050031
:10F16000F0B400260139344611F8015F04EB840342
:10F17000A5F1300202EB430300EB060CD2B2771C80
:10F1800085B1092A05D89CB2FF2CEDD90020F0BC2E
:10F1900070472E2DFAD1032EF8D08CF80440FEB221
:10F1A0000024E1E7032E02D02846F0BC7047C4716A
:10F1B000F0BC0120704700BF0B684360704700BF80
:10F1C00003681B68184700BFF0B506688BB01AB912
:10F1D000336898470BB0F0BD0AAF0B46D2B200219E
:10F1E000022A07F8041D05462CBF14460A241846B7
:10F1F000B0FBF4F204FB1201CBB2092903F1300198
:10F200008ABF3733CBB2DBB2104607F8013D002A84
:10F21000EED1384606F023FC73680246394628468C
:10F2200098470BB0F0BD00BF036870B505460C46AB
:10F230005E6849B1084606F012FC2146024628469F
:10F24000B0472B685E680446284602220149B04751
:10F25000204470BD70D505000EB430B5C2B045A9CC
:10F26000054651F8042B01910B4602A84FF480711A
:10F2700006F06AFC2B68044602A95B682846224611
:10F280009847204642B0BDE8304003B0704700BF09
:10F2900008B54FF40072002105F0A5FC0022C0F86B
:10F2A0000022C0F8042208BDD0F8002210B4531C7C
:10F2B000D0F80442C3F308039C4218BF81545DF8A0
:10F2C000044B18BFC0F80032704700BF0023C0F8DD
:10F2D0000032C0F804327047D0F80432D0F800226F
:10F2E000934207D05A1CC35CC2F30802C0F8042240
:10F2F000184670474FF0FF30704700BFD0F800321B
:10F30000D0F80402181A48BF00F50070704700BF1B
:10F31000D0F80432D0F80022934214BFC05C4FF002
:10F32000FF307047D0F80032D0F804020133C3F345
:10F330000803181AB0FA80F040097047114B124ABE
:10F340001968BFF35B8F4968BFF35B8F914200D0B0
:10F3500070470E4AD2F80015C9070FD530B40C4CCF
:10F36000012500204FF0FF312560C2F8000530BCB8
:10F37000C2F860151868044904F002BC1868024914
:10F3800004F0FEBBFCAC0020546F6E650020024010
:10F39000042002402F2901D90020704770B5434E48
:10F3A0003368BFF35B8F0C465B684149BFF35B8FEB
:10F3B0008B4288B0054606D0306804F09BFB10B93C
:10F3C000002008B070BD3268394BBFF35B8F5268C4
:10F3D000BFF35B8F9A4259D0364A374B52F82420FC
:10F3E000698AEC7DC3F860254FF0FF32C3F86425CD
:10F3F0000120C3F86825C3F86C250722C3F800056F
:10F40000C3F80C250022C3F80425C3F8081505F13C
:10F410001401C3F81025C3F80042C3F80023C3F851
:10F420002015C3F84015C3F82405C3F84405A9689E
:10F43000C3F828152149EE682C8AC3F84865C3F83B
:10F440002C25C3F84C25C3F814450A600B680193BA
:10F45000019B4A6004311A4B0968029102991A60B3
:10F460001968039103995A605968049104999A6044
:10F47000996805910599DA60D968069106991A612B
:10F4800010331B680793079B08B070BD0A4BD3F875
:10F490000025D207A0D50B4A0120106000214FF0B3
:10F4A000FF32C3F80015C3F8602595E7FCAC0020D7
:10F4B000546F6E65A4D40500002002400421024070
:10F4C0000C210240042002402DE9F843A1F114046C
:10F4D00046F294139C4215D8144606460D469AB936
:10F4E0004FF000084FF00009634C64492368BFF3F4
:10F4F0005B8F5B68BFF35B8F8B421CD0206804F08E
:10F50000F9FAC0B9BDE8F883B2F57A7F09D202FBF7
:10F5100001F3B3F57A7F04D24FF001084FF00009F0
:10F52000E2E74FF47A720023A4FB050105F092F89C
:10F5300080468946D8E72268504BBFF35B8F5268FC
:10F54000BFF35B8F9A42DDD14D4BD3F80025D20734
:10F5500009D54C4A0120106000214FF0FF32C3F85A
:10F560000015C3F8602558EA09034749B1FBF5F1D6
:10F5700089B230D1454F464B7982C7E900896FF097
:10F580007F486FF07F4943EA5103C7E902894FF68C
:10F59000FF70BB82082204233882BA75FB7531469E
:10F5A0003A48FFF7F7FE0028ACD023683349BFF391
:10F5B0005B8F5B68BFF35B8F8B4204D0206804F0E5
:10F5C00099FA00289ED0BB7D03F1804303F50833F0
:10F5D00001221A6096E742464B4600205B084FEA3C
:10F5E000320252EA030500F10100F7D1252889DC37
:10F5F0002748264FB9F1000F40EA510008BFB8F183
:10F60000010FB882C7E9008979822CD0404649466B
:10F61000002349084FEA300050EA010203F10103D8
:10F62000F7D11C4A5B00A2FB03235B0801259D4028
:10F6300018F1FF3049F1FF312A46002305F00AF89E
:10F6400072B96A084FF00C0C6B1E9B1A0130013A1C
:10F650001021FB603882BA6087F816C0F9759EE702
:10F660004FF0080CF0E7C7E9022301210C22102318
:10F670003982BA75FB7592E7FCAC0020546F6E6559
:10F68000002002400420024048E8010000AD0020B4
:10F690000080FFFFABAAAAAA024A034B92681A6035
:10F6A000704700BF30620020FCAC002090F82304BB
:10F6B000704700BF38B590F91D34002B04460DDBB0
:10F6C0005A0920320121234803F01F0301FA03F3F2
:10F6D00040F82230BFF34F8FBFF36F8F23694FF491
:10F6E0008872C3F8082322690023C2F844312269D2
:10F6F000C2F858312269012353602269D36001E0C6
:10F7000003F016FE2369D3F85821002AF8D0D3F865
:10F710004421002AF4D00025C3F8005522694FF097
:10F72000FF33C2F80C352269C2F814352269C2F8D9
:10F730000835226904F11400C2F81035FFF7C6FD40
:10F74000D4F8240401F0F6FCC4F8245484F82354BB
:10F7500038BD00BF00E100E01430FFF7CFBD00BFAF
:10F760001430FFF7D5BD00BF1430FFF7B5BD00BFA3
:10F7700008B5D0F8240401F0D3FC002814BF4FF4DE
:10F780000070002008BD00BF90F8233403B9704713
:10F7900010B54FF0FF310446D0F8240401F014FBFB
:10F7A0000023D4F824041A461946BDE8104000F09E
:10F7B000C3BE00BF10B50368104A5B6882B09342B5
:10F7C0008DF8071013D104464FF0FF31D0F8240410
:10F7D00001F0FAFA22699DF8073084F81D320123FE
:10F7E000C2F8483522691846936002B010BD012264
:10F7F0000DF10701984702B010BD00BF01F80400E9
:10F800002DE9F0472AB317468846064600F21D2A1E
:10F8100000254FF001097C1BB4F5007F28BF4FF491
:10F8200000744FF0FF31D6F8240401F0CDFA08EB54
:10F8300005012246504605F0B2F93369C3F8484540
:10F8400033692544AF42C3F80890E4D82846BDE8A0
:10F85000F08715462846BDE8F08700BF70B50468FC
:10F860007D4A246A944240F0B68090F823240346EF
:10F87000002A40F0AF800D46016990F81F04C1F8DE
:10F880000C05196993F81E04C1F8140593F82214A5
:10F89000012900F0AF801969C1F86C25B5F5966FA4
:10F8A00045D9B5F5166F40F29B80B5F5965F40F2ED
:10F8B000AF80B5F5165F40F2AD80B5F5615F40F2FF
:10F8C000AB80B5F5964F40F2A980B5F5E14F40F217
:10F8D000A78047F61222954240F2A480B5F5164F54
:10F8E00040F2A3804DF6C022954240F2A180B5F5CA
:10F8F000614F40F2A080B5F5963F40F29F80B5F58C
:10F90000E13F40F2A080B5F5613F40F29980534A53
:10F91000954240F29E80B5F5E12F40F29780B5F513
:10F92000612F8CBF4FF080524FF0706201E04FF4B6
:10F930009E221969C1F824251A690821C2F8001508
:10F940001A6903F21D21C2F844151A690021C2F890
:10F9500020111A6903F50771C2F834151A690121DB
:10F96000C2F838151A6911601A694FF48870C2F824
:10F97000040393F91D24002A35DB5409603402F096
:10F980001F02374801FA02F240F8242093F91D249F
:10F99000002A28DB0244602182F8001393F91D2419
:10F9A000002A07DB2E4802F01F0401215209A14062
:10F9B00040F822100322002101201C4600F07AFDAD
:10F9C00000231A461946C4F8240400F0B5FD0123AB
:10F9D00084F8233470BD23460022BDE870401847E8
:10F9E0004FF41D22A5E71F4902F00F0211446022C7
:10F9F0000A76D3E71A6993F82004C2F810051A6949
:10FA000093F82104C2F808051A69C2F86C1545E795
:10FA1000154A8EE7154A8CE7154A8AE7154A88E7A2
:10FA2000154A86E74FF4000283E74FF41D0280E792
:10FA30004FF465027DE74FF46B027AE70F4A78E7EF
:10FA40004FF06C7275E74FF0EB7272E74FF0E862BF
:10FA50006FE74FF080626CE781FA040090D00300FA
:10FA600000E100E0FCEC00E000B0130000502700D3
:10FA700000F03A0000A04E0000C0750000903A016E
:10FA800090F82334002B5BD110B5036990F81F4424
:10FA9000C3F80C45036990F81E44C3F8144590F868
:10FAA0002234012B036900F0A080C3F86C25B1F566
:10FAB000966F46D9B1F5166F40F2A680B1F5965F04
:10FAC00040F2AC80B1F5165F40F2AA80B1F5615FFB
:10FAD00040F2A880B1F5964F40F2A680B1F5E14F13
:10FAE00040F2A48047F61223994240F2A180B1F57A
:10FAF000164F40F2A0804DF6C023994240F29E80FE
:10FB0000B1F5614F40F29D80B1F5963F40F29C8087
:10FB1000B1F5E13F40F29A80B1F5613F40F2998042
:10FB2000504B994240F29B80B1F5E12F40F2948016
:10FB3000B1F5612F8CBF4FF080534FF0706302E03E
:10FB400070474FF49E230269C2F8243503690822E6
:10FB5000C3F80025036900F21D22C3F84425036998
:10FB60000022C3F82021036900F50772C3F8342589
:10FB700003690122C3F8382503691A6003694FF449
:10FB80008871C3F8041390F91D34002B3FDB5C0926
:10FB9000603403F01F03344902FA03F341F82430C0
:10FBA00090F91D34002B32DB0B44602283F80023D4
:10FBB00090F91D34002B07DB2B4903F01F040122B1
:10FBC0005B09A24041F823200446032200210120C2
:10FBD00000F070FC00231A461946C4F8240400F013
:10FBE000ABFC012384F8233410BD90F82044C3F803
:10FBF0001045036990F82144C3F80845036942F0B1
:10FC00000102C3F86C2552E74FF41D239BE7174A06
:10FC100003F00F031A4460231376C9E7144B92E7ED
:10FC2000144B90E7144B8EE7144B8CE7144B8AE788
:10FC30004FF4000387E74FF41D0384E74FF4650397
:10FC400081E74FF46B037EE70E4B7CE74FF0EB73DD
:10FC500079E74FF06C7376E74FF0E86373E74FF0A6
:10FC6000806370E790D0030000E100E0FCEC00E06E
:10FC700000B013000050270000F03A0000A04E0032
:10FC800000C0750000903A0110B5114C2369D3F8FB
:10FC900010213AB10022C3F81021D3F83C2572B9E3
:10FCA00001221A60D3F8202102B910BD0021C3F847
:10FCB0002011D4F82404BDE8104000F0C7BE94F829
:10FCC0001C1204F11400FFF7EFFA2369E8E700BF04
:10FCD00018AD002010B5114C2369D3F810213AB1AA
:10FCE0000022C3F81021D3F83C2572B901221A6012
:10FCF000D3F8202102B910BD0021C3F82011D4F897
:10FD00002404BDE8104000F0A1BE94F81C1204F1D8
:10FD10001400FFF7C9FA2369E8E700BF40B10020EB
:10FD20002DE9F8431C4D1D4CDFF880901C4F2846F0
:10FD300000264FF47A7840F8149BC5E90168FFF774
:10FD4000A7FAC4E901682046164B2B610223FA6B1F
:10FD500085F81D3440F8149B3B6C85F81E2485F80B
:10FD60001F3485F82264C5F8246485F82364FFF7FE
:10FD70008FFAD7E913230C4884F822642821C4F8A9
:10FD8000246484F82364206184F81D1484F81E24FC
:10FD900084F81F34BDE8F88318AD002040B100207E
:10FDA000A4D4050000200040008002407CD505005E
:10FDB00008B50E4B1BB10E48D6F79AFA90B90D4B09
:10FDC0001BB10D48FFF79AFA48B90C4B1BB10C4810
:10FDD000FFF794FA00B908BDAFF3008008BDAFF398
:10FDE0000080F2E7AFF30080E9E700BF0000000009
:10FDF00094640020000000002CAD002000000000F2
:10FE000054B100202DE9F0477C4F3D6806460C4672
:10FE1000904675B12F2E09D828F48073032BC8F3B0
:10FE2000002224D0042B59D0022B3BD00020BDE867
:10FE3000F08729462022724804F0D5FE714A7249A3
:10FE4000724B0D604FF0FF30C2E9000040224D6060
:10FE5000C3F88020BFF34F8FBFF36F8F6021C3F8CB
:10FE6000802183F806131A6001233B60D2E74FF428
:10FE70000037674B634853F8265090F900102B0267
:10FE800003F47C5343F001038D4243EA07030CD093
:10FE900090F90160B54224D090F90270BD4222D1A0
:10FEA000022603E04FF44037E3E70026B10001F1FA
:10FEB000804101F5C0418555D1F81005504F524D94
:10FEC00047F8264020F0031020F47C500343012023
:10FED000AA55C1F81035B040BDE8F0874FF480371F
:10FEE000C7E70126E2E790F903C0654549D090F9DC
:10FEF00004E075455BD090F9058045456DD090F9DB
:10FF000006904D4577D090F907A0AA4501D1072664
:10FF1000CCE7013123D13F49D1F8101589071ED113
:10FF20000026B10001F1804101F5C0418555D1F8AD
:10FF30001005334F344D47F8264020F0031020F4CD
:10FF40007C500343C1F810350023C1F80031012073
:10FF5000304BAA55B040C3F80403BDE8F087013622
:10FF600006D12C49D1F81415890701D10126D8E70B
:10FF7000013708D12749D1F818158F0703D1022678
:10FF8000CFE7032692E7BCF1FF3F06D12149D1F824
:10FF90001C158E0701D10326C3E7BEF1FF3F08D130
:10FFA0001C49D1F82015890703D10426B9E7042696
:10FFB0007CE7B8F1FF3F06D11649D1F824158F0729
:10FFC00001D10526ADE7B9F1FF3F08D11149D1F8BC
:10FFD00028158E0703D10626A3E7052666E7BAF1A2
:10FFE000FF3F7FF423AF0B49D1F82C1589077FF42D
:10FFF0001DAF072695E7062658E700BF98B50020F5
:020000025000AC
:1000000070B5002090B5002068B5002000E100E048
:10001000A4D40500006000402F2825D8264A274B8D
:1000200052F8202093F900108A4238D093F9011039
:100030008A4236D093F902108A4234D093F90310E1
:100040008A4232D093F904108A4230D093F90510D5
:100050008A422ED093F906108A4206D093F90710EF
:10006000914208BF072101D07047062170B40120DA
:10007000134E144C144D8840C6F808038A00002023
:1000800002F1804244F82100FF2402F5C0425C5492
:100090006854C2F8100570BCC2F800017047002116
:1000A000E4E70121E2E70221E0E70321DEE70421A2
:1000B000DCE70521DAE700BFA4D4050090B50020F5
:1000C0000060004070B5002068B500202DE9F043C5
:1000D0001B4B1C4FD3F80463DFF86C80DFF86C9087
:1000E00085B000240123A200A34002F180453342E1
:1000F00005F5C0450FD0D5F8003163B1E3570133A2
:1001000006D052F808201AB114F809307BB990478C
:100110000023C5F800310134082CE3D1BFF34F8F21
:1001200000BF00BF00BF00BF05B0BDE8F08304AB57
:10013000002143F8041D0846009103F0D3F9E7E7D6
:100140000060004090B5002070B5002068B5002028
:1001500088420ADA38B50D1A044605F09DFB90FB7B
:10016000F5F101FB1500204438BD7047F8B50025B6
:100170000446C0E90055856091B108460E4605F079
:100180006EFC0746411C284600F028F950B1A368D0
:10019000C4E9000703B90370A760314605F057FCB6
:1001A0002046F8BD206808B100F002F90023236062
:1001B000C4E901332046F8BD70B504468C424FF0C7
:1001C0000000C4E90000A06001D00D680DB9204610
:1001D00070BD8E68711C00F001F950B1A368C4E9CC
:1001E000000603B90370A660294605F030FC2046DE
:1001F00070BD206808B100F0DBF800232360C4E97B
:100200000133204670BD00BF10B50446006800F001
:10021000CFF8204610BD00BF884270B5044609D013
:100220000D68006845B908B100F0C2F80023C4E9C0
:1002300001332360204670BD8E6810B163689E4212
:1002400009D9711C00F0CAF858B1A368C4E90006C6
:100250000BB903702068A660294605F0F8FB20461C
:1002600070BD20680028DFD1E0E700BFF8B5044684
:10027000056849B915B1284600F09AF800232360B3
:10028000C4E901332046F8BD08460E4605F0E7FBF9
:10029000074615B1636898420BD92846791C00F0CF
:1002A0009DF8054660B1A368C4E900070BB9037067
:1002B0002568A7603146284605F0C9FB2046F8BDF1
:1002C00020680028DAD000F073F8D7E770B504464C
:1002D00031B108460D4605F0C2FB58B9204670BD45
:1002E000206808B100F064F800232360C4E90133FA
:1002F000204670BDA2682368861813B161688E42DB
:100300000DD91846711C00F069F803460028E7D0A3
:10031000A268C4E9000612B902702368A2682946DF
:10032000981805F094FBA660D8E700BFFEE700BF71
:1003300008B501F077FA4FF47A72A0FB0223900A15
:1003400040EA835008BD00BF014638B54FF47A72C9
:1003500000238002890D04F07DF9054601F062FA60
:100360000446D5F7B5FF01F05DFA001B854200D8C1
:1003700038BD281ABDE8384001F078BB10B50446F6
:1003800001F0CEFD022804D02046BDE8104004F064
:1003900085BB01F03FFA204604F080FB044601F0E3
:1003A000DFFA0CB1204610BD02F0D4FFFAE700BF1F
:1003B00010B5044601F0B4FD02280AD144B101F0A1
:1003C00029FA204604F072FBBDE8104001F0C8BADB
:1003D00010BD2046BDE8104004F068BB38B50446A7
:1003E0000D4601F09DFD022805D029462046BDE8B6
:1003F000384005F085BA01F00DFA2046294605F08F
:100400007FFA044601F0ACFA0CB1204638BD02F088
:10041000A1FFFAE710B5044601F0FCF9204604F00C
:100420003DFB044601F09CFA0CB1204610BD02F0E1
:1004300091FF204610BD00BF50B110B5044601F039
:10044000E9F9204604F032FBBDE8104001F088BA1B
:10045000704700BF38B51C469DF8105043B30029C3
:1004600008BF1A460123C4E90F01226084F8463010
:1004700002F020F8D4E90F132268A26001FB03F117
:10048000CB1A134400200A44FF21A063E36084F8E0
:100490004410626084F8451004F1100003F0D6FBAC
:1004A00004F1240003F0D2FB02F00EF884F84C5063
:1004B000204638BDF8B5074615460E4669B100FB23
:1004C00001F05030FFF7A6FF044690B3002200F180
:1004D000500380F84620036007E05020FFF79AFFA2
:1004E000044630B384F846602460C4E90F7601F016
:1004F000E1FFD4E90F132268A26001FB03F1CB1ADC
:10050000134400200A44FF21A063E36084F84410F0
:10051000626084F8451004F1100003F097FB04F1C9
:10052000240003F093FB01F0CFFF84F84C502046E9
:10053000F8BD00242046F8BD2DE9F04F044685B0F3
:100540001D460192884601F0B5FFA26BE36BA84FF0
:100550004FF000099A424E46C0F08B80022D00F009
:1005600006810198002800F03081B9F1000F00F0F9
:10057000958001F0A9FF01F04DF901F09BFF94F87F
:100580004430FF2B08BF84F8446094F84530FF2BBB
:1005900008BF84F8456001F097FF01A902A801F0A7
:1005A00067FC002840F0188101F084FFA26BE36B28
:1005B0009A4277D001F088FF01F07CFF94F8453033
:1005C0004FFA83FABAF1000F1ADD636AC3B104F17E
:1005D000240907E00AF1FF33DBB24FFA83FA7BB15B
:1005E000636A6BB1484601F0E9FB0028F2D001F0E4
:1005F00077FC0AF1FF33DBB24FFA83FA002BEFD11D
:10060000FF2384F8453001F05FFF01F053FF94F8B9
:1006100044304FFA83FABAF1000F1ADD2369C3B1EF
:1006200004F1100907E00AF1FF33DBB24FFA83FA55
:100630007BB123696BB1484601F0C0FB0028F2D0C2
:1006400001F04EFC0AF1FF33DBB24FFA83FA002BC4
:10065000EFD1FF2384F8443001F036FF01F080F938
:1006600001F028FFA26BE36B9A424FF00109BFF43F
:1006700075AF226CA66B002A40F0FC80256801361D
:10068000002D00F01881A663636A002B40F08C8077
:1006900001F01AFF012005B0BDE8F08F02A801F0BB
:1006A000DBFB66E704F1100901F00EFF48460199F3
:1006B00001F008FB01F0FEFE94F845A04FFA8AFA1B
:1006C000BAF1000F1CDD636AD3B104F1240B08E01A
:1006D0000AF1FF3A5FFA8AF34FFA83FA83B1636A49
:1006E00073B1584601F06AFB0028F1D00AF1FF3AD5
:1006F00001F0F6FB5FFA8AF34FFA83FA002BEED192
:10070000FF2384F8453001F0DFFE01F0D3FE94F8BA
:1007100044304FFA83FABAF1000F06DC15E00AF113
:10072000FF33DBB24FFA83FA7BB123696BB14846E2
:1007300001F044FB0028F2D001F0D2FB0AF1FF33B4
:10074000DBB24FFA83FA002BEFD1FF2384F8443059
:1007500001F0BAFE01F004F9002881D14FF0805376
:100760007B6040BFBFF34F8FBFF36F8F78E7226C82
:10077000A66B002A82D04146E06804F010FA236C90
:10078000E26821685B421A448A42E26080F0898014
:1007900062681344E360022D00F083800136A66393
:1007A000636A002B3FF474AF04F1240001F006FBF0
:1007B00000283FF46DAF0E4B4FF080525A6040BF9F
:1007C000BFF34F8FBFF36F8F62E7009001F07CFEA5
:1007D000009805B0BDE8F08F01F06CFE94F845502C
:1007E0006DB2002D18DD636AB3B104F1240607E091
:1007F00000ED00E0013DEBB25DB26BB1636A5BB14D
:10080000304601F0DBFA0028F4D0013D01F068FB2E
:10081000EBB25DB2002BF1D1FF2384F8453001F03B
:1008200053FE01F047FE94F844506DB2002D16DDE2
:100830002369A3B104F1100605E0013DEBB25DB2FE
:100840006BB123695BB1304601F0B8FA0028F4D0EF
:10085000013D01F045FBEBB25DB2002BF1D1FF236E
:1008600084F8443001F030FE01F07AF8002005B041
:10087000BDE8F08F41465DBBA06804F090F9A36825
:10088000216C62680B44934206F10106A360FFF4F9
:10089000FAAEA663636A2268A260002B3FF4F8AE4A
:1008A00082E7002E7FF4EFAE0123A363636A002B7F
:1008B0003FF4EEAE78E7606801F084FBA663636AFC
:1008C0006560002B7FF470AF00287FF474AFDFE623
:1008D000E06804F064F9236CE26821685B421A4422
:1008E0008A42E260BFF457AF52E700BFF8B50C464A
:1008F00079B300250123216081F84630C1E90F3525
:10090000064601F0D7FDD4E90F322168A56303FB49
:1009100002F39A1A0A440B44FF27C4E90131E2604A
:1009200084F8447004F1100084F8457003F08EF9E7
:1009300004F1240003F08AF901F0C6FDC4E9005572
:10094000E56084F84C602B462A4629462046FFF78E
:10095000F3FD2046F8BD00BF2DE9F0418C4682B082
:1009600004461746EFF31186402282F31188806B0C
:10097000E26B904221D3022B05D0002086F3118830
:1009800002B0BDE8F08194F84550226CD4F838806C
:100990006DB252BB236808F10108002B4FD06B1CCD
:1009A000C4F8388037D001356DB284F84550012045
:1009B00086F3118802B0BDE8F08194F84550226CAE
:1009C000D4F838806DB2002AE4D073B9A06804F07E
:1009D000E6F8A368216C62680B44934208F10108B1
:1009E000A360DCD32368A360D9E76146E068019384
:1009F00004F0D5F8206CE2682168019B4042024473
:100A00008A42E26002D262681044E060022B10D099
:100A100008F10108C3E7636A002BC8D004F1240081
:100A200001F0CCF90028C2D0002FC0D001203860DE
:100A3000A4E7B8F1000F08BF4FF00108AFE7606806
:100A4000019301F0BFFA019B6360A8E738B5EFF3AB
:100A50001184402383F31188826BC36B93420ED9B8
:100A600090F8453001325BB282635A1C0BD00133DF
:100A70005BB280F84530012084F3118838BD002036
:100A800084F3118838BD436A002BF4D024300D461E
:100A900001F094F90028EED0002DECD00120286060
:100AA000EAE700BF2DE9F047044684B0884601928A
:100AB00001F000FDD4F83890B9F1000F40F09380B8
:100AC000019B002B00F00A8102A801F0C5F9B34F89
:100AD0004E4604F1240501F0F7FC00F09BFE01F006
:100AE000E9FC94F84430FF2B08BF84F8446094F884
:100AF0004530FF2B08BF84F8456001F0E5FC01A9F3
:100B000002A801F0B5F9002840F0878001F0D2FC7E
:100B1000A36B002B40F0E88001F0D6FC0199284639
:100B200001F0D0F801F0C6FC94F845304FFA83F993
:100B3000B9F1000F06DC15E009F1FF33DBB24FFA23
:100B400083F97BB1636A6BB1284601F037F900285D
:100B5000F2D001F0C5F909F1FF33DBB24FFA83F9A6
:100B6000002BEFD1FF2384F8453001F0ADFC01F0FC
:100B7000A1FC94F844304FFA83FABAF1000F1ADD61
:100B80002369C3B104F1100907E00AF1FF33DBB2B6
:100B90004FFA83FA7BB123696BB1484601F00EF935
:100BA0000028F2D001F09CF90AF1FF33DBB24FFAD2
:100BB00083FA002BEFD1FF2384F8443001F084FC4A
:100BC00000F0CEFE00287ED14FF080537B6040BF06
:100BD000BFF34F8FBFF36F8F01F06CFCD4F83890E8
:100BE000B9F1000F76D0226C52B1E168636811440C
:100BF0009942E16024BF2168E160404603F0CFFFE5
:100C000009F1FF33A3632369002B40F0C98001F091
:100C10005BFC012004B0BDE8F08701F04BFC94F8C8
:100C200045304FFA83F9B9F1000F06DC15E009F100
:100C3000FF33DBB24FFA83F97BB1636A6BB12846AD
:100C400001F0BCF80028F2D001F04AF909F1FF33B5
:100C5000DBB24FFA83F9002BEFD1FF2384F8453044
:100C600001F032FC01F026FC94F844304FFA83FA8C
:100C7000BAF1000F1ADD2369C3B104F1100907E0CE
:100C80000AF1FF33DBB24FFA83FA7BB123696BB110
:100C9000484601F093F80028F2D001F021F90AF15A
:100CA000FF33DBB24FFA83FA002BEFD1FF2384F836
:100CB000443001F009FC00F053FE01F0FBFBA36B94
:100CC00063B101F001FC01F0F5FBD4F83890B9F103
:100CD000000F88D1019B002B7FF4FDAE01F0F4FBE7
:100CE000002004B0BDE8F08701F0EEFB01F0E2FB6C
:100CF00094F845304FFA83F9B9F1000F06DC15E09E
:100D000009F1FF33DBB24FFA83F97BB1636A6BB150
:100D1000284601F053F80028F2D001F0E1F809F17B
:100D2000FF33DBB24FFA83F9002BEFD1FF2384F8B6
:100D3000453001F0C9FB01F0BDFB94F844304FFA97
:100D400083FABAF1000F1ADD2369C3B104F1100967
:100D500007E00AF1FF33DBB24FFA83FA7BB1236974
:100D60006BB1484601F02AF80028F2D001F0B8F83B
:100D70000AF1FF33DBB24FFA83FA002BEFD1FF23E6
:100D800084F8443001F0A0FB00F0EAFD01F092FB92
:100D9000D4F83890B9F1000F9CD024E700ED00E0C2
:100DA00004F1100001F00AF800283FF430AF054BC1
:100DB0004FF080525A6040BFBFF34F8FBFF36F8F29
:100DC00025E700BF00ED00E02DE9F043044685B0C3
:100DD0000026019101F06EFBA36BB24FB046354681
:100DE000002B40F0F380019B002B00F05D81B8F1F7
:100DF000000F00F0FC8001F067FB00F00BFD01F03C
:100E000059FB94F84430FF2B08BF84F8445094F801
:100E10004530FF2B08BF84F8455001F055FB01A970
:100E200002A801F025F800286CD101F043FBA36B68
:100E3000002B40F0E08001F047FB2368002B00F01E
:100E40003C8104F124094846019900F03BFF01F080
:100E500031FB94F845304FFA83F8B8F1000F06DC07
:100E600015E008F1FF33DBB24FFA83F87BB1636A18
:100E70006BB1484600F0A2FF0028F2D001F030F834
:100E800008F1FF33DBB24FFA83F8002BEFD1FF23D9
:100E900084F8453001F018FB01F00CFB94F8443065
:100EA0004FFA83F8B8F1000F1ADD2369C3B104F1DA
:100EB000100907E008F1FF33DBB24FFA83F87BB18A
:100EC00023696BB1484600F079FF0028F2D001F0A9
:100ED00007F808F1FF33DBB24FFA83F8002BEFD1AC
:100EE000FF2384F8443001F0EFFA00F039FD0028C8
:100EF00064D14FF080537B6040BFBFF34F8FBFF38F
:100F00006F8F5BE001F0D6FA94F845304FFA83F822
:100F1000B8F1000F1ADD636AC3B104F1240907E0D8
:100F200008F1FF33DBB24FFA83F87BB1636A6BB130
:100F3000484600F043FF0028F2D000F0D1FF08F14E
:100F4000FF33DBB24FFA83F8002BEFD1FF2384F895
:100F5000453001F0B9FA01F0ADFA94F844304FFA97
:100F600083F8B8F1000F1ADD2369C3B104F1100949
:100F700007E008F1FF33DBB24FFA83F87BB1236956
:100F80006BB1484600F01AFF0028F2D000F0A8FF2D
:100F900008F1FF33DBB24FFA83F8002BEFD1FF23C8
:100FA00084F8443001F090FA00F0DAFC01F082FAA3
:100FB000A36B002B00F08A8001F086FA01F07AFA28
:100FC000A36B4FF00108002B3FF40DAF2268013BEB
:100FD000A363002A00F09E802369002B40F08980E3
:100FE00001F072FA0126304605B0BDE8F08302A890
:100FF00000F032FFFFE601F067FA01F05BFA94F8C7
:1010000045304FFA83F8B8F1000F1ADD636AC3B1B7
:1010100004F1240907E008F1FF33DBB24FFA83F84B
:101020007BB1636A6BB1484600F0C8FE0028F2D07D
:1010300000F056FF08F1FF33DBB24FFA83F8002BC4
:10104000EFD1FF2384F8453001F03EFA01F032FA87
:1010500094F844304FFA83F8B8F1000F1ADD236991
:10106000C3B104F1100907E008F1FF33DBB24FFA16
:1010700083F87BB123696BB1484600F09FFE0028DE
:10108000F2D000F02DFF08F1FF33DBB24FFA83F806
:10109000002BEFD1FF2384F8443001F015FA00F063
:1010A0005FFC8BE700ED00E0009301F00DFA009B80
:1010B0001E46304605B0BDE8F08301F0FBF96068DC
:1010C00000F03EFF064601F0FFF9BAE601F0FCF938
:1010D000002E88D001F0EEF9616A19B1236B19680E
:1010E000C1F10501606800F099FF002601F0ECF9FC
:1010F00079E704F1100000F061FE00283FF470AFC2
:10110000064B4FF080525A6040BFBFF34F8FBFF382
:101110006F8F65E700F0B8FF60605DE700ED00E00D
:1011200010B5044601F0C6F9A46B01F0CDF92046D4
:1011300010BD00BF104B5A68904208D0DA68904248
:1011400008BF012204D090F8463093B170470022C6
:10115000002110B403EBC20443F8321090F846307B
:10116000616013B15DF8044B70475DF8044BFFF705
:1011700063B9FFF761B900BF3CC00020074B1A6894
:101180001AB19A6802B17047012210B403EBC2048D
:1011900043F8321060605DF8044B70473CC000209B
:1011A00070B505460C46164601F084F995F84430B2
:1011B000FF2B04BF002385F8443095F84530FF2B02
:1011C00004BF002385F8453001F07EF9AB6B2BB9E5
:1011D0003246214605F1240000F0B0FD01F06AF925
:1011E00095F8454064B2002C16DD6B6AA3B105F199
:1011F000240605E0013CE3B25CB26BB16B6A5BB103
:10120000304600F0DBFD0028F4D0013C00F068FE21
:10121000E3B25CB2002BF1D1FF2385F8453001F039
:1012200053F901F047F995F8444064B2002C16DDFB
:101230002B69A3B105F1100605E0013CE3B25CB2F5
:101240006BB12B695BB1304600F0B8FD0028F4D0DB
:10125000013C00F045FEE3B25CB2002BF1D1FF236C
:1012600085F84430BDE8704001F02EB92DE9F04119
:10127000044601F01FF9344A344D136801331360FA
:101280002B68002B2FD0324EE36A32682AB33148E4
:10129000314907680A689F4238BF03602F4801320E
:1012A00003EB83030A6000EB8300E263211D02F07D
:1012B000DDFC01F009F933686BB12A68E36AD26A90
:1012C0009A4208D2264B4FF080525A6040BFBFF37B
:1012D0004F8FBFF36F8FBDE8F0812A68D26A9A42C0
:1012E00098BF2C60D3E72C601368012B02D0E36A0F
:1012F000174ECCE71948DFF894801A4F144E02F0CD
:10130000A5FC194802F0A2FC184802F09FFC1848FE
:1013100002F09CFC174802F099FC404602F096FC53
:10132000384602F093FC144802F090FC134802F097
:101330008DFC134802F08AFC124B134AC2F800805D
:101340001F60E36AA3E700BF0CB600209CB5002035
:101350006CB6002020B600201CB60020A8B50020E6
:1013600000ED00E038B60020BCB50020D0B500206C
:10137000E4B50020F8B5002058B6002084B600205F
:1013800070B60020A4B50020A0B5002024B600202F
:101390002DE9F843DDE90964002C60D016B9304628
:1013A000BDE8F8830D469700984602233A4684F834
:1013B0005130814626633046A52103F014FC2A787B
:1013C000236B84F83420043F2A781F4427F0070752
:1013D00002B36B7884F835306B78DBB1AB7884F886
:1013E0003630AB78B3B1EB7884F83730EB788BB12B
:1013F0002B7984F838302B7963B16B7984F83930E4
:101400006B793BB1AB7984F83A30AB7913B1EB79B6
:1014100084F83B30089D042D28BF04250026E56292
:101420006564201D84F83B60A66402F01BFCC5F1D6
:10143000050504F1180002F015FCE6644246494631
:10144000A561246184F850606462384600F0F6FFBC
:1014500020602046FFF70AFF2046BDE8F8832046BB
:10146000BDE8F8832DE9F0479600804630460D46EA
:101470009946099FFEF7CEFF002869D08246542086
:10148000FEF7C8FF044600285BD00023C0F830A058
:101490003246504684F85130A52103F0A4FB2A7847
:1014A000236B84F83420043E2A781E4426F0070A71
:1014B00002B36B7884F835306B78DBB1AB7884F8A5
:1014C0003630AB78B3B1EB7884F83730EB788BB14A
:1014D0002B7984F838302B7963B16B7984F8393003
:1014E0006B793BB1AB7984F83A30AB7913B1EB79D6
:1014F00084F83B30089D042D28BF04250026E562B2
:101500006564201D84F83B60A66402F0ABFBC5F166
:10151000050504F1180002F0A5FBE664A56124614D
:1015200084F8506064624A464146504600F086FFA7
:10153000206007B13C602046FFF798FE0120BDE81F
:10154000F0875046FEF778FF4FF0FF30BDE8F08798
:101550004FF0FF30F3E700BF70B504464C4E00F08B
:10156000A9FF002C39D0251D284602F0A9FBA36A4B
:101570001BB104F1180002F0A3FB29464548464D73
:1015800002F074FB94F85030012B04BF002384F860
:10159000503000F099FF2B6893B93368A34200D014
:1015A00070BD2B68DBB93B493C4A0968126891421F
:1015B00026D03B4B1B682BB33A4B01221A6070BDFF
:1015C00000F078FF384B1A68126892B9374B4FF029
:1015D000FF321A6000F078FFDFE73468C3E7344B6E
:1015E0004FF080525A6040BFBFF34F8FBFF36F8FF1
:1015F00070BD1A682D4BD268D26852681A60E9E74C
:10160000336070BD274A13603268336812681B6B01
:101610009A4236D9274C28492268930098188000AE
:101620000858E0B9551EAB0058198000085830BB67
:10163000951EAB0058198000085800BBD51EAB00A2
:10164000581980000858D0B9151FAB0058198000F0
:101650000858A0B9053A9300981880000858134418
:101660009B00CD1808336868406868600B44984256
:1016700004BF40686860C3683360226070BD2A465A
:10168000EDE730683168343101F062FEC2E700BF37
:101690009CB5002070B600206CB600200CB600206F
:1016A00018B600209CB60020A0B5002050B600203F
:1016B00000ED00E020B60020A8B5002080B170B594
:1016C0001B4D2B6883420AD0044600F0F3FE194BF1
:1016D00062699A4205D0BDE8704000F0F5BE70BD69
:1016E0007047A36A144A9342F5D0002BF3D1261D0C
:1016F000304602F0E5FA114AE36A116810488B425D
:1017000088BF136003EB830300EB8300314602F0D4
:10171000ADFA2B68E26ADB6A9A42DCD3094B4FF0E0
:1017200080525A6040BFBFF34F8FBFF36F8FD2E735
:101730009CB5002070B6002058B6002020B60020CE
:10174000A8B5002000ED00E070B584B0002503AA24
:1017500002A901A8CDE9015501F0FEFD019C002C74
:1017600046D00298002843D0039E20630223B6008F
:10177000A521324684F8513003F035FA236B1F4A15
:101780006263201D84F83850043E84F83B50E562C3
:10179000C4E911551E4402F065FA04F1180002F084
:1017A00061FA26F007060523A3612A461449E56479
:1017B00030462461646284F8505000F03FFE20609F
:1017C0002046FFF753FD0F4B1C6000F0DBFD0128A6
:1017D00011D1402383F311880B490C4A0C4B4FF075
:1017E000FF340C6010601D6000F03EFE04B070BD60
:1017F000044B00221A6004B070BD00BF49444C4540
:10180000F11A05004CB6002050B600206CB600203E
:1018100098B60020024A136801331360704700BF76
:1018200018B60020014B1868704700BF98B600201A
:10183000024A136818441060704700BF98B6002031
:101840002DE9F04F3B4B1B6883B0002B42D13A4B44
:101850001F6801371F60002F4AD0384B01931B6867
:10186000BB423BD8364EDFF8EC80DFF8ECA0DFF867
:10187000EC90002525E03368DB68DC68636804F1E0
:10188000040B9F42584651D302F01AFAA36A04F19E
:1018900018000BB102F014FAE36AD8F8002003EB49
:1018A0008300934259460AEB800088BFC8F8003095
:1018B00002F0DCF9D9F80030E26ADB6A9A4228BF0C
:1018C000012533681B68002BD5D1019A4FF0FF33F7
:1018D000136004E01B4A13680133136000251A4BA0
:1018E0001B68002B0CBF2846012003B0BDE8F08F19
:1018F000134E164B3168164A186830601960136829
:101900000133136033681B683BB90C4B01931A46D3
:101910004FF0FF3313601346A1E73368074ADB68D3
:101920000192DB685B681360134698E7019A1360C5
:10193000D5E700BF18B6002098B6002050B60020AA
:10194000A0B5002014B600209CB60020A4B500204D
:1019500054B6002020B60020A8B500209CB5002079
:101960002DE9F04700F0A6FD354B1A68013A1A60E0
:101970001C68002C57D1334B1B68002B53D0DFF869
:10198000E0A0314E314FDFF8DC90DFF8DC803368C7
:1019900013B3F368DC68251D04F1180002F090F918
:1019A000284602F08DF9E36A3A6803EB830093421C
:1019B000294609EB800088BF3B6002F057F9D8F850
:1019C0000030E26ADB6A9A424FF00103DFD3CAF8C3
:1019D00000303368002BDCD13CB11D4B1A68126813
:1019E0003ABB1C4B4FF0FF321A601B4D2C6844B1C0
:1019F0000126FFF725FF08B1CAF80060013CF8D1C5
:101A00002C60DAF8003073B1144B4FF080525A60FA
:101A100040BFBFF34F8FBFF36F8F012400F054FD21
:101A20002046BDE8F087002400F04EFD2046BDE8CA
:101A3000F0871A68074BD268D26852681A60D4E7F8
:101A400018B600200CB6002058B6002020B60020A2
:101A5000A0B5002050B6002014B6002000ED00E034
:101A60009CB60020A8B500209CB5002070B548B9F0
:101A7000184B4FF080525A6040BFBFF34F8FBFF3F7
:101A80006F8F70BD144A15491368154E01331360EA
:101A90000D6804463068043002F012F933686419A6
:101AA0005C600FD20F4B18683168043102F0EEF819
:101AB0000D4B1A68944238BF1C60FFF751FF002895
:101AC000D6D070BD094B18683168043102F0DEF8D9
:101AD000F3E700BF00ED00E018B6002098B6002044
:101AE0009CB50020A0B5002050B60020A4B5002071
:101AF0002DE9F84F3C4E3D4D3D4CDFF80891DFF8A5
:101B00000881DFF808B14FF0805A2368D3B100F0A4
:101B1000D1FCF368DF68381D02F0D2F82B68013B76
:101B20002B602368013B236000F0CEFC97F8513016
:101B3000002B37D0012BE8D13846FEF77DFC236817
:101B4000002BE4D12B4B1B68012B06D9CBF804A04A
:101B500040BFBFF34F8FBFF36F8F00F041FED9F846
:101B6000003033BBD8F80030DB6A002BCDD1214BDD
:101B70001B68012BC9D8204B204A1B6812689B1A8E
:101B8000012BC2D91E4A136801331360D9F8003003
:101B9000BBB1D8F80030DB6A0BB9164B1B68FFF7F6
:101BA000DFFEB2E7386BFEF747FC3846FEF744FC31
:101BB000ABE7D8F80030DB6A002BA6D10D4B1B68D1
:101BC000A3E7D8F80030DB6A002BE8D1094B1B688B
:101BD000012BE4D8084B1868084B1B68C01A012871
:101BE000DDD900F0DDFCDAE784B600200CB6002079
:101BF00010B60020A8B5002050B6002098B60020EE
:101C000018B6002020B600209CB5002000ED00E0B2
:101C1000274B1B68002B40D1264A70B5264C136019
:101C20002268236812681B6B9A423AD9234D2449D3
:101C30002A689300981880000858E0B9561EB3002F
:101C400098198000085830BB961EB3009819800080
:101C5000085800BBD61EB300981980000858D0B9A8
:101C6000161FB300981980000858A0B9053A9300D0
:101C700098188000085813449B00CE1808337068E9
:101C8000406870600B44984204BF40687060C3684D
:101C900023602A6070BD3246EDE7064B01221A60D0
:101CA000704720682168343101F052FBBEE700BF65
:101CB00018B600209CB600209CB5002020B600205D
:101CC000A8B5002070B5174D2B680C4603F118011C
:101CD00001F0DCFF144B1E682868043001F0F0FFAF
:101CE000631C17D02B68A4195C600BD20F4B1868CB
:101CF0002968043101F0CAFF0D4B1A68944238BFBD
:101D00001C6070BD0B4B18682968BDE87040043139
:101D100001F0BCBF296808480431BDE8704001F0FB
:101D2000A5BF00BF9CB5002098B60020A0B500203C
:101D300050B60020A4B5002070B6002070B5194D33
:101D40002B680C46164603F1180101F08FFF164B65
:101D50005EB11B682868043001F0B2FF296813489F
:101D60000431BDE8704001F081BF1E68286804306E
:101D700001F0A6FF2B68A4195C600BD20C4B18680D
:101D80002968043101F082FF0A4B1A68944238BF77
:101D90001C6070BD084B18682968BDE870400431AC
:101DA00001F074BF9CB5002098B6002070B60020EA
:101DB000A0B5002050B60020A4B5002038B5C368F7
:101DC000DC6804F11805284601F07AFF1A4B1B68FD
:101DD0002BBB251D284601F073FF184AE36A1168E2
:101DE00017488B4288BF136003EB8303294600EB3F
:101DF000830001F03BFF134BE26A1B68DB6A9A42E7
:101E000082BF114B01201860104B1A68126898BFEE
:101E100000204AB90E4B4FF0FF321A6038BD2946F8
:101E20000C4801F023FFE6E71A68094BD268D26834
:101E300052681A6038BD00BF18B6002020B60020D6
:101E4000A8B500209CB500209CB60020A0B50020BD
:101E500050B6002058B60020034A044B12681B6895
:101E6000C0E90023704700BF54B6002098B6002098
:101E7000F8B50D46044600F01DFB2B681649581CAA
:101E80000A6813D0DFF854C0D4E90060DCF80070B1
:101E9000BE4201D090421AD9121A93420BD80023A5
:101EA0002B60012500F010FB2846F8BD002500F04E
:101EB0000BFB2846F8BDDCF800009B1A0A682B6073
:101EC000C4E90002002500F0FFFA2846F8BD01250C
:101ED00000F0FAFA2846F8BD98B6002054B6002063
:101EE000014B01221A6070479CB60020084B18680D
:101EF00060B9084B1B6853B9074A084B10681B6848
:101F0000013B984214BF0120022070470020704717
:101F100058B600209CB6002070B600200CB60020F9
:101F2000054B1B6833B1054B1B68002B0CBF02200F
:101F300000207047012070476CB6002018B60020C2
:101F400018B3F8B51C4CC36A2268D26A934214D203
:101F50008269002A04DB2268D26AC2F1050282612A
:101F6000164D426903EB830305EB83039A420DD0C0
:101F70002368DB6AC3620120F8BD2368406CDB6A1A
:101F800098422CBF00200120F8BD7047061D07466F
:101F9000304601F095FE2268094BD06A1A68F86253
:101FA000904200D9186000EB800005EB80003146BC
:101FB00001F05CFE0120F8BD9CB50020A8B5002012
:101FC00020B6002050B138B5C16A836C426C013B29
:101FD0009142836400D01BB1002038BD00207047BF
:101FE000051D0446284601F06BFE0A4A636C116821
:101FF000E362C3F105008B42A061074888BF13600C
:1020000003EB830300EB8300294601F02FFE012040
:1020100038BD00BF20B60020A8B5002048B1426CF2
:10202000C36A914238BF11468B4202D0826C012AAA
:1020300000D07047826970B5114DC162002A03EB70
:1020400083034269A8BFC1F1050105EB8303A8BF63
:1020500081619A4200D070BD061D0446304601F0F1
:102060002FFE084BE06A1A68904288BF186000EBA8
:10207000800005EB80003146BDE8704001F0F6BD00
:10208000A8B5002020B60020044B1A681AB11968C0
:102090008A6C01328A641868704700BF9CB50020C2
:1020A0002DE9F04FAD4EDFF8C482AD4D89B03368F5
:1020B0001C68002C00F08E80DB681C68FFF7AAFB10
:1020C000FFF7B0FBD8F80030984207465DD3844252
:1020D000C8F8000040F20B810022E11B2868FFF7DE
:1020E0005FF8FFF73DFC88B99E4A4FF0805353607C
:1020F00040BFBFF34F8FBFF36F8F07E0019B039982
:1021000020469847009B002B80F2388128680022E7
:102110006946FEF7C7FC0028C9D0009B029C002B33
:10212000ECDB636913B1201D01F0CAFDFFF77AFBF8
:10213000D8F800309842814643D3009BC8F80090FD
:10214000092BE3D8012202FA03F313F4047F69D1C7
:1021500013F0C70F40F0A1809B06D7D594F82C3020
:10216000002BD3D12046FEF767F9CFE7DB68DC68A8
:10217000D3F800A004F10409484601F0A1FD636A08
:1021800020469847E369012B36D033681A68002A45
:10219000ECD17549C8F800700A6832600B60FFF72F
:1021A000DFFBB3E7DB68DF68D3F800B007F1040AB0
:1021B000504601F085FD7B6A38469847FB69012B44
:1021C00025D033681A68002AECD167490A68326062
:1021D0000B60B2E7FFF71EFBFFF724FBD8F80030D7
:1021E00083420746D1D8604BC8F800701B681A6854
:1021F000B2FA82F2520970E7A36953449A454946FC
:1022000022D263602461306801F040FDBDE7BB6904
:102210005B449B45514627D27B603F61306801F0AB
:1022200035FDCEE7019B246103EB09024A45A3611A
:1022300062602CD8002B3FF469AF4B4B211D18680E
:1022400001F024FD286862E72B68002B9DD0002355
:10225000CDE9043A0694FFF763FE00231A4604A969
:102260002868FEF769F990E72B68002BA9D00023B6
:10227000CDE9043B0697FFF753FE00231A4604A955
:102280002868FEF759F99CE74B4500D998B13068AA
:10229000211D01F0FBFC286839E7019BA26924613C
:1022A00099182CBF0120002049456160ECD8A9EBAA
:1022B00003039A42C1D8636A20469847E369012B19
:1022C0007FF424AF019BA2692868134400283FF4DF
:1022D0001EAF0022CDE904230694FFF721FE002360
:1022E0001A4604A92868FEF727F928680FE7FFF7C0
:1022F00037FB3368DB68D3F80C9009F1040A5046C9
:1023000001F0DEFCD9F81C30012B04D0D9F82430C0
:1023100048469847FAE6D9F81830C9F81090E218FC
:10232000BA42C9F8042004D95146306801F0AEFC25
:10233000ECE73F1BBB421BD82B68002BE6D00023E9
:10234000CDE90434CDF81890FFF7EAFD00231A46D2
:1023500004A92868FEF7F0F8D8E700BFA0B600206F
:1023600024B9002000ED00E0A4B60020D0B8002081
:10237000034B5146186801F089FCC7E7029CD0E680
:10238000A4B60020F0B5204C89B000F093F8256881
:10239000FDB100F099F82068C8B1002407AA06A989
:1023A00005A8CDE9054400F0E5FFDDE9053002218F
:1023B000CDE90010079A0293144915482346FEF709
:1023C000E7FF144A0346001B18BF0120136009B041
:1023D000F0BD114F114E384601F038FC304601F087
:1023E00035FC0F4A0F4900950F4B17600E600F4ADE
:1023F00010212020FEF72EF820600028C9D00C49BB
:10240000FEF7BCFEC5E700BF24B90020B0D505002B
:10241000A120050028B90020A8B80020BCB80020E1
:10242000A0B60020A4B60020D4B80020A8B6002092
:10243000A8D50500402383F31188FEE730B46FF080
:1024400002034FF08075074C40F8045C40F80C4CD8
:1024500040F8081C40F8202C40F8243C30BC44389C
:10246000704700BF352405000F4C08B5E02384F801
:10247000223000F077F80D4B0D4A00211960D4F896
:10248000883043F47003C4F88830536843F0404305
:102490005360236943F01003236100F04FF9402398
:1024A00083F31188FEE700BF00ED00E02CB90020A7
:1024B00030EF00E0402383F31188024A13680133B0
:1024C000136070472CB90020034A1368013B136066
:1024D0000BB983F3118870472CB9002041DF704796
:1024E00012DF704770B51B4B00251D6082B01B6862
:1024F0000193019BEFF31186402383F31188164A61
:10250000164BD2F804451D601B680093009BFFF733
:1025100089F9241A24F07F44012C0DD844B1FFF727
:102520008FF9054625B10E4B4FF080525A6040BFDF
:1025300086F3118802B070BDFFF7F2FC0228EED1DD
:10254000013CFFF77DF9013C631C45EA0005F8D129
:10255000E8E700BF401101400010014000110140B8
:1025600000ED00E00B4B0C4930B41F200B4DC3F8BD
:10257000080501220224E020C3F804232A601A601F
:10258000C3F8444381F811034FF400330B6030BCAF
:10259000704700BF0010014000E100E0081001405A
:1025A0002DE9F041804684B0EFF3108272B6584CAA
:1025B000A36883B9574B58480121A160D3F8801014
:1025C00001402160C3F88000D3F8841061604FF0AF
:1025D000FF31C3F8841002B962B6504ED6F80475C4
:1025E000FFF784FC00283DD04D4A4E49424528BFA4
:1025F0004246BB1823F07F4301200025C6F808039C
:10260000C6F840350D600B6801934FF48033019993
:10261000C6F80433BFF34F8FB8F1000F54D13F4BCE
:10262000404D41494FF48030C3F808030020286032
:102630002D680395039D08600968029101210298A5
:10264000C3F80413D3F804353249DB1B23F07F456C
:10265000954228BF15464FF40033012DC1F8803153
:1026600011D827D0A3685BB1EFF3108372B6294A63
:1026700021681160616851600022A26003B962B6EE
:1026800004B0BDE8F081681EFFF7D2F8274BDB6885
:10269000DA010FD5264A1368DB070BD5254B5168A5
:1026A00003FB05F5A5F57425A5F51075AD0A01EB3D
:1026B00085155560FFF7C4F80028D3D01E4B4FF0A6
:1026C00080525A6040BFCDE7F1EE103A23F09F03ED
:1026D000E1EE103AF1EE103A0E4B04A84FF480618F
:1026E0004026C3F88461C3F8841100F8045DFFF745
:1026F000F7FE9DF80C1039B920BFD3F80001D3F8CC
:1027000004110143F8D08AE7FFF7E8FE87E700BF2E
:1027100050C0002000E100E0FC06FFBD00100140B9
:10272000FDFFFF004011014000110140F0ED00E00D
:10273000001000E040420F0000ED00E00748006894
:1027400080F3088862B661B6BFF34F8FBFF36F8F17
:102750004FF0E00080F3118800DF00BF006002004E
:10276000064B19680868B0E8F04F80F30988BFF39A
:102770006F8F4FF0000080F3118870479CB50020E8
:10278000EFF30980BFF36F8F144B1A681EF0100F20
:1027900008BF20ED108A20E9F04F10604DF8043D8D
:1027A0004FF0400080F31188BFF34F8FBFF36F8F5E
:1027B000FFF72EFA4FF0000080F3118808BC19686B
:1027C0000868B0E8F04F1EF0100F08BFB0EC108A98
:1027D00080F30988BFF36F8F704700BF9CB500205E
:1027E000704700BF0A490B4A0B4B9B1A03DD043BA1
:1027F000C858D050FBDC094809494FF0AD3202609F
:1028000004300439FBD100F057FCD3F721FD000060
:10281000D8D80500006000207864002000F803206C
:1028200000080000FEE7FEE7FEE7FEE7FEE7FEE742
:10283000FEE7FEE7FEE7FEE708B50020D3F742FD1E
:10284000DEF7A2F90E4B43B10E4B7BB1DEF726FF4C
:1028500000F06EFDFDF7ACFAF8E7DEF71FFF00F0C1
:1028600067FDDEF71BFF00F063FDF6E7DEF716FFFE
:1028700000F05EFDDEF712FF00F05AFDF6E700BF44
:1028800000000000B1FD040000B583B000F0C0FE00
:10289000FCF70AFC0E4B019301234FF480620D49B3
:1028A00000930D480023FEF7DDFD4FF4407000F06B
:1028B0005FFEFEF749FFBFF34F8F0849084BCA6818
:1028C00002F4E0621343CB60BFF34F8F00BFFDE71C
:1028D00030B90020B8D505003928050000ED00E02A
:1028E0000400FA0538B507480C461546D3F774FEC0
:1028F00000B938BD2A4621460248BDE83840D3F722
:1029000043BD00BF94640020FDF738BDFDF736BD20
:10291000FDF74EBDFDF74CBDFDF74ABD084A09491C
:1029200008B513681844884202D81060184608BDDC
:1029300002F044F80C2303604FF0FF33184608BD43
:102940002462002000F80320114B1A78EAB90178BC
:10295000104810B40A464FF0804402F00102C1F35F
:102960004001C4F88015C4F878250268D20706D45F
:10297000E021012280F80013C0F8802102600122CA
:1029800005481A705DF8044B70470448704700BF53
:102990004CC0002000E100E00000AD0B0C00AD0BCE
:1029A0000268074B4FF0804010B400214FF4607470
:1029B000C0F80843196002B11A605DF8044B704713
:1029C0003CB900204FF080434FF46072C3F80423F9
:1029D000704700BF10B54FF0804386B0D3F8044372
:1029E000620705D5D3F8082103F58473002A4ED178
:1029F000A30603D52A4B1A68002A3FD1600603D5E7
:102A0000284B1A68002A2FD1210602D5264B1A68B6
:102A10000ABBE20502D5254B1A6892B9A3050ED56B
:102A2000234B1A685AB100221A601A68214B05928A
:102A3000059A1B68022006B0BDE81040184706B092
:102A400010BD00221A601B4A1B6804930120136802
:102A5000049A9847E2E700201860164A1B6803931F
:102A60001368039A9847D4E700221A60124A1B6839
:102A7000029301201368029A9847C5E70020186066
:102A80000D4A1B6801931368019A9847B6E7002224
:102A90001A600A4A1B6800931368009A9847A7E7D0
:102AA00014010040180100401C01004020010040BA
:102AB000240100403CB9002038B9002034B900207E
:102AC0002DE9F04F04799D4DE6003719BF0005EB65
:102AD000070E83B09EF81CC0BCF1000F40F0E580EB
:102AE00091F80CC00068EA51CEF80430BCF1010F37
:102AF0000B7840F2DE801F2B87BF03F01F08DFF842
:102B000040E298464FF0A04E012707FA08F7CEF8AA
:102B100008751F2B8BBF03F01F071F46DFF820E24D
:102B20004FF0A04E07F5E0774FF001084EF82780F0
:102B30004F78FF2F00F0E9801F2F8ABF07F01F0991
:102B4000B946DFF8FC81009798BF4FF0A04809F51F
:102B5000E07A4FF0010E0EFA09FE4FF00309C8F8B3
:102B60000CE548F82A9091F802E0BEF1FF0F00F062
:102B7000D580BEF11F0F91F80EA088BFDFF8C0B15D
:102B8000CDF804E08EBF0EF01F08F0464FF0A04BCA
:102B900008F5E0784FEA8A0A4BF828A006EB04080B
:102BA00005EB880888F820E091F803E088F81FE03A
:102BB000BEF1FF0F2AD091F80490F046B9F1000F52
:102BC00040F08680BEF11F0F87BF0EF01F0B5C4FD9
:102BD000F3464FF0A0474FF0010A0AFA0BFAC7F884
:102BE00008A5BEF11F0F86BF0EF01F08DFF850A129
:102BF0004FF0A04A08F5E07806EB040E4FF0030B07
:102C000005EB8E0E4AF828B08EF81E9091F80DE074
:102C1000C0F80835009BD1F80880C0F80C351EF1CB
:102C2000000318BF0123019FC0F81075BCF1020F0B
:102C3000C0F824857FD0BCF1030F79D0BCF1010F1F
:102C400056D0C0F854358B79C0F8C035002A58D01A
:102C500040220723C0F80423C0F800354A79000B4E
:102C600043B25201002BD1B2C0B25BDB5A099200D1
:102C700002F1604203F16043012702F5614203F56E
:102C8000614300F01F0007FA00F083F80013C2F858
:102C900080011060344405EB84052A48002201239A
:102CA0006A772B7703B0BDE8F08F274803B0BDE803
:102CB000F08F1F2B87BF03F01F08DFF884E09846D2
:102CC0004FF0A04E012707FA08F7CEF80C7520E761
:102CD000BEF11F0F87BF0EF01F0B194FF3464FF0C9
:102CE000A0474FF0010A0AFA0BFAC7F80CA578E7DB
:102CF00043F00203C0F854358B79C0F8C035002A80
:102D0000A6D10723C0F80035C4E791F802E04FF0E0
:102D1000FF37BEF1FF0F00977FF42BAF4FF0FF3767
:102D200001973BE7094B00F00F0003441976B1E728
:102D300043F0060385E743F0040382E740B900202F
:102D4000000300500000AD0B0500AD0BFCEC00E0F3
:102D5000F0B40479294A0368E1000D19AD00565911
:102D6000EEB11F0B7EB2002E11DB76092036012357
:102D7000DFF89CC007F01F0703FA07F74CF826702E
:102D8000BFF34F8FBFF36F8F555903683DB10819DB
:102D900002EB80001A4DC3F80853407F10BB08199E
:102DA00002EB800090F82000FF280BD01F288ABF7C
:102DB00000F01F004FF0A045124D00F5E070022614
:102DC00045F82060104800258342C3F8005502D121
:102DD0000E4B01201860214402EB8102002313777F
:102DE000F0BC704701205861D3F804010028FBD0E3
:102DF000081902EB800000254577D0E740B9002094
:102E0000520108000003005000F0024004F00240AC
:102E100000E100E02DE9F04F0479644F4FEAC40C63
:102E20000CEB04039B008646F8180E46417F83B0E6
:102E3000002940F0918057F803909046B9F1000FB7
:102E400004D012F0140F04BF012343770CEB0405E8
:102E500007EB850596E80F0095F81FA005F10C0B10
:102E6000BAF1FF0F8BE80F0010D0AA7F5346002A5B
:102E700076D0BAF11F0F86BF0AF01F034C494FF0FE
:102E8000A041012202FA03F3C1F8083532686AB1A1
:102E900002F06043B3F1005F08D0644407EB84079D
:102EA000002344487B7703B0BDE8F08FB16821B1BF
:102EB00001F06043B3F1005FEFD1DEF800307568D8
:102EC000F068C3F844250022C3F84855C3F8341508
:102ED000C3F83805C3F81821D3F818210192019AD4
:102EE00018F0010218BF0122C3F8502518F00202A1
:102EF00018BF012218F0080FC3F8402504BF0122B3
:102F00001A61B9F1000F0BD02B48402218F0040FC2
:102F100014BFC3F80823C3F8042303B0BDE8F08F3F
:102F2000D3F81821002AFBD0BAF1FF0F2CD064444B
:102F300007EB8407BB7F4BB3BAF11F0F84BF0AF0C6
:102F40001F0A1B4A1C4898BF4FF0A042012303FAF6
:102F50000AF3C2F80C35A6E7184803B0BDE8F08FB5
:102F6000BAF11F0F4FF0010288BF0AF01F0302FAE7
:102F700003F388BF0E49326898BF4FF0A041C1F8F3
:102F80000C35002A84D191E70B488CE7BAF11F0F6A
:102F900084BF0AF01F0A064A074898BF4FF0A042B4
:102FA000012303FA0AF3C2F808357CE740B9002090
:102FB000000300500A00AD0B0000AD0B0B00AD0B81
:102FC000194BD3F8182102B970470021174AC3F8EA
:102FD0001811D3F81811D37F82B0FF2B01910199FA
:102FE0000DD0917F99B11F2B86BF03F01F031048AE
:102FF0004FF0A040012101FA03F3C0F80C35002383
:1030000053771372D2E900310A4802B018471F2BD8
:1030100086BF03F01F0306484FF0A040012101FACC
:1030200003F3C0F80835EAE70030024040B9002059
:103030000003005048B900201B4BD3F8182102B9F7
:1030400070470021194AC3F81811D3F8181192F8E3
:10305000433082B0FF2B019101990ED092F84210BB
:10306000A9B11F2B86BF03F01F0311484FF0A040EA
:10307000012101FA03F3C0F80C35002382F8413036
:1030800082F82C30D2E909310A4802B018471F2BC8
:1030900086BF03F01F0306484FF0A040012101FA4C
:1030A00003F3C0F80835E8E700F0024040B900201B
:1030B000000300506CB90020604B1B6830B45C1CEE
:1030C00037D05F4A082B126800F08F805B4B5C4A58
:1030D0001B681268082B15D0591C23D0584A126857
:1030E000082B12D0574AD2F8883043F47003C2F844
:1030F0008830BFF34F8FBFF36F8F534B534A1A6023
:1031000030BC7047002A00F08280032AEAD84FF0D2
:103110008043D3F80024D20744BF6FF00102C3F804
:103120000024DFE74A4A4B4B12681B78C2F30312B4
:10313000D6E7484A464B12781B68082AC3F30313A4
:1031400001D1032B53D9424A424B12681B78C2F378
:103150000312082BBAD1032AB8D84FF080523E4B45
:10316000D2F80414C3F82015D2F80814C3F82415B3
:10317000D2F80C14C3F82815D2F81014C3F82C1583
:10318000D2F81414C3F83015D2F81814C3F8341553
:10319000D2F81C14C3F84015D2F82014C3F8441513
:1031A000D2F82414C3F84815D2F82814C3F84C15E3
:1031B000D2F82C14C3F85015D2F83014C3F85415B3
:1031C000D2F83414C3F86015D2F83814C3F8641573
:1031D000D2F83C14C3F86815D2F84014C3F86C1543
:1031E000D2F84424C3F8702570E7032A0CD8134B97
:1031F0001B684FF080420021581CC2F80C11C2F825
:103200001011C2F838159ED00D4A1268A1E7134C70
:103210001349144D25601448144AFB24C1F818457D
:1032200001681268124C21F00F0102F00F020A43EC
:103230004FF400710260216050E700BF30010010C0
:103240003401001000ED00E0286200200090D0035F
:10325000E80F00F0E00F00F000C000408C56004086
:1032600000F0004048810300E40E004058020010C6
:103270004096024070B4284C284B2568284CA3FB8C
:1032800005639B0C02FB03F254F82000254B1F281A
:10329000A3FB02324FEA920234D80123002903FA39
:1032A00000F114BF084600204FF0A04401E0013AAD
:1032B00025D0D4F810350B408342F8D001E0013A14
:1032C0001DD0D4F810350B408342F8D1002002E025
:1032D0000130824213D0D4F810650E40B342F7D0CB
:1032E00070B1114A43F2C823A2FB052503FB00F08D
:1032F000AD0900F57A50B0FBF5F070BC70470020C6
:1033000070BC704720380123002903FA00F114BF74
:1033100008460020054CCCE72862002083DE1B43D2
:10332000A4D405004FECC44ED34D621000030050EE
:1033300008B5D2F7CDFF054B4FF080525A6040BF21
:10334000BFF34F8FBFF36F8F08BD00BF00ED00E0EC
:10335000704700BF704700BF044B036010B4642384
:10336000034C0C6013605DF8044B704788B9002073
:10337000DCB90020054B036010B44FF48073044C9B
:103380000C6013605DF8044B704700BF6CBB0020FD
:10339000C0BB002070B51F4C84B04FF0FF3203A9B2
:1033A0002068FDF77FFB0028F7D00398037A456873
:1033B000052B0DD8DFE803F0272A221C1503D0E9DE
:1033C0000361D0E90523C06900903046A8470398FF
:1033D00003681BB11846FCF7EBFF0398FCF7E8FF06
:1033E000DBE7D0E90523D0E90301A8470398EFE71D
:1033F000D0E90412C068A8470398E9E7D0E90301BF
:10340000A8470398E4E7A8470398E1E7C068A847FE
:103410000398DDE7C4BF00202DE9F0432D4B2E4C6F
:103420005B6885B0C3F30803019001AF2068002BEF
:1034300044D0002339461A46FDF78EFA01283AD0C7
:10344000DFF89880D8F80000002240000421FDF742
:1034500031F8064678B3DFF88890D9F80000FEF717
:103460007BF8FFF727F802E03046FDF765F8002209
:1034700003A92068FDF716FB00230546642203A973
:103480000028F1D12068FDF755FE2660FFF71CF8F3
:10349000D9F80000FEF712F9D8F800300D4A20687C
:1034A0005B00C8F800305368C3F30803394653B9CA
:1034B0006422FDF741F805B0BDE8F0833946642287
:1034C000FDF73AF8BAE72B462A46FDF745FA05B06C
:1034D000BDE8F08300ED00E0C4BF0020C0BF0020C5
:1034E000C8BF00202DE9F8439DF8205006460F463E
:1034F00091469846CDB1A8000C30FCF73FFF04463A
:1035000088B10023C0F804900572036006B177B952
:103510002DB1AA00414604F10C0001F040FB204609
:10352000FFF77AFF0120BDE8F8831020E5E7384671
:10353000FCF724FF81462060A0B13A46314601F0F5
:103540002EFB002DEBD0691EC9B208EB8101A8F15A
:10355000040353F8042FB24208BFC3F80090994205
:10356000F7D1D6E72046FCF723FF4846DBE700BF4C
:1035700030B540230B4D83B0044600221846042189
:103580002B60FCF797FF084B084918600223CDE930
:103590000031A2B2002306490648FDF763FF03B0DD
:1035A00030BD00BFC0BF0020C4BF0020C8BF002086
:1035B000C0D50500953305004CDF704711DF70471B
:1035C00012DF704708B50446FFF7F8FF0D4B4FF0C8
:1035D00080414FF0FF32C3F88020C3F88021C3F848
:1035E0008420C3F88421C1F81C45BFF34F8F0649DE
:1035F000064BCA6802F4E0621343CB60BFF34F8FFF
:1036000000BFFDE700E100E000ED00E00400FA0586
:103610004FF08043194AD3F80014194830B41160B0
:10362000D3F80054D3F80024164C17492A43C3F8A2
:103630000024D4F84025026001224FF40030C3F882
:1036400018259A60C1F88000BFF34F8FBFF36F8FCA
:103650000E4C03F588334FF0A0454FF480304FF007
:10366000FF31C3F84803C3F808035A609A60C5F8ED
:103670000815C4F8081530BC704700BFCCBF002047
:10368000D0BF002000A0004000E100E00003005097
:1036900008B55720FFF796FF08B54E20FFF792FFB9
:1036A00008B5A820FFF78EFF00B583B00DF1030029
:1036B000FFF786FF9DF80320BAB9114B0121C3F82B
:1036C00000211A461960D2F80031002BFBD0D2F845
:1036D000080500EE100ABAEECF0A0121002351605E
:1036E000C2F8003103B05DF804FB01A8FFF764FFE6
:1036F0009DED010ABAEECF0A03B05DF804FB00BFEE
:1037000000C00040014B1860704700BF2C620020D1
:1037100002381549042822D8DFE800F0090F151BEC
:103720000300124B0120022208601A6070470F4B01
:103730000020012208601A6070470C4B0020022212
:1037400008601A607047094B0020032208601A6065
:103750007047064B0020042208601A607047034A35
:1037600000230B6013607047DCBF0020D8BF00202F
:103770002F2819D8F0B4614B53F82030023B82B0A7
:103780001D2B00F2B980DFE803F011A4A6A8B7B79B
:10379000B7B7B7B7B7B7B7B7B7B7B7B7B7B7B7B7B9
:1037A000B7B7B7B7AAACAEB0002070470127544BEB
:1037B0001C680023082CADF8063040F398800A2CD2
:1037C00040F397800D2CB5BF0C250E250223032353
:1037D0004C494D4AC1F8F03501260023DFF834C1C9
:1037E0004A48C1F80065C1F81435C1F81035C2F86F
:1037F0001435C2F81035C2F82435C2F82035C2F8A5
:103800003435C2F83035C2F84435C2F84035C2F814
:103810005435C2F85035C2F86435C2F86035C2F884
:103820007435C2F870353A4ADCF800300068126826
:10383000DFF8E4C01B02000300F4805003F4E063EF
:103840001204034302F4E0229CF80000134343EA0D
:1038500000630DF10602C1F818350846C1F8147569
:10386000C1F81075C1F82C26C1F830660E60D0F88A
:103870000031002BFBD000210123224AC0F80011A7
:103880004360D2F80431002BFBD0002001231D49F6
:10389000C2F804019360D1F81431002BFBD000234F
:1038A000C1F81431BDF80620120448BFADF8063047
:1038B000144B0022C3F80025BDF80600AC4200B24C
:1038C00004D035BF2C1B641BE040A04002B0F0BC0C
:1038D000704702276BE7032769E7042767E7052797
:1038E00065E7062763E7072761E708275FE70825FD
:1038F0006EE70A2501236BE70020E7E7A4D4050063
:103900002C6200200070004010700040DCBF0020DE
:10391000E0BF0020D8BF0020D4BF00202F281BD834
:103920003C4B53F820301F2B86BF03F01F033A4A4D
:103930004FF0A0420E290FD8DFE801F0655F595320
:103940004D474039322B241D160F080003F5E07354
:1039500040F2037142F82310704703F5E07340F220
:10396000036142F82310704703F5E07340F20351FE
:1039700042F82310704703F5E07340F2034142F828
:103980002310704703F5E07340F2033142F823102F
:10399000704703F5E07340F2032142F823107047AB
:1039A00003F5E07340F2031142F82310704703F56A
:1039B000E0734FF4403142F82310704703F5E07391
:1039C0004FF4003142F82310704703F5E0731349B8
:1039D00042F82310704703F5E073114942F82310B1
:1039E000704703F5E073042142F82310704703F594
:1039F000E0730C2142F82310704703F5E0730321B4
:103A000042F82310704703F5E073002142F82310B9
:103A1000704700BFA4D4050000030050040002005A
:103A20000C0003002F2811D80A4B53F820301F2B0D
:103A300088BF03F01F034FF001028CBF06484FF010
:103A4000A04002FA03F311B1C0F808357047C0F87E
:103A50000C357047A4D40500000300502F2818D857
:103A60000D4B53F820201F2A8ABF0C494FF0A0416C
:103A700002F01F02D1F8140501239340034214BF42
:103A8000D1F80425D1F81025134214BF01200020DD
:103A900070470020704700BFA4D405000003005009
:103AA0002F280DD8074B53F820201F2A86BF02F07D
:103AB0001F0205494FF0A04101239340C1F80C3586
:103AC000704700BFA4D405000003005030B401606B
:103AD0000022BFF35B8F4260BFF35B8F016882609F
:103AE000FF254FF0FF340582C2608274C1F864453F
:103AF00030BC7047214B5B6809B90020704710B497
:103B0000BFF35B8F4368BFF35B8F994200F10404FE
:103B100016D0BFF35B8F4368BFF35B8F83B9036835
:103B2000D3F86025D3F86405D2430028D3F868059C
:103B30004FEAD272A8BF0132002805DBD3F86C35FA
:103B400000205DF8044B7047D3F86C050028F7DAC5
:103B5000002AF5D1D3F80035002BF1D1BFF35B8FEC
:103B600054E8003F002B03D144E80012002AF7D1AB
:103B7000BFF35B8F0CBF01200020E2E700ED00E007
:103B80001F4B5B6809B90020704710B4BFF35B8F0F
:103B90004368BFF35B8F8B4200F1040403D0002025
:103BA0005DF8044B70470368D3F86025D3F86405CB
:103BB000D2430028D3F868054FEAD272A8BF013279
:103BC000002802DBD3F86C35E9E7D3F86C05002850
:103BD000E5DA002AE3D1D3F80035002BDFD1BFF3BB
:103BE0005B8F54E8003F8B4203D144E8002000285B
:103BF000F7D1BFF35B8F0CBF01200020D0E700BFDF
:103C000000ED00E008B509490948FFF75FFF0949E1
:103C10000948FFF75BFF09490948FFF757FF0949C2
:103C20000948BDE80840FFF751BF00BF00C0014090
:103C3000E4BF002000100240F8BF00200020024036
:103C40000CC0002000D0024020C0002000F108037A
:103C50004FF0FF310022816002604360C0E903330E
:103C6000704700BF00230361704700BF43680268CC
:103C700010B49C688C609C684B60013261609960F4
:103C80005DF8044B08610260704700BF30B40D68F6
:103C90006B1C11D000F1080200E01A4653681C6842
:103CA000AC42FAD904684B60013499608A60516073
:103CB0000861046030BC704702695368F2E700BFD6
:103CC00042688168036910B4916081685C684A60E9
:103CD0001A68844208BF5960013A002101611A60E4
:103CE00018685DF8044B70470B460146184600F013
:103CF00057BE08B500F02EFE08B500F02BFE000000
:103D000010EE102A22F00041CB0D7F3B162B1CDC5D
:103D1000002B10EE100A21DB194919410A421CD070
:103D2000DFED187A70EE277AF5EEC07AF1EE10FA30
:103D300013DD002A04DD4FF4000242FA03F31844B5
:103D400020EA010300EE103A7047B1F1FF4F04D3AF
:103D500030EE000A70479FED0C0A7047DFED097ADC
:103D600070EE277AF5EEC07AF1EE10FAF5DD002A52
:103D7000F1DB0029F7EE007A18BFB0EE670A704752
:103D8000FFFF7F00CAF249710000008010EE102A88
:103D900022F00041CB0D7F3B162B1CDC002B10EEDC
:103DA000100A1EDB194919410A4227D0DFED187AA3
:103DB00070EE277AF5EEC07AF1EE10FA1EDD002AD9
:103DC00004DA4FF4000242FA03F3184420EA010334
:103DD00000EE103A7047B1F1FF4F0FD330EE000AFA
:103DE0007047DFED0B7A70EE277AF5EEC07AF1EED0
:103DF00010FA03DD002A02DB9FED060A7047002956
:103E0000FFEE007A18BFB0EE670A7047FFFF7F0031
:103E1000CAF249710000000081F0004102E000BFD9
:103E200083F0004330B54FEA41044FEA430594EA7A
:103E3000050F08BF90EA020F1FBF54EA000C55EAB5
:103E4000020C7FEA645C7FEA655C00F0E2804FEA86
:103E50005454D4EB5555B8BF6D420CDD2C4480EA68
:103E6000020281EA030382EA000083EA010180EA98
:103E7000020281EA0303362D88BF30BD11F0004FE6
:103E80004FEA01314FF4801C4CEA113102D040421C
:103E900061EB410113F0004F4FEA03334CEA133357
:103EA00002D0524263EB430394EA050F00F0A7806F
:103EB000A4F10104D5F1200E0DDB02FA0EFC22FA6A
:103EC00005F2801841F1000103FA0EF2801843FA5E
:103ED00005F359410EE0A5F120050EF1200E012A4F
:103EE00003FA0EFC28BF4CF0020C43FA05F3C0188D
:103EF00051EBE37101F0004507D54FF0000EDCF106
:103F0000000C7EEB00006EEB0101B1F5801F1BD3AE
:103F1000B1F5001F0CD349085FEA30004FEA3C0CB2
:103F200004F101044FEA445212F5800F80F09A80A8
:103F3000BCF1004F08BF5FEA500C50F1000041EBAC
:103F4000045141EA050130BD5FEA4C0C404141EBB0
:103F5000010111F4801FA4F10104E9D191F0000FD7
:103F600004BF01460020B1FA81F308BF2033A3F15A
:103F70000B03B3F120020CDA0C3208DD02F1140C51
:103F8000C2F10C0201FA0CF021FA02F10CE002F18C
:103F90001402D8BFC2F1200C01FA02F120FA0CFC85
:103FA000DCBF41EA0C019040E41AA2BF01EB0451CE
:103FB000294330BD6FEA04041F3C1CDA0C340EDCCC
:103FC00004F11404C4F1200220FA04F001FA02F30F
:103FD00040EA030021FA04F345EA030130BDC4F1CD
:103FE0000C04C4F1200220FA02F001FA04F340EAC2
:103FF0000300294630BD21FA04F0294630BD94F073
:10400000000F83F4801306BF81F480110134013D59
:104010004EE77FEA645C18BF7FEA655C29D094EACA
:10402000050F08BF90EA020F05D054EA000C04BF48
:104030001946104630BD91EA030F1EBF0021002033
:1040400030BD5FEA545C05D14000494128BF41F0D2
:10405000004130BD14F580043CBF01F5801130BD36
:1040600001F0004545F0FE4141F470014FF00000C1
:1040700030BD7FEA645C1ABF194610467FEA655C72
:104080001CBF0B46024650EA013406BF52EA033514
:1040900091EA030F41F4002130BD00BF90F0000F02
:1040A00004BF0021704730B54FF4806404F132043E
:1040B0004FF000054FF0000150E700BF90F0000FF7
:1040C00004BF0021704730B54FF4806404F132041E
:1040D00010F0004548BF40424FF000013EE700BFEE
:1040E00042004FEAE2014FEA31014FEA02701FBF7E
:1040F00012F07F4393F07F4F81F06051704732F0B0
:104100007F4208BF704793F07F4F04BF41F4002106
:10411000704730B54FF4607401F0004521F0004164
:104120001CE700BF50EA010208BF704730B54FF0EE
:1041300000050AE050EA010208BF704730B511F0EF
:10414000004502D5404261EB41014FF4806404F127
:1041500032045FEA915C3FF4D8AE4FF003025FEAAD
:10416000DC0C18BF03325FEADC0C18BF033202EB31
:10417000DC02C2F1200300FA03FC20FA02F001FA8B
:1041800003FE40EA0E0021FA02F11444BDE600BF2E
:1041900070B54FF0FF0C4CF4E06C1CEA11541DBFDD
:1041A0001CEA135594EA0C0F95EA0C0F00F0DEF8A8
:1041B0002C4481EA030621EA4C5123EA4C5350EA8D
:1041C000013518BF52EA033541F4801143F48013DE
:1041D00038D0A0FB02CE4FF00005E1FB02E506F06F
:1041E0000042E0FB03E54FF00006E1FB03569CF0C4
:1041F000000F18BF4EF0010EA4F1FF04B6F5007FCA
:1042000064F5407404D25FEA4E0E6D4146EB06063B
:1042100042EAC62141EA55514FEAC52040EA5E50C4
:104220004FEACE2EB4F1FD0C88BFBCF5E06F1ED86E
:10423000BEF1004F08BF5FEA500E50F1000041EBA5
:10424000045170BD06F0004646EA010140EA020052
:1042500081EA0301B4EB5C04C2BFD4EB0C0541EA74
:10426000045170BD41F480114FF0000E013C00F389
:10427000AB8014F1360FDEBF002001F0004170BDAD
:10428000C4F10004203C35DA0C341BDC04F11404C6
:10429000C4F1200500FA05F320FA04F001FA05F252
:1042A00040EA020001F0004221F0004110EBD3701F
:1042B00021FA04F642EB06015EEA430E08BF20EA4B
:1042C000D37070BDC4F10C04C4F1200500FA04F3EE
:1042D00020FA05F001FA04F240EA020001F0004180
:1042E00010EBD37041F100015EEA430E08BF20EAF3
:1042F000D37070BDC4F1200500FA05F24EEA020E3B
:1043000020FA04F301FA05F243EA020321FA04F069
:1043100001F0004121FA04F220EA020000EBD37020
:104320005EEA430E08BF20EAD37070BD94F0000F20
:104330000FD101F00046400041EB010111F4801F54
:1043400008BF013CF7D041EA060195F0000F18BF05
:10435000704703F00046520043EB030313F4801F41
:1043600008BF013DF7D043EA0603704794EA0C0FFB
:104370000CEA135518BF95EA0C0F0CD050EA410611
:1043800018BF52EA4306D1D181EA030101F000418E
:104390004FF0000070BD50EA410606BF10461946B6
:1043A00052EA430619D094EA0C0F02D150EA0136C2
:1043B00013D195EA0C0F05D152EA03361CBF104603
:1043C00019460AD181EA030101F0004141F0FE41A2
:1043D00041F470014FF0000070BD41F0FE4141F426
:1043E000780170BD70B54FF0FF0C4CF4E06C1CEA26
:1043F00011541DBF1CEA135594EA0C0F95EA0C0FDB
:1044000000F0A7F8A4EB050481EA030E52EA033595
:104410004FEA013100F088804FEA03334FF08055B6
:1044200045EA131343EA12634FEA022245EA1115E3
:1044300045EA10654FEA00260EF000419D4208BF94
:10444000964244F1FD0404F5407402D25B084FEA41
:104450003202B61A65EB03055B084FEA32024FF4ED
:1044600080104FF4002CB6EB020E75EB030E22BF4A
:10447000B61A754640EA0C005B084FEA3202B6EB0A
:10448000020E75EB030E22BFB61A754640EA5C00B9
:104490005B084FEA3202B6EB020E75EB030E22BF49
:1044A000B61A754640EA9C005B084FEA3202B6EB4A
:1044B000020E75EB030E22BFB61A754640EADC0009
:1044C00055EA060E18D04FEA051545EA16754FEA6B
:1044D00006164FEAC30343EA52734FEAC2025FEA89
:1044E0001C1CC0D111F4801F0BD141EA00014FF018
:1044F00000004FF0004CB6E711F4801F04BF0143E9
:104500000020B4F1FD0C88BFBCF5E06F3FF6AFAE04
:10451000B5EB030C04BFB6EB020C5FEA500C50F194
:10452000000041EB045170BD0EF0004E4EEA113117
:1045300014EB5C04C2BFD4EB0C0541EA045170BD1E
:1045400041F480114FF0000E013C90E645EA060E62
:104550008DE60CEA135594EA0C0F08BF95EA0C0F90
:104560003FF43BAF94EA0C0F0AD150EA01347FF4D8
:1045700034AF95EA0C0F7FF425AF104619462CE7AF
:1045800095EA0C0F06D152EA03353FF4FDAE104612
:10459000194622E750EA410618BF52EA43067FF463
:1045A000C5AE50EA41047FF40DAF52EA43057FF4F3
:1045B000EBAE12E74FEA4102B2F1E04324BFB3F59C
:1045C000001CDCF1FE5C0DD901F0004C4FEAC0028A
:1045D0004CEA5070B2F1004F40EB830008BF20F06E
:1045E0000100704711F0804F21D113F13872BCBF28
:1045F00001F00040704741F480114FEA5252C2F17D
:104600001802C2F1200C10FA0CF320FA02F018BFC5
:1046100040F001004FEAC1234FEAD32303FA0CFC18
:1046200040EA0C0023FA02F34FEA4303CCE77FEAA7
:10463000625307D150EA01331EBF4FF0FE4040F4F1
:104640004000704701F0004040F0FE4040F40000A0
:10465000704700BF53B94AB9002908BF00281CBFE2
:104660004FF0FF314FF0FF3000F072B9ADF1080CA0
:104670006DE904CE00F006F8DDF804E0DDE9022380
:1046800004B070472DE9F047089E04468846002B89
:104690004BD18A42154667D9B2FA82F24AB1C2F1C9
:1046A000200701FA02F320FA07F7954047EA0308CA
:1046B00094404FEA154E230CB8FBFEF71FFA85FC19
:1046C0000EFB178843EA084307FB0CF1994209D90E
:1046D000EB1807F1FF3080F01B81994240F21881FE
:1046E000023F2B445B1AA4B2B3FBFEF00EFB103367
:1046F00044EA034400FB0CFCA44509D92C1900F141
:10470000FF3380F00781A44540F2048102382C4435
:1047100040EA0740A4EB0C0400271EB1D44000235C
:10472000C6E900433946BDE8F0878B4209D9002E1F
:1047300000F0EB800027C6E9000138463946BDE8A5
:10474000F087B3FA83F7002F47D18B4202D382421E
:1047500000F2FA80841A61EB030301209846002ED0
:10476000E0D0C6E90048DDE702B9FFDEB2FA82F226
:10477000002A40F08F80491B4FEA154E1FFA85F83A
:104780000127B1FBFEFC230C0EFB1C1143EA014385
:1047900008FB0CF1994207D9EB180CF1FF3002D25B
:1047A000994200F2CD808446591AA3B2B1FBFEF0C3
:1047B0000EFB101443EA044408FB00F8A04507D997
:1047C0002C1900F1FF3302D2A04500F2B680184642
:1047D000A4EB080440EA0C409FE7C7F1200CBB4063
:1047E00022FA0CFE4EEA030E01FA07F420FA0CF549
:1047F00021FA0CF34FEA1E482543B3FBF8F92C0CC1
:1048000008FB19331FFA8EFA44EA034309FB0AF442
:104810009C4202FA07F200FA07F10BD91EEB0303E0
:1048200009F1FF3080F087809C4240F28480A9F13A
:10483000020973441B1BADB2B3FBF8F008FB103345
:1048400045EA034400FB0AFAA24508D91EEB04041A
:1048500000F1FF336BD2A24569D90238744440EAB3
:104860000940A0FB0289A4EB0A044C45C2464B4612
:1048700054D351D0002E69D0B1EB0A0564EB030488
:1048800004FA0CFCFD40FC404CEA0505C6E9005466
:10489000002747E7C2F1200320FA03F7954001FA09
:1048A00002F021FA03F34FEA154E3843010CB3FB33
:1048B000FEF71FFA85F80EFB173341EA034107FBA9
:1048C00008F38B4204FA02F407D9691807F1FF3C98
:1048D0002FD28B422DD9023F2944CB1A81B2B3FB90
:1048E000FEF00EFB103341EA034100FB08F38B425C
:1048F00007D9691800F1FF3C17D28B4215D902384D
:104900002944C91A40EA07473BE73746304609E7DA
:104910000746E7E61846FBE64145ABD2B8EB020A8C
:1049200069EB0E0201381346A4E76046E9E7184632
:1049300095E76746D1E781467CE702382C4447E794
:10494000ACF1020C2B442FE7384608E73746E9E67E
:10495000704700BF08B5062001F012F8012003F0EF
:1049600005F800001FB51C46094B1B680546D868B2
:1049700052B1084B0091CDE9013207492B4622463E
:1049800000F036F8FFF7E6FF044B1A46F2E700BFE7
:1049900040620020CCD50500D9D5050007D605001A
:1049A00010B5054C13462CB10A4601460220AFF360
:1049B000008010BD2046FCE700000000014B186895
:1049C000704700BF4062002008B5074B044613B192
:1049D0000021AFF30080054B1868836A03B1984744
:1049E000204602F0C3FF00BF0000000008D605000B
:1049F0000EB403B5014603AB054853F8042B006819
:104A0000019300F0D9F902B05DF804EB03B07047F0
:104A10004062002070B50D4E0D4CA41BA410002563
:104A2000A54209D10B4E0C4C02F0A2FFA41BA4100E
:104A30000025A54205D170BD56F8253098470135AF
:104A4000EEE756F8253098470135F2E7106400206C
:104A500010640020106400207464002010B5044627
:104A600000F00EF82044407800F0070010BD10B5AB
:104A7000044600F005F82044407800F0080010BD1E
:104A8000044B054A1B681B6A002B08BF1346D3F86A
:104A9000EC00704740620020A4620020024B0146F7
:104AA000186800F005B900BF40620020024B0146C3
:104AB000186800F0AFB800BF4062002082B001B9B2
:104AC00001A942B14BB113780B601278101C18BFCA
:104AD000012002B070471046FBE76FF00100F8E7D5
:104AE00001F0FF01102A2BDB10F0070F08D010F89F
:104AF000013B013A8B422DD010F0070F42B3F6D1A3
:104B0000F0B441EA012141EA014122F007047FF0BB
:104B100000070023F0E80256083C85EA010586EA12
:104B2000010685FA47F5A3FA87F586FA47F6A5FA4E
:104B300087F68EB9EED1F0BC01F0FF0102F007025A
:104B400032B110F8013B013A83EA010313B1F8D105
:104B50000020704701387047002D06BF35460338E6
:104B6000073815F0010F07D1013015F4807F02BF1F
:104B7000013015F4C03F0130F0BC0138704700BF70
:104B800030B50024A24201D1002007E0035D0134CA
:104B90000D1915F8015CAB42F4D0581B30BD10B5AF
:104BA000431E0A44914200D110BD11F8014B03F895
:104BB000014FF7E7884210B501EB020307D8421E08
:104BC00099420AD011F8014B02F8014FF8E78342ED
:104BD000F5D98118D21AD34200D110BD13F8014D76
:104BE00001F8014DF7E702440346934200D17047B4
:104BF00003F8011BF9E738B502FB01F4214600F088
:104C000057F8054618B122460021FFF7ECFF284669
:104C100038BD000038B50546002945D051F8043CA0
:104C20000C1F002BB8BFE41802F09AF81F4A136853
:104C3000104633B9636014602846BDE8384002F07E
:104C400090B8A3420CD921686218934204BF1A6835
:104C50005B68636004BF521822600460ECE713468F
:104C60005A680AB1A242FAD919685818A0420BD161
:104C700020680144581882421960DDD110685268DA
:104C80005A6001441960D7E702D90C232B60D3E79F
:104C9000206821188A4204BF11685268626004BF0C
:104CA000091821605C60C7E738BD00BF34C0002030
:104CB00070B5CD1C25F0030508350C2D38BF0C252B
:104CC000002D064601DBA94203D90C2333600020E6
:104CD00070BD02F045F8214A1468214691B9204C74
:104CE00023681BB9304600F013FE20602946304689
:104CF00000F00EFE431C24D10C233360304602F03A
:104D000030F8E4E70B685B1B18D40B2B0FD90B6052
:104D1000CD50CC18304602F024F804F10B00231DCE
:104D200020F00700C31AD3D05A42E250D0E78C4299
:104D30004B6816BF636013600C46EBE70C4649688E
:104D4000CCE7C41C24F00304A04205D0211A30464D
:104D500000F0DEFD0130CFD02560DBE734C000205D
:104D600038C000209368013B002B10B4936008DA30
:104D70009469A34201DB0A2903D15DF8044B00F0DA
:104D8000F1BE1368581C1060197008465DF8044B9A
:104D90007047F8B506460F461446D518AC4201D107
:104DA000002007E03A4614F8011B3046FFF7DAFF0F
:104DB000431CF3D1F8BD00002DE9F04F9DB00C4627
:104DC00017460393064618B183690BB901F0CCFE70
:104DD0007B4B9C4257D17468A38918075DD5236922
:104DE000002B5AD00023099320238DF8293030233B
:104DF0008DF82A304FF0010BB846454615F8013BB7
:104E00000BB1252B54D1B8EB070A0BD053463A46C9
:104E100021463046FFF7BDFF013000F0C280099BFC
:104E20005344099398F80030002B00F0BA80002317
:104E30004FF0FF32CDE90523049307938DF85330EB
:104E40001A93A846052218F8011B5E48FFF748FE92
:104E5000049B78BBD90644BF20228DF853201A0743
:104E600044BF2B228DF853202A782A2A2AD0079A69
:104E7000A84600200A25414611F8013B303B092B8A
:104E800069D960B324E0504B9C4201D1B468A3E7D8
:104E90004E4B9C4208BFF4689EE72146304600F026
:104EA000C1FE00289ED04FF0FF301DB0BDE8F08F4E
:104EB000A846A2E7434A801A0BFA00F01843049070
:104EC0004546BEE7039A111D12680391002A01DBD3
:104ED000079204E0524243F002030792049398F8C9
:104EE00000302E2B0ED198F801302A2B38D1039B9D
:104EF0001A1D1B680392002BB8BF4FF0FF3308F157
:104F000002080593324D98F8001003222846FFF757
:104F1000E7FD40B14023401B03FA00F0049B03432C
:104F200008F10108049398F800102A488DF8281019
:104F3000062208F10107FFF7D3FD002837D0264BE2
:104F40001BBB039B073323F0070308330393099B21
:104F50004B44099350E705FB0232012088468AE75B
:104F6000002308F10108059319460A25404610F868
:104F7000012B303A092A03D9002BC3D00591C1E790
:104F800005FB012101238046F0E703AB0093224695
:104F9000124B04A9304600F0B7F8B0F1FF3F81464C
:104FA000D5D1A3895B063FF57EAF09987DE703ABBA
:104FB00000932246094B04A9304600F05BFBECE766
:104FC0008CD7050016D60500ACD705006CD70500B8
:104FD0001CD6050020D6050009510500934D05009B
:104FE0002DE9FF4755EC104B0D9FDDF830A0002D4B
:104FF0000E4691461946B8BF22462B4627F0200799
:10500000BBBF05F100431D4600232D23B8BF144646
:10501000462F0B7004D0452F00D10136022100E04D
:10502000032103AB019302AB00933246534645EC98
:10503000104B00F0F1FE472F804602D119F0010F0E
:1050400026D0462F08EB060911D198F80030302BF6
:105050000AD1002200232046294602F0DFFB18B9BE
:10506000C6F10106CAF80060DAF80030994400225F
:1050700000232046294602F0D1FB38B93022039B99
:105080004B4505D2591C03911A70F8E7CDF80C90E6
:10509000039B0E9AA3EB08034046136004B0BDE8DF
:1050A000F087F7B500290446BABF49422D232B23C8
:1050B000092904F8022B437020DD0DF107031F4678
:1050C0000A2691FBF6F506FB15113031092D03F880
:1050D000011C03F1FF32294609DC3031023B02F8A2
:1050E000011CBB42224604D3101A03B0F0BD134684
:1050F000E7E713F8012B04F8012BF2E730231944FA
:105100008370021DC170EFE72DE9F04F8DB00C46A2
:10511000DDF8588016461F46054601F0AFFD0368CE
:105120000493184600F09BFC00230A93D8F8003043
:105130000590073323F0070303F1080294F818A041
:10514000D4F800B0C8F80020D3E90023C4E9122342
:10515000D4E9128929F000430793CDF818804FF065
:10516000FF32A74BDDE9060102F08AFB70BB4FF06E
:10517000FF32A34BDDE9060102F064FB30BB0022E5
:1051800000234046494602F053FB10B12D2384F81A
:1051900043309C4A9C4BBAF1470F8CBF90469846CF
:1051A00003232BF00402236122604FF000090097D3
:1051B00033460BAA2146284600F0E6F9013040F0BC
:1051C0008D804FF0FF300DB0BDE8F08F42464B466A
:1051D0004046494602F054FB10B18C4A8C4BDAE74A
:1051E00061684B1C4BF480620AA83ED106236360C1
:1051F0000023CDE9020309AB009349EC108B0DF1BC
:1052000023032260CDF804A061682846FFF7E8FE7A
:105210000AF0DF03472B804609D1099BD81C02DB2B
:105220006268934247DDAAF1020A5FFA8AFABAF18C
:10523000650F099924D80139524604F150000991AB
:10524000FFF72FFF0A9A1318012A8146236102DC17
:105250002268D10701D5013323619DF82330002B4B
:10526000A5D02D2384F84330A1E7BAF1670F00F0F1
:105270007781BAF1470FBBD10029B9D10123B6E735
:10528000BAF1660F19D1002963680CDD216113B9E9
:105290002268D20702D501330B442361099BA36521
:1052A0004FF00009D9E713B92268D00701D50233BE
:1052B000F3E70123F1E74FF0670ADDE90932934292
:1052C00005DB22682361D107E8D50133E5E7002B30
:1052D000D4BFC3F1020301231344DEE723685A0558
:1052E00007D42369424631462846B84701302BD1BE
:1052F00067E7BAF1650F40F2DC8000220023D4E9B1
:10530000120102F08BFA002833D00123414A3146C2
:105310002846B84701303FF454AFDDE909239A42EB
:1053200002DB2368D8070FD5DDE904233146284680
:10533000B84701303FF445AF4FF0000804F11A09B7
:105340000A9B013B434509DC23689B0700F103816D
:10535000E0680B9B9842B8BF184634E701234A46E1
:1053600031462846B84701303FF42BAF08F1010819
:10537000E6E7099B002B2BDC0123264A3146284611
:10538000B84701303FF41DAF099B23B90A9B13B9FD
:105390002368D907D8D5DDE9042331462846B84724
:1053A00001303FF40EAF4FF0000904F11A0A099BD7
:1053B0005B424B4501DC0A9B94E701235246314690
:1053C0002846B84701303FF4FCAE09F10109EEE789
:1053D0000A9AA36D9A42A8BF1A46002A914607DD91
:1053E0001346314642462846B84701303FF4E9AEFD
:1053F00004F11A034FF0000B29EAE979069315E04E
:10540000FFFFEF7F2BD6050027D6050033D605001A
:105410002FD6050037D605000123069A31462846C7
:10542000B84701303FF4CDAE0BF1010BD4F858A0D2
:10543000AAEB09035B45EFDCDDE909239A42D0447E
:1054400015DB2368DA0712D40A9B0999A3EB0A0239
:10545000A3EB010A9245A8BF9246BAF1000F0EDCF9
:105460004FF000082AEAEA7A04F11A0919E0DDE9A6
:10547000042331462846B8470130E5D1A1E653461A
:10548000424631462846B8470130E9D199E6012322
:105490004A4631462846B84701303FF492AE08F1FB
:1054A0000108DDE909239B1AA3EB0A034345EEDC5F
:1054B0004AE70A9A012A01DCDB073AD50123424672
:1054C00031462846B84701303FF47BAEDDE904237E
:1054D00031462846B847013008F101083FF471AE63
:1054E0000A9B002203F1FF3AD4E91201002302F0E3
:1054F00095F9C8B95346424631462846B847013067
:105500000ED15EE60123524631462846B8470130A7
:105510003FF457AE08F101080A9B013B4345F1DC1B
:105520004B4604F15002DEE64FF0000804F11A0A7F
:10553000F2E70123DFE701234A4631462846B84710
:1055400001303FF43EAE08F10108E3680B9A9B1A64
:105550004345F0DCFCE64FF0000804F11909F4E7DC
:1055600000293FF48BAE0023CDE9020309AB009381
:1055700049EC108B2260CDF804A00DF123032846DE
:10558000FFF72EFD804648E62DE9F04791461F467D
:105590008A680B69DDF820809342B8BF1346C9F8CA
:1055A000003091F8432006460C4612B10133C9F889
:1055B00000302368990642BFD9F800300233C9F899
:1055C0000030256815F0060507D104F1190AE368D3
:1055D000D9F800209B1AAB4228DC94F843302268AB
:1055E000003318BF012392062DD404F1430239463B
:1055F0003046C047013020D02368E568D9F8002044
:1056000003F00603042B08BFAD1AA36822690CBF80
:1056100025EAE57500259342C4BF9B1AED184FF0AB
:1056200000091A344D451AD1002008E001235246E2
:1056300039463046C047013003D14FF0FF30BDE856
:10564000F0870135C3E7E1185A1C302081F8430088
:10565000224494F8451082F843100233C5E7012331
:10566000224639463046C0470130E6D009F10109EB
:10567000D8E700002DE9F04301F1430C0C46097E08
:1056800085B06E291746064698460C9A00F0B380FE
:1056900022D8632936D00AD8002900F0B9805829C9
:1056A00000F0838004F1420584F8421032E064295E
:1056B00001D06929F6D120681368050603F10401B9
:1056C0002AD51B681160002B03DA2D225B4284F877
:1056D00043206F480A2239E0732900F09D8008D8E2
:1056E0006F2920D07029DDD1236843F02003236087
:1056F00003E0752917D07829D4D1782384F8453070
:10570000644855E01368191D1B68116004F14205D7
:1057100084F8423001238CE01B68116010F0400FC8
:1057200018BF1BB2CFE713682568181D1060280644
:1057300001D51B6802E06806FBD51B8854486F2919
:1057400014BF0A220822002184F843106568A5606E
:10575000002DC0F29580216821F004012160002B0A
:105760003DD1002D40F08E806546082A0BD123687C
:10577000DB0708D5236962689A42DEBF302305F84B
:10578000013C05F1FF35ACEB05032361CDF800804A
:105790003B4603AA21463046FFF7F6FE01304DD1C5
:1057A0004FF0FF3005B0BDE8F083394884F845106C
:1057B000136821681D1D1B6815600A060BD5CA07F2
:1057C00044BF41F0200121601BB9226822F0200271
:1057D00022601022B7E74D0648BF9BB2EFE765464F
:1057E000B3FBF2F102FB1133C35C05F8013D0B463C
:1057F0000029F5D1B9E7136825686169181D1060A3
:1058000028061B6801D5196002E06A06FBD51980DD
:10581000002323616546B9E71368191D11601D68EF
:10582000626800212846FFF75BF908B1401B606001
:1058300063682361002384F84330A7E723692A467D
:1058400039463046C0470130AAD023689B0713D49D
:10585000E068039B9842B8BF1846A3E701234A4675
:1058600039463046C04701309AD00135E368039A83
:105870009B1AAB42F2DCEBE7002504F11909F5E7CE
:10588000002BACD1037884F8423004F142056CE778
:1058900039D605004AD6050038B5134B1C68A36BF2
:1058A0007BB91820FAF76AFD104A114BA063C0E9D2
:1058B0000023104B83600B23838101220023C0E966
:1058C0000423A16B0C480A694B690C4C504304FB40
:1058D0000300A2FB04230344541C43F10005C1E967
:1058E000044525F0004038BD406200200E33CDABAA
:1058F00034126DE6ECDE05002DF451582D7F954CE9
:10590000024B0A460146186801F008BD40620020BB
:1059100038B5064C0023054608462360FCF7FEFF19
:10592000431C02D1236803B12B6038BD5CC000204A
:105930001F2938B504460D4604D9162303604FF0DD
:10594000FF3038BD426C12B152F821304BB92046BD
:1059500000F030F82A4601462046BDE8384000F005
:1059600017B8012B0AD0591C03D11623036001205C
:10597000E7E7002442F82540284698470020E0E762
:10598000024B01461868FFF7D3BF00BF40620020FA
:1059900038B5074C0023054608461146236001F040
:1059A000CDFF431C02D1236803B12B6038BD00BF7B
:1059B0005CC0002001F0B2BF0CB430B5174B0C1E18
:1059C0009DB01D6808DA8B232B604FF0FF301DB0AF
:1059D000BDE8304002B070474FF40273ADF81430A8
:1059E00014BF04F1FF332346049307934FF6FF736C
:1059F00002900690ADF81630209A21AB02A92846F5
:105A0000019301F00BFD431CBCBF8B232B60002CCA
:105A1000DDD0029B00221A70D9E700BF406200204F
:105A2000C9B2034610F8012B1AB18A42F9D11846BF
:105A30007047002918BF0023F9E710F8012B11F86F
:105A4000013B012A28BF9A42F7D0D01A704703467B
:105A500011F8012B03F8012B002AF9D170470346F6
:105A600013F8012B002AFBD1181A0138704710B522
:105A70006AB10139841810F8013B11F8012F9342E3
:105A800003D1A04201D0002BF5D1981A10BD1046C9
:105A9000FCE770B50139044602B970BD234611F820
:105AA000015F03F8015B561E2DB91444A342F4D0E4
:105AB00003F8015BFAE71C463246EDE710B50346F2
:105AC00001448B4202D01A785C1C0AB9181A10BD26
:105AD0002346F6E710B50446FEF7D2FF204443788C
:105AE00003F00303012B08BF2034204610BD30B55E
:105AF000141E05469BB0184605DA8B232B604FF029
:105B0000FF301BB030BD4FF40273ADF80C3014BF42
:105B100004F1FF332346029305934FF6FF73009180
:105B20000491ADF80E3002461E9B6946284601F0EE
:105B300075FC431CBCBF8B232B60002CE1D0009B69
:105B400000221A70DDE7000007B5009313460A46ED
:105B5000014603480068FFF7CAFF03B05DF804FB85
:105B600040620020F8B50E461446054618B1836918
:105B70000BB900F0F9FF214B9C422AD16C68A36954
:105B8000A360A3891A072ED5236963B3236920680C
:105B9000C01A6369F6B28342374604DC21462846C0
:105BA00000F078FF28BBA368013BA36023685A1C60
:105BB00022601E7063690130834204D0A389DB0731
:105BC00019D50A2E17D12146284600F063FF90B15F
:105BD0000FE00B4B9C4201D1AC68D0E7094B9C42D3
:105BE00008BFEC68CBE72146284600F01BF80028E8
:105BF000CCD04FF0FF373846F8BD00BF8CD705003A
:105C0000ACD705006CD7050049B1FF2A85BF8A23B0
:105C100003600A704FF0FF3098BF012070470846BC
:105C200070470000324B70B51D6806460C4625B122
:105C3000AB6913B9284600F097FF2E4B9C420FD159
:105C40006C68B4F90C309AB215072CD4D00611D474
:105C50000922326043F04003A3814FF0FF303EE061
:105C6000254B9C4201D1AC68EBE7244B9C4208BF1A
:105C7000EC68E6E7510712D5616B41B104F14403CA
:105C8000994202D03046FEF7C5FF00236363A38923
:105C900023F02403A3810023636023692360A38985
:105CA00043F00803A38123694BB9A38903F420734C
:105CB000B3F5007F03D02146304601F011F8A289E8
:105CC00012F001030CD00023A36063695B42A3615F
:105CD000236953B9B4F90C3013F08000BAD170BD08
:105CE000920758BF6369A360F2E70020F7E700BF9F
:105CF000406200208CD70500ACD705006CD70500AA
:105D00002DE9F74F03690C69A3428046C0F28280F7
:105D1000013C01F114074FEA840C00F1140657F816
:105D2000245056F8240006EB0C03013507EB0C0950
:105D30000193B0FBF5F595B34FF0000A3846B6462F
:105D4000D34650F8042B93B205FB03A34FEA134A42
:105D50009BB2ABEB0303120CDEF800B005FB02A212
:105D600013FA8BF34FEA124A1FFA82FBDEF8002087
:105D7000CBEB124202EB23429BB243EA0243814542
:105D80004FEA224B4EF8043BDBD256F80C3033B9C5
:105D9000019B043B9E421A4630D3C8F8104040464F
:105DA00001F0F6F9002825DB013530464FF0000CF4
:105DB00057F8042BD0F800E093B2ACEB0303120CBD
:105DC00013FA8EF3C2EB1E4202EB23429BB243EA6C
:105DD0000243B9454FEA224C40F8043BE8D256F85A
:105DE000242006EB84032AB9043B9E421A460BD3B7
:105DF000C8F81040284603B0BDE8F08F1268043B95
:105E0000002ACAD1013CC5E71268043B002AEFD141
:105E1000013CEAE70020EEE72DE9F04F57EC106B6C
:105E200097B0456A069104460B921293DDF8808084
:105E3000CDE900673DB91020FAF7A0FA6062C0E929
:105E400001550560C560636A196851B15A684A60B6
:105E5000012393408B60204600F0B8FF636A002264
:105E60001A603B1EBBBF23F00043019300230122B5
:105E7000ACBFC8F80030C8F80020AF4BDDF8048094
:105E800033EA080314D1129A42F20F731360009B95
:105E900023B9C8F31300002800F04285219BDFF8E6
:105EA000ACB2002B00F044850BF1030300F03EBDC3
:105EB000DDE90067002200233046394601F0AEFCE0
:105EC000814668B1129A01231360219B002B00F0D8
:105ED00024859A4B219A03F1FF3B136000F028BD03
:105EE00014AA15A947EC106B204601F0C8F9C8F3B5
:105EF0000A550490002D7CD0C7F3130343F07F5B59
:105F0000B2464BF4401BA5F2FF35CDF84C90002271
:105F10008B4B50465946FDF783FF81A3D3E90023FD
:105F2000FEF736F980A3D3E90023FDF77BFF064691
:105F300028460F46FEF7C2F87DA3D3E90023FEF7FB
:105F400027F902460B4630463946FDF76BFF0646F9
:105F50000F4601F0ABFC0022824600233046394652
:105F600001F066FC48B15046FEF7A8F832463B46C1
:105F700001F054FC08B90AF1FF3ABAF1160F59D8EA
:105F8000704901EBCA01DDE90023D1E9000101F00C
:105F90006DFC002850D00AF1FF3A00230F93149BA8
:105FA0005D1BB5F1010849BFC5F10103002305934D
:105FB0004FF0000858BF0593BAF1000F3EDB0023F5
:105FC000D044CDF838A00793069B092B00F29080AF
:105FD000052BC4BF043B0693069BA3F10203CCBF71
:105FE00000250125032B00F28F80DFE803F07D7F81
:105FF0003171DDE914531D4405F23240202813DDD0
:10600000C0F14000009B08FA00F805F2124023FAA4
:1060100000F048EA0000FEF741F801238246A1F1B2
:10602000F87B013D139372E7009BC0F1200003FA57
:1060300000F0F0E70123B1E70F90B0E7059BA3EB79
:106040000A030593CAF10003079300230E93BBE7ED
:1060500001230A930B9B002B59DD02939946666A34
:1060600000227260042202F114009842716853D930
:10607000204600F077FE636A3060B9F10E0FD3F866
:1060800000B000F2E680002D00F0E3809DED007B83
:10609000BAF1000F8DED107B74DD2A4A0AF00F0370
:1060A00002EBC30393ED007B4FEA2A16F0068DED59
:1060B000087B65D5244BDDE91001D3E90823FEF701
:1060C00091F9CDE9000106F00F0603251E4F4CE0C3
:1060D00001230A930B9B534403F1010902934B469E
:1060E000012BB8BF0123BAE70023B2E70023F0E792
:1060F0000125002306930A954FF0FF33029399463A
:10610000002212230B92AAE701230A93F4E701234A
:10611000029399461A46F5E7013171605200A2E7F1
:1061200061436F63A787D23FB3C8608B288AC63F9D
:10613000FB799F501344D33F0000F07F38D6050011
:106140000000F83FF8D70500D0D7050065D7050057
:10615000F10708D5DDE90801D7E90023FEF718F8B3
:10616000CDE90801013576100837002EF0D1DDE9C0
:106170000823DDE90001FEF735F9CDE900011AE059
:106180000225A3E700F0A080CAF100069F4BA04FB4
:1061900006F00F0203EBC203D3E90023DDE910018F
:1061A000FDF7F6FFCDE90001361100230225002E90
:1061B0007FD1002BE1D10F9B002B00F08780DDE920
:1061C00000670022934B3046394601F031FB00282E
:1061D0007CD0B9F1000F79D0029B002B35DD0AF19C
:1061E000FF330893394600228B4B3046FDF7D0FF32
:1061F000CDE90001029F01352846FDF75FFFDDE98B
:106200000023FDF7C5FF0022844BFDF70BFE05467A
:10621000A1F15076002F5DD10022814BDDE9000114
:10622000FDF7FEFD2A463346CDE9000101F01EFBD5
:10623000002840F088822A4606F10043DDE900018B
:1062400001F0F6FA002840F07C82DDE91023CDE968
:106250000023159B002BC0F25081BAF10E0F00F302
:106260004C816A4B03EBCA0393ED007B0B9B002B25
:106270008DED027B80F2D880B9F1000F00F3D4805D
:1062800040F05E820022664B51EC170BFDF780FF59
:10629000DDE9002301F0E0FA4F464E46002840F0C9
:1062A000348231230BF101058BF800300AF1010A29
:1062B0002FE2F20705D5D7E90023FDF769FF013585
:1062C00001237610083772E7022574E7CDF820A085
:1062D0004F4691E74D4B03EBC70353E902010A9B7D
:1062E000002B47D002460B4600204E49FEF77AF8B5
:1062F0002A463346FDF794FDCDE90C015D46DDE904
:10630000000101F0D3FA0646FDF7D8FE02460B461F
:10631000DDE90001FDF784FD303605F8016BDDE9AC
:106320000C23CDE9000101F083FA002863D1DDE9F7
:10633000002300203749FDF773FDDDE90C2301F050
:1063400077FA002840F0B780A5EB0B039F427FF758
:106350007CAF0022304BDDE90C01FDF719FF002274
:10636000CDE90C012C4BDDE90001FDF711FFCDE972
:106370000001C4E72A463346FDF70AFFCDE90C01C8
:106380000BEB07055E46DDE9000101F08FFA0746D9
:10639000FDF794FE303702460B46DDE90001FDF7BC
:1063A0003FFD06F8017BAE42CDE900014FF000024F
:1063B00026D11C4BDDE90C01FDF734FD02460B46EE
:1063C000DDE9000101F052FA002874D1DDE90C2367
:1063D00000201449FDF724FD02460B46DDE90001CB
:1063E00001F026FA00283FF430AF15F8013C302BBD
:1063F00005F1FF3202D0DDF820A04AE01546F4E7AF
:10640000054BFDF7C5FECDE90001BCE7F8D7050057
:10641000D0D705000000F03F0000244000001C40E1
:10642000000014400000E03FDDE900675D46DDE963
:10643000022330463946FDF7D5FF01F037FA804692
:10644000FDF73CFEDDE90223FDF7A2FE02460B4606
:106450003046394608F13006FDF7E2FC05F8016BDD
:10646000A5EB0B06B14502460B4639D1FDF7DAFC28
:10647000DDE9022306460F4601F0F8F9C8B9DDE967
:1064800002233046394601F0C9F910B118F0010F66
:106490000FD10499204600F099FC0023129A2B702A
:1064A0000AF101031360219B002B00F041821D6063
:1064B0003EE2CDF820A015F8012C392A05F1FF3372
:1064C00008D19B450AD1089B0133089330238BF8F0
:1064D00000305B461A7801321A708CE71D46EAE7F5
:1064E00000229B4BFDF754FE0022002306460F4678
:1064F00001F094F900289AD0CBE70A9A002A00F01C
:106500008B80069A012A6EDC139A002A67D003F268
:106510003343079F059D059A01211A4420460592A1
:10652000984400F0F3FC0646002D0CDDB8F1000F96
:1065300009DD4545059A2B46A8BF4346D21A059268
:10654000ED1AA8EB0308079BEBB10A9B002B67D061
:106550008FB131463A46204600F078FD049A014654
:106560000646204600F0DBFC04990890204600F027
:106570002DFC089B0493079BDA1B04D0049920464A
:1065800000F064FD04900121204600F0BFFC0E9B4A
:106590000746002B00F0D0811A460146204600F045
:1065A00055FD069B012B074640DC009B002B39D193
:1065B000019BC3F31303002B36D1019B23F000434F
:1065C0001B0D1B052BB1059B0133059308F1010839
:1065D000012307930E9B002B2AD1012030E0149B4E
:1065E000C3F1360395E7079B09F1FF37BB42BFBFF5
:1065F000079B0797FA1A0E9BBBBF9B180E93DF1BD6
:106600000027B9F1000FB5BF059B059DA3EB090558
:106610004B46B8BF00237EE7079F059D0A9E83E790
:10662000079AABE70023D4E7009BD2E70023079348
:106630003B6907EB8303186900F01AFCC0F12000E6
:10664000404410F01F0047D0C0F12003042B3BDD75
:10665000059BC0F11C000344059305448044059B41
:10666000002B05DD1A460499204600F03DFD0490FC
:10667000B8F1000F05DD39464246204600F034FDF2
:1066800007460F9B53B33946049800F081FD00285C
:1066900024DA00230A220499204600F0AEFB0A9B6C
:1066A00004900AF1FF3A002B00F04D81002331469F
:1066B0000A22204600F0A1FB029B002B06464FDC7D
:1066C000069B022B4CDD11E0C9D0059A1C331A44FD
:1066D00005921D449844C2E70346F6E7B9F1000F5E
:1066E00038DC069B022B35DDCDF80890029B63B9A0
:1066F00039460522204600F080FB014607460498F3
:1067000000F046FD00283FF7CCAD0B9B5D466FEADD
:10671000030A4FF000093946204600F057FB002ECF
:106720003FF4B7AEB9F1000F05D0B14503D04946EB
:10673000204600F04BFB3146204600F047FBA8E620
:1067400000273E46E1E7DDF820A03E46A9E500BF70
:10675000000024400A9BCDF80890002B00F0FA803E
:10676000002D05DD31462A46204600F0BDFC0646D8
:10677000079B002B4CD07168204600F0F3FA326979
:1067800002320546920006F10C010C30FEF707FAC2
:1067900001222946204600F0A7FC009BCDF814B04A
:1067A00003F00103B1460793064639460498FFF704
:1067B000A7FA4946054600F13008049800F0E8FCC5
:1067C000324600903946204600F0FCFCC368024681
:1067D00003BB01460890049800F0DAFC089A0346CF
:1067E00011462046089300F0F1FA089BA3B9069AD7
:1067F00092B9079A82B9B8F1390F29D0009B002BC2
:1068000001DD05F13108059B5D1C83F8008082E7FE
:106810003046C2E70123E3E7009A002A04DB25D1D2
:10682000069A1ABB079A0ABB002BECDD01220499D9
:10683000204600F059FC3946049000F0A9FC0028DD
:1068400003DCE0D118F0010FDDD0B8F1390FD8D159
:10685000059B059A5D1C3923137015F8013C392BF3
:1068600005F1FF324FD00133137054E7059A002B26
:1068700002F1010506DDB8F1390FE9D008F1010890
:10688000059BC2E7029A05F8018CA5EB0B03934226
:1068900021D000230A220499204600F0AEFAB14527
:1068A00004904FF000034FF00A024946204605D1FC
:1068B00000F0A3FA81460646059576E700F09DFABA
:1068C0003146814600230A22204600F096FA064609
:1068D000F2E74FF0000901220499204600F004FC81
:1068E0003946049000F054FC0028B6DC02D118F0C0
:1068F000010FB2D115F8013C302B05F1FF327FF4C6
:106900000AAF1546F6E7934505D131230AF1010A8E
:106910008BF80030FFE615469FE7DFF864B007E02C
:10692000219BDFF860B01BB10BF10803219A1360C3
:10693000584617B0BDE8F08F069B012B7FF735AEA8
:106940000E9B079349E6029B002B03DC069B022B60
:106950003FF7CCAE5D4639460498FFF7D1F900F118
:10696000300805F8018B029AA5EB0B039A42B0DDC3
:1069700000230A220499204600F03FFA0490EAE737
:1069800037D605005CD705008A892DE9F041054618
:1069900010070C4658D44B68002B05DC0B6C002B01
:1069A00002DC0020BDE8F081E66A002EF9D0002369
:1069B00012F480522F68216A2B6032D0606DA38957
:1069C0005A0705D56368C01A636B0BB1236CC01AF4
:1069D00000230246E66A216A2846B047431CA38981
:1069E00006D129681D2948D8294ACA40D60744D566
:1069F00000226260D9042269226004D5421C01D1C0
:106A00002B6803B96065616B2F600029C9D004F160
:106A10004403994202D02846FEF7FCF80020606348
:106A2000C0E701232846B047411CC8D12B68002B82
:106A3000C5D01D2B01D0162B01D12F60B1E7A38942
:106A400043F04003A381ADE70F69002FA9D093075E
:106A50000E6808BF4B690F6018BF0023A6EB07083C
:106A60008B60B8F1000F9CDD43463A46216AA66A66
:106A70002846B047002806DCA38943F04003A381E1
:106A80004FF0FF308EE70744A8EB0008E9E700BFAE
:106A90000100402038B50B6905460C46DBB118B142
:106AA00083690BB900F060F80C4B9C4209D16C680B
:106AB000B4F90C307BB121462846BDE83840FFF7D9
:106AC00063BF074B9C4201D1AC68F1E7054B9C4288
:106AD00008BFEC68ECE7002038BD00BF8CD705008C
:106AE000ACD705006CD70500002310B50446C0E9FB
:106AF0000033836081814366C281C0E904338361CE
:106B0000194608225C30FEF76EF8054B6362054BB0
:106B1000A362054BE362054B2462236310BD00BFF3
:106B2000097605002B76050063760500877605005B
:106B3000014900F085B800BF956A050070B54A1E8E
:106B4000682555430E4605F17401FEF7B1F8044679
:106B500040B10021C0E900160C30A06005F16802C8
:106B6000FEF741F8204670BD836910B5044633BB7B
:106B7000C0E912330365124B124A1B6882629842C5
:106B800004BF0123836100F01FF86060204600F01D
:106B90001BF8A060204600F017F80022E0600421F6
:106BA0006068FFF7A1FF01220921A068FFF79CFFA1
:106BB00002221221E068FFF797FF0123A36110BDB5
:106BC00008D60500316B0500F8B51B4B1E68B3698C
:106BD000074613B93046FFF7C7FF4836D6E90134F8
:106BE000013B03D5336833B13668F7E7B4F90C508D
:106BF0006DB16834F4E704213846FFF79FFF306039
:106C00000028F1D10C233B6004462046F8BD0B4B15
:106C10006566C4E90055A560C4E90335C4E90555B6
:106C20000822294604F15C00FDF7DDFFC4E90D559B
:106C3000C4E91255E9E700BF08D605000100FFFFCF
:106C40002DE9F8438046894600F14804002614B92E
:106C50003046BDE8F883D4E90175013F01D52468C9
:106C6000F5E7AB89012B07D9B5F90E30013303D015
:106C700029464046C84706436835EEE7044B1B6883
:106C8000186A044B002808BF1846F030704700BF50
:106C900040620020A462002070B50E46B1F90E10CB
:106CA000002996B014461D4607DA00232B60B389ED
:106CB0001A0610D44FF480630EE06A4600F00AFD15
:106CC0000028F2DB019A02F47042A2F500535A4206
:106CD0005A412A60EEE740230020236016B070BDC1
:106CE0008B8973B59D0706460C4607D504F147030B
:106CF000236023610123636102B070BD01AB6A466A
:106D0000FFF7CAFF009905463046FDF7D1FF48B9A5
:106D1000B4F90C309A05EFD423F0030343F00203D7
:106D2000A381E3E70D4BB362A389206043F08003A6
:106D3000A381009B6361019B20615BB1B4F90E10DC
:106D4000304600F0D9FC28B1A38923F0030343F0B7
:106D50000103A381A3891D43A581CDE7316B050004
:106D60007047704770B5456A04460E463DB910201D
:106D7000F9F704FB6062C0E901550560C560656A0A
:106D8000EB6883B1636ADB6853F82600B8B9012168
:106D900001FA06F56A1D92002046FDF72CFF60B14E
:106DA000C0E901650EE0212204212046FDF723FF02
:106DB000636AE860DB68002BE4D1002070BD0268E4
:106DC00043F826200023C0E90333F7E770B5446A8F
:106DD00006460D463CB91020F9F7D0FA7062C0E9BA
:106DE00001440460C4603DB1736A6A68DB6853F8AB
:106DF0002210296043F8225070BD2DE9F0410D6941
:106E00001F4606460C4601F1140C0023DCF8000076
:106E100081B202FB01710F0C000C02FB007089B201
:106E2000013301EB00419D424FEA10474CF8041B2F
:106E3000ECDCD7B1A368AB4212DC616830460131AB
:106E4000FFF790FF2269023204F10C0180469200A4
:106E50000C30FDF7A4FE21463046FFF7B7FF44464D
:106E600004EB850301355F6125612046BDE8F081B3
:106E7000020C12040346B2B90304102013F07F4F32
:106E800004BF1B02083013F0704F04BF1B01043015
:106E900013F0404F04BF9B000230002B06DB5B0069
:106EA00003D5013070470020E8E7202070470368D1
:106EB00013F0070201460BD0DA0723D4980749BF25
:106EC0005B089B0801200B605CBF0B6002207047D1
:106ED00098B2A8B91B0C102013F0FF0F04BF1B0AB7
:106EE00008301A0704BF1B0904309A0704BF9B0827
:106EF0000230DA0702D45B0806D001300B6070471D
:106F00001046E9E7002070472020704710B50C4676
:106F10000121FFF727FF01224461026110BD2DE925
:106F2000F74F14460A6923699A42B8BF0B46884650
:106F3000BCBFA0461C46D8F81070D4F81090D8F802
:106F40000830D8F8041007EB0906B342B8BF013186
:106F5000FFF708FF00F1140505EB860E2B46002213
:106F6000734516D304F1140208F1140102EB8903EE
:106F700001EB87070093009B019293420CD8002EEF
:106F800003DD5EF8043D002B5DD0066103B0BDE873
:106F9000F08F43F8042BE3E7B2F800B0BBF1000F29
:106FA00023D08946AC464FF0000859F8044BDCF872
:106FB00000A0A3B21FFA8AFA0BFB03A34FEA144AFC
:106FC000DCF8004043444FEA14480BFB0A8404EB0E
:106FD0001344E2469BB243EA04434F454FEA144848
:106FE0004AF8043B2BD8CCF80480019BB3F802A0EC
:106FF0000432BAF1000F20D02B688946A8464FF022
:10700000000BB9F800C0B8F802400AFB0C445C441D
:10701000C4469BB243EA04434CF8043B59F8043B92
:10702000B8F804B01B0C0AFB03B303EB14434F4541
:107030004FEA134B05D8C8F8043004359BE7D44613
:10704000B3E7E046DDE7013E99E700002DE9F843AC
:10705000154612F0030206460F4607D0013A214CAE
:10706000002354F82220FFF7C8FE0746AD1035D0A4
:10707000746A3CB91020F9F781F97062C0E90144E3
:107080000460C460D6F82480D8F808404CB940F2B7
:1070900071213046FFF73AFF0023C8F80800044684
:1070A00003604FF00008EB070AD539462246304608
:1070B000FFF735FF394681463046FFF787FE4F46DA
:1070C0006D100BD0206838B9224621463046FFF7B4
:1070D00026FF2060C0F800800446E4E73846BDE89B
:1070E000F88300BFC0D805002DE9F0470C464FEAF1
:1070F000621A236949680AEB0309A3680746164622
:1071000009F10105AB4232DB3846FFF72BFE0023C5
:10711000804600F114011A4653452BDB20692AEA08
:10712000EA7A04F1140316F01F0201EB8A0103EB63
:10713000800C25D0C2F1200E00201E688A469640A1
:1071400030434AF8040B53F8040B9C4520FA0EF028
:1071500014D8486008B109F10205013D3846C8F865
:1071600010502146FFF732FE4046BDE8F08701315E
:107170005B00C7E741F823200133CDE75146DCE748
:10718000043953F8042B41F8042F9C45F9D8E4E75F
:1071900003690A699B1A30B50CD19200143014317E
:1071A0008418114454F8045D51F8042D954203D01D
:1071B00005D30123184630BDA042F3D3FAE74FF0C0
:1071C000FF33F7E72DE9F0470D46074611462846FD
:1071D0001446FFF7DDFF061E08D131463846FFF79B
:1071E000C1FD0123C0E90436BDE8F087A4BF2346F2
:1071F0002C4638466168A6BF1D4600260126FFF7CB
:10720000B1FD2B69C660266905F1140904F1140269
:1072100002EB860709EB830800F114054FF0000E1E
:1072200052F804AB59F8044B1EFA8AF1A3B2C91AFA
:10723000230CC3EB1A4303EB214389B24FEA234EDD
:10724000C84541EA0343944645F8043BE8D8BC45A9
:1072500004D355F8043D83B10661C5E75CF8041B0F
:107260001EFA81F31A1402EB11429BB243EA024365
:107270004FEA224E45F8043BE9E7013EE9E72DE9F4
:10728000F7430E46012159EC108B1546FFF76AFDB6
:10729000C9F30A540746C9F3130334BB0193B8F189
:1072A000000327D002A840F8083DFFF700FE009930
:1072B000F0B1019AC0F1200302FA03F30B43C2407C
:1072C0007B610192019BBB61002B14BF0221012154
:1072D0003961C4B1A4F2334404443460C0F13500D0
:1072E0002860384603B0BDE8F08343F48013D5E747
:1072F0007961E7E701A8FFF7DAFD019B7B610121D6
:1073000039612030E5E707EB8103A0F232403060BD
:107310001869FFF7ADFDC0EB4110E1E7F8B507468E
:1073200014460E4621B91146BDE8F840FDF7C0BC31
:1073300022B9FDF76FFC25462846F8BD00F0FEF99E
:10734000A0420FD221463846FDF7B2FC0546002880
:10735000F2D031462246FDF722FC31463846FDF791
:1073600059FCE9E73546E7E72DE9F0478E689E428C
:1073700082460C469046994637D88A8912F4906F17
:1073800031D0256809696F1A6569022305EB450547
:1073900095FBF3F509F101033B449D4238BF1D46BF
:1073A000530530D52946FDF783FC064650B90C231A
:1073B000CAF80030A38943F04003A3814FF0FF30A7
:1073C000BDE8F0873A462169FDF7E9FBA38923F47C
:1073D000906343F08003A381266165613E44ED1B09
:1073E0002660A5604E464E4500D94E46324641467F
:1073F0002068FDF7DFFBA3689B1BA36023681E4486
:1074000026600020DCE72A46FFF788FF06460028B2
:10741000E2D121695046FDF7FDFBC8E72DE9F04FA9
:107420009DB0804603938B891D060C4616460FD5EA
:107430000B696BB94021FDF73BFC2060206128B946
:107440000C23C8F800304FF0FF30C7E040236361E1
:107450000023099320238DF8293030238DF82A301A
:107460004FF0010B37463D4615F8013B0BB1252B7C
:107470003ED1B7EB060A0BD0534632462146404672
:10748000FFF772FF013000F0A480099B5344099379
:107490003B78002B00F09D8000234FF0FF32CDE9B8
:1074A0000523049307938DF853301A932F46052232
:1074B00017F8011B4F48FDF713FB049BD0B9D90601
:1074C00044BF20228DF853201A0744BF2B228DF889
:1074D00053202A782A2A15D0079A2F4600200A25F9
:1074E000394611F8013B303B092B4DD9B8B10FE0BB
:1074F0002F46B8E73F4A801A0BFA00F01843049071
:107500003D46D3E7039A111D12680391002A01DB5F
:10751000079204E0524243F00203079204933B783F
:107520002E2B0CD17B782A2B33D1039B1A1D1B6881
:107530000392002BB8BF4FF0FF33023705932E4D57
:10754000397803222846FDF7CBFA38B14023401B97
:1075500003FA00F0049B034301370493397827486A
:107560008DF8281006227E1CFDF7BAFA002838D0C4
:10757000234B13BB039B073323F007030833039309
:10758000099B4B4409936DE705FB023201200F462E
:10759000A6E700230137059319460A25384610F857
:1075A000012B303A092A03D9002BC8D00591C6E730
:1075B00005FB012101230746F0E703AB00932246B8
:1075C000104B04A94046FDF79FFDB0F1FF3F8146F7
:1075D000D6D1A3895B063FF536AF09981DB0BDE84B
:1075E000F08F03AB00932246064B04A94046FEF7FA
:1075F00041F8EAE716D605001CD6050020D605009E
:10760000095105006973050010B50C46B1F90E105B
:1076100000F09CF80028ABBF636DA3891B1823F40E
:107620008053ACBF6365A38110BD2DE9F0411F46B7
:107630008B89DB0505460C46164605D5022300223C
:10764000B1F90E1000F068F8A389B4F90E1023F414
:107650008053A38132463B462846BDE8F04100F006
:1076600017B810B50C46B1F90E1000F055F8431CD0
:10767000A38915BF606523F4805343F48053A3812D
:1076800018BFA38110BDB1F90E1000F013B80000AF
:1076900038B5074C054608461146002222601A46B6
:1076A000FBF720F9431C02D1236803B12B6038BDDE
:1076B0005CC0002038B5064C002305460846236010
:1076C00000F01CF9431C02D1236803B12B6038BDC4
:1076D0005CC0002038B5074C00230546084611461B
:1076E000236000F013F9431C02D1236803B12B601F
:1076F00038BD00BF5CC0002038B5064C00230546ED
:107700000846236000F012F9431C02D1236803B13C
:107710002B6038BD5CC0002038B5074C05460846D4
:107720001146002222601A4600F010F9431C02D1D3
:10773000236803B12B6038BD5CC0002051F8043CC5
:10774000181F002BBCBF0B58C018704738B5074C2A
:10775000054608461146002222601A4600F0FEF84F
:10776000431C02D1236803B12B6038BD5CC00020EC
:107770004FF0FF3C06E000BF4FF0010C02E000BFFD
:107780004FF0010C4DF804CD4FEA410C7FEA6C5CE0
:107790004FEA430C18BF7FEA6C5C1BD001B050EA83
:1077A000410C0CBF52EA430C91EA030F02BF90EA6E
:1077B000020F0020704710F1000F91EA030F58BF2D
:1077C000994208BF90422CBFD8176FEAE37040F08F
:1077D000010070474FEA410C7FEA6C5C02D150EA2D
:1077E000013C07D14FEA430C7FEA6C5CD6D152EAE8
:1077F000033CD3D05DF8040B704700BF84461046AD
:1078000062468C461946634600E000BF01B5FFF7AB
:10781000B7FF002848BF10F1000F01BD4DF808ED7B
:10782000FFF7F4FF0CBF012000205DF808FB00BF4C
:107830004DF808EDFFF7EAFF34BF012000205DF8A6
:1078400008FB00BF4DF808EDFFF7E0FF94BF0120F3
:1078500000205DF808FB00BF4DF808EDFFF7CEFFF4
:1078600094BF012000205DF808FB00BF4DF808ED33
:10787000FFF7C4FF34BF012000205DF808FB00BF04
:107880004FEA410C7FEA6C5C02D150EA013C0AD11C
:107890004FEA430C7FEA6C5C02D152EA033C02D10E
:1078A0004FF0000070474FF0010070474FEA41026F
:1078B00012F5001215D211D56FF47873B3EB625242
:1078C00012D94FEAC12343F0004343EA505311F069
:1078D000004F23FA02F018BF404270474FF00000FB
:1078E000704750EA013005D111F0004008BF6FF039
:1078F000004070474FF00000704700BF024B582215
:107900001A604FF0FF3070475CC00020024B5822D5
:107910001A604FF0FF3070475CC00020024B5822C5
:107920001A604FF0FF3070475CC00020024B5822B5
:107930001A600020704700BF5CC00020024B582234
:107940001A604FF0FF3070475CC00020024B582295
:107950001A604FF0FF3070475CC00020024B582285
:107960001A604FF0FF3070475CC00020FEE700BF98
:10797000F8B500BFF8BC08BC9E467047F8B500BF1C
:10798000F8BC08BC9E46704754696E795553422036
:1079900053657269616C0000000000000000000087
:1079A0003165020089630200796302006D630200A1
:1079B000F16202003D63020011630200D163020024
:1079C000F0FFFFFF00000000296502001201000225
:1079D000000000409A2329800001010203010000F9
:1079E00009020900000100A03200000030313233EA
:1079F00034353637383941424344454652414B7756
:107A00006972656C657373005769734D6573682D92
:107A10006F70656E486F702D45746865726E657421
:107A20000000000041646166727569740000000026
:107A30004D6173732053746F7261676500000000BD
:107A4000312E30007573626400000000050F3900AC
:107A5000021810050038B60834A909A0478BFDA00C
:107A6000768815B665000101011C100500DF60DD98
:107A7000D88945C74C9CD2659D9E648A9F000003AF
:107A800006B20002000103000000000019700200AD
:107A9000A9700200D57002001D7102002972020057
:107AA000FD7202000000000000000000757D020071
:107AB00000000000857D0200957D02002D7E020001
:107AC0007D7F02000000000000000000B57402008D
:107AD000CD740200D1740200E9740200B175020095
:107AE000D97702000000000000000000758C020041
:107AF000998C02009D8C0200C18C0200E98D02006D
:107B00006995020000000000000000009978020062
:107B100009790200357902005D790200917A02004C
:107B2000957A020000000000000000004D8602006F
:107B3000A5860200C1860200E58602003D6D0200B6
:107B40001D880200000000005F757362645F71644D
:107B5000656600005A00000042617369630000001E
:107B600025733A25730000005472616E7366657266
:107B70002D456E636F64696E67000000436F6E741D
:107B8000656E742D4C656E6774680000474554003F
:107B9000504F535400000000485454502F312E30A1
:107BA00000000000485454502F312E3100000000D6
:107BB000000000000000000089E402008DE50200E2
:107BC000D9760400E5900400259104006591040035
:107BD0008DE4020045A9040065740400F9A80400BE
:107BE0007D7004007D72040011730400956E040022
:107BF000816E0400DD5C0400B59B0400E197040085
:107C000065A004004DA3040029A40400415D040004
:107C1000A15C0400D1A00400119B04008D9C040011
:107C2000619E0400857104006171040021710400EB
:107C30000D6C0400A1780400D56D0400E56E04000D
:107C4000CD6E0400F56D0400C57104009D70040044
:107C5000F5730400CD6B0400A1750400116F0400DE
:107C6000016E04005170040069A80400B1A804006A
:107C700069980400B198040069980400B198040060
:107C800069980400B1980400816804004D6E0400F6
:107C9000217C0400D96F0400096E04005197040090
:107CA00081970400E5980400A1970400B5930400AF
:107CB000316704008165040059610400F563040024
:107CC000015F04008D6204002D600400A55D0400C6
:107CD000847D0500C08005000C8305002A262E2F18
:107CE0002B2D2C00FF000000FFFF0100FF01FFFF14
:107CF000FFFFFFFFFFFFFFFF01FF01FF010000008B
:107D000005FF01000000000000020000B80B0000A9
:107D10000C000000AD000000640000000800C40971
:107D2000881305FF160100006666E63F8C0001011E
:107D3000010000FFFF01FFFF00100E00FFFF000029
:107D400080250000FF01FF00000100FFFFFFFF0092
:107D50000000000000000000000000000000000023
:107D60000000FFFF000000002501FF00FF00FF00F2
:107D700001FF010000FF0101000000000000000001
:107D8000FFFF000052414B34363331205769734DA9
:107D90006573682045746865726E65740000000044
:107DA0006170706C79436F6E66696720626F617293
:107DB000643D25732066773D2573207077725F726E
:107DC00065713D2564207077723D2564206D617872
:107DD0003D2564207365744F7574707574506F77AA
:107DE00065723D2564206F63705F6265666F7265C2
:107DF0003D25646D41206F63705F61667465723DFF
:107E000025646D41000000006167632E7265736533
:107E1000742E696E74657276616C20666972656431
:107E2000206166746572202575207300657468652D
:107E3000726E6574000000002D2D2D004F4E000065
:107E40004F4646006175746F2D4341443A20636884
:107E5000616E6E656C2062757379206166746572FF
:107E600020726574726965732C2061626F72742070
:107E70005458000054585F52455155455354206C96
:107E8000656E3D2575207372633D257520737461A1
:107E900074653D25640000007374617274547261EE
:107EA0006E736D69742829206661696C65642C2085
:107EB00073746174653D25640000000054585F448C
:107EC0004F4E452061697274696D653D256C752062
:107ED00075732C2073656E742076696120737263EC
:107EE0003D257500545820686172642074696D6581
:107EF0006F7574202825752062797465732C206451
:107F0000696F315F64656C74613D256C752920E291
:107F1000809420726573657474696E672072616401
:107F2000696F0000434144204952512074696D65D6
:107F30006F757420E2809420726573657474696E45
:107F40006720726164696F005345545F434F4E462A
:107F500049472072656376207372633D2575206200
:107F60006F6172643D25732066773D2573206672CC
:107F700065713D256C752062773D256C75207366B3
:107F80003D25752063723D2575207077725F72659F
:107F9000713D25642073796E633D30782530345807
:107FA000207072653D2575006175746F2D434144E5
:107FB00020257300646973706C6179206E616D6552
:107FC00020E28692202725732700000072616469F1
:107FD0006F205354414E444259000000726164695D
:107FE0006F20524553554D4520286F6B3D25642920
:107FF00000000000454E5445525F424F4F544C4FD5
:10800000414445522072657175657374656420E260
:10801000809420656E746572696E672055534220A6
:1080200073657269616C2044465520626F6F746C91
:108030006F616465720000004F54415F42454749DB
:108040004E20726563656976656420E280942066DF
:108050006C61736820777269746572206E6F74202A
:10806000696D706C656D656E746564006672616DD6
:1080700065207061727365206572726F722030784E
:108080002530325820287372633D25752900000081
:10809000494E464F000000004552522000000000AB
:1080A0005741524E000000005B25735D2025730A86
:1080B0000000000076312E342E3000002D0000002C
:1080C00072616B343633315F7769736D6573685FE6
:1080D000657468005B424F4F545D20726573657430
:1080E0005F726561736F6E3D256420282573290AD0
:1080F00000000000726164696F2E626567696E201E
:108100006E73733D25642064696F313D2564207270
:1081100073743D256420627573793D256420737006
:10812000693D2825642C25642C2564290000000065
:10813000726164696F2E626567696E2028544358C6
:108140004F3D252E3166205629202D3E20256400E6
:108150005B424F4F545D2053583132363220696EA6
:108160006974206661696C656420E2809420636FA5
:108170006E74696E75696E672077697468205769D7
:108180002D46692F636F6E66696720706F72746128
:108190006C206F6E6C7900005B494E464F5D20731A
:1081A000657444696F3241735266537769746368CA
:1081B000287472756529202D3E2025640A00000070
:1081C0005B494E464F5D2073657443757272656EF0
:1081D000744C696D6974282564206D4129202D3EF9
:1081E0002025640A000000005B494E464F5D207365
:1081F00065745278426F6F737465644761696E4D40
:108200006F6465287472756529202D3E2025640AE7
:10821000000000005B494E464F5D20535831323616
:108220007820726567697374657220706174636821
:1082300020307830384235202D3E2025640A000059
:1082400044494F312049525120617474616368651B
:1082500064206F6E204750494F2564005B4E4554A3
:108260005D2045746865726E6574206C696E6B2064
:10827000757020E280942057692D46692077696CDB
:108280006C20626520736B6970706564000000008B
:108290005B4E45545D206E6F2045746865726E6557
:1082A00074206C696E6B20E28094206B6565706948
:1082B0006E672057353130305320616374697665BD
:1082C00020666F72206C696E6B2F44484350207299
:1082D00065747279000000005B424F4F545D206668
:1082E00069726D77617265202573206F6E2025732A
:1082F00020726561647920286C6F6F702057445438
:1083000020257573290A00003F0000006F70656E1C
:10831000686F702D72616B65746800004F4843464A
:108320006F70656E686F7000253032583A253032B4
:10833000583A253032583A253032583A253032589A
:108340003A253032580000006F70656E686F702DEE
:1083500072616B343633312D6574680025732D25B9
:108360003032782530327825303278005B4346470A
:108370002F52414B5D20636F6E66696720666C61AA
:1083800073682064697361626C65643A2061737913
:108390006E6368726F6E6F757320536F6674446599
:1083A00076696365206576656E74732061726520F9
:1083B000756E617661696C61626C65005B4346470E
:1083C0002F52414B5D20636F6E66696720666C615A
:1083D00073682072656164206661696C65643B2026
:1083E0007573696E672073616665206275696C6478
:1083F0002064656661756C74730000005B434647DA
:108400002F52414B5D206E6F2070657273697374DB
:1084100065642045746865726E657420636F6E666E
:1084200069673B207573696E67206275696C6420AB
:1084300064656661756C7473000000005B434647B9
:108440002F52414B5D2070657273697374656420AF
:1084500045746865726E657420636F6E6669672027
:108460006C6F6164656400000000000000000000A3
:10847000251A0300291A0300611B0300391A03009F
:108480001D1B03004F4843536E6F7420666F756E5B
:1084900064000000687474703A2F2F0063726F7369
:1084A000732D6F726967696E20726571756573747B
:1084B0002072656A65637465640000002F646675E8
:1084C0002F626C6500000000424C45204446552058
:1084D00072657175657374206D757374206E6F7439
:1084E00020696E636C756465206120626F64790039
:1084F0007B22737461747573223A22656E7465729F
:10850000696E675F626C655F646675222C226164C8
:1085100076657274697365735F6173223A223436CB
:1085200033315F444655227D000000002F617069A1
:108530002F7265626F6F74007265626F6F74207264
:10854000657175657374206D757374206E6F74201A
:10855000696E636C756465206120626F64790000E8
:108560007B22737461747573223A227265626F6F35
:1085700074696E67227D00002F686F73746E616D81
:10858000650000002F746F6B656E00002F617574BD
:10859000680000002F6170692F636F6E6669670065
:1085A00070617373776F726420636F6E6669726D4A
:1085B0006174696F6E206D69736D6174636800002A
:1085C000696E76616C69642070617373776F726431
:1085D00000000000636F6E6669726D00746F6B65FA
:1085E0006E20636F6E6669726D6174696F6E206D67
:1085F00069736D6174636800696E76616C6964208B
:10860000746F6B656E0000007573655F73746174E1
:1086100069635F6970000000747275650000000096
:1086200066616C73650000007375626E65740000AE
:1086300067617465776179006170706C69636174FA
:10864000696F6E2F782D7777772D666F726D2D7528
:10865000726C656E636F64656400000073746174AE
:108660006963000069700000736E000067770000A6
:10867000646E733100000000646E7332000000000D
:10868000696E76616C696420666F726D20666965DB
:108690006C647300696E76616C6964205443502089
:1086A000706F727400000000696E76616C696420FE
:1086B000737461746963206E6574776F726B000008
:1086C000696E76616C696420686F73746E616D6544
:1086D000000000006170706C69636174696F6E2FD7
:1086E0006A736F6E000000007463705F746F6B6577
:1086F0006E0000007463705F706F727400000000A1
:108700006E6574776F726B00756E737570706F72D3
:1087100074656420636F6E74656E7420747970651F
:1087200000000000696E76616C6964204A534F4E08
:1087300020636F6E66696775726174696F6E0000A1
:108740007B22737461747573223A22736176656457
:10875000222C227265626F6F74696E67223A74729E
:1087600075652C22636F6E666967223A7B00000094
:1087700022686F73746E616D65223A2200000000FA
:10878000222C227463705F706F7274223A000000B2
:10879000256400002C227463705F746F6B656E5FDC
:1087A000736574223A0000002C226770735F656E57
:1087B00061626C6564223A007D7D00006170706CBE
:1087C00069636174696F6E2F6A736F6E3B206368B3
:1087D00061727365743D7574662D38007B22657215
:1087E000726F72223A22000062617369635F737470
:1087F00072696E673A3A617070656E6400000000DD
:10880000696E76616C696420636F6E666967757204
:108810006174696F6E000000636F6E6669677572E0
:108820006174696F6E2073617665206661696C653D
:10883000640000007B22737461747573223A2273A2
:1088400061766564222C227265626F6F74696E674F
:10885000223A747275657D007B227374617475733E
:10886000223A227361766564222C227265626F6FF0
:1088700074696E67223A66616C73657D0000000062
:108880006770735F656E61626C656400756E7375A9
:1088900070706F727465642047505320636F6E660A
:1088A000696775726174696F6E000000696E766148
:1088B0006C6964204750532076616C756500000038
:1088C00062617369635F737472696E673A3A5F4D90
:1088D0005F6372656174650062617369635F73747D
:1088E00072696E673A3A5F4D5F636F6E737472754B
:1088F0006374206E756C6C206E6F742076616C6989
:108900006400000062617369635F737472696E670B
:108910003A3A5F4D5F7265706C61636500000000FC
:108920000000000000000000000000000000000047
:108930000000000000000000726574727900000001
:10894000756E6B6E6F776E00646F776E000000005F
:10895000757000005B4554485D2057353130305309
:1089600020696E697420686F73743D25732063738A
:108970003D2564207077723D2564207273743D2517
:1089800064206D61633D253032583A253032583AC3
:10899000253032583A253032583A253032583A2567
:1089A000303258206C696E6B3D25730A0000000060
:1089B0005B4554485D206E6F20757361626C652065
:1089C0006C696E6B20617420626F6F743B20444849
:1089D000435020646566657272656420756E7469C3
:1089E0006C206C696E6B206973207570000000004C
:1089F000696E697469616C005B4554485D20444848
:108A000043502025732074696D656F75743D256C26
:108A1000756D7320726573706F6E73653D256C752F
:108A20006D730A005B4554485D2044484350206CF8
:108A3000656173652025730A000000005B4554489A
:108A40005D2044484350206661696C65643B207436
:108A500072616E73706F72742072656D61696E738E
:108A6000206F66666C696E6520756E74696C207225
:108A7000657472792F73746174696320636F6E66B5
:108A8000696700005B4554485D20737461746963D5
:108A90002066616C6C6261636B2064697361626CF7
:108AA00065643B2077696C6C207265747279204430
:108AB000484350207768696C65206C696E6B20694B
:108AC00073207570000000005B4554485D206C6F9A
:108AD00063616C204950202573206C696E6B3D25C5
:108AE0007320757361626C653D25750A0000000096
:108AF00025752E25752E25752E2575005B54435042
:108B00002F4554485D20495020726573746F72651B
:108B1000643B206C697374656E6572207265737452
:108B200061727465640000005B5443502F455448E3
:108B30005D2072656A656374696E67206E6F6E2D65
:108B40004C414E20636C69656E742025752E257529
:108B50002E25752E25750A005B5443502F45544829
:108B60005D20616363657074656420636C69656E24
:108B7000742025752E25752E25752E257520282304
:108B8000256C752C20617574683D2573290A0000D9
:108B90007265717569726564000000005B54435032
:108BA0002F4554485D206C697374656E696E67204B
:108BB0006F6E20257520617574683D25730A00006D
:108BC0005B5443502F4554485D20545820717565BF
:108BD0007565206F766572666C6F773B20636C6F8E
:108BE00073696E6720636C69656E74005B544350F3
:108BF0002F4554485D206672616D65207061727307
:108C000065206572726F72203078253032580A0004
:108C10005B5443502F4554485D205458207175656E
:108C2000756520627573793B20636C6F73696E673D
:108C300020636C69656E74005B5443502F45544843
:108C40005D20646973636F6E6E6563742061757413
:108C5000683D2575206672616D65733D256C750AEA
:108C6000000000005B5443502F4554485D2066725D
:108C7000616D6520636D643D307825303258206C1D
:108C8000656E3D257520617574683D25750A000087
:108C90005B5443502F4554485D20617574682072C1
:108CA000656A6563746564005B5443502F4554489E
:108CB0005D2061757468204F4B0000006C6973740F
:108CC000656E696E67000000636F6E6E6563746544
:108CD000640000005374616E6462790052582F4939
:108CE000646C65004F66666C696E650053746F63F3
:108CF0006B2052414B343633312F416461667275BB
:108D00006974206E5246353220626F6F746C6F61E9
:108D1000646572207374616765642D696D61676550
:108D200020696E7374616C6C6174696F6E20697315
:108D300020696E636F6D70617469626C65206F721B
:108D400020756E76657269666965643B2045746856
:108D500065726E6574204F54412072656D61696E55
:108D6000732064697361626C65642E20557365209D
:108D700074686520626F61726427732055534220C6
:108D800073657269616C2044465520626F6F746C24
:108D90006F61646572207265636F766572792070A9
:108DA0006174682E000000005757572D4175746894
:108DB000656E7469636174653A204261736963200A
:108DC0007265616C6D3D226F70656E486F70204DED
:108DD0006F64656D220D0A004261642052657175F1
:108DE00065737400556E617574686F72697A656435
:108DF00000000000466F7262696464656E000000E6
:108E00004E6F7420466F756E640000004D65746887
:108E10006F64204E6F7420416C6C6F776564000046
:108E2000526571756573742054696D656F75740052
:108E30005061796C6F616420546F6F204C61726770
:108E400065000000556E737570706F7274656420F4
:108E50004D6564696120547970650000496E7465E0
:108E6000726E616C20536572766572204572726F06
:108E7000720000005365727669636520556E6176F5
:108E800061696C61626C65004F4B00007B2265720A
:108E9000726F72223A22726573706F6E73652074FE
:108EA0006F6F206C61726765227D000048545450DA
:108EB0002F312E312025642025730D0A436F6E74E7
:108EC000656E742D547970653A2025730D0A436FD1
:108ED0006E74656E742D4C656E6774683A20256CEF
:108EE000750D0A436F6E6E656374696F6E3A206329
:108EF0006C6F73650D0A257343616368652D436F5D
:108F00006E74726F6C3A206E6F2D73746F72650D94
:108F10000A0D0A00746578742F68746D6C3B2063C9
:108F20006861727365743D7574662D3800000000C9
:108F3000436F6E74656E742D547970650000000087
:108F40004F726967696E0000486F7374000000001B
:108F50002F0000002F6170692F74656D7000000094
:108F60002F6170692F73797374656D002F6170695B
:108F70002F726164696F00002F6170692F6E6574D4
:108F8000776F726B000000002F6170692F7374613E
:108F9000747300002F6170692F6770730000000008
:108FA0002F757064617465005B485454502F4554AC
:108FB000485D20495020726573746F7265643B2070
:108FC000706F7274203830206C697374656E6572CE
:108FD0002072657374617274656400004175746811
:108FE0006F72697A6174696F6E00000061646D6907
:108FF0006E00000061757468656E74696361746900
:109000006F6E207265717569726564007265717545
:1090100065737420646561646C696E65206578634E
:109020006565646564000000626164207265717545
:10903000657374006D6574686F64206E6F74206171
:109040006C6C6F77656400007061796C6F6164208F
:10905000746F6F206C6172676500000072657175D6
:109060006573742074696D656F7574004574686507
:10907000726E6574207265636569766520737461CC
:109080006C6C6564000000004C414E2061636365B8
:109090007373206F6E6C79005B485454502F4554A5
:1090A000485D20706F7274203830206C697374656D
:1090B0006E657220696E697469616C697A65643B7A
:1090C0002045746865726E6574204F544120646950
:1090D0007361626C6564000026616D703B00000086
:1090E000266C743B000000002667743B0000000003
:1090F0002671756F743B0000262333393B00000056
:109100005C2200005C5C00005C6E00005C72000091
:109110005C7400005C6200005C6600005C753030CE
:10912000000000006E756C6C000000002200000062
:109130003C64697620636C6173733D276B76273ED0
:109140003C7370616E20636C6173733D276B273EC7
:10915000000000003C2F7370616E3E3C7370616EC6
:1091600020636C6173733D2776273E003C2F73703C
:10917000616E3E3C2F6469763E0000007B22656E86
:1091800061626C6564223A002C22617661696C61CF
:10919000626C65223A0000002C227365656E223AEB
:1091A000000000002C22666978223A7B2276616CEE
:1091B0006964223A000000002C227175616C6974A8
:1091C00079223A007D2C22706F736974696F6E2268
:1091D0003A7B226C61746974756465223A00000000
:1091E0002C226C6F6E676974756465223A0000000A
:1091F0002C22616C7469747564655F6D223A00009D
:109200007D2C22736174656C6C69746573223A7B82
:1092100022757365645F636F756E74223A00000097
:109220002C22696E5F766965775F636F756E742255
:109230003A0000002C22696E5F76696577223A5BFE
:10924000000000005D2C2274696D65223A7B227556
:1092500074635F74696D65223A0000002C226461BA
:109260007465223A000000002C2264617465746900
:109270006D655F757463223A000000007D2C226DDD
:109280006F74696F6E223A7B2273706565645F6BE1
:109290006D68223A000000007B2270726E223A0054
:1092A0002C22656C65766174696F6E5F64656772A8
:1092B000656573223A0000002C22617A696D75742D
:1092C000685F64656772656573223A002C22736E6D
:1092D000725F6462223A00002C22636F75727365BC
:1092E0005F64656772656573223A00007D2C226EAB
:1092F0006D6561223A7B226C6173745F73656E7475
:10930000656E63655F74797065223A002C22766120
:109310006C69645F73656E74656E63655F636F75BA
:109320006E74223A000000002C22696E76616C692E
:10933000645F636865636B73756D5F636F756E748F
:10934000223A00002C227261775F627974655F6354
:109350006F756E74223A00002C22636F6E66696727
:109360005F636F6D6D616E645F636F756E74223ADB
:10937000000000002C22756172745F72785F706962
:109380006E223A002C22756172745F74785F706986
:109390006E223A002C22756172745F6261756422DC
:1093A0003A0000002C22656E61626C655F70696E28
:1093B000223A00002C2272657365745F70696E2218
:1093C0003A0000002C226167655F6D73223A00004D
:1093D0006F70656E486F702070726F74656374652E
:1093E000640000006F70656E486F70206F70656E6E
:1093F00000000000537461746963206E6574776FB8
:10940000726B20736176656400000000444843502D
:10941000206D6F64650000006D444E53202F204F77
:10942000544120686F73746E616D652074686520A7
:109430006D6F64656D2061647665727469736573C0
:10944000206F6E20746865206E6574776F726B2E66
:1094500000000000686F73746E616D652073686F43
:10946000776E20627920746865206D6F64656D2069
:109470006F6E20746865206E6574776F726B2E0056
:109480006D444E53202F204F544120686F73746EEB
:10949000616D650020636865636B656400000000B2
:1094A00064697361626C65640000000050726F74DF
:1094B00065637465640000004F70656E0000000015
:1094C000537461746963206D6F64652069732073E0
:1094D000617665642E2054686573652076616C75CD
:1094E00065732061726520776861742074686520F7
:1094F0006D6F64656D2077696C6C20757365206194
:1095000066746572207265626F6F742E00000000D1
:1095100044484350206973206163746976652E2046
:109520005468657365206669656C64732073686F41
:109530007720746865206C697665206C6561736559
:109540002066726F6D2000002E00000044484350DA
:10955000206973206163746976652E204E6F206CDC
:10956000697665206C656173652069732061766139
:10957000696C61626C65207965742C20736F20744E
:109580006865206669656C64732061726520626C31
:10959000616E6B2E000000003C21444F4354595033
:1095A000452068746D6C3E3C68746D6C3E3C68652B
:1095B00061643E3C6D6574612063686172736574BB
:1095C0003D277574662D38273E3C6D657461206EAD
:1095D000616D653D2776696577706F7274272063CA
:1095E0006F6E74656E743D2777696474683D646559
:1095F000766963652D77696474682C696E6974692E
:10960000616C2D7363616C653D31273E3C746974F8
:109610006C653E003C2F7469746C653E3C737479D4
:109620006C653E626F64797B666F6E742D66616DEA
:10963000696C793A73797374656D2D75692C7361F2
:109640006E732D73657269663B6D61782D77696401
:1096500074683A37363070783B6D617267696E3A7C
:10966000312E3235656D206175746F3B70616464B5
:10967000696E673A302031656D3B636F6C6F723A8B
:10968000233232323B6C696E652D68656967687498
:109690003A312E34357D68327B6D617267696E3A7E
:1096A0002E32656D2030202E3335656D7D707B6DDB
:1096B000617267696E3A2E3435656D20307D2E6D8E
:1096C0007B636F6C6F723A233636363B666F6E740F
:1096D0002D73697A653A2E3932656D7D2E73756DFD
:1096E0006D6172797B6261636B67726F756E643AEC
:1096F000236637663766373B626F726465723A314C
:10970000707820736F6C696420236464643B626FBB
:10971000726465722D7261646975733A3870783B52
:1097200070616464696E673A2E38656D2031656DCD
:109730003B6D617267696E3A31656D203020312E64
:1097400032656D7D2E73756D6D61727920737472E3
:109750006F6E677B646973706C61793A696E6C696E
:109760006E652D626C6F636B3B6D696E2D776964FE
:1097700074683A342E35656D7D2E63686970737B2D
:109780006D617267696E2D746F703A2E3535656D37
:109790007D2E636869707B646973706C61793A6966
:1097A0006E6C696E652D626C6F636B3B6261636B9F
:1097B00067726F756E643A236566656665663B62BF
:1097C0006F726465723A31707820736F6C696420CF
:1097D000236464643B626F726465722D72616469B4
:1097E00075733A39393970783B70616464696E67B2
:1097F0003A2E32656D202E36656D3B6D617267695C
:109800006E3A30202E3335656D202E3335656D2050
:10981000303B666F6E742D73697A653A2E39656DCB
:109820007D64657461696C737B626F726465723AA2
:1098300031707820736F6C696420236464643B62C8
:109840006F726465722D7261646975733A387078ED
:109850003B70616464696E673A2E3635656D202E03
:1098600038656D3B6D617267696E3A302030202E2D
:1098700039656D3B6261636B67726F756E643A2325
:109880006666667D73756D6D6172797B63757273E3
:109890006F723A706F696E7465723B666F6E742D8D
:1098A0007765696768743A3730303B6C6973742D3B
:1098B0007374796C653A6E6F6E657D73756D6D61ED
:1098C00072793A3A2D7765626B69742D64657461BB
:1098D000696C732D6D61726B65727B646973706CFA
:1098E00061793A6E6F6E657D2E696E736964657B12
:1098F0006D617267696E2D746F703A2E38656D7D7B
:109900002E677269647B646973706C61793A6772FF
:1099100069643B677269642D74656D706C61746510
:109920002D636F6C756D6E733A7265706561742826
:109930006175746F2D6669742C6D696E6D61782820
:1099400032323070782C31667229293B6761703A67
:109950002E3735656D2031656D7D6C6162656C7B80
:10996000646973706C61793A626C6F636B3B6D61B3
:109970007267696E2D746F703A2E38656D3B666F35
:109980006E742D7765696768743A3630307D696E1C
:109990007075747B77696474683A313030253B7038
:1099A000616464696E673A2E3535656D3B626F7828
:1099B0002D73697A696E673A626F726465722D629F
:1099C0006F783B666F6E742D73697A653A31656D99
:1099D0003B626F726465723A31707820736F6C69A4
:1099E0006420236363633B626F726465722D7261EE
:1099F000646975733A3670787D696E7075745B74DE
:109A00007970653D66696C655D7B70616464696EE3
:109A1000673A2E33656D20303B626F726465723A2F
:109A2000307D696E7075745B747970653D636865CF
:109A3000636B626F785D7B77696474683A61757493
:109A40006F3B6D617267696E2D72696768743A2E3B
:109A50003435656D7D2E636865636B6C696E657BFF
:109A6000646973706C61793A666C65783B616C69A6
:109A7000676E2D6974656D733A63656E7465723BCC
:109A80006761703A2E3335656D3B6D617267696E43
:109A90002D746F703A2E38656D7D627574746F6EBB
:109AA0007B6D617267696E2D746F703A2E39656DCA
:109AB0003B70616464696E673A2E36656D2031656E
:109AC0006D3B6261636B67726F756E643A233266D9
:109AD000366635653B636F6C6F723A236666663B2C
:109AE000626F726465723A303B626F726465722DA8
:109AF0007261646975733A3670783B637572736F1F
:109B0000723A706F696E7465727D627574746F6E8F
:109B10002E64616E6765727B6261636B67726F75DD
:109B20006E643A236233323631657D627574746FC8
:109B30006E3A64697361626C65647B6261636B67D2
:109B4000726F756E643A233939393B637572736F7E
:109B5000723A6E6F742D616C6C6F7765647D636FA4
:109B600064657B666F6E742D66616D696C793A759C
:109B7000692D6D6F6E6F73706163652C53464D6F09
:109B80006E6F2D526567756C61722C6D6F6E6F73A1
:109B9000706163653B6261636B67726F756E643A97
:109BA000236633663366333B70616464696E673A7B
:109BB0002E31656D202E3335656D3B626F726465A5
:109BC000722D7261646975733A3470787D406D6589
:109BD00064696120286D61782D77696474683A360C
:109BE00034307078297B626F64797B70616464695A
:109BF0006E673A30202E3735656D7D7D3C2F73744E
:109C0000796C653E3C2F686561643E3C626F6479A7
:109C10003E3C68323E0000003C2F68323E3C6469A6
:109C20007620636C6173733D2773756D6D61727916
:109C3000273E00003C703E3C7374726F6E673E6D51
:109C4000444E533C2F7374726F6E673E20000000C9
:109C50002E6C6F63616C3C2F703E00003C703E3C8C
:109C60007374726F6E673E486F73746E616D653C9E
:109C70002F7374726F6E673E200000003C2F703EA1
:109C8000000000003C703E3C7374726F6E673E498A
:109C9000503C2F7374726F6E673E20003C2F703EF5
:109CA0003C703E3C7374726F6E673E496E746572B1
:109CB000666163653C2F7374726F6E673E200000AF
:109CC0003C2F703E3C703E3C7374726F6E673E4337
:109CD000757272656E7420636F6E6E656374696F02
:109CE0006E3C2F7374726F6E673E20003C703E3C7A
:109CF0007374726F6E673E4C696E6B3C2F73747237
:109D00006F6E673E200000003C2F703E3C703E3C72
:109D10007374726F6E673E4D41433C2F7374726F64
:109D20006E673E20000000003C2F703E3C703E3CC1
:109D30007374726F6E673E54435020737461747510
:109D4000733C2F7374726F6E673E20003C646976BB
:109D500020636C6173733D276368697073273E3CB1
:109D60007370616E20636C6173733D276368697003
:109D7000273E00003C2F7370616E3E3C7370616E35
:109D800020636C6173733D2763686970273E000030
:109D90003C2F7370616E3E3C2F6469763E3C7020B0
:109DA000636C6173733D276D273E3C61206872656B
:109DB000663D272F7374617473273E56696577205B
:109DC000737461747320706167653C2F613E3C2F32
:109DD000703E3C2F6469763E000000003C64657470
:109DE00061696C73206F70656E3E3C73756D6D615B
:109DF00072793E4F5441205570646174653C2F73F5
:109E0000756D6D6172793E3C64697620636C617337
:109E1000733D27696E73696465273E3C703E5570DB
:109E20006C6F616420616E206170702D6F6E6C7953
:109E3000203C636F64653E6669726D776172652E62
:109E400062696E3C2F636F64653E206F7665722099
:109E5000746865204C414E2E3C2F703E3C666F72FC
:109E60006D206D6574686F643D27504F53542720F3
:109E7000616374696F6E3D272F7570646174652727
:109E800020656E63747970653D276D756C746970BB
:109E90006172742F666F726D2D64617461273E3C30
:109EA000696E70757420747970653D2766696C659C
:109EB00027206E616D653D276669726D77617265F9
:109EC00027206163636570743D272E62696E2720C9
:109ED00072657175697265643E3C62723E3C627582
:109EE00074746F6E20747970653D277375626D6947
:109EF00074273E55706C6F6164206669726D77617E
:109F000072652E62696E3C2F627574746F6E3E3C92
:109F10002F666F726D3E3C7020636C6173733D27DA
:109F20006D273E434C4920616C7465726E617469A3
:109F300076653A203C636F64653E6375726C202DD4
:109F4000752061646D696E3A266C743B7061737341
:109F5000776F72642667743B202D46206669726DA8
:109F6000776172653D406669726D776172652E62D8
:109F7000696E20687474703A2F2F00002F7570641A
:109F80006174653C2F636F64653E3C2F703E3C2FCF
:109F90006469763E3C2F64657461696C733E0000B1
:109FA0004669726D776172652075706461746520B1
:109FB000697320756E617661696C61626C65206F92
:109FC0006E207468697320706C6174666F726D2E98
:109FD000000000003C64657461696C73206F7065FB
:109FE0006E3E3C73756D6D6172793E457468657245
:109FF0006E6574204F544120756E617661696C61A5
:10A00000626C653C2F73756D6D6172793E3C64695D
:10A010007620636C6173733D27696E73696465278D
:10A020003E3C703E000000003C2F703E3C62757468
:10A03000746F6E20747970653D27627574746F6EED
:10A04000272064697361626C65643E4669726D774E
:10A050006172652075706461746520756E617661EA
:10A06000696C61626C653C2F627574746F6E3E3C06
:10A070002F6469763E3C2F64657461696C733E00A1
:10A080003C64657461696C73206F70656E3E3C73EF
:10A09000756D6D6172793E4E6574776F726B20538A
:10A0A00074617475733C2F73756D6D6172793E3C8C
:10A0B00064697620636C6173733D27696E736964AC
:10A0C00065273E3C64697620636C6173733D276746
:10A0D000726964273E0000003C2F6469763E3C2F85
:10A0E0006469763E3C2F64657461696C733E000060
:10A0F0003C64657461696C733E3C73756D6D61722F
:10A10000793E486F73746E616D653C2F73756D6D2C
:10A110006172793E3C64697620636C6173733D279C
:10A12000696E73696465273E3C703E436F6E74725E
:10A130006F6C732074686520000000003C2F703E37
:10A140003C666F726D206D6574686F643D27504F7B
:10A1500053542720616374696F6E3D272F686F73B6
:10A16000746E616D652720646174612D7265626F24
:10A170006F742D736176653D27686F73746E616DC2
:10A1800065273E3C6C6162656C3E00003C2F6C6153
:10A1900062656C3E3C696E70757420747970653DC3
:10A1A000277465787427206E616D653D27686F732D
:10A1B000746E616D6527206175746F636F6D706C6F
:10A1C0006574653D276F666627206D61786C656EE6
:10A1D0006774683D273634272076616C75653D27A6
:10A1E000000000002720706C616365686F6C646517
:10A1F000723D276C6561766520626C616E6B2066CE
:10A200006F722064656661756C74273E3C6275747C
:10A21000746F6E20747970653D277375626D697413
:10A22000273E5361766520686F73746E616D653C7F
:10A230002F627574746F6E3E3C2F666F726D3E3C7C
:10A240007020636C6173733D276D273E426C616EB5
:10A250006B2072657365747320746F207468652059
:10A26000626F6172642064656661756C742E205241
:10A2700065626F6F742072657175697265642E3CDA
:10A280002F703E3C2F6469763E3C2F646574616993
:10A290006C733E003C64657461696C733E3C73751D
:10A2A0006D6D6172793E4E6574776F726B3C2F7382
:10A2B000756D6D6172793E3C64697620636C617383
:10A2C000733D27696E73696465273E3C703E0000EC
:10A2D0003C2F703E3C666F726D206D6574686F64D4
:10A2E0003D27504F53542720616374696F6E3D279B
:10A2F0002F6E6574776F726B2720646174612D72A5
:10A3000065626F6F742D736176653D276E65747736
:10A310006F726B273E3C64697620636C6173733D9A
:10A3200027636865636B6C696E65273E3C696E7078
:10A33000757420747970653D27636865636B626F1F
:10A3400078272069643D2773746174696327206EE0
:10A35000616D653D27737461746963272076616C54
:10A3600075653D27312700003E3C6C6162656C20BD
:10A37000666F723D27737461746963273E55736518
:10A380002073746174696320495020696E73746529
:10A390006164206F6620444843503C2F6C616265C5
:10A3A0006C3E3C2F6469763E3C64697620636C6148
:10A3B00073733D2767726964273E3C6469763E3C4F
:10A3C0006C6162656C3E5374617469632049503CF2
:10A3D0002F6C6162656C3E3C696E70757420747997
:10A3E00070653D277465787427206E616D653D2723
:10A3F0006970272076616C75653D27002720706C99
:10A40000616365686F6C6465723D273139322E3146
:10A4100036382E312E3432273E3C2F6469763E3C4E
:10A420006469763E3C6C6162656C3E5375626E6534
:10A4300074206D61736B3C2F6C6162656C3E3C698E
:10A440006E70757420747970653D27746578742713
:10A45000206E616D653D27736E272076616C756592
:10A460003D2700002720706C616365686F6C646530
:10A47000723D273235352E3235352E3235352E3078
:10A48000273E3C2F6469763E3C6469763E3C6C61B5
:10A4900062656C3E476174657761793C2F6C6162DF
:10A4A000656C3E3C696E70757420747970653D27EB
:10A4B0007465787427206E616D653D276777272066
:10A4C00076616C75653D27002720706C6163656857
:10A4D0006F6C6465723D273139322E3136382E313A
:10A4E0002E31273E3C2F6469763E3C6469763E3CC3
:10A4F0006C6162656C3E444E5320313C2F6C61624E
:10A50000656C3E3C696E70757420747970653D278A
:10A510007465787427206E616D653D27646E7331B4
:10A52000272076616C75653D270000002720706C40
:10A53000616365686F6C6465723D27312E312E3121
:10A540002E31273E3C2F6469763E3C6469763E3C62
:10A550006C6162656C3E444E5320323C2F6C6162EC
:10A56000656C3E3C696E70757420747970653D272A
:10A570007465787427206E616D653D27646E733253
:10A58000272076616C75653D270000002720706CE0
:10A59000616365686F6C6465723D27382E382E38AC
:10A5A0002E38273E3C2F6469763E3C6469763E3CFB
:10A5B0006C6162656C3E43757272656E7420736F78
:10A5C000757263653C2F6C6162656C3E3C646976B4
:10A5D00020636C6173733D2763686970273E0000D8
:10A5E0003C2F6469763E3C2F6469763E3C2F64695B
:10A5F000763E00003C64697620636C6173733D278E
:10A6000067726964273E3C6469763E3C6C616265B2
:10A610006C3E4C696E6B3C2F6C6162656C3E3C64B9
:10A62000697620636C6173733D2763686970273EA8
:10A63000000000003C2F6469763E3C2F6469763E42
:10A640003C6469763E3C6C6162656C3E4D41433CC6
:10A650002F6C6162656C3E3C64697620636C61734B
:10A66000733D2763686970273E0000003C2F6469D2
:10A67000763E3C2F6469763E3C6469763E3C6C6174
:10A6800062656C3E544350207374617475733C2F43
:10A690006C6162656C3E3C64697620636C617373C7
:10A6A0003D2763686970273E000000003C646976BE
:10A6B00020636C6173733D27636865636B6C696EBF
:10A6C00065273E3C696E70757420747970653D270E
:10A6D000636865636B626F78272069643D277769DB
:10A6E00066695F616E745F65787427206E616D6561
:10A6F0003D27776966695F616E745F6578742720AE
:10A7000076616C75653D2731270000003E3C6C6129
:10A7100062656C20666F723D27776966695F616E5E
:10A72000745F657874273E5573652065787465722B
:10A730006E616C2057692D466920616E74656E6E7E
:10A74000613C2F6C6162656C3E3C2F6469763E0013
:10A750003C64697620636C6173733D27636865634D
:10A760006B6C696E65273E3C696E707574207479F8
:10A7700070653D27636865636B626F782720696445
:10A780003D27776966695F707327206E616D653D4F
:10A7900027776966695F7073272076616C75653D00
:10A7A000273127003E3C6C6162656C20666F723D0C
:10A7B00027776966695F707327207469746C653DDB
:10A7C0002744697361626C6520666F72206C6F77D5
:10A7D0006572206C6174656E63792C2068696768A6
:10A7E000657220706F7765722064726177273E57BB
:10A7F000692D466920706F77657220736176653CBC
:10A800002F6C6162656C3E3C2F6469763E000000EF
:10A810003C6C6162656C3E6F70656E486F70205471
:10A82000435020706F72743C2F6C6162656C3E3CCB
:10A83000696E70757420747970653D276E756D62F0
:10A84000657227206E616D653D27706F72742720D9
:10A850006D696E3D273127206D61783D273635358E
:10A860003335272076616C75653D2700273E3C70A7
:10A8700020636C6173733D276D273E506F727420A7
:10A88000383020697320726573657276656420665E
:10A890006F722074686973206D616E6167656D65A4
:10A8A0006E74207365727665722E3C2F703E3C622A
:10A8B0007574746F6E20747970653D277375626D61
:10A8C0006974273E53617665206E6574776F726B8D
:10A8D0002073657474696E67733C2F627574746F4E
:10A8E0006E3E3C2F666F726D3E3C2F6469763E3C37
:10A8F0002F64657461696C733E0000003C6465748C
:10A9000061696C73206F70656E3E3C73756D6D612F
:10A9100072793E53746174696F6E204147432052CF
:10A9200065636F766572793C2F73756D6D617279B1
:10A930003E3C64697620636C6173733D27696E7376
:10A94000696465273E3C703E4F7074696F6E616C40
:10A9500020776F726B61726F756E6420666F722004
:10A96000726563656976657220646561666E65739C
:10A97000732E20456163682072657365742062726E
:10A980006965666C7920696E74657272757074732E
:10A9900020726563657074696F6E3B2064697361D2
:10A9A000626C65642062792064656661756C742EE2
:10A9B00020546865207265636F6D6D656E646564B3
:10A9C00020696E74657276616C20666F72206166B4
:10A9D0006665637465642073746174696F6E732057
:10A9E00069732034207365636F6E64732E3C2F701F
:10A9F0003E3C666F726D206D6574686F643D2750D4
:10AA00004F53542720616374696F6E3D272F616730
:10AA1000632D7265736574273E3C6C6162656C3EA4
:10AA200041474320726573657420696E7465727660
:10AA3000616C20287365636F6E64733B2030206403
:10AA4000697361626C6573293C696E707574206E00
:10AA5000616D653D276167635F72657365745F69EA
:10AA60006E74657276616C5F7365632720747970AC
:10AA7000653D276E756D62657227206D696E3D2795
:10AA80003027206D61783D273336303027207374AE
:10AA900065703D2731272072657175697265642084
:10AAA00076616C75653D2700273E3C2F6C616265C1
:10AAB0006C3E3C627574746F6E20747970653D27CE
:10AAC0007375626D6974273E536176652041474313
:10AAD00020696E74657276616C3C2F627574746F58
:10AAE0006E3E3C2F666F726D3E3C7020636C6173EE
:10AAF000733D276D273E4170706C69657320696DE9
:10AB00006D6564696174656C7920616E642070653F
:10AB1000727369737473206163726F7373207265EB
:10AB2000626F6F74732E2052657365747320617247
:10AB30006520646566657272656420647572696E0D
:10AB400067206163746976652072656365707469F6
:10AB50006F6E20616E6420666F72203130207365E5
:10AB6000636F6E64732061667465722054582E3C66
:10AB70002F703E3C2F6469763E3C2F64657461699A
:10AB80006C733E003C64657461696C73206F706522
:10AB90006E3E3C73756D6D6172793E48656C74658F
:10ABA000632056342E332052462046726F6E742D29
:10ABB000456E643C2F73756D6D6172793E3C6469BE
:10ABC0007620636C6173733D27696E7369646527D2
:10ABD0003E3C703E546F67676C6520746865204B1F
:10ABE0004354383130334C2065787465726E616C33
:10ABF000205258204C4E4120666F7220726563656A
:10AC0000697665206F6E6C792E20546865206669C0
:10AC1000726D7761726520616C77617973206279FA
:10AC2000706173736573207468652046454D204CD0
:10AC30004E4120647572696E67207472616E736D27
:10AC4000697420736F207468652054582070617493
:10AC5000682072656D61696E7320617661696C61EF
:10AC6000626C652E3C2F703E3C666F726D206D6588
:10AC700074686F643D27504F535427206163746993
:10AC80006F6E3D272F72662D6C6E61273E3C6469A6
:10AC90007620636C6173733D27636865636B6C69D1
:10ACA0006E65273E3C696E70757420747970653DE1
:10ACB00027636865636B626F78272069643D277638
:10ACC00034335F6C6E615F6F6E27206E616D653D22
:10ACD000277634335F6C6E615F6F6E272076616C10
:10ACE00075653D27312700003E3C6C6162656C2034
:10ACF000666F723D277634335F6C6E615F6F6E27CF
:10AD00003E456E61626C652065787465726E616C3B
:10AD10002046454D205258204C4E413C2F6C6162DC
:10AD2000656C3E3C2F6469763E3C6C6162656C3EAE
:10AD30006167632E72657365742E696E74657276D1
:10AD4000616C20287365636F6E64732C20302064FF
:10AD5000697361626C6573293C696E707574206EED
:10AD6000616D653D276167635F72657365745F69D7
:10AD70006E74657276616C5F736563272074797099
:10AD8000653D276E756D62657227206D696E3D2782
:10AD90003027206D61783D2733363030272073749B
:10ADA00065703D2731272076616C75653D27000071
:10ADB000273E3C2F6C6162656C3E3C7020636C6189
:10ADC00073733D276D273E506572696F64696361D7
:10ADD0006C6C7920726573746172747320525820A0
:10ADE0006761696E20636F6E74726F6C2064757238
:10ADF000696E67206C6F6E672069646C6520706592
:10AE000072696F647320746F2070726576656E74FA
:10AE1000207374726F6E67206F75742D6F662D626C
:10AE2000616E6420696E746572666572656E6365D5
:10AE30002066726F6D20636C616D70696E6720743F
:10AE40006865206E6F69736520666C6F6F722E3C4B
:10AE50002F703E3C627574746F6E20747970653D1E
:10AE6000277375626D6974273E536176652052467B
:10AE70002066726F6E742D656E64207365747469DC
:10AE80006E67733C2F627574746F6E3E3C2F666FF5
:10AE9000726D3E3C7020636C6173733D276D273E7D
:10AEA00053657474696E6773206170706C79206982
:10AEB0006D6D6564696174656C7920616E64207084
:10AEC000657273697374206163726F737320726546
:10AED000626F6F74732E20556E636865636B656473
:10AEE000204C4E41203D204750494F352F43545868
:10AEF00020484947482C2065787465726E616C2043
:10AF00004C4E412062797061737365642E3C2F70E2
:10AF10003E3C2F6469763E3C2F64657461696C73B6
:10AF20003E0000003C64657461696C73206F70655D
:10AF30006E3E3C73756D6D6172793E4750533C2F88
:10AF400073756D6D6172793E3C64697620636C61E6
:10AF500073733D27696E73696465273E3C703E5488
:10AF600075726E20746865206F6E626F6172642006
:10AF700047505320726563656976657220696E7407
:10AF8000657266616365206F6E206F6E6C792077E5
:10AF900068656E206C6F636174696F6E20646174A4
:10AFA00061206973206E65656465642E2044656662
:10AFB00061756C74206973206F666620746F2073EE
:10AFC00061766520626174746572792E3C2F703EE3
:10AFD0003C666F726D206D6574686F643D27504FDD
:10AFE00053542720616374696F6E3D272F67707318
:10AFF000273E3C64697620636C6173733D27636808
:10B0000065636B6C696E65273E3C696E7075742074
:10B01000747970653D27636865636B626F7827207C
:10B0200069643D276770735F656E61626C65642754
:10B03000206E616D653D276770735F656E61626C40
:10B040006564272076616C75653D27312700000017
:10B050003E3C6C6162656C20666F723D2767707361
:10B060005F656E61626C6564273E456E61626C650A
:10B07000204750533C2F6C6162656C3E3C2F6469E5
:10B08000763E3C627574746F6E20747970653D27EE
:10B090007375626D6974273E53617665204750531E
:10B0A0002073657474696E673C2F627574746F6E7B
:10B0B0003E3C2F666F726D3E3C7020636C61737313
:10B0C0003D276D273E53617665642061746F6D691D
:10B0D00063616C6C7920616E64206170706C69656D
:10B0E00064206166746572207265626F6F742E3CB5
:10B0F0002F703E3C2F6469763E3C2F646574616915
:10B100006C733E003C64657461696C73206F70659C
:10B110006E3E3C73756D6D6172793E446576696310
:10B1200065205374617475733C2F73756D6D617216
:10B13000793E3C64697620636C6173733D27696E68
:10B1400073696465273E3C64697620636C61737340
:10B150003D2767726964273E000000003C64657407
:10B1600061696C733E3C73756D6D6172793E6F7091
:10B17000656E486F7020546F6B656E3C2F73756DF4
:10B180006D6172793E3C64697620636C6173733DD6
:10B1900027696E73696465273E3C703E5468697325
:10B1A00020746F6B656E206D757374206D617463B0
:10B1B0006820746865203C636F64653E746F6B65DE
:10B1C0006E3C2F636F64653E2076616C7565206907
:10B1D0006E206F70656E486F7020736F206F7065A2
:10B1E0006E486F702063616E20636F6E6E6563746E
:10B1F00020746F2074686520726164696F2E3C2F23
:10B20000703E3C666F726D206D6574686F643D279B
:10B21000504F53542720616374696F6E3D272F741C
:10B220006F6B656E273E3C6C6162656C3E4E657768
:10B23000206F70656E486F7020746F6B656E3C2F69
:10B240006C6162656C3E3C696E70757420747970D7
:10B25000653D2770617373776F726427206E616D2F
:10B26000653D27746F6B656E27206175746F636F22
:10B270006D706C6574653D276E65772D70617373B5
:10B28000776F726427206D61786C656E6774683DB6
:10B29000273634273E3C6C6162656C3E436F6E66B8
:10B2A00069726D206F70656E486F7020746F6B658A
:10B2B0006E3C2F6C6162656C3E3C696E70757420EB
:10B2C000747970653D2770617373776F726427209E
:10B2D0006E616D653D27636F6E6669726D272061D3
:10B2E00075746F636F6D706C6574653D276E6577FF
:10B2F0002D70617373776F726427206D61786C6550
:10B300006E6774683D273634273E3C627574746FEF
:10B310006E20747970653D277375626D6974273E80
:10B3200053617665206F70656E486F7020746F6B27
:10B33000656E3C2F627574746F6E3E3C2F666F7243
:10B340006D3E3C7020636C6173733D276D273E43F7
:10B35000757272656E74206D6F64653A203C73700F
:10B36000616E20636C6173733D2763686970273E6B
:10B37000000000003C2F7370616E3E2E204C656112
:10B38000766520626F7468206669656C64732062FC
:10B390006C616E6B20746F20636C656172206974E0
:10B3A0002E205265626F6F742072657175697265C7
:10B3B000642E3C2F703E3C2F6469763E3C2F6465C2
:10B3C0007461696C733E3C64657461696C733E3C86
:10B3D00073756D6D6172793E48545450205061739D
:10B3E00073776F72643C2F73756D6D6172793E3C3B
:10B3F00064697620636C6173733D27696E73696459
:10B4000065273E3C703E50726F74656374732074A0
:10B4100068697320776562207061676520616E647A
:10B42000206D616E6167656D656E7420616374691E
:10B430006F6E732E20557365726E616D653A203C98
:10B44000636F64653E61646D696E3C2F636F646514
:10B450003E2E3C2F703E3C666F726D206D657468A9
:10B460006F643D27504F53542720616374696F6E9A
:10B470003D272F61757468273E3C6C6162656C3EA8
:10B480004E65772070617373776F72643C2F6C61C7
:10B4900062656C3E3C696E70757420747970653DB0
:10B4A0002770617373776F726427206E616D653DDD
:10B4B0002770617373776F726427206175746F638F
:10B4C0006F6D706C6574653D276E65772D70617367
:10B4D00073776F7264272072657175697265642075
:10B4E0006D696E6C656E6774683D273127206D61EC
:10B4F000786C656E6774683D273634273E3C6C6116
:10B5000062656C3E436F6E6669726D207061737325
:10B51000776F72643C2F6C6162656C3E3C696E7043
:10B52000757420747970653D2770617373776F72DD
:10B530006427206E616D653D27636F6E6669726D6D
:10B5400027206175746F636F6D706C6574653D273E
:10B550006E65772D70617373776F726427207265E3
:10B56000717569726564206D696E6C656E6774686B
:10B570003D273127206D61786C656E6774683D27C3
:10B580003634273E3C627574746F6E207479706532
:10B590003D277375626D6974273E5361766520702F
:10B5A000617373776F72643C2F627574746F6E3E53
:10B5B0003C2F666F726D3E3C7020636C6173733D0F
:10B5C000276D273E50617373776F726420636861E3
:10B5D0006E6765732074616B65206566666563746C
:10B5E000206F6E20746865206E65787420726571B6
:10B5F000756573742E3C2F703E3C2F6469763E3C1B
:10B600002F64657461696C733E0000003C6465746E
:10B6100061696C733E3C73756D6D6172793E5769FB
:10B620002D4669205365747570204D6F64653C2FFD
:10B6300073756D6D6172793E3C64697620636C61EF
:10B6400073733D27696E73696465273E3C703E43A2
:10B650006C65617220746865207361766564206D25
:10B660006F64656D20636F6E66696775726174697A
:10B670006F6E20616E64207265626F6F7420696EF8
:10B68000746F20746865206F70656E203C636F6412
:10B69000653E6F70656E486F702D4D6F64656D2DE2
:10B6A000585858583C2F636F64653E207365747515
:10B6B000702041502E3C2F703E3C666F726D206DA5
:10B6C0006574686F643D27504F535427206163743D
:10B6D000696F6E3D272F776966692D726573657492
:10B6E00027206F6E7375626D69743D227265747583
:10B6F000726E20636F6E6669726D2827436C656198
:10B7000072207361766564206D6F64656D20636F70
:10B710006E66696775726174696F6E20616E642010
:10B720007265626F6F7420696E746F2057692D4661
:10B73000692073657475702041503F27293B223E74
:10B740003C627574746F6E20636C6173733D276423
:10B75000616E6765722720747970653D2773756225
:10B760006D6974273E456E7465722057692D466970
:10B77000205365747570204D6F64653C2F6275743D
:10B78000746F6E3E3C2F666F726D3E3C7020636C32
:10B790006173733D276D273E557365207468697327
:10B7A000206265666F7265206D6F76696E672074C2
:10B7B0006865206D6F64656D20746F206120646919
:10B7C00066666572656E742057692D4669206E65E0
:10B7D00074776F726B2E3C2F703E3C2F6469763EFF
:10B7E0003C2F64657461696C733E00003C64657451
:10B7F00061696C733E3C73756D6D6172793E526523
:10B80000626F6F743C2F73756D6D6172793E3C642D
:10B81000697620636C6173733D27696E7369646533
:10B82000273E3C703E526573746172742074686583
:10B83000206D6F64656D20776974686F757420631F
:10B8400068616E67696E6720616E792073657474D4
:10B85000696E67732E3C2F703E3C666F726D206D73
:10B860006574686F643D27504F535427206163749B
:10B87000696F6E3D272F7265626F6F74273E3C6261
:10B880007574746F6E20747970653D277375626D81
:10B890006974273E5265626F6F74206D6F64656DC9
:10B8A0003C2F627574746F6E3E3C2F666F726D3EF6
:10B8B0003C2F6469763E3C2F64657461696C733E0D
:10B8C000000000003C64657461696C733E3C7375F4
:10B8D0006D6D6172793E426C7565746F6F7468202E
:10B8E0004446553C2F73756D6D6172793E3C6469B9
:10B8F0007620636C6173733D27696E736964652795
:10B900003E3C703E456E7465722074686520696EB9
:10B910007374616C6C6564204E6F7264696320425D
:10B920006C7565746F6F74682044465520626F6F44
:10B93000746C6F616465722E2045746865726E6503
:10B940007420616E6420706F72742035303535203C
:10B9500077696C6C20646973636F6E6E6563742EB7
:10B96000205468656E207573652061204E6F726487
:10B9700069632D636F6D70617469626C6520444604
:10B98000552061707020746F2073656C656374203E
:10B990003C636F64653E343633315F4446553C2F1B
:10B9A000636F64653E20616E642075706C6F6164C6
:10B9B00020746865206E52463532203C636F6465A2
:10B9C0003E6669726D776172652E7A69703C2F638D
:10B9D0006F64653E2E3C2F703E0000003C7020637B
:10B9E0006C6173733D276D273E45787065637465A0
:10B9F00064203C636F64653E343633315F444655A2
:10BA00003C2F636F64653E20616464726573733AB2
:10BA1000203C636F64653E003C2F636F64653E2E7F
:10BA2000205468652044465520626F6F746C6F61C6
:10BA300064657220616476657274697365732061F0
:10BA40006E206164647265737320646966666572F2
:10BA5000656E742066726F6D207468652061707009
:10BA60006C69636174696F6E20616464726573737D
:10BA70002E3C2F703E0000003C666F726D206D659D
:10BA800074686F643D27504F535427206163746975
:10BA90006F6E3D272F6466752F626C6527206F6E71
:10BAA0007375626D69743D2272657475726E206380
:10BAB0006F6E6669726D2827456E74657220426CE0
:10BAC0007565746F6F7468204446553F20457468EF
:10BAD00065726E657420616E6420706F72742035BB
:10BAE0003035352077696C6C20646973636F6E6ED6
:10BAF00065637420756E74696C2044465520636FCD
:10BB00006D706C65746573206F7220746865206455
:10BB10006576696365207265736574732E27293BAA
:10BB2000223E3C627574746F6E20636C6173733D6A
:10BB30002764616E6765722720747970653D27738D
:10BB400075626D6974273E456E74657220426C752E
:10BB500065746F6F7468204446553C2F6275747429
:10BB60006F6E3E3C2F666F726D3E3C7020636C6161
:10BB700073733D276D273E54686973206163746950
:10BB80006F6E206F6E6C7920656E746572732044E1
:10BB90004655206D6F64653B20697420646F657342
:10BBA000206E6F742075706C6F6164206669726DB1
:10BBB00077617265206F7665722045746865726E74
:10BBC00065742E3C2F703E3C2F6469763E3C2F649A
:10BBD000657461696C733E003C6469762069643DFC
:10BBE00027736176652D7374617475732720636C98
:10BBF0006173733D2773756D6D6172792720686974
:10BC00006464656E3E3C2F6469763E3C7363726982
:10BC100070743E2828293D3E7B666F7228636F6EE4
:10BC2000737420666F726D206F6620646F63756D2C
:10BC3000656E742E717565727953656C6563746F8A
:10BC400072416C6C2827666F726D5B646174612D44
:10BC50007265626F6F742D736176655D2729297B2C
:10BC6000666F726D2E6164644576656E744C69739F
:10BC700074656E657228277375626D6974272C610F
:10BC800073796E63206576656E743D3E7B6576657F
:10BC90006E742E70726576656E7444656661756C3F
:10BCA0007428293B636F6E7374206669656C6473D6
:10BCB0003D6E657720466F726D4461746128666FD2
:10BCC000726D293B6C6574207461726765743D6C9C
:10BCD0006F636174696F6E2E6F726967696E2B276F
:10BCE0002F273B696628666F726D2E6461746173DD
:10BCF00065742E7265626F6F74536176653D3D3D6C
:10BD0000276E6574776F726B2726266669656C648B
:10BD1000732E6861732827737461746963272929F6
:10BD20007B636F6E73742069703D537472696E67C4
:10BD3000286669656C64732E6765742827697027A7
:10BD4000297C7C2727292E7472696D28293B696616
:10BD5000286970297461726765743D6C6F636174E2
:10BD6000696F6E2E70726F746F636F6C2B272F2F3D
:10BD7000272B69702B272F273B7D636F6E737420F1
:10BD80007374617475733D646F63756D656E742E45
:10BD9000676574456C656D656E74427949642827E2
:10BDA000736176652D73746174757327293B7374A1
:10BDB000617475732E68696464656E3D66616C7349
:10BDC000653B7374617475732E74657874436F6E1C
:10BDD00074656E743D27536176696E672073657470
:10BDE00074696E67732E2E2E273B666F7228636F01
:10BDF0006E737420627574746F6E206F6620666F48
:10BE0000726D2E717565727953656C6563746F72AE
:10BE1000416C6C2827627574746F6E2729296275CE
:10BE200074746F6E2E64697361626C65643D7472C4
:10BE300075653B7472797B636F6E73742072657382
:10BE4000706F6E73653D61776169742066657463B8
:10BE50006828666F726D2E616374696F6E2C7B6DDE
:10BE60006574686F643A27504F5354272C68656196
:10BE7000646572733A7B27436F6E74656E742D54DC
:10BE8000797065273A276170706C69636174696FB6
:10BE90006E2F782D7777772D666F726D2D75726C9A
:10BEA000656E636F646564277D2C626F64793A6E9A
:10BEB00065772055524C53656172636850617261B9
:10BEC0006D73286E657720466F726D4461746128CA
:10BED000666F726D29292C63726564656E74696181
:10BEE0006C733A2773616D652D6F726967696E2790
:10BEF0007D293B636F6E7374206D65737361676535
:10BF00003D617761697420726573706F6E73652E21
:10BF10007465787428293B69662821726573706F8F
:10BF20006E73652E6F6B297468726F77206E6577FC
:10BF3000204572726F72286D6573736167657C7CD2
:10BF400028274854545020272B726573706F6E73E6
:10BF5000652E73746174757329293B7374617475EC
:10BF6000732E74657874436F6E74656E743D2753D9
:10BF7000657474696E67732073617665642E204DF5
:10BF80006F64656D206973207265626F6F74696E8E
:10BF9000672E2052657475726E696E6720746F200B
:10BFA000746865206D61696E20706167652E2E2E44
:10BFB000273B73657454696D656F75742828293D36
:10BFC0003E6C6F636174696F6E2E7265706C616335
:10BFD0006528746172676574292C37303030293BCD
:10BFE0007D6361746368286572726F72297B7374F4
:10BFF000617475732E74657874436F6E74656E74B6
:10C000003D2753617665206661696C65643A202737
:10C010002B6572726F722E6D6573736167653B6617
:10C020006F7228636F6E737420627574746F6E2004
:10C030006F6620666F726D2E717565727953656CCF
:10C040006563746F72416C6C2827627574746F6ECF
:10C05000272929627574746F6E2E64697361626C2E
:10C0600065643D66616C73653B7D7D293B7D7D2903
:10C0700028293B3C2F7363726970743E00000000F6
:10C080003C2F626F64793E3C2F68746D6C3E0000FB
:10C090007B226469655F74656D7065726174757229
:10C0A000655F63223A0000007B227374617465222D
:10C0B0003A0000002C227374616E646279223A00A7
:10C0C0002C226672657175656E63795F6D687A2280
:10C0D0003A0000002C2262616E6477696474685FC4
:10C0E000687A223A000000002C2262616E6477694F
:10C0F0006474685F6B687A223A0000002C227370C7
:10C1000072656164696E675F666163746F72223A1B
:10C11000000000002C22636F64696E675F726174B7
:10C1200065223A002C2274785F706F7765725F64C5
:10C13000626D223A000000002C2273796E63776FE3
:10C140007264223A000000002C2273796E63776FCC
:10C1500072645F76616C7565223A00002C22707201
:10C1600065616D626C655F6C656E223A000000006F
:10C170002C2268656C7465635F7634335F65787410
:10C1800065726E616C5F6C6E615F656E61626C653D
:10C1900064223A002C2268656C7465635F763433E0
:10C1A0005F66656D5F6C6E615F6279706173736508
:10C1B00064223A002C226167635F72657365745F65
:10C1C000696E74657276616C5F736563223A000014
:10C1D0002C226175746F5F6361645F656E61626C70
:10C1E0006564223A000000002C2266726571756554
:10C1F0006E63795F687A223A000000007B226261F8
:10C2000074746572795F766F6C746167655F6D7663
:10C21000223A00002C22736F6C61725F6368617256
:10C2200067655F726174655F70657263656E745F88
:10C230007065725F686F7572223A00002C22737904
:10C240007374656D223A00002C22726164696F225A
:10C250003A0000002C22636F756E74657273223A87
:10C26000000000002C226E6574776F726B223A001A
:10C270002C22677073223A002E6C6F63616C000091
:10C2800077616974696E67006E6F20666978000077
:10C2900045787465726E616C00000000496E7465CB
:10C2A000726E616C00000000456E61626C65640036
:10C2B0004279706173736564000000004448435024
:10C2C000000000005374617469630000206F7065A2
:10C2D0006E486F70204D6F64656D00003C21444FC7
:10C2E00043545950452068746D6C3E3C68746D6CC5
:10C2F0003E3C686561643E3C6D65746120636861C5
:10C30000727365743D277574662D38273E3C6D65E4
:10C310007461206E616D653D2776696577706F7217
:10C32000742720636F6E74656E743D27776964743B
:10C33000683D6465766963652D77696474682C6906
:10C340006E697469616C2D7363616C653D31273E64
:10C350003C6D65746120687474702D6571756976C3
:10C360003D27726566726573682720636F6E74651A
:10C370006E743D2735273E3C7469746C653E4D6F85
:10C3800064656D2053746174733C2F7469746C65BB
:10C390003E3C7374796C653E626F64797B666F6E48
:10C3A000742D66616D696C793A73797374656D2D5E
:10C3B00075692C73616E732D73657269663B6D616F
:10C3C000782D77696474683A37363070783B6D61E0
:10C3D0007267696E3A312E3235656D206175746F02
:10C3E0003B70616464696E673A302031656D3B6310
:10C3F0006F6C6F723A233232323B6C696E652D6816
:10C4000065696768743A312E34357D68327B6D61B9
:10C410007267696E3A2E32656D2030202E33356595
:10C420006D7D68337B6D617267696E3A312E32655E
:10C430006D2030202E3435656D7D2E6D7B636F6CE5
:10C440006F723A233636363B666F6E742D73697A97
:10C45000653A2E3932656D7D2E636172647B62614F
:10C46000636B67726F756E643A236637663766373B
:10C470003B626F726465723A31707820736F6C69D9
:10C480006420236464643B626F726465722D726120
:10C49000646975733A3870783B70616464696E677B
:10C4A0003A2E38656D2031656D3B6D617267696E3E
:10C4B0003A31656D20307D2E677269647B646973E3
:10C4C000706C61793A677269643B677269642D7454
:10C4D000656D706C6174652D636F6C756D6E733A0C
:10C4E000726570656174286175746F2D6669742C4E
:10C4F0006D696E6D61782832323070782C316672D9
:10C5000029293B6761703A2E3735656D2031656D9D
:10C510007D2E6B767B626F726465723A3170782023
:10C52000736F6C696420236464643B626F7264653A
:10C53000722D7261646975733A3870783B62616319
:10C540006B67726F756E643A236666663B706164F2
:10C5500064696E673A2E37656D202E38656D7D2EC5
:10C560006B7B646973706C61793A626C6F636B3B6F
:10C57000636F6C6F723A233636363B666F6E742D7E
:10C5800073697A653A2E39656D3B6D617267696EC4
:10C590002D626F74746F6D3A2E32656D7D2E767BD1
:10C5A000666F6E742D7765696768743A3630307DD2
:10C5B0002E616374696F6E737B6D617267696E3A29
:10C5C00031656D20307D2E616374696F6E732061FB
:10C5D0007B6D617267696E2D72696768743A316547
:10C5E0006D7D636F64657B666F6E742D66616D69CA
:10C5F0006C793A75692D6D6F6E6F73706163652C20
:10C6000053464D6F6E6F2D526567756C61722C6D60
:10C610006F6E6F73706163653B6261636B67726FAE
:10C62000756E643A236633663366333B70616464C7
:10C63000696E673A2E31656D202E3335656D3B622C
:10C640006F726465722D7261646975733A347078C3
:10C650007D406D6564696120286D61782D7769641E
:10C6600074683A3634307078297B626F64797B70F5
:10C67000616464696E673A30202E3735656D7D7D63
:10C680003C2F7374796C653E3C2F686561643E3C59
:10C69000626F64793E3C68323E0000002053746152
:10C6A00074733C2F68323E3C64697620636C61731E
:10C6B000733D27616374696F6E73273E3C61206828
:10C6C0007265663D272F273E4261636B20746F20A1
:10C6D0006D61696E20706167653C2F613E3C2F641F
:10C6E00069763E3C7020636C6173733D276D273E15
:10C6F0004175746F2D726566726573686573206528
:10C70000766572792035207365636F6E64732E3C95
:10C710002F703E3C64697620636C6173733D2763C0
:10C72000617264273E3C64697620636C6173733D7B
:10C730002767726964273E004669726D776172658A
:10C7400000000000486F73746E616D6500000000AA
:10C7500043757272656E7420495000006E6F6E658D
:10C7600000000000436F6E6E656374656420636C47
:10C7700069656E7400000000496E746572666163DD
:10C78000650000002064426D0000000057692D46DE
:10C7900069207369676E616C00000000457468650C
:10C7A000726E6574206C696E6B0000004D41430031
:10C7B000544350207374617475730000256C756464
:10C7C000202530326C753A2530326C753A2530327E
:10C7D0006C7500002530326C753A2530326C753A34
:10C7E0002530326C75000000557074696D6500006D
:10C7F000252E2A6600000000205600004261747455
:10C800006572790020252F687200000042617474FF
:10C810006572792063686172676520726174650072
:10C8200047505320666978002C2000004750532061
:10C830006C6F636174696F6E000000003C2F646967
:10C84000763E3C2F6469763E000000003C68333E33
:10C85000526164696F3C2F68333E3C6469762063A3
:10C860006C6173733D2767726964273E00000000A6
:10C870005374617465000000204D487A0000000088
:10C880004672657175656E6379000000206B487AA9
:10C890000000000042616E64776964746800000003
:10C8A00053460000537072656164696E672066616B
:10C8B00063746F7200000000342F0000436F6469DE
:10C8C0006E67207261746500545820706F776572CE
:10C8D00000000000307825780000000053796E6376
:10C8E000776F726400000000507265616D626C6564
:10C8F000000000003C68333E436F756E74657273D0
:10C900003C2F68333E3C64697620636C6173733DF1
:10C910002767726964273E005258207061636B6517
:10C92000747300005458207061636B657473000069
:10C93000435243206572726F727300004C617374CE
:10C940002052535349000000206442004C6173742C
:10C9500020534E52000000004E6F69736520666CD4
:10C960006F6F7200204300004469652074656D702C
:10C970006572617475726500426F617264207465DE
:10C980006D7065726174757265000000436F6F6C45
:10C99000696E672066616E003C2F6469763E3C6874
:10C9A000333E4E6574776F726B3C2F68333E3C6448
:10C9B000697620636C6173733D2767726964273EF3
:10C9C00000000000506F72740000000057692D468F
:10C9D000692052535349000057692D466920616E02
:10C9E00074656E6E6100000048656C746563205666
:10C9F000342E332065787465726E616C204C4E4124
:10CA00000000000047617465776179005375626EBC
:10CA100065740000444E532031000000444E532002
:10CA2000320000003C2F6469763E3C2F626F6479CF
:10CA30003E3C2F68746D6C3E000000004D6F6465D5
:10CA4000000000007B22686F73746E616D65223A8E
:10CA5000000000002C226566666563746976655F78
:10CA6000686F73746E616D65223A00002C227463E6
:10CA7000705F746F6B656E223A0000002C22677045
:10CA8000735F617661696C61626C65223A000000D7
:10CA90002C227374617469635F6970223A0000002C
:10CAA0002C22776966695F65787465726E616C5F68
:10CAB000616E74656E6E61223A0000007B22626FC7
:10CAC000617264223A0000002C226669726D7761FF
:10CAD0007265223A000000002C22686F73746E6148
:10CAE0006D65223A000000002C226D646E73223ABC
:10CAF000000000002C22696E746572666163652215
:10CB00003A0000002C2263757272656E745F697062
:10CB1000223A00002C22636F6E6E65637465645F59
:10CB2000636C69656E745F6970223A002C227570BF
:10CB300074696D655F736563223A00002C2275701D
:10CB400074696D65223A00002C226469655F746522
:10CB50006D70657261747572655F63223A000000E2
:10CB60002C22626F6172645F74656D7065726174AE
:10CB70007572655F63223A002C226261747465727B
:10CB8000795F766F6C746167655F6D76223A00003D
:10CB90002C22626174746572795F766F6C74616760
:10CBA000655F76223A0000002C226261747465721F
:10CBB000795F6368617267655F726174655F7063F6
:10CBC000745F7065725F686F7572223A00000000D2
:10CBD0007D0000002C22626F6172645F66616E5F8F
:10CBE000656E61626C6564223A000000646863707F
:10CBF000000000002C227573655F737461746963B3
:10CC00005F6970223A0000002C226C697665223A36
:10CC1000000000002C227375626E6574223A0000D9
:10CC20002C2267617465776179223A002C22646E48
:10CC30007331223A000000002C22646E7332223AD3
:10CC4000000000002C22776966695F727373695F68
:10CC500064626D223A0000002C226C696E6B223AED
:10CC6000000000002C226D6163223A002C227463C4
:10CC7000705F737461747573223A00002C227463C0
:10CC8000705F706F7274223A000000002C2270797D
:10CC90006D635F746F6B656E5F736574223A00003D
:10CCA0007B226D6F6465223A000000002C227361C4
:10CCB000766564223A7B227374617469635F69707C
:10CCC000223A00007B2272785F7061636B65747337
:10CCD000223A00002C2274785F7061636B65747374
:10CCE000223A00002C226372635F6572726F727366
:10CCF000223A00002C226C6173745F727373695F57
:10CD000064626D223A0000002C226C6173745F73C0
:10CD10006E725F6462223A002C226E6F6973655FE7
:10CD2000666C6F6F725F64626D223A00303132332D
:10CD30003435363738396162636465660000000057
:10CD4000705F73706920213D204E554C4C000000EF
:10CD50002F686F6D652F72756E6E65722F2E706CF9
:10CD60006174666F726D696F2F7061636B61676567
:10CD7000732F6672616D65776F726B2D617264756A
:10CD8000696E6F61646166727569746E7266353260
:10CD90002F6C69627261726965732F5350492F530A
:10CDA00050492E6370700000535049436C61737397
:10CDB0003A3A535049436C617373284E52465F535D
:10CDC00050494D5F547970652A2C2075696E74380E
:10CDD0005F742C2075696E74385F742C2075696ED1
:10CDE00074385F74290000000000FFFF000080001D
:10CDF0000000000008000800000000000000000023
:10CE0000E8030000FFFFFFFFFFFFFFFFFFFFFFFF43
:10CE1000FFFFFFFFFFFFFFFF00000000000000001A
:10CE2000F55A04000D5C0400FD5B0400ED5B04009A
:10CE3000DD5B0400CD5B0400C15B0400B95B040052
:10CE4000DD5A0400B55B04007D5B0400695B0400EF
:10CE5000F95A0400595B0400095B0400515B0400AB
:10CE6000015B04003D5C04001D5C04003D5B0400AC
:10CE7000315B04002D5B0400F15A0400A1AC0400F6
:10CE80000338FDD8704700000000D9439A999940B3
:10CE90000A0000000000D9439A9999400000A04080
:10CEA0000000FA420A0010000000D9430000FA42D4
:10CEB0000907120A0800000022FB120011032100DA
:10CEC0001106210322021406110B120B110E120E71
:10CED00011141116220B13152111240D21142116E2
:10CEE000221523154113411433145213611652169F
:10CEF00053166316641674165358313236310000D7
:10CF00000000000000000000C95C0400CD5C0400CB
:10CF1000D9760400E5900400259104006591040091
:10CF2000F16B040045A9040065740400F9A804002D
:10CF30007D7004007D72040011730400956E04007E
:10CF4000816E0400DD5C0400B59B0400E1970400E1
:10CF500065A004004DA3040029A40400415D040061
:10CF6000A15C0400D1A00400119B04008D9C04006E
:10CF7000619E040085710400617104002171040048
:10CF80000D6C0400A1780400D56D0400E56E04006A
:10CF9000CD6E0400F56D0400C57104009D700400A1
:10CFA000F5730400CD6B0400A1750400116F04003B
:10CFB000016E04005170040069A80400B1A80400C7
:10CFC00069980400B198040069980400B1980400BD
:10CFD00069980400B1980400816804004D6E040053
:10CFE000217C0400D96F0400096E040051970400ED
:10CFF00081970400E5980400A1970400B59304000C
:10D00000316704008165040059610400F563040080
:10D01000015F04008D6204002D600400A55D040022
:10D02000FFFFFFFF00000000800100008001000002
:10D0300012AD101B12AD0000000000000000000047
:10D04000496E04006D700400D9760400E590040078
:10D050002591040065910400F16B040045A90400CA
:10D0600065740400F9A804007D7004007D7204005A
:10D0700011730400956E0400816E0400FDA7040086
:10D08000B59B0400E197040065A004004DA30400D3
:10D0900029A404000DA8040015A80400D1A00400D0
:10D0A000119B04008D9C0400619E040085710400A6
:10D0B00061710400217104000D6C0400A17804006A
:10D0C000D56D0400E56E0400CD6E0400F56D04001E
:10D0D000C57104009D700400F5730400CD6B04005D
:10D0E000A1750400116F0400016E0400517004006A
:10D0F00069A80400B1A8040069980400B19804006C
:10D1000069980400B198040069980400B19804007B
:10D11000E5A704004D6E0400217C0400D96F0400D3
:10D12000096E04005197040081970400E5980400FB
:10D13000A1970400B5930400010100000100010063
:10D1400000000100010000005000B000180178014B
:10D15000B0021803C8053006300C980C0F06030007
:10D1600000122436480416283A4C081A2C3E0C1E8D
:10D1700030421022344601132537490517293B4D0B
:10D18000091B2D3F0D1F314311233547021426384B
:10D190004A06182A3C4E0A1C2E400E203244031523
:10D1A00027394B07192B3D4F0B1D2F410F213345BD
:10D1B0003500420055006B008400AB00D700080129
:10D1C0005601AE011002AC025C0320045805B506FE
:10D1D0003C08AC0A640D6B101F170F1E160E1D15B0
:10D1E0000D1C140C1B130B1A120A19110900000054
:10D1F0000108AC000000000000000000000000007A
:10D2000000000000CDA70400DDA70400E1A8040091
:10D21000E5A70400DDA7040045A90400D5A7040084
:10D22000F9A80400DDA70400DDA70400EDA70400B1
:10D23000F5A70400DDA70400FDA70400FDA7040076
:10D24000FDA70400E5A70400E5A7040005A8040065
:10D250000DA8040015A80400EDA70400F5A704001C
:10D260001DA804001DA804002DA8040035A8040072
:10D2700035A804003DA8040049A8040049A80400FA
:10D280004DA80400F5A70400F5A70400DDA70400DD
:10D2900055A80400DDA70400DDA7040055A804007C
:10D2A0005DA8040061A8040065A8040069A8040042
:10D2B000B1A8040061A80400D5A8040061A8040076
:10D2C000D5A8040061A80400D5A80400E5A70400BF
:10D2D00055A80400D9A80400DDA704002D0305000B
:10D2E00030211203120330210312213021300312A6
:10D2F0004370340725165261526125163407437076
:10D300000734704361521625162561527043073465
:10D310003407437052612516251652614370340755
:10D320007043073416256152615216250734704345
:10D3300000000000000000000000000000000000ED
:10D340002D0305002D0305002D0305002D03050009
:10D350002D0305002D0305002D0305002D030500F9
:10D360002D0305002D0305002D0305002D030500E9
:10D370002D0305002D0305002D03050091AC0400CD
:10D3800091AC040095AC040099AC040091AC04008D
:10D390009DAC0400A1AC04000000000000000000EF
:10D3A00071B404009DB1040061B1040075B10400C2
:10D3B000C1B10400E5B10400BDB40400C1B2040071
:10D3C000D1B00400D5B1040079B20400F5B4040072
:10D3D0009DB00400A9B00400B1B00400B9B00400CD
:10D3E00041B4040061B3040009B20400D1B30400E5
:10D3F000B5B00400000000000000000099B6040071
:10D40000CDBA0400996A02006DB5040071B504003C
:10D41000A5B504000000000000000000E9C30400FE
:10D4200065C20400996A0200F1C10400EDC1040064
:10D4300081C20400E9C2040011C20400F5C1040065
:10D4400045C204004DC3040059C2040029C40400AD
:10D45000B9C20400B9C40400D5C10400E5C1040088
:10D4600005C30400E9C10400000000000000000042
:10D470000338FDD87047000057495A6E65740000A4
:10D480000000000000000000B1EC0400D9EC040032
:10D49000996A020095EC040099EC0400A1EC0400E8
:10D4A000A9EC0400FF000000FF00000002000000E3
:10D4B000030000000400000005000000060000005A
:10D4C0000700000008000000090000000A0000003A
:10D4D0000B0000000C0000000D0000000E0000001A
:10D4E0000F000000100000001100000012000000FA
:10D4F00013000000140000001500000016000000DA
:10D500001700000018000000190000001A000000B9
:10D510001B0000001C0000001D0000001E00000099
:10D520001F00000020000000210000002200000079
:10D530002300000024000000250000002600000059
:10D540002700000028000000290000002A00000039
:10D550002B0000002C0000002D0000002E00000019
:10D560002F0000000000000000000000CDF00400CB
:10D570000D0A00000000000000000000B5F70400E4
:10D5800001F8040071F7040089F7040059F704005A
:10D5900069F7040061F704005DF8040081FA0400F3
:10D5A000B5F60400ADF60400546D725100000000A1
:10D5B000546D7220537663006C6F6F700000000032
:10D5C00043616C6C6261636B000000002C20667527
:10D5D0006E6374696F6E3A2000617373657274696B
:10D5E0006F6E2022257322206661696C65643A2083
:10D5F00066696C6520222573222C206C696E65207B
:10D600002564257325730A00446200204300504FAF
:10D61000534958002E00232D302B2000686C4C00FD
:10D6200065666745464700494E4600696E66004E8E
:10D63000414E006E616E0030003031323334353689
:10D64000373839414243444546003031323334356E
:10D650003637383961626364656600002020202017
:10D660002020202020282828282820202020202092
:10D670002020202020202020202020208810101072
:10D6800010101010101010101010101004040404CA
:10D69000040404040404101010101010104141413F
:10D6A00041414101010101010101010101010101AA
:10D6B000010101010101011010101010104242423D
:10D6C000424242020202020202020202020202027A
:10D6D00002020202020202101010102000000000DC
:10D6E000000000000000000000000000000000003A
:10D6F000000000000000000000000000000000002A
:10D700000000000000000000000000000000000019
:10D710000000000000000000000000000000000009
:10D7200000000000000000000000000000000000F9
:10D7300000000000000000000000000000000000E9
:10D7400000000000000000000000000000000000D9
:10D75000000000000000000000000000496E666943
:10D760006E697479004E614E0000000000000000F8
:10D7700000000000000000000000000000000000A9
:10D780000000000000000000000000000000000099
:10D790000000000000000000000000000000000089
:10D7A0000000000000000000000000000000000079
:10D7B0000000000000000000000000000000000069
:10D7C0000000000000000000000000000000000059
:10D7D0000080E03779C34143176E05B5B5B893466D
:10D7E000F5F93FE9034F384D321D30F94877825A39
:10D7F0003CBF737FDD4F1575000000000000F03F57
:10D80000000000000000244000000000000059401B
:10D810000000000000408F40000000000088C3406E
:10D8200000000000006AF8400000000080842E41E3
:10D8300000000000D01263410000000084D797412F
:10D840000000000065CDCD41000000205FA0024235
:10D85000000000E876483742000000A2941A6D42AA
:10D86000000040E59C30A2420000901EC4BCD6429D
:10D8700000003426F56B0C430080E03779C3414348
:10D8800000A0D8855734764300C84E676DC1AB43BE
:10D89000003D9160E458E143408CB5781DAF1544DC
:10D8A00050EFE2D6E41A4B4492D54D06CFF08044B7
:10D8B000F64AE1C7022DB544B49DD9794378EA44CC
:10D8C00005000000190000007D00000000000000BD
:08D8D0008089FC7F01000000CB
:10D8D800000000000A00000000000306B200080073
:10D8E80001000000A800080002000000A0001400C9
:10D8F800030057494E555342000000000000000045
:10D9080000008400040007002A0044006500760037
:10D9180069006300650049006E00740065007200CC
:10D928006600610063006500470055004900440037
:10D938007300000050007B003900370035004600B6
:10D9480034003400440039002D0030004400300019
:10D9580038002D0034003300460044002D00380004
:10D968004200330045002D003100320037004300EB
:10D978004100380041004600460046003900440096
:10D988007D000000000000000400000010000C00F2
:10D99800B0730020487B0500000000000000000074
:10D9A800000000000000000000000000000000006F
:10D9B800000000000000000000000000000000005F
:10D9C800000000000000000000000000000000004F
:10D9D800000000000000000000000000000000003F
:10D9E8000000000000000000FF00FFFF160000001C
:10D9F8000000C6C25051D53324F40000080816129E
:10DA08000010000000000000FFFF00000A010000F5
:10DA1800708405006F70656E686F702D72616B346D
:10DA28003633312D657468000000000000000000E6
:10DA380000000000000000000000000000000000DE
:10DA480000000000000000000000000000000000CE
:10DA58000000000000000000024F484F5000000086
:10DA68002D2D2D0000000000000000000000000027
:10DA7800FF0000000000000000000000000000009F
:10DA8800FF0000000000000000000000000000008F
:10DA98000D0A526164696F4C696220496E666F0AAB
:10DAA80056657273696F6E3A202022372E382E31F0
:10DAB8002E30220D0A506C6174666F726D3A202206
:10DAC8004164616672756974206E52463532220D62
:10DAD8000A224F6374202036203230323622202228
:10DAE80031363A35313A3036220000C044A300209E
:10DAF8000A00000060C000200090D0030A00000067
:10DB0800E4BF0020F8BF00200CC0002020C0002087
:10DB180044620020000000008CD70500ACD7050047
:10DB28006CD70500000000000000000000000000A5
:10DB380000000000000000000000000000000000DD
:10DB480000000000000000000000000000000000CD
:10DB580000000000000000000000000000000000BD
:10DB680000000000000000000000000000000000AD
:10DB7800000000004300000000000000000000005A
:10DB8800000000000000000000000000000000008D
:10DB9800000000004300000000000000000000003A
:10DBA800000000000000000000000000000000006D
:10DBB800000000004300000000000000000000001A
:10DBC800000000000000000000000000000000004D
:10DBD80000000000430000000000000000000000FA
:10DBE800000000000000000000000000000000002D
:10DBF80000000000430000000000000000000000DA
:10DC0800000000000000000000000000000000000C
:10DC180000000000430000000000000000000000B9
:10DC280000000000000000000000000000000000EC
:10DC38000000000043000000000000000000000099
:10DC480000000000000000000000000000000000CC
:10DC580000000000095C0500BD4A05000000000046
:10DC68005BD6050014D6050007D6050007D60500C3
:10DC780007D6050007D6050007D6050007D6050014
:10DC880007D6050007D6050007D60500FFFFFFFFEA
:10DC9800FFFFFFFFFFFFFFFFFFFF000001004153F1
:10DCA8004349490000000000000000000000000097
:10DCB80000000000000000000000000000004153C8
:10DCC8004349490000000000000000000000000077
:10DCD800000000000000000000000000000000003C
:10DCE8001983030001620200356202002566020002
:10DCF80051D4020001E80200112A03004977030009
:10DD080025970300FDCC0300254A0400D9900400A0
:10DD180011AB040075B0040051B50400B9C104008A
:10DD2800F9C4040035D5040071E00400CDE0040016
:10DD38008DE8040025F0040099F6040021FD040094
:08DD4800053C05001162020018
:04000003500027E59D
:00000001FF
