:020000022000DC
:1060000000000420555704009557040097570400DA
:10601000995704009B5704009D570400000000009E
:1060200000000000000000000000000069560400AD
:10603000A15704000000000089560400A557040081
:1060400041590400A7570400F12A0400FDA40300ED
:10605000B1A50300A7570400392F0400A757040077
:10606000A7570400A7570400A7570400A757040028
:10607000A7570400A7570400A7570400A757040018
:10608000A7570400ED530400A7570400A7570400C6
:10609000A7570400A7570400A7570400A7570400F8
:1060A000A7570400A7570400A7570400A7570400E8
:1060B000A7570400A75704000000000000000000DC
:1060C000A7570400A7570400A75704002D5F04003A
:1060D000A7570400A7570400A7570400F16C02005B
:1060E0003D2B0400A7570400A75704000000000040
:1060F00000000000A757040000000000A55F040096
:10610000000000000000000000000000000000008F
:10611000000000000000000000000000000000007F
:10612000000000000000000000000000000000006F
:10613000000000000000000000000000000000005F
:10614000000000000000000000000000000000004F
:10615000000000000000000000000000000000003F
:10616000000000000000000000000000000000002F
:10617000000000000000000000000000000000001F
:10618000000000000000000000000000000000000F
:1061900000000000000000000000000000000000FF
:1061A00000000000000000000000000000000000EF
:1061B00000000000000000000000000000000000DF
:1061C00000000000000000000000000000000000CF
:1061D00000000000000000000000000000000000BF
:1061E00000000000000000000000000000000000AF
:1061F000000000000000000000000000000000009F
:10620000F1EE103A43F08073E1EE103A704700BFB0
:1062100010B5054C237833B9044B13B10448AFF3E0
:1062200000800123237010BD48640020000000009E
:106230007CC8040008B5034B1BB103490348AFF306
:10624000008008BD000000004C6400207CC80400F1
:10625000154B002B08BF134B9D46A3F5803A002138
:106260008B460F461348144A121A21F074FC0F4B48
:10627000002B00D098470E4B002B00D098470020F1
:10628000002104000D000D48002802D00C48AFF397
:10629000008021F095FB200029001FF0ADFA21F0CD
:1062A00069FB00BF0000080000000420000000009F
:1062B0000000000048640020A0AE002000000000A4
:1062C000000000000146014800F08EBA8064002002
:1062D00038B5064B1D783DB100242046013400F04E
:1062E00049FEE0B28542F9D838BD00BF7C64002089
:1062F000407DFF2806D010B500F088FD044618B197
:10630000204610BD002070471FF0C8FF204610BD7A
:10631000407DFF280ED000B583B00DF1070100F0DD
:10632000C9FD20B19DF8070003B05DF804FB4FF0F4
:10633000FF30F9E74FF0FF30704700BF407DFF2886
:1063400011D000B583B001220DF1070100F06AFD04
:1063500020B94FF0FF3003B05DF804FB9DF8070053
:1063600003B05DF804FB4FF0FF307047407DFF281D
:1063700001D000F0FFBD7047407DFF2801D000F044
:106380003FBE0020704700BFF8B50646407DFF289D
:106390001CD017465AB10D46144600F011FD29468F
:1063A000224680B1707D00F08FFD241A01D138465D
:1063B000F8BD05441FF072FF707D00F001FD294615
:1063C00022460028EED13F1B3846F1E70020F8BDF9
:1063D0000AB32DE9F043524991F81C6191F81D511F
:1063E00091F81E7193B0994614467B1CAA1C8046F6
:1063F000B01C81F81C0181F81D2181F81E3101A813
:106400004222002121F0A7FBB9F1410F05D800205D
:1064100013B0BDE8F083422070478DF806608DF818
:106420000E608DF82660721C40F20126D2B2ADF8E3
:106430001060DFF8F0C08DF81E20242640F6083EDC
:106440006B1C8DF827208DF83120ADF804E08DF815
:1064500016608DF820608DF82460CDF818C00426F1
:106460004FF0060C65F07F0540F209424FF0010E37
:1064700098F81410ADF80C208DF81CE005228DF86A
:106480001F608DF830608DF822C040F207568DF8FD
:1064900025C08DF82A5020464FF0030E63F07F048C
:1064A0004FF0080C02234FF411658DF814108DF88D
:1064B00007308DF808308DF809308DF812308DF8DE
:1064C00021308DF815208DF823208DF82BE08DF8E4
:1064D0002CC04FF00A0EADF82E504FF0400C01A921
:1064E000ADF8286007258DF833308DF840208DF801
:1064F0004140422244F20204ADF838608DF83B304E
:106500008DF83A708DF834E08DF83CC08DF83F502E
:10651000ADF8424021F0FBFA422013B0BDE8F08311
:106520008064002020010524A0F11000FFF750BF77
:1065300070B50368184A5B6882B093428DF8071003
:1065400024D10546407DFF281DD000F039FC0DF117
:10655000070601243146224688B1687D00F0B4FC6C
:10656000241A02D1012002B070BD06441FF096FE2D
:10657000687D00F025FC314622460028EDD1C4F1AB
:10658000010002B070BD002002B070BD01220DF10B
:106590000701984702B070BD89630200437DFF2B5D
:1065A00000D07047094B1A78002AFAD110B500F1D3
:1065B000100442750649204601221A7000F0E0F9E5
:1065C00021460448BDE8104000F0F0B87C6400208B
:1065D000D0A8040080640020407DFF2807D000B5CB
:1065E00083B000F0EDFB20B103B05DF804FB0020A8
:1065F000704701901FF052FE019803B05DF804FB54
:1066000001B900B1704700B583B0694600F0EEFBF8
:10661000009BB3F5966F02D003B05DF804FB00F069
:106620007DFBF9E730B4084B084A4FF47F4102F193
:106630000805002430324FF47A7099821D60C3E956
:1066400001401A6130BC704764640020E0A8040077
:106650002DE9F0410024484E2546435D4719A3B17A
:1066600003F14002D2B2012A0AD9F42B08D81A0643
:106670000ED44FF0010EA3F55842B2F5006F56D27A
:1066800001354719435D002BEAD12046BDE8F08172
:1066900003F0E002C02A57D003F0F002E02A66D0EF
:1066A00003F0F802F02AEBD103F007024FF0040EDA
:1066B0007B7803F0C00CBCF1800FE1D197F802C0E9
:1066C0000CF0C00803F03F03B8F1800F43EA8213D7
:1066D000D6D10CF03F0CBEF1030F4CEA83132DD042
:1066E000FA7802F0C007802FCAD102F03F0242EAD6
:1066F0008313A3F58032B242C2D8A3F55847B7F549
:10670000006FBDD3B3F5803F05F1040510D31E2CF7
:10671000BBDC6300970A0B44C2F30902A7F52057BC
:10672000A2F5105221F814705A80023495E775448E
:10673000202CAAD021F8143001348EE7A3F5006292
:10674000B2F5784F97D39BE77A7802F0C007802F95
:1067500003F01F0394D102F03F0242EA8313A3F136
:106760008002B2F5F06F8BD24FF0020E83E703F098
:106770000F024FF0030E9BE7FFFF0F0090F8503120
:106780000B2B0CD871B103F1480210B45C1C80F8DB
:10679000504140F822105DF8044B18467047002322
:1067A000184670470B461846704700BF70B5044640
:1067B0000E68B4F81821B4F81A31656936689B1A66
:1067C00008469BB294F81C112A44B04758B1B4F85B
:1067D00018216369104480B2A4F81801588094F815
:1067E0001C211A71012070BD2DE9F043284DDFF8FE
:1067F000B090AC4604468846BCE80F0089B003AFB1
:106800000FC703AE0FCE05F1140E25460FC59EE847
:106810000700DCF800303B806B4636682E8003C3EF
:106820006B4603CB012504F118034FF480766361B6
:10683000A061E16184F8202004F59870C4F81891F3
:106840002022A4F81C61002184F81E5121F083F954
:1068500040F20947042240F2EF230E4E0E48C4F8DE
:1068600028010021C4F82C1184F85021A3804FF492
:10687000E131A571C4F82071C4F824610748FFF71D
:106880008DFE404600F038FA284609B0BDE8F08396
:1068900014A9040044A904004CA904006464002065
:1068A000090000010048704780640020014B5869CE
:1068B000704700BF806400202DE9F04F89B0F8B127
:1068C000032816D02B4C94F8503183424FD94830CE
:1068D00004F5AA7154F82000FFF7BAFEC0B20130E7
:1068E000400040F44070A4F85201234809B0BDE8CC
:1068F000F08F204CD4F82C0150B104F5AA71EBE7CD
:106900001C4CD4F82031A4F854314FF44170EAE71C
:10691000684600F005FA054610B300F1FF3A0DF1A4
:106920000103164FE94653FA8AFAA64604AE97E8E1
:106930000F0019F801CB86E80F000CF00F080DF1DD
:10694000200BD8440BEB1C1C18F8108C1CF8103CC6
:10695000AEF85681D145AEF854310EF1040EE6D1B1
:106960006800C0B20130400040F44070BBE7002036
:10697000BCE700BF80640020D265002034A9040079
:1069800010B504460248FFF7F9FE207110BD00BFA4
:106990008064002030B5144C236883B013B31868AA
:1069A00051B90DF0D9FA236893F90400012103B01D
:1069B000BDE830401FF0E8BF0C4B009300250123D9
:1069C0008DF805308DF8045002AB13E906000DF088
:1069D0005FFA236893F90400294603B0BDE830400C
:1069E0001FF0D2BF03B030BD1466002080BA8C0106
:1069F0000448006828B108B500680DF0B3FA01201A
:106A000008BD704714660020084B1B6843B141B9AC
:106A1000074B4022C3F88020BFF34F8FBFF36F8F27
:106A20007047034B40221A60704700BF1466002075
:106A300000E100E0024B53F8200000B1C06870474D
:106A40001866002030B4094CBDF8085054F82040B6
:106A500044B1246934B10846A44611461A462B466F
:106A600030BC6047002030BC704700BF1866002073
:106A700030B4084CBDF8085054F8204044B1646963
:106A800034B10846A44611461A462B4630BC60472E
:106A900030BC70471866002000207047024B186811
:106AA00008B190F860007047206600202DE9F84397
:106AB000234C2568002D3CD01E462C2303FB00539D
:106AC0001746D3F8209088460446B9F1000F32D01B
:106AD000484621F050FF2C2303FB0454D4E9095409
:106AE000DFF864C0174B08280246494628BF082231
:106AF0004046002D08BF6546002C08BF1C4621F00B
:106B000006F8284621F037FF10280246294628BFFC
:106B10001022384620F0FBFF204621F02CFF0428ED
:106B200002462146304628BF0422BDE8F84320F043
:106B3000EEBFBDE8F883DFF814900820CBE700BF74
:106B40002066002074A9040064A9040058A9040068
:106B500070B5104E3368D3B12C2404FB00340546C5
:106B600062691AB19047336884F832002C2202FB24
:106B7000053393F8324014B10124204670BD2846F5
:106B800023463A22022101F0E7F8204670BD1C4658
:106B9000204670BD20660020074B1B6853B110B41F
:106BA0002C2404FB0030C46A038E0C6013805DF853
:106BB000044B7047704700BF2066002008B52022B4
:106BC0000023052101F0C8F84FF0FF3008BD00BFD9
:106BD00030B4094C24685CB10D4611462C2202FBEE
:106BE0000044E46924B11A462846234630BC1847BD
:106BF000012030BC704700BF2066002030B4094C33
:106C0000029A246854B10D462C2101FB0044A4686B
:106C100024B119462846234630BC18474FF0FF30B0
:106C200030BC70472066002030B4094C029A2468BA
:106C300054B10D462C2101FB0044E46824B11946EF
:106C40002846234630BC18474FF0FF3030BC704711
:106C500020660020044B1B682BB12C2202FB003065
:106C6000036903B11847704720660020054B1B6875
:106C70002BB12C2202FB0030836903B1184701209D
:106C8000704700BF2066002005F0DCBB00B5164B46
:106C900083B04022002483F8272301A90123204642
:106CA0008DF804308DF8054002F0DAFE4FF0804395
:106CB00002A8D3F8385400F8084D1EF0FBFD0B4B2A
:106CC000019301A81EF022FE1EF032FEEB0707D44E
:106CD00000214FF0FF3002F04DFFFFF7F9FAF7E720
:106CE000204605F0AFFBF3E700E100E0896C02000D
:106CF000002005F01DB800BF00B5002383B00322BB
:106D0000CDE9002303490448C8221DF02FFB03B03E
:106D10005DF804FB78A904008D6C02001FF072BCC2
:106D20004FF08052536E1BBA0360136E1BBA436060
:106D3000082070470048704780A9040070B51E4CB9
:106D40002368D3B1012901D0012070BD1578C5F3A6
:106D50004115012D13D0022D0FD15478012C21D0D3
:106D6000022CF1D19388072B07D1144C11462389AB
:106D70002246BDE8704003F035BE002070BD51785A
:106D80002229E1D111465288003218BF01225A75DA
:106D900003F010FE2268D369002BD5D0507D9847B0
:106DA000284670BD9C69002CE7D011462378224606
:106DB000BDE8704003F016BE246600200460002089
:106DC00010B5044602F034FE08B9002010BD02F0F0
:106DD00037FE0028F9D1044B4FF4367202FB04341D
:106DE000207900F0010010BDA8660020064A4FF48B
:106DF000367303FB00230833186808609A889B7970
:106E00008B718A80704700BFA866002008B5044ACD
:106E10004FF4367303FB0020103002F055FC08BD20
:106E2000A86600202DE9F8434FF4367404FB00F403
:106E30001E4E4FF6FF73074604F110054FF6FE7025
:106E4000824288BF1A463544284692B202F066FC58
:106E5000804602F0EDFD10B94046BDE8F88302F02F
:106E6000EFFD81460028F7D13444E378002BF3D0BE
:106E7000284602F041FC3F28EED9E178484603F06D
:106E8000E7FC0028E8D0284602F036FC3F2804D86A
:106E9000E178484603F0ECFCDEE7054AE178484635
:106EA00002EBC712402303F0F3FCD5E7A8660020ED
:106EB00028660020034A4FF4367303FB002010308D
:106EC00002F096BCA86600202DE9F8434FF4367511
:106ED00005FB00F5244F4FF6FF73064605F1240429
:106EE0004FF6FE70824288BF1A463C4492B220465A
:106EF00002F0B8FC8046204602F0E6FB3F2802D8AC
:106F00004046BDE8F88302F093FD0028F8D002F077
:106F100097FD81460028F3D1204602F0D5FB0028DA
:106F2000EED03D444846A97803F092FC0028E7D013
:106F30000E4B402202EBC6161E442046314602F09C
:106F4000EDFB034660B13246A978484603F0A0FC49
:106F50000028D5D1064B1B68DB07D1D500BECFE793
:106F6000A97803F085FCCBE7A866002028660020FE
:106F7000F0ED00E02DE9F041804602F059FD10B936
:106F80000020BDE8F08102F05BFD07460028F7D144
:106F90004FF4367404FB08F4164E04F1240535440E
:106FA000284602F091FB0028EAD026443846B17802
:106FB00003F04EFC0028E3D040220F4B02EBC81830
:106FC00098442846414602F0A9FB044660B1424677
:106FD000B1783846234603F05BFC40B9074B1B6889
:106FE000DB07CDD500BECCE7B17803F041FC2046ED
:106FF000C7E700BFA866002028660020F0ED00E08B
:1070000008B5044A4FF4367303FB0020243002F025
:1070100073FB08BDA866002070B5204C82B000212B
:107020004FF4367220460D4620F095FDFF234FF4B5
:10703000E132082604F138016371A26001234FF4A4
:107040008072009504F11000A67302F001FB144B4E
:107050001B78C3F38003009304F59C7101234FF464
:10706000807204F1240002F0F3FA04F50E7101209D
:107070001CF0C0FB04F52271064601201CF0BAFB8F
:1070800006B130B9074B1B68DB0700D500BE02B064
:1070900070BDC4E90756C4E90C05F8E7A8660020EE
:1070A000B8600020F0ED00E038B5094C206A256B8F
:1070B00020B11CF0C3FF0023C4E907332DB12846DB
:1070C0001CF0BCFF0023C4E90C33012038BD00BF15
:1070D000A866002010B50E4C0E48237800220260EE
:1070E0000271DA0709D59B070DD521780A48C1F34B
:1070F0008001BDE8104002F063BC103002F040FC9B
:1071000023789B07F1D4044802F03AFCEDE700BF76
:10711000B8600020A8660020CC6600202DE9F04170
:107120004B79022B82B004D00025284602B0BDE87E
:10713000F0818B79022BF7D1364EB3782BB1364BD9
:107140001B68DB07F0D500BEEEE78B7833700C7858
:107150000C4407466378242B4FF009050BD1082A0D
:1071600002D822E0AA4220D323781C441D4463782D
:10717000242BADB2F6D0052B38D0042B15D1637972
:107180000A2B12D1254A94F8008001920223013281
:107190000092384604EB08011A4603F095FA0028DD
:1071A000CDD00E3518FA85F5ADB202F041FC0028BD
:1071B000BBD002F045FC04460028B6D1F378002B82
:1071C000B3D0174802F098FA3F28AED9F17820469C
:1071D00003F03EFB0028A8D0114802F08DFA3F28AA
:1071E000F17811D8204603F043FB9EE7214638464C
:1071F00003F00AFB0028A2D0A378737023781C4404
:107200001D44ADB26378B8E7064A2046402303F038
:107210003FFB8AE7A8660020F0ED00E0AA660020A8
:10722000B86600202866002038B5137803F06003A4
:10723000202B01D0002038BD294C938825789D4211
:10724000F8D15378203B032BF4D8DFE803F008157E
:107250001E02012936D0032939D0012038BD012969
:107260000CD00329F9D11F4B002BF6D01E4900206A
:10727000AFF30080012038BD0129EED1114607236C
:10728000194A03F0AFFB012038BD01291AD00329A8
:10729000E3D1164B55881B781548257113F004016E
:1072A0001CBFE94301F0010102F08AFB114B002BE6
:1072B000D3D0C5F3400205F001010020FFF7A0F98B
:1072C000012038BD114603F075FB012038BD0A4B83
:1072D000002BC2D051880020AFF30080BDE700BF73
:1072E000A866002000000000B0660020B860002002
:1072F000CC66002001660200000000002DE9F04786
:107300005F4CE2788A420D4680461F4659D15D4E59
:107310009AB2314604F1100002F0A4FA5A4BC3B1FC
:107320006379FF2B15D0A7B106EB070A04F110090A
:1073300002E056450DD0637916F8012B9A42F8D138
:10734000484602F0D1F90028F3D16179AFF300800B
:10735000EFE74E4B23B14E4802F0C6F9002863D048
:1073600002F066FB002862D1A3789D4202D0012082
:10737000BDE8F087474B13B10020AFF3008002F067
:1073800057FB00282BD1444802F09EF90028EED18B
:10739000002FECD017F03F07E9D1A178404603F069
:1073A00057FA0028E3D0A17840463B463A4603F01E
:1073B0006FFA0028DBD1394B1B68DA070CD500BE09
:1073C000D6E7A3788B42D5D0344B1B68DB0703D5B7
:1073D00000BE0020BDE8F0870020BDE8F08702F085
:1073E0002FFB05460028CED12B4802F06DF900286E
:1073F000C9D0A178284603F02BFA0028C3D0402238
:107400002749254802F08AF9034600282CD028464F
:10741000234AA17803F03CFA0028A8D11F4B1B682F
:10742000D907B0D500BEAEE7AFF3008098E702F011
:1074300007FB0646002897D1E378002B94D0144828
:1074400002F05AF93F288FD9E178304603F000FA6C
:10745000002889D00E4802F04FF93F28304607D85F
:10746000E17803F005FA7FE7A17803F001FA8AE7F3
:107470004023044AE17803F00BFAA37875E700BFD4
:10748000A866002028660020000000000000000020
:10749000B866002000000000CC660020F0ED00E09F
:1074A00068660020704700BF01207047704700BF2A
:1074B000704700BF044B0022C3E90022C3E9022247
:1074C000C3E90422704700BF006B00200120704711
:1074D000044B0022C3E90022C3E90222C3E90422CB
:1074E000704700BF006B00202DE9F0434B79032B60
:1074F00083B004D00024204603B0BDE8F0830B79AC
:10750000C3EBC3041234A4B2944205D9254B1B68C3
:10751000DA07EFD500BEEDE7234A5578002D3ED0BF
:10752000557B002DF2D102F10C054FF4A0770E78B7
:107530008A1992F801C0BCF1210FE7D1AA608946EF
:10754000895D80466E1CA81C1144CDE900061A46D0
:107550004046032303F0B8F80028D7D099F8063046
:10756000A978012B04BF99F80730EB700123AB71A8
:1075700099F80220AB682A70B3F80730AB80002975
:10758000B9D00A4A40463A44402303F081F9002822
:10759000B1D1044B1B68DB07ADD500BEABE7154688
:1075A0008027C4E7F0ED00E0006B00208069002038
:1075B0002DE9F047137803F01F06012E82B003D0A7
:1075C000002002B0BDE8F087DFF80882978898F8BD
:1075D0000040FFB2BC4200F0B08098F80C40BC42C2
:1075E000EED13746B4464FF0C00E4FF0130A4FF0BD
:1075F000120913F060030C460546164604D1012912
:1076000000F0A4800120DCE7202BD9D15378013B86
:107610000A2BD5D801A252F823F000BFF176020060
:10762000E7760200D1760200C1750200C175020042
:10763000C1750200C1750200C17502009176020099
:10764000697602004976020001291BD00329D9D1AD
:1076500073880C2606FB0786DBB260461946B371B9
:10766000FFF720FF0120ACE70129CBD173880C2262
:1076700002FB07871B0A60461946FB71FFF714FFE0
:1076800000289DD03146284603F094F9012098E760
:10769000012900F086800329B4D1F48871884B4B0E
:1076A000402C4FEA1122204628BF402011F0FF0154
:1076B000734407D0012C05D91C788C4202D10138C3
:1076C00080B2013300906046FFF7D2F9012078E7DD
:1076D000012997D108EB090231462846234603F0D9
:1076E00081F920466DE701298CD108EB0A02F3E706
:1076F000012987D1F3887188344F402B4FEA11223A
:10770000184628BF402011F0FF01774454D0012BC8
:1077100052D9013880B239707B1C00906046FFF767
:1077200091F90444A3B2002B49D1294A1268D20727
:107730007FF546AF00BE184643E74FF0000E774690
:10774000F4464FF0070A4FF0060952E75378062B2C
:107750007FF436AF53881B0A212B12D0222B7FF4E3
:107760002FAF6046FFF766F97B001F4408EB8708E0
:10777000024631462846B8F8043003F033F9204673
:107780001FE77B001F4408EB8708D8F80820002A71
:107790003FF416AF1378314602B0BDE8F04703F06E
:1077A00021B9F388402B3FF60BAF084A31467244AB
:1077B00003F018F9204604E73B460024ADE73A46BB
:1077C0003146284603F00EF90120FAE680690020D0
:1077D000F0ED00E0006B0020F0B52C4CA678657849
:1077E0008E4283B0074610D0A9422CD0A07B657B87
:1077F00088423FD0A94244D0254B1B68DA0702D407
:10780000002003B0F0BD00BEFAE780264FF0400C28
:107810000020A9429BB21AD01E4D3544FAB90093FC
:1078200011462B460222FFF723F92A46A178384653
:10783000402303F02DF80028E3D1154B1B68DB072C
:10784000DED500BEDDE74FF0400C00209BB21149B1
:1078500061444AB91A46FFF729FE0120D1E72A46BA
:107860000221FFF725FEE0E70A460121FFF720FE8F
:107870000120C6E70C344FF4A0764FF4807C012041
:10788000C7E74FF4807C0120E0E700BF006B0020D9
:10789000F0ED00E08069002070B5194C82B0002145
:1078A0000D464FF4EC72204620F055F904F13801F2
:1078B0000123802204F11000009501F0C9FE04F1BB
:1078C000B80101238022009504F1240001F0C0FEDC
:1078D00004F59C7101201BF08DFF04F5C471064670
:1078E00001201BF087FF30B9064B1B68DB0700D572
:1078F00000BE02B070BDC4E90756C4E90C05F8E744
:10790000986B0020F0ED00E038B5094C206A256B3B
:1079100020B11CF093FB0023C4E907332DB12846A6
:107920001CF08CFB0023C4E90C33012038BD00BFE0
:10793000986B002010B5084C002304F11000C4E936
:107940000033C4E9023302F01BF804F12400BDE85F
:10795000104002F015B800BF986B00202DE9F043ED
:107960004B79012B83B004D00025284603B0BDE835
:10797000F0838B79012B0C46064616D049780429F2
:10798000F2D10025032BEFD1E379002BECD1DFF806
:10799000FC8098F8013013B998F802700FB3384B97
:1079A0001B68DB07E0D500BEDEE7CB79002BDBD11F
:1079B0000B781C449DB2617824290BD1954202D9E1
:1079C000D2E7AA42D0D323781C442B4461782429DF
:1079D0009DB2F6D00429C7D16379012BC4D1A37914
:1079E000D0E7A37888F8003094F8009021794D44CE
:1079F000ADB2A14439B925E099F800308F421D4459
:107A0000ADB299441ED2AA421CD399F80130052B7D
:107A1000F2D149463046019202F0F6FE019A002862
:107A2000BDD099F80230D90914BF88F8013088F820
:107A3000023099F80030217901371D44FFB2ADB210
:107A40009944D9E70F4801F057FE3F288DD998F89F
:107A50000210002002F0FCFE002886D0094801F048
:107A60004BFE3F2898F8021003D8002002F000FFD8
:107A70007BE7054A4023002002F00AFF75E700BFBC
:107A8000F0ED00E0A86B0020586B0020986B002000
:107A900000207047F8B53C4DAA788A421F4612D1A3
:107AA0009AB23A4905F1100001F0DCFE384B13B1EF
:107AB0000020AFF30080374801F01EFE3F282CD88D
:107AC00001242046F8BD6B788B4208D0324B1C68ED
:107AD00014F00104F5D000BE00242046F8BD06468F
:107AE00005F1240001F0F0FD40BB2C4801F0ECFD55
:107AF0000028E5D1002FE3D017F03F07E0D16978E7
:107B0000304602F0A5FE04460028D9D069783046F8
:107B10003B463A4602F0BCFED3E7A978002002F0CB
:107B200097FE04460028CBD01A4801F0E5FD3F2817
:107B3000A9781ED8002002F09BFEC2E769780020D9
:107B400002F086FE0028D0D04022154905F124001D
:107B500001F0E4FD034690B1114A6978002002F07B
:107B600097FE0028ACD10C4B1B68DB07BDD500BECF
:107B7000BBE7064A4023002002F08AFEA1E76978AD
:107B800002F076FEB1E700BF986B0020586B002032
:107B900000000000A86B0020F0ED00E0BC6B0020AE
:107BA000186B002030B4114B9C689A6B93F83C50D2
:107BB00083F82C10A21A022183F830109A6225B99A
:107BC00042F2050183F83E50998744B13AB11A7BDD
:107BD000D20906D193F82F1030BC02F099BE30BC08
:107BE000704793F82E1030BC02F092BE706F0020E8
:107BF00038B5214B214C05461BB1607BFFF736F8A9
:107C0000A8B1A06BA36894F82F101D4A1B1AB3F5F6
:107C1000007F28BF4FF4007328469BB202F038FE65
:107C200020B9184B1B68DB0700D500BE38BDA26821
:107C3000A36B84F83E0042F20771D31A0120A1879A
:107C40000221A36284F82C0084F83010002AEDD0C1
:107C5000002BEBD0237BDB0906D194F82F102846AC
:107C6000BDE8384002F054BE94F82E102846BDE816
:107C7000384002F04DBE00BF6D6C0200706F0020F6
:107C8000706D0020F0ED00E070B5304CE28AA36822
:107C900052BA92B286B0054612B1B3FBF2F292B27A
:107CA000A66BD4F81110607B9B1BB3F5007F28BF37
:107CB0004FF4007309BA0093B6FBF2F302FB1362B0
:107CC0001944234BFEF79AFF031E20DB94F82E2065
:107CD0000DD011469BB228461D4A02F0D9FDA0B92D
:107CE0001C4B1B68DB0710D500BE06B070BD072417
:107CF000194603A88DF80C508DF8102005938DF8C7
:107D000011308DF80D4002F0B7FB06B070BDA268CF
:107D1000A36B43F602200021D31AA08784F83E10FB
:107D200001200221A36284F82C0084F83010002A7C
:107D3000EBD0002BE9D0237BDB0914BF94F82E1085
:107D400094F82F10284602F0E3FDDEE7706F002064
:107D5000706D0020F0ED00E010B4054C012084F8B7
:107D60003C1084F83D2084F83E305DF8044B7047A9
:107D7000706F00204022002101481FF0ECBE00BFC0
:107D8000706F00204022002101481FF0E4BE00BFB8
:107D9000706F00204B79082B01D0002070478B7941
:107DA000062BFAD1CB79502BF7D1162A06D81C4BCB
:107DB0001B68D907F1D500BE0020704770B5194D7A
:107DC0008B7885F82D300B7882B005F12F0205F104
:107DD0002E0619440223CDE900261A46044602F075
:107DE00073FC48B90E4B1B68DA0702D500BE02B01F
:107DF00070BD002002B070BD204695F82F100A4AD1
:107E000000241F2385F8304002F042FD30B9044BB6
:107E10001B68DB0702D500BE1720E8E71720E6E75E
:107E2000F0ED00E0706F0020706D0020012901D09E
:107E300001207047F0B5137803F07F01022985B067
:107E4000054606D003F06003202B1AD0002005B0B1
:107E5000F0BD5478012CF5D15388002BF6D1434E58
:107E6000918896F83030042BC9B279D096F82E401C
:107E70008C423DD096F82F408C4257D0012005B05F
:107E8000F0BD5378FE2B16D0FF2BDFD15388002B8B
:107E9000DCD1D488A3B2002BD8D1344E1146284669
:107EA00086F83030C6E90D33B48786F83E3002F0EC
:107EB00081FD0120CBE75388002BC7D1D388012B4C
:107EC000C4D12B498DF80F3000294DD00192FEF717
:107ED000E5FD019A0028B9D0431EDBB204AC11467F
:107EE00004F8013D28462246012302F07BFDC5E748
:107EF000022BC3D1B26BB3681E4F9B1AB36206F15B
:107F000020030FCB07C73A46214602F80C39032459
:107F100028460D2386F8304002F0BAFC0028ADD187
:107F2000154B1B68DB0791D500BE90E7002BA5D150
:107F3000214602F0DFFC0028A0D12146284602F0AD
:107F400005FD00289AD1002496F82F10094A86F8DA
:107F5000304028461F2302F09BFC0028E0D08DE72C
:107F600002F0D6FC204672E70B46B7E7706F0020A0
:107F70009D6A0200706D0020F0ED00E02DE9F041F7
:107F8000B44C94F83050012D8EB01E46074645D0B3
:107F900028D3032D05D0022D5FD001200EB0BDE8FF
:107FA000F08194F82E308B42F7D10D2EF5D1E37B82
:107FB000282B00F01A812A2B40F00D81A64B13B11B
:107FC000607BFEF747FE002594F82F10A34A84F843
:107FD00030501F23384602F05BFC002861D094F833
:107FE0003050D8E794F82F508D42D6D11F2B06D1B0
:107FF000DFF868829A4BD8F800209A4271D00423A7
:1080000094F82E1084F83030384602F081FC38465F
:1080100094F82F1002F07CFC0020BFE7B3F5007F3E
:1080200008D9904B1B68D90700D500BE00200EB0C0
:10803000BDE8F081E27BA36B282A00F087802A2A22
:1080400000F08F80217B626B1E44CB09A66336D083
:1080500096422CD3022384F8303094F82E10384600
:1080600002F074FC002898D1A368A26B94F82E60EB
:10807000934202D9217BC9092ED19B1A7A4AA36265
:108080000FCA764D07C52A46314602F80C3903253A
:1080900038460D2384F8305002F0FAFB00287FF4B4
:1080A0007CAF704B1B68DB07C0D500BE76E76D4B1D
:1080B0001B68DA0793D500BE94F830506BE793B293
:1080C000607B664A04F10F01FEF778FD0028C0F2DC
:1080D0009F80A66B626BBBE73146384602F018FC06
:1080E0005BE7C446BCE80F0026460FC69CE80F00BD
:1080F00007C626F8023B1B0C3370D4E90123E17B51
:108100005A4E626201200022282963632662A2621D
:1081100084F82C20A26384F8300000F0AD802A2976
:1081200000F0DF80002B00F0EF80227BD20940F0CE
:10813000EB80B3F5007F00F26F819BB22946474A7E
:10814000384602F0A5FB0028ABD048E7626B1E441E
:108150009642A663BFF47EAFFFF796FD94F83050C9
:1081600019E7E28A52BA92B21AB1A168B1FBF2F2EF
:1081700092B2D4F81110394DB3FBF2FC09BA02FBEC
:108180001C32607B009661442B46FEF74DFD0028B3
:10819000C0F2FB81864230D9361A40B1A36B291850
:1081A00013FA80F332462846A3631FF0BBFC00237A
:1081B00094F82F508DF818500722194605A88DF80D
:1081C000147007968DF819308DF8152002F054F9C7
:1081D00094F83050DFE6264B002B3FF4F4AE04F168
:1081E0000F01607BAFF30080EDE6224B002B3FF4E4
:1081F000EAAE607BAFF30080E5E6D4E90D231E44D0
:108200009642A663BFF426AF3846FFF7F1FCE6E6D8
:10821000A368A66B94F83C1084F82C509A1B02209B
:10822000A26284F8300021B942F2050084F83E10C1
:10823000A087002B3FF44EAF002A3FF44BAF237BC7
:10824000DB0940F0E58194F82F10384602F060FB1E
:108250003FE700BF706F0020556C0200706D00207A
:1082600055534243F0ED00E0906F002055534253C8
:108270000000000000000000E28A52BA92B20BBB7C
:10828000002A3FF4E7AE94F83C10A362022284F87F
:108290002C2084F8302000297FF4DFAE42F2050163
:1082A0000022A18784F83E20002B3FF4D6AE237B2A
:1082B000DB0940F09A812946384602F029FB94F800
:1082C000305068E6207BC00913D0002A00F080817E
:1082D000B3FBF2F2002A00F0A3812829384694D19A
:1082E0003AE7E28A52BA92B2002BC9D0207BC00989
:1082F000EBD094F83C10A362022284F82C2084F87E
:1083000030200029CAD0D2E7667B252900F22B81D4
:10831000DFE811F0220129012901E50029012901E5
:1083200029012901290129012901290129012901FD
:108330002901290129012901BD002901290129015A
:108340002901290129012901990087002901290111
:10835000710029012901290129014C002901260068
:10836000304604AA05A9FEF717FC059B002B00F078
:108370004481BDF81020002A00F03F81013B1BBA68
:1083800012BAC8E900320820A368002B44D09842F2
:1083900028BF184683B26063A64A94F82E10384668
:1083A00002F076FA00283FF47CAE18E605AD002313
:1083B0000DF10E02304604A96B600593AB60FEF729
:1083C000EBFB049A002A00F01881BDF80E30002B58
:1083D00000F0138112BA082106925BBA0222ADF8AE
:1083E0001E308DF817108DF81C2095E8070088E8DE
:1083F00007000C20C8E7904B03B33046227DE17C98
:10840000AFF30080D0B994F83C302BB943F6022288
:108410000023A28784F83E3001213846FFF7C2FBD3
:10842000DDE5864B53B1E17C3046C1F3400301F0FA
:1084300001020909FEF7CCFB0028E4D0A368002B59
:108440003FF408AEE8E79DF816307D49002203F0BE
:10845000800362F3C7138DF8163003238DF81520BF
:108460008DF817208DF81430002900F0E180304697
:10847000FEF7FCFB9DF8163080F0010060F3C71397
:108480008DF81630059BC8F8003004207CE74FF0CB
:10849000203302250022CDE90522304607A909AA8A
:1084A00008934FF0800C079309930D93CDE90A339D
:1084B0000C931F260DAB8DF816508DF8175005AD97
:1084C0008DF818608DF815C0FEF7F0FA0FCD594EF3
:1084D0000FC60FCD0FC62B683360242054E794F8E5
:1084E0003C2094F83D0094F83E10DFF848C1DFF8D6
:1084F00058E14FF000084FF00003CDE90588CDE9C1
:10850000078862F303038DF81630F0220A23ADF8D2
:1085100024808DF820008DF821108DF814208DF81E
:108520001B3005AD0FCDACE80F002B68ACF8003068
:10853000BEF1000F76D0ACF1100130464FF400725E
:10854000AFF300800028A4F83C8084F83E800FDB65
:1085500000283FF473AF17E73046FEF7F9FA00281A
:108560003FF451AF6AE794F83C30002B7FF454AFEE
:10857000A38E304A3349607BFEF720FB0028FFF6CC
:108580004BAF00283FF45AAFFEE6A36BA2681E442F
:1085900043F602200021931BA08784F83E1001209F
:1085A0000221A663A36284F82C0084F83010002A0C
:1085B0003FF453AD002B3FF450AD237BDB0914D1C6
:1085C00094F82F10384602F0A3F994F83050E2E402
:1085D000012294F83C1084F82C200222A36284F833
:1085E000302000293FF45AAE5EE694F82E1038464B
:1085F00002F08EF994F83050CDE494F83C30002B22
:108600007FF40AAF43F6022284F83E30A28703E7E4
:1086100094F82E10384602F07BF9D4E90D2617E5C0
:108620000222D6E7A4F83CE084F83EE01220ABE654
:1086300001201FE7706D002000000000D16B0200D8
:108640006D6C02007F6F00200000000070B5134CBD
:10865000134E84B020464FF4AE7200211FF07BFA17
:108660004025002304F58E720092CDE901561A468A
:10867000194604F1B000039504F068F92E4404F1A2
:1086800070020023CDE90025CDE90265201D1946C1
:10869000012204F05BF904B070BD00BF307000200F
:1086A000B06F002010B5054C04F1B00004F07AF969
:1086B000201D04F077F9012010BD00BF30700020AC
:1086C00038B5074C2046002500F8B85B01F058F992
:1086D00004F10C0001F054F984F8B150657138BD13
:1086E000307000204B79FF2B01D0002070472DE91E
:1086F000F04FDFF824B19BF8B13083B04BBB9BF84F
:10870000053033BB0B788A460AEB02050AEB0304FB
:1087100089788BF80010A542064614D91AF8032070
:10872000A3189D420FD36278042A0CD00B2A0AD0DA
:10873000052A0BF1B8080BF1B0070BF10C0917D0A3
:108740009D421C4609D8A4EB0A0080B203B0BDE8E4
:10875000F08F002003B0BDE8F08F1A7813449D42DB
:10876000F1D36278042AEED00B2AECD0052AE7D1A7
:108770002146304602F048F8002843D0A378DB09B0
:1087800005D19BF8B1301BB32278A318D8E79BF82A
:108790000530002BF8D14846019301F0F1F8A2789A
:1087A0008BF80520A2889BF804C0019B1849C2F3EE
:1087B0000A02A2F50072B2FA82F2520962F3410C87
:1087C00018468BF804C004F037F92278A318B7E7ED
:1087D000404601F0D5F8A3788BF8B130A3889BF818
:1087E000B020C3F30A03A3F50073B3FA83F35B0964
:1087F00063F34102394630468BF8B02004F064F947
:108800000028C1D1034B1B68DB07A2D500BEA1E73E
:1088100034700020F0ED00E03070002070B51C4C8A
:1088200094F8B1208A4205461E460FD1B4F8BC2008
:10883000F2B9184B23B1B2B217490020AFF3008050
:108840002846164904F040F9012070BD63798B4237
:1088500001D0002070BD124B1BB1B1B20020AFF3AC
:1088600000801049284604F0E7F848B1012070BDA7
:10887000B2B2D4F8B41004F1B80000F0F3FFD8E7B6
:1088800032462846074904F099F8012070BD00BF20
:108890003070002000000000B06F0020E070002069
:1088A0000000000034700020F8B50E688D88B7789D
:1088B0003544AE420BD23B469F42344603D10BE0D7
:1088C0006378042B05D023781C44A542F8D80020F7
:1088D000F8BDA3789F42F6D1E3789A42F3D1A5423E
:1088E000F5D9237D012B06D9144B1B68DA07EED589
:1088F00000BE0020ECE723790D46DBB1012BE6D169
:108900002278E389617A1344114423442144994233
:1089100004D3DCE70A7811448B42D8D94A78052A77
:10892000F8D101F071FF28B9044B1B68DB07CED5E5
:1089300000BEF8BDA41BEC800120F8BDF0ED00E006
:10894000C28832B9654B1B68DB0700D500BE00202A
:108950007047F0B40378624803EB830403EB4403ED
:10896000C058831803D08E781C7BA64207D95B4B76
:108970001B68D90700D500BE0020F0BC70472EB997
:10898000012C01D90120F8E701268E7001248C60AA
:10899000C1F80E404C7700256FF03F0481F822505B
:1089A0008C766FF003056FF06404CD760C774D4D37
:1089B000C1F81E50082481F82340825CB3F80D40B2
:1089C00014441C441344A342D1D2474F9D78102D28
:1089D0000CD827FA05F0C04310F0010006D1DA7870
:1089E000964203D107E05A78242AEFD01A7813442C
:1089F0009C42F8D8BBE79C42B9D0062D06D0102D7A
:108A000004D0042DB9D1012248730A73CF781A79A2
:108A1000974218D81FB9012AB4D80127CF701A7805
:108A20001A44A2420FD2967806F0FD0CBCF1050F55
:108A30000FD0112E03D10CE05678242EF3D01678E7
:108A400032449442F8D8254B1B68DA0794D500BE0F
:108A500093E7D678B742F2D19442F4D0D1F81240DD
:108A60008CB9062D30D0102D2ED0042D09D1B2F89E
:108A70000560B2F807505C7D05FB06F304FB03F4C8
:108A8000E408C1F812404B6863B9557E012D3FF6EA
:108A900079AFD2F81A3025B9D2F81E209A427FF465
:108AA00071AF4B60114AA2FB03235A0BCBD0631E5C
:108AB0001344B3FBF2F30233B3F5807F28BF4FF4C6
:108AC0008073C1F816305DE7B2F80530B2F80740A0
:108AD00004FB03F42401E408D3E700BFF0ED00E059
:108AE0008C71002003010101501001005917B7D10A
:108AF0002DE9F84F0B785D4C03EB83050E4603EB35
:108B000045030989E7589146804679B13944CB78C5
:108B100003F00303012B00F09480738933B13B44CD
:108B2000DA7802F00302012A00F091807488B58897
:108B300000233C44B381F38133827382B382F38296
:108B40003D44A278AC4238BF134609D29A4203D1C1
:108B50000CE06378042B06D023781C44A542F8D897
:108B60000020BDE8F88FA3789A42F5D1E3789945C3
:108B7000F2D1A542F4D994F804A0BAF1020F15D8A5
:108B8000E31BF380B9F1000F16D023781C44BAF12F
:108B9000000F4CD04FF0000B06E06378052B28D077
:108BA000042B03D023781C44A542F6D8304B1B6815
:108BB000DA07D5D500BED3E7737F012B12D006F1BB
:108BC0001E03494686F81D90A6F81890A6F81A903C
:108BD000184630221EF0BFFF01463046FFF7B0FEB8
:108BE0000028BDD023781C44BAF1000FD2D1012057
:108BF000B7E7E37803F00303B9F1000F01D0012BCD
:108C000018D0022BACD12146404601F0FDFD28B31F
:108C100006EB4B03E21B1A8122780BF101039A4504
:108C200014444FF0010BBFD8B9F1000FDFD002237D
:108C30007377DCE7A388B269C3F30A039342E2D2F5
:108C40008EE700233381897801F08EFE65E70022EC
:108C500072819978404601F087FE67E7044B1B68F4
:108C6000DB077FF57DAF00BE7BE700BF8C71002086
:108C7000F0ED00E010B4064C06480023C4E90033D0
:108C80001946C4F807304E225DF8044B1EF063BF4E
:108C90008C710020987200200120704710B4064C9F
:108CA00006480023C4E900331946C4F807304E22B1
:108CB0005DF8044B1EF04FBF8C71002098720020AD
:108CC0002DE9F0414B790E2B04D04FF000084046BF
:108CD000BDE8F0818B79012BF7D1CB79012BF4D151
:108CE0003E4E33682BB13E4B1B68DB07EDD500BE13
:108CF000EBE714460F461A46314605463760B48006
:108D0000FFF7D2FD0028E0D0F2883368B978134429
:108D10003C44A74293F814C03B4605D308E05A7878
:108D2000042A4DD00B2A4BD01A7813449C42F6D813
:108D3000BCF1000F4ED02B494A88002AD3D1D81B52
:108D40001FFA80F83272A1F802809C4293F802E088
:108D50000A8098BF034605D80BE05A78042A2BD026
:108D60000B2A29D01A7813449C42F6D8DB1B1FFA31
:108D700083F80022BCF1010FA1F804804A77B2D138
:108D800017FA80F017FA83F3984281780AD2827832
:108D90008A4203D118E04278042AF8D002781044BD
:108DA0008342F8D8284600220E49FFF7A1FE00288A
:108DB0008BD0A6F804808AE79A787245D2D0D5E79E
:108DC0009A788A42B0D0B3E7C278012AE6D18342CA
:108DD000EFD1E7E7DB1B1FFA83F8EAE78C7100208D
:108DE000F0ED00E0987200202DE9F047167806F0CB
:108DF0001F04012C8CB004D0002420460CB0BDE828
:108E0000F087DFF8F892B2F804C0D9F80070804615
:108E100015465FFA8CF317B1BA789A422CD0B44F4A
:108E20007C88002CE9D03A7802EB820002EB400209
:108E300059F802E07444A2789A42DDD1C6F3411693
:108E4000F3B2002B00F09C80012B12D15FEA1C2CA6
:108E50000FD16B881B0A022B00F02E81062B00F02D
:108E60001781012B00F0F580A24B1B68DB0700D5B2
:108E700000BE07233B77BFE7C6F34116F4B2002CD0
:108E800047D0012C25D15FEA1C2C26D0B9F806204A
:108E9000BB18B95CDA89114419448B420ED29A7816
:108EA000023A052A06D8DA78624503D107E05A78F3
:108EB000242AF4D01A7813449942F8D849B10023EF
:108EC00089F80930012498E78A4B1B68D90700D537
:108ED00000BE072389F809308EE76B881B0A012B37
:108EE00000F09580022BEFD16B78812B00F0478149
:108EF000862BE9D10129E2D10B46404629467E4A1C
:108F000001F070FD0028DAD1FF2389F80930002430
:108F100073E76B780A2B4AD00B2B3ED10129CED1B7
:108F2000EB88002BF0D1B9F80630FA181179A9B105
:108F3000F85CD189537A0144034413440A449342B0
:108F400005D395E119780B449A4240F29181597802
:108F50000529F7D19978404601F006FD0026A9F8C9
:108F600006606A8865494046FFF79EFC0446002873
:108F7000CAD02946404601F01DFD89F809603CE74A
:108F80006B780A2B27D00B2B7FF46EAF012900F0F2
:108F9000BD8000233B7701242FE7564B1B6813F05D
:108FA00001032FD107221C4689F8092025E7012952
:108FB00085D1EB88012BA7D1B9F80620BF18A3D023
:108FC0000CAAF97802F8301D294601F00BFD044681
:108FD0000028D2D198E70129DBD1EB88012B35D1CC
:108FE000FB889BB31EEB030330D00CAADB7802F89E
:108FF000303D40460B46294601F0F4FC044628B3B8
:109000003E77FAE600BE072389F80930F5E66B786B
:10901000812B00F0D180862B00F0BE80012B7FF4E5
:1090200053AF012900F0CB8002297FF448AF344BC5
:10903000002B3FF444AF99F80A100020AFF30080F2
:10904000B0FA80F489F809006409D6E6FF233B777B
:10905000D2E67B7F0BB187F81DC06C78842C61D879
:10906000822C65D2012C00F00A81812C7FF4FCAEA9
:1090700001298ED1EB883BB1294640463023214A55
:1090800001F0B0FC002884D1FF233B770024B4E634
:109090006B78812B00F0A180862B7FF4E5AE01294F
:1090A0007FF477AF294640460123134A01F09AFC2A
:1090B00000287FF46EAFE7E76B78812BD8D040F2C1
:1090C000B080852B00F09780862B7FF4CDAE0129F0
:1090D0007FF45FAFEB88012BD6D10B464046294683
:1090E000094A01F07FFC00287FF453AFCCE700BFB2
:1090F00098720020F0ED00E0B9A904008C71002006
:1091000000000000B6720020BAA904006A8839463F
:109110004046FFF7EDFC002898D02946404601F074
:1091200049FC36E7862CD2D065D3872C7FF49CAEE1
:1091300001297FF42EAFEB88002BA5D0B64EE9466F
:1091400006F1300A30687168B268F368CC46ACE862
:109150000F0010365645E146F4D19DF80210002963
:1091600040F09F80832C00F08381872C00F0648185
:10917000822C00F0618108233B7700243DE6012921
:109180007FF49DAE294640460123A44A01F02AFC03
:1091900000287FF494AEB7E601297FF490AEEB8807
:1091A000012B7FF4B1AE294640469D4A01F01AFCDE
:1091B00000287FF484AEA7E601297FF480AEEB8817
:1091C000012B7FF4A1AE294640460123954A01F0C8
:1091D00009FC00287FF473AE96E601297FF4D9AE2E
:1091E0000B464046294607F11C0201F0FBFB002814
:1091F0007FF4CFAE48E701297FF4CBAEEB88022B9A
:109200007FF442AF0CAA302122F8301D4046294697
:1092100001F0E8FB044600283FF436AF00233B771B
:10922000EBE5012B7FF420AE01293FF425AF0229A5
:109230007FF4AFAE7849A1F11E00FFF781FB044631
:1092400060B3794B7A6BBA613BB1734A79783878FD
:10925000AFF3008000287FF49CAE74490023022005
:109260004FF480720880C7E903337B61BA83C4E599
:109270006F4B1B68D8077FF547AE00BE44E6012957
:109280003FF4FAAE02297FF484AE6349A1F11E00D7
:10929000FFF756FB044600287FF47BAE08233B779C
:1092A000ABE59DF8030000287FD1FA88002A3AD068
:1092B0001EEB020337D01EF80220B3F80D005D4EFE
:1092C00010441844134498420FD99A78102A04D8AD
:1092D00026FA02F2D20700F1D5801A781344984298
:1092E000F1D95A78242AF8D1EDE70346832C5AD0D5
:1092F000872C4CD0822C7FF43EAF01218DF80310D7
:109300001A781A44904237D9947804F0FD06052E55
:1093100010D0112C0ED0147822449042F2D95478F7
:10932000242CF8D1EEE7424B1B68D9077FF523AF19
:1093300000BE20E7D478A142EDD1997806291DD04E
:1093400010291BD004297FF416AFB2F80510B2F82B
:1093500007205B7D02FB01F203FB02F3DB08CDF883
:1093600012306A4629464046302301F03BFB044652
:1093700000283FF489AE51E70246DEE7B2F8051057
:10938000B2F8073003FB01F31B01DB08E7E79A782B
:10939000062A06D0102A02D0042A7FF4ECAE997D6A
:1093A000ACE79979AAE71979A8E7019B002BD8D1F6
:1093B000FA88002AB7D01EEB0203B4D01EF802E0F0
:1093C000B3F80D20DFF86CC072449E1873449E42BF
:1093D0000ED99A78102A03D82CFA02F2D20756D462
:1093E0001A7813449E42F2D95A78242AF8D1EEE72B
:1093F00033461A7813449E4264D99A7802F0FD01EC
:10940000052948D0112A46D01A7813449E42F2D931
:109410005A78242AF8D1EEE7B67200209571002020
:10942000BAA9040096710020000000009871002085
:10943000F0ED00E05010010001238DF8023001230F
:109440004FF00112029300230392ADF810304FF653
:10945000C0428DF8223040F29B13ADF81A20ADF8CF
:109460001C30404ACDF81E2008238DF8233078E7C1
:10947000FB88002BE3D01EEB0303E0D01B7B8DF8B1
:109480000230DCE7DA7891427FF427AF2EE7DA7812
:109490009142A5D1ADE7DA789042B5D1823C052C56
:1094A0003FF669AE01A252F824F000BF2D950200EC
:1094B00011950200F3940200779102007791020067
:1094C000C99402003346E9E7D3F8151042F210734D
:1094D000B1FBF3F3019100293ED0DDF812208BB9E6
:1094E000931CB3F5807F28BF4FF48073CDF81630FE
:1094F00037E75A7E72BBD3F8221042F21073B1FBE9
:10950000F3F3E7E7013A1A44B2FBF3F30233E8E777
:109510005A7ECAB1053203EB8202D2F80210D3F8A8
:109520001A3042F21072B3FBF2F3D3E75A7E72B1F3
:10953000053203EB8202D2F80220D3F81A1042F26D
:109540001073B2FBF3F3C5E7D3F81E10E7E7D3F8C7
:109550001E20F2E7002301930023ADF81630ADF88A
:109560001830FEE6030101012DE9F84F334C238941
:1095700053B12278324F02EB820502EB45057D594B
:109580002B449F788F420AD02E4B1B68DB0703D5F4
:1095900000BE0020BDE8F88F0020BDE8F88FD4E9B8
:1095A00004369E4205460BD327490023C4E9033302
:1095B000636119B161781046AFF300800120E9E7DB
:1095C00001F046F90028E7D0DFF88090A36999F808
:1095D0000000D4E9042BA2EB0B0808EB00069E4226
:1095E00028BF1E46B04213D9164B1B6813F0010367
:1095F00001D000BE002339462846144A01F048F93C
:109600000028DBD10F4B1B68DA07C5D500BEC1E7C8
:10961000E168A6EB000A5944484452461EF077FA26
:109620000BEB0A03D0456361B3B2E4D199F8012092
:1096300042F0020289F80120DDE700BF98720020A5
:109640008C710020F0ED00E0000000009871002017
:109650002DE9F041B2F5004F9DF8188030D804464E
:10966000C0681E460F46154618B14FF0FF311AF07C
:109670002FFB206918B14FF0FF311AF029FBE28867
:10968000E068276066F30E02C2F30721002368F347
:10969000C711E2806381A580E171238118B11A4668
:1096A000194619F0CDFE206938B100231A46194633
:1096B00019F0C6FE0120BDE8F0810120BDE8F0816F
:1096C0000020BDE8F08100BF03894289808892B202
:1096D0009BB2934236BFC2EB40029B1A9B189BB2CF
:1096E000984228BF18467047028943899BB2981A4E
:1096F000B0FA80F04009704703894289808892B2AD
:109700009BB2934236BFC2EB40029B1A9B189BB29E
:10971000984286BFC01A80B2002070472DE9F843F6
:10972000054600690E46174618B14FF0FF311AF092
:10973000CFFA2B896989A8889BB289B28B4236BF40
:10974000C1EB40045C1AE418A4B2002C4AD0A04239
:1097500006D283422CBF191A191889B269810446AE
:10976000BC4228BF3C468842A4B203D8091A89B239
:109770008842FBD9EA882B68401AC2F30E0887B2E8
:109780001FFA88F2BC4202FB013125D917FB08F908
:109790001FFA89F94A4630461EF0B9F9E21B12FB5E
:1097A00008F206EB090092B229681EF0B0F96A8946
:1097B000A88892B211198BB29A4215D940001B1A8F
:1097C0009BB228696B8120B100231A46194619F013
:1097D00037FE2046BDE8F88302FB04F230461EF057
:1097E00096F9E4E769898BB240008342E9DBE6E75A
:1097F00038B5054600690C4618B14FF0FF311AF034
:1098000067FA29896B89AA8889B29BB2994236BFC7
:10981000C3EB4200C81A401880B200B3824209D29A
:1098200091422CBF8B1A8B189BB29A426B8103D842
:109830009B1A9BB29A42FBD9EA882968C2F30E02AE
:10984000204602FB03111EF062F90124286920B1B1
:1098500000231A46194619F0F3FD204638BD044688
:10986000F4E700BF2DE9F0471446002A4FD0054623
:10987000C0680F4618B14FF0FF311AF029FAEA79A3
:109880002E896989AB88D209B6B289B242D18E429B
:1098900036BFC1EB4301711A891989B2994252D27C
:1098A000591A89B28C42E88828BF0C46C0F30E08CA
:1098B000B342304603D8C01A80B29842FBD21B1A7A
:1098C0002A681FFA83F9A14508FB002047D219FB3B
:1098D00008FA1FFA8AFA524639461EF018F9A4EB24
:1098E000090212FB08F207EB0A0192B228681EF087
:1098F0000EF9A3199BB2AA88B3424FEA420201D3E0
:10990000934201DB9B1A9BB2E8682B81F8B9204691
:10991000BDE8F087E8889C42C0F30E080FD28E4263
:1099200023D3721A92B2580022448242C0DBCE186E
:10993000361BB6B2B14220D9361AB6B2B8E7E41A2D
:1099400008FB0477B3B9E86800240028DFD00023BF
:109950001A46194619F074FD2046BDE8F08708FB49
:1099600004F239461EF0D3F8C3E75800421A3244D5
:1099700092B2D9E70E461C4698E7B04298DCDBE786
:1099800010B50446C06818B14FF0FF311AF0A0F9C5
:10999000206918B14FF0FF311AF09AF9E0680023FE
:1099A0006381238118B11A46194619F049FD2069CF
:1099B00020B100231A46194619F042FD012010BDBE
:1099C00038B5C379B1EBD31F1FD00446C0680D462C
:1099D00018B14FF0FF311AF07BF9206918B14FF040
:1099E000FF311AF075F9E379E06865F3C713E371A5
:1099F00020B100231A46194619F022FD206920B132
:109A000000231A46194619F01BFD012038BD00BF7E
:109A1000704700BF704700BF0020704700207047AC
:109A2000704700BF704700BF704700BF704700BF5E
:109A3000024B5878003018BF012070474073002057
:109A4000024B1878C0F38000704700BF40730020BD
:109A5000024B1878FF3818BF0120704718610020AA
:109A60002DE9F047374E3378FF2B82B004D0012523
:109A7000284602B0BDE8F087002946D03822884643
:109A80000746002130481EF066F8304B304900256B
:109A900001201D7019F0AEFE2E4B1860002834D046
:109AA0002D4C2346626833F80C0B6188009519F041
:109AB00055FCA16805461AF0E5FA284B1D6075B300
:109AC000274B23B12748AFF30080274B1860254C64
:109AD000DFF89CA02278DFF8909000252B460EE05E
:109AE000D9F8003013EB45130FD05B686BB1984782
:109AF00022780135EDB2511DA9422B4615DBAA4251
:109B0000EED89B1A0AEB4313EFE7184B1B68DA07F2
:109B100000D500BE0025284602B0BDE8F087134BF3
:109B20001B68DB07F6D500BEA2E741463846377012
:109B300001F050FE05460028F1D0384601F04CFEF9
:109B400096E700BF18610020407300204074002099
:109B5000F072002078730020BC6000207C7300202D
:109B600000000000EC720020E8720020F0ED00E040
:109B7000BCA90400B94B1B78FF2B00F0A1812DE993
:109B8000F04F04468BB04FF47A7200238002A10D8F
:109B90001DF022FDB24DDFF8E4B2B24E8246671CE2
:109BA000286800F02481002C00F02181BAF1000F18
:109BB00014BF5246012207A919F0F8FEC0B19DF862
:109BC0001D30013B072B00F21481DFE813F0F20097
:109BD000D300CA00BF00B700410014000800089B72
:109BE0000BB10998984728681AF01EFA0028D6D1B8
:109BF0000BB0BDE8F08F9DF820109B4B01F07F0764
:109C000003EB470303EBD11393F826006FF3000037
:109C100083F8260093F826006FF3820083F826006D
:109C2000002F00F04581914A1B7D12789342C0F0CD
:109C30003381501D9842C0F234819B1A0BEB4313C1
:109C40009F699DF82120099B9DF81C00B847CAE731
:109C5000874A1378002B00F024811378013BDBB294
:109C60001370137803F0FF00002BBCD1DFF8F891DC
:109C70009DF81C8099F8003043F0010389F800300A
:109C800099F8263060F3000389F8263099F82630D9
:109C900060F3820389F8263099F8273060F30003D7
:109CA00089F8273099F8273060F3820389F8273044
:109CB00000F002FF9DF8203003F06002602A00F0FF
:109CC0000681402A00F00A8103F01F03012B00F0F7
:109CD000D581C0F01281022B40F0F9809DF824104C
:109CE00001F07F07082F00F2F2807B00C809019382
:109CF0004B44034400905D481F7D03789F4280F0F1
:109D00000F82336803EB4717002A00F0108257B127
:109D1000786900F0D1FE7B69404608AA0121984786
:109D200000287FF460AF9DF81C00002101F0BEFF09
:109D300080219DF81C0001F0B9FF54E74A4B1B78C5
:109D4000D8077FF550AFFFF771FE4CE7464B1A7806
:109D5000D7077FF548AF1878C0F3C000FFF764FE5F
:109D600041E7414BDB78D9077FF53DAF0898FFF716
:109D700051FE38E73D4F9DF81C903A7800239846F5
:109D800010E0336813EB481300F08080DB6848462E
:109D900098473A7808F101085FFA88F8511D88451C
:109DA000434645DC9045A3EB0203EAD30BEB431398
:109DB000ECE72E4F9DF81C903A78002398460FE070
:109DC000336813EB48135BD0DB68484698473A7812
:109DD00008F101085FFA88F8511D884543460FDCF9
:109DE0009045A3EB0203EBD30BEB4313ECE72246C6
:109DF000E1E6204B1B68DA077FF5F5AE00BEF2E620
:109E00003822002118481DF0A6FE1B4A4FF0FF33F0
:109E1000C2E90533C2E90033C2E90233D3611384D6
:109E2000136100F03FFE104B9DF820209A70DAE697
:109E3000382200210C481DF08EFE0F4A4FF0FF33F0
:109E4000C2E90533C2E90033C2E90233D3611384A6
:109E5000136100F027FEFFF7E5FDC4E6186100205E
:109E60007C730020E872002040730020EC72002018
:109E700040740020F0ED00E044730020BCA9040011
:109E8000A44B1B68D907CCD500BECAE7A14B1B6801
:109E9000DA07DED500BEDCE7326812EB43137FF44D
:109EA000CFAE9C4B1B68DB077FF5A2AE00BE9FE6E2
:109EB000099B9DF821209DF81C0000F013FE92E6FE
:109EC0007047FCF7F3FC0246002840F0E981914B13
:109ED0001B68DA077FF527AF00BE24E78E4800280D
:109EE0003FF421AF00F0E8FD404608AA0121FCF74D
:109EF00025FF00287FF477AE15E7202A00F0F180D7
:109F0000002AE4D19DF82130092BE0D801A252F8B3
:109F100023F000BF3BA002001BA00200CF9E020066
:109F20005DA00200CF9E0200FD9F0200A99F0200DB
:109F3000CF9E0200939F02003D9F02009DF82230B9
:109F400001931A4699F801309A4200F0548199F829
:109F50000130002B40F05481019B89F80130002B27
:109F600000F04781581EC0B2FCF7A0FC18B143783E
:109F7000022B00F0C181674B1B68DB0700D500BED8
:109F8000644B1B68D80700D500BE002389F8013058
:109F9000C9E60AAA99F8013002F80E3D40460123AD
:109FA00008A900F01FFD1EE6BDF82200030A5A1E94
:109FB000C0B20E2A3FF6B7AE01A151F822F000BFA1
:109FC000B3A202008FA202007FA20200279D02001E
:109FD000279D020061A202008FA20200279D0200BD
:109FE000279D0200279D0200279D0200279D020059
:109FF000279D0200279D0200E3A2020008A800F0AE
:10A0000061FD40469DF8221001F0ECFB99F800300C
:10A0100043F0020389F80030E5E5BDF82230012B5A
:10A020007FF481AE99F8003040466FF3C30308A96E
:10A0300089F8003000F0BEFCD5E599F800309908A9
:10A0400001F00201C3F340130AAA0B4322F80E3DAC
:10A050004046022308A900F0C5FCC4E5BDF8223043
:10A06000012B7FF460AE99F80030404643F00803BE
:10A0700008A989F8003000F09DFCB4E59DF8243073
:10A080000F2B3FF650AE4B44244A1B791778BB4246
:10A0900038D2376817EB43173FF445AE786900F0C4
:10A0A0000BFD7B6908AA01214046984700287FF4F0
:10A0B0009AAD9DF8203013F060077FF434AE9DF820
:10A0C00021300A3B012B3FF62EAE00F0F5FC9DF847
:10A0D00021300A2B00F0FC8008A9404600F06AFC01
:10A0E00081E59DF824300F2B3FF61DAE4B440B4A03
:10A0F0001B791778BB4260D2376817EB43173FF4E0
:10A1000012AE05E67A1D9A42FFF60DAEDB1B0BEB95
:10A110004317C3E7F0ED00E03D6D0200EC72002054
:10A12000581DB84239DA002A7FF4FDAD17469DF874
:10A130002130012B03D036D3032B7FF4C8AEBDF8FA
:10A1400022200292AAB9B84A012B10783DD001F022
:10A15000ADFD019B009A4B44134493F8262042F036
:10A16000020283F8262093F8262042F0010283F8A9
:10A170002620002F3FF437AD786900F09DFC7B6905
:10A18000012108AA40469847002000F095FC99F864
:10A190002730D9073FF527AD9EE7FB1A0BEB431796
:10A1A000002AC4D0B4E5019B009A4B4413442033E9
:10A1B0000AAA9B79C3F3400348E77A1D9A42FFF647
:10A1C000B2ADDB1B0BEB4317A2E501F097FD019B42
:10A1D000009A02994B44134493F8262061F34102FC
:10A1E00083F8262093F8262061F3000283F82620C6
:10A1F000BFE7FFF717FC404608A900F0DBFBF2E4DD
:10A200000021404601F000FB404601F09FFB874FD4
:10A2100099F802300293002300943A781C460CE02F
:10A220000BEB4313DB68404698473A780134E4B2BD
:10A23000501D8442234600F3CE809442A3EB0203D8
:10A24000EED2336813EB4413ECD1794B009C1B68BE
:10A25000DB0700D500BE9DF8083089F802307BE6A8
:10A26000FFF7DAFB024600283FF45DAD4046137865
:10A2700008A900F0B7FB00287FF4B5AC53E5BDF8A2
:10A280002410FCF719FB02460028EFD14BE5022B06
:10A290003FF417AEFFF7C2FB024600283FF443AD80
:10A2A0004046538808A900F09DFB00287FF49BAC32
:10A2B00039E5FCF7F7FA024600283FF408AE4046BD
:10A2C000122308A900F08EFB00287FF48CAC2AE54D
:10A2D0000AAA08A902F80E7D4046012300F082FB7D
:10A2E00081E4544B002B3FF41EADFCF723FD0246E6
:10A2F00000283FF418ADD3E7C27999F80030511126
:10A3000061F30413921162F3451389F80030438816
:10A31000CDF81080CDE900A4C318039300F109071C
:10A32000039BBB4237D97B780B2B03BF3B7897F855
:10A3300003A0FF184FF0010A7B78042B43D1039B45
:10A340003A4ACDF814A0DB1B00219BB2029112788F
:10A3500088469A4617E0346814EB481433D05246C6
:10A360003946049823699847082808F1010201D961
:10A37000824543D22D4B5FFA82F81A78CDF80880D7
:10A38000511D88451CDC029B9045A3EB0202E2D3E1
:10A390000BEB4214E3E7DDF81080DDE900A4FFF7E2
:10A3A0003FFB28E70246434604463946224802F06E
:10A3B000B1FA1E4B029A1B78053393422744AFDA59
:10A3C000DDE900A4D7E51A4B1B68DF07DDE900A42F
:10A3D0007FF5D6ADD3E5382200211848009C1DF04A
:10A3E000BAFB174A4FF0FF33C2E90533D361138438
:10A3F000C2E90033C2E9023313612CE7DDF814A08F
:10A40000BAF1010F1ED00021CBB2534501F1010179
:10A41000C8D2BA78134459FA83F31A79FF2AD2D1F1
:10A4200083F80480F0E700BF18610020EC72002080
:10A43000F0ED00E0356D0200547300204073002001
:10A440004473002023690A4A0A498B4208BF4FF02F
:10A45000020A9342D7D17B79012BD4D1BB79012B4E
:10A46000D1D1FB79002B08BF4FF0020ACBE700BF28
:10A470005D7902001D7102002DE9F0434378023B33
:10A4800085B005460E46042B0CD8DFE803F0495D85
:10A49000037E3F00844B1A78D70715D51A7842F00F
:10A4A00004021A70814B18688EB933464FF0FF32A0
:10A4B000294618F0C5FF003018BF0120F0B97C4BC9
:10A4C0001B68DB0700D500BE05B0BDE8F08304AA19
:10A4D000002342F80C3D294619F0C2F9019B43B113
:10A4E000744B4FF080525A6040BFBFF34F8FBFF3A1
:10A4F0006F8F003018BF01200028E0D03246697805
:10A500002878FFF785FA05B0BDE8F0836A4A13782A
:10A510000133DBB21370654B1868002ED7D1C4E746
:10A52000614B1A786FF300021A701A7800216FF3EA
:10A5300041021A7059701A7861F382021A705B4BEB
:10A540001868002EC3D1B0E75C4FDFF874913978FA
:10A55000DFF87081002423460AE0D8F8003013EBBE
:10A5600044130AD10134E4B24A1DA242234615DB4A
:10A570008C42F2D35B1A09EB4313DB69002BF1D059
:10A580006968287898473978ECE7474B1A78D407F8
:10A590009AD51A786FF382021A7083E7424C2378B7
:10A5A00058072FD5237841496FF3820323702B7806
:10A5B0008DF8043005220023CDF80A30CDF806309E
:10A5C000ADF80E3008688DF80520002E59D004AA89
:10A5D00001A942F8103D19F043F9009B43B1354BF6
:10A5E0004FF080525A6040BFBFF34F8FBFF36F8F61
:10A5F000003018BF012000284DD12D4B1B68D90712
:10A6000000D500BEE378DA077FF55EAF274A2B78E6
:10A61000696810688DF8043003220023CDF80A30F1
:10A62000CDF80630ADF80E3002918DF80520F6B168
:10A6300004AA01A942F8103D19F012F9009B43B198
:10A640001C4B4FF080525A6040BFBFF34F8FBFF397
:10A650006F8F003018BF012000283FF430AF324622
:10A660009DF805109DF80400FFF7D2F92CE733465A
:10A670004FF0FF3201A918F0E3FE003018BF0120AF
:10A68000EAE733464FF0FF3201A918F0D9FE003057
:10A6900018BF0120AFE732469DF805109DF8040071
:10A6A000FFF7B6F9AEE700BF407300207C730020CF
:10A6B000F0ED00E000ED00E040740020EC720020BE
:10A6C000BCA90400E87200202DE9F84F0A9F002A77
:10A6D0004CD090464A78052A0C460ED1CE7806F02A
:10A6E0000306B34209D18A7802F07F02082A0DD905
:10A6F000204B1B68DA0700D500BE1E4B1B68DB072A
:10A7000002D40020BDE8F88F00BEFAE7DFF868B099
:10A71000DFF868A09BF8009000250EE06278052A1B
:10A72000EBD1E27802F00302B242E6D1A27802F065
:10A730007F02082ADCD89BF800909AF802100022C9
:10A74000204602F095F80028D2D04846214601F074
:10A750006FF80028D1D0A278D30916BF0B9B3A70AE
:10A760001A702278013545451444D7D10120BDE83F
:10A77000F88F00BFF0ED00E018610020407300206A
:10A7800030B51E4D85B0082400230290019303913B
:10A790008DF805402868144682B9134601A94FF088
:10A7A000FF3218F04DFE003018BF0120E0B9144B05
:10A7B0001B68DB0700D500BE05B030BD04AA01A9A7
:10A7C00042F8103D19F04CF8009B43B10D4B4FF08F
:10A7D00080525A6040BFBFF34F8FBFF36F8F00307E
:10A7E00018BF01200028E2D022469DF805109DF8F0
:10A7F0000400FFF70DF905B030BD00BF7C730020E9
:10A80000F0ED00E000ED00E038B58B7803F07F0359
:10A81000082B06D90B4B1B68DB0700D500BE0020B8
:10A8200038BD094A094B0C46204691781D78002214
:10A8300002F01EF80028EDD021462846BDE8384039
:10A8400000F0F6BFF0ED00E040730020186100203A
:10A85000CB09263301F07F010348044A03EB410191
:10A860000844116801F0BABF4073002078730020DB
:10A87000CB09263301F07F010348044A03EB410171
:10A880000844116801F0D6BF40730020787300209F
:10A8900038B5154C01F07F0504EB450404EBD114E9
:10A8A0002034A079C00706D5104B1B68DA0700D505
:10A8B00000BE002038BDA5790D4845F0010500789F
:10A8C000A57101F0F1F80028F4D1A379074A60F3EB
:10A8D0000003A371A37960F38203A3711368DB07FC
:10A8E000E7D500BE38BD00BF40730020F0ED00E0AA
:10A8F00018610020054B01F07F0203EB420303EBDC
:10A90000D11191F8260000F001007047407300203B
:10A9100010B50C4B18780C4601F0C8F90A4904F040
:10A920007F0301EB430101EBD41191F8263043F092
:10A93000020381F8263091F8263043F0010381F8B4
:10A94000263010BD1861002040730020054B01F037
:10A950007F0203EB420303EBD11191F82600C0F311
:10A96000400070474073002010B50F4B18780C461C
:10A9700001F036F80D4904F07F0301EB430101EBD0
:10A98000D41191F826306FF3410381F8263091F805
:10A9900026306FF3000381F8263091F826306FF3EC
:10A9A000820381F8263010BD18610020407300201A
:10A9B000704700BF0A4630B4094C49680546106824
:10A9C000234603C30023C4E9023392F900209A42CC
:10A9D0002846ACBF802119461A4630BCFFF758BF45
:10A9E00084740020F0B50E462B4C49680746306849
:10A9F000A260254603C50021E181F588AB4228BF4E
:10AA00002B4683B0A381ADB13BB3002A3DD094F96E
:10AA10000000402B28BF402300282CDB1F4A38466B
:10AA2000FFF736FF98B91E4B1B68DB0712D500BE37
:10AA300003B0F0BD96F90030002BACBF802100219F
:10AA400038462B462A46FFF723FF0028EBD001208B
:10AA500003B0F0BD002003B0F0BD94F90020002A3F
:10AA6000ACBF194680211A463846FFF711FF00286F
:10AA7000D9D00120ECE71146084801931A461DF091
:10AA800046F8064A019B8021EEE7054B1B68D90773
:10AA9000E0D500BE1046CBE784740020447400204B
:10AAA000F0ED00E0034B0022C3E90022C3E90222DB
:10AAB0001A61704784740020014B1861704700BF11
:10AAC000847400200346064A5968006810B413468F
:10AAD000002403C3C2E902445DF8044B704700BF81
:10AAE0008474002070B5404C2278C909B1EBD21FA4
:10AAF00082B0064615D03BB13C4B1B68DA0700D547
:10AB000000BE002002B070BD2146FFF751FF23694F
:10AB1000002B40D02246304603219847012002B046
:10AB200070BD94F90020A068002A08DB0028E8D056
:10AB30001A462F4901931CF0EAFFA068019BE589A2
:10AB4000E2881D44ADB21844AA42A060E58101D05C
:10AB50003F2B23D8236923B1234A0221304698474B
:10AB600088B194F9002000239A42ACBF8021194695
:10AB700030461A46FFF78CFE68B91C4B1B68DB0792
:10AB8000BFD500BEBEE70146304601F08FF8304623
:10AB9000802101F08BF8012002B070BDA28994F9E8
:10ABA0000010531B9BB2402B28BF402300290ADB17
:10ABB00095424FF0000112D00D4A3046FFF768FE73
:10ABC0000028DAD0E7E795420BD001461A4608483C
:10ABD00001931CF09CFF8021054A019BEDE70A468A
:10ABE000EBE780210022E8E784740020F0ED00E02C
:10ABF0004474002000B170471AF0E0BB00B1704708
:10AC00001AF0E6BB0138C3B2042B07D856230D4A0D
:10AC100003FB00F013181B79DB0706D40A4B1B68F3
:10AC2000DB0700D500BE00207047CB09363301F0AA
:10AC30007F0103EB4101054B08441044196801F002
:10AC4000CDBD00BF98740020F0ED00E048760020F4
:10AC50000138C3B2042B07D856230A4A03FB00F07D
:10AC600013181B79DB0701D400207047CB0936335A
:10AC700001F07F0103EB4101034B084410441968C4
:10AC800001F0D8BD9874002048760020F0B5441E2D
:10AC9000E5B2042D83B017D8562505FB04F5174EF1
:10ACA00001F07F0405EB4404344404EBD114303448
:10ACB000A779FF070BD5124B186810F0010001D0DF
:10ACC00000BE002003B0F0BD002003B0F0BD1F4661
:10ACD00013460A460146705DA579009745F00105C7
:10ACE000A57100F0BDFB0028ECD1A37960F300034F
:10ACF000A371A37960F38203A371E3E79874002042
:10AD0000F0ED00E02DE9F047764DAF798F4284B049
:10AD100091461E4604465BD0E2234FF0000AA9711B
:10AD20008DF809108DF80830ADF80CA0002E00F059
:10AD3000B380012103AF0DF10808FBF72BFE41465C
:10AD40003A4602232046FBF753FE51462046FBF7C6
:10AD500021FE9DF80C30EB702223D9F800908DF87D
:10AD60000730002E3ED020460121FBF713FE3A4665
:10AD70000DF1070101232046FBF73AFE9DF80C3048
:10AD8000EB704946082300222046FBF731FE20469F
:10AD90000021FBF7FFFD0026102241F2F2032046BE
:10ADA0000121EA71ADF80830ADF80C60FBF7F2FD57
:10ADB0003A46414602232046FBF71AFE314620461A
:10ADC000FBF7E8FD9DF80C30EB7004B0BDE8F087B0
:10ADD000222303AF0DF10808D9F800908DF8073051
:10ADE000002EC0D14FF0FF31E86D18F071FF3146F1
:10ADF0002046FBF709FE20460121FBF7CBFD3A4632
:10AE00000DF1070101232046FBF7F2FD9DF80C3000
:10AE1000EB703246082349462046FBF7E9FD3146F0
:10AE20002046FBF7B7FD20460121FBF7EDFD334639
:10AE300032463146E86D18F003FB102241F2F2036E
:10AE40004FF0FF31E86DEA71ADF80830ADF80C60F5
:10AE500018F03EFF31462046FBF7D6FD2046012183
:10AE6000FBF798FD3A46022341462046FBF7C0FD1A
:10AE700031462046FBF78EFD20460121FBF7C4FD3D
:10AE8000334632463146E86D18F0DAFA9DF80C3058
:10AE9000EB7004B0BDE8F0874FF0FF31E86D18F0BB
:10AEA00017FF31462046FBF7AFFD03AF20460121D7
:10AEB0000DF10808FBF76EFD3A4602234146204695
:10AEC000FBF796FD31462046FBF764FD2046012145
:10AED000FBF79AFD334632463146E86D18F0B0FA7A
:10AEE00037E700BF4C7600202DE9F04F4B781D0767
:10AEF0000E4685B090460978044662D1DA0600F124
:10AF00004881B26812B1B288002A5AD1E24D03F0EA
:10AF10002006AB7966F07F068B42F6B200F06481C2
:10AF2000E2230027A9718DF809108DF80830ADF8DB
:10AF30000C70B8F1000F00F06C82012120460DF179
:10AF40000C090DF1080AFBF725FD51464A4602237C
:10AF50002046FBF74DFD39462046FBF71BFD9DF8CB
:10AF60000C30EB70F223EE718DF8096000268DF83D
:10AF70000830ADF80C60B8F1000F40F0D980E86DF2
:10AF80004FF0FF3118F0A4FE41462046FBF73CFD90
:10AF900020460121FBF7FEFC4A460223514620468B
:10AFA000FBF726FD41462046FBF7F4FC2046012135
:10AFB000FBF72AFD434642464146E86D18F040FA49
:10AFC00045E0B54D13F02007AA7946D1914240F0F3
:10AFD000BE800DF10C090DF1080AB37813F0100FC3
:10AFE0000CBF10222022EA2300278DF809208DF8BB
:10AFF0000830ADF80C70B8F1000F00F0FA800121B4
:10B000002046FBF7C7FC02234A4651462046FBF781
:10B01000EFFC39462046FBF7BDFC9DF80C30EB7089
:10B020007378EB71F222012120468DF809308DF8FA
:10B030000820ADF80C70FBF7ADFC51464A460223E0
:10B040002046FBF7D5FC39462046FBF7A3FC9DF8CC
:10B050000C30EB7005B0BDE8F08F914240F0A1805C
:10B060000DF10C090DF1080AB37813F0100F0CBFA5
:10B0700040228022EA2300278DF809208DF808302D
:10B08000ADF80C70B8F1000F00F0E480012120460B
:10B09000FBF780FC514602234A462046FBF7A8FCFA
:10B0A00039462046FBF776FC9DF80C30EB70328871
:10B0B0002B899A422AD0B788F2887388BF1ABFB208
:10B0C0005B099F4228BF1F4617F0FF0740F0088129
:10B0D0003A23AF708DF8097000278DF80830ADF86D
:10B0E0000C70B8F1000F00F0D98001212046FBF769
:10B0F00051FC514602234A462046FBF779FC39466B
:10B100002046FBF747FC9DF80C30EB7033782B7230
:10B1100073786B727378EB71F22200268DF8093028
:10B120008DF80820ADF80C60B8F1000F3FF427AFA0
:10B1300020460121FBF72EFC51464A4602232046B9
:10B14000FBF756FC31462046FBF724FC7FE7E22361
:10B15000A9718DF80910ADF80C708DF80830B8F1B0
:10B16000000F00F0DE80012120460DF10C090DF1E9
:10B17000080AFBF70FFC51464A4602232046FBF71C
:10B1800037FC39462046FBF705FC9DF80C30EB7088
:10B1900023E7434606F10802FFF7B4FD05B0BDE81A
:10B1A000F08FE2230027A9718DF809108DF808307F
:10B1B000ADF80C70B8F1000F00F0D98001212046E5
:10B1C0000DF10C090DF1080AFBF7E4FB51464A4664
:10B1D00002232046FBF70CFC39462046FBF7DAFB3E
:10B1E0009DF80C30EB703FE70DF10C090DF1080AEA
:10B1F000B8E64FF0FF31E86D18F06AFD4146204691
:10B20000FBF702FC01212046FBF7C4FB02234A4660
:10B2100051462046FBF7ECFB41462046FBF7BAFBC4
:10B2200001212046FBF7F0FB434642464146E86DCC
:10B2300018F006F99DF80C30EB707378E86DEB713F
:10B24000F2224FF0FF318DF80930ADF80C808DF807
:10B25000082097E64FF0FF31E86D18F039FD4146C0
:10B260002046FBF7D1FB20460121FBF793FB4A4622
:10B27000022351462046FBF7BBFB41462046FBF725
:10B2800089FB20460121FBF7BFFB4346424641466E
:10B29000E86D18F0D5F807E74C7600204FF0FF3145
:10B2A000E86D18F015FD41462046FBF7ADFB204642
:10B2B0000121FBF76FFB4A46022351462046FBF76C
:10B2C00097FB41462046FBF765FB20460121FBF733
:10B2D0009BFB434642464146E86D18F0B1F812E741
:10B2E00012238DF80730D6F808B0B8F1000F64D0FB
:10B2F00020460121FBF74EFB4A460DF107010123D1
:10B300002046FBF775FB9DF80C30EB7059463B4629
:10B3100000222046FBF76CFB00212046FBF73AFB9E
:10B32000D6E64FF0FF31E86D18F0D2FC41462046DA
:10B33000FBF76AFB0DF10C09204601210DF1080A0B
:10B34000FBF728FB4A46022351462046FBF750FBF9
:10B3500041462046FBF71EFB20460121FBF754FB2C
:10B36000434642464146E86D18F06AF80DE74FF053
:10B37000FF31E86D18F0ACFC41462046FBF744FB7A
:10B380000DF10C09204601210DF1080AFBF702FB23
:10B390004A46022351462046FBF72AFB41462046F7
:10B3A000FBF7F8FA20460121FBF72EFB4346424605
:10B3B0004146E86D18F044F812E74FF0FF31E86DB0
:10B3C00018F086FC41462046FBF71EFB2046012173
:10B3D000FBF7E0FA4A460DF1070101232046FBF78F
:10B3E00007FB9DF80C30EB7042463B465946204621
:10B3F000FBF7FEFA41462046FBF7CCFA2046012136
:10B40000FBF702FB434642464146E86D18F018F848
:10B410005EE64FF0FF31E86D18F05AFC41462046D9
:10B42000FBF7F2FA0DF10C09204601210DF1080A93
:10B43000FBF7B0FA4A46022351462046FBF7D8FAFA
:10B4400041462046FBF7A6FA20460121FBF7DCFA2D
:10B45000434642464146E86D17F0F2FF7FE500BFE4
:10B460002DE9F04102F07F0CBDF818E0D20981BB54
:10B47000BCF1000F5ED13E4EA6F160077178B47842
:10B4800082F0010262F345110A466FF3041244F0A0
:10B4900010017270B170B278B360032363F30302DA
:10B4A00000258046A6F804E0B270F5802846FFF734
:10B4B000A1FBBC7AC4BB01252046BD72FFF79EFBF1
:10B4C0002246404631462C46FFF70EFD2046BDE899
:10B4D000F08182F00108BCF1000F2ED0254F01222F
:10B4E0003C4604E00132142A04F10C0418D094F80C
:10B4F0006C508D42F6D102EB420507EB850595F8BD
:10B50000615005F00F066645ECD1C5F34015454581
:10B5100004F16C06BFD00132142A04F10C04E6D108
:10B5200000242046BDE8F0812846FFF767FB20464F
:10B53000BDE8F08182F00108D0E70E4F01243D46BE
:10B5400002E00134142CEBD095F86C608E4205F1CA
:10B550000C05F6D104EB4406B60007EB060C9CF88C
:10B5600061C01CF00F0FECD160363E4486E700BF8F
:10B57000AC7600204C76002042DF704743DF7047F6
:10B5800044DF704712DF7047F0B5334CBFF35B8F79
:10B59000014604F590730125D3E84F2FC3E8405FBF
:10B5A0000028F9D1BFF35B8F12F0FF0F48D10829B3
:10B5B00029D04E01A21954F806C028489388284F74
:10B5C00001F5947601EB810E50F82660D2889A1A24
:10B5D00093B2B6B200EB8E0209B2B34228BF334633
:10B5E000C2F800C707EB8100C2F8043747F82150C2
:10B5F000BFF36F8FBFF34F8F1A4B984218D0043BA5
:10B60000984215D0F0BD154BD3F8C024D1030FD408
:10B6100094F80B1161B11449D4F80001C3F8A007E4
:10B62000C3F8A4270D60BFF36F8FBFF34F8FF0BD3A
:10B630000023BFF35B8F84F82031BFF35B8FF0BD35
:10B640000A4B0B485A68C2F30802003218BF0122A5
:10B65000BDE8F040FFF794B89C77002000700240EE
:10B6600028700240507002404870024000ED00E037
:10B67000E9B60200174BBFF35B8F01460122D3E806
:10B680004F0FC3E84C2FBCF1000FF8D1BFF35B8F15
:10B6900010F0FF0F14D10A60BFF36F8FBFF34F8F0D
:10B6A0000D4B994203D0043B994200D070470B4B9D
:10B6B000BFF35B8F002283F82021BFF35B8F7047BD
:10B6C000074B08485A68C2F30802003218BF01222B
:10B6D000FFF756B8BC780020507002409C770020DD
:10B6E00000ED00E075B60200F0B5334CBFF35B8FA0
:10B6F000C1B204F590730126D3E84F2FC3E8406F21
:10B700000028F9D1BFF35B8F12F0FF0F47D1082952
:10B7100028D04D01621954F805E028489388DFF8D5
:10B72000B0C001F5947550F82570D2888D009A1A32
:10B7300093B2BFB26A1800EB8202BB4228BF3B46FD
:10B74000C2F800E76544C2F804374CF82160BFF343
:10B750006F8FBFF34F8F1A4B9D4218D0043B9D4211
:10B7600015D0F0BD154BD3F8C024D1030FD494F8F5
:10B770000B1161B11349D4F80001C3F8A007C3F855
:10B78000A4270E60BFF36F8FBFF34F8FF0BD002370
:10B79000BFF35B8F84F82031BFF35B8FF0BD0A4BA2
:10B7A0000A485A68C2F30802003218BF0122BDE8F5
:10B7B000F040FEF7E5BF00BF9C770020007002401C
:10B7C000507002404870024000ED00E0E9B602000F
:10B7D0002870024001207047014B80225A60704758
:10B7E00000E100E0074BD3F80014D3F80024002058
:10B7F0000A434FF48001C3F80024C3F85801C3F88A
:10B800000413704700700240074B4FF4001229B92F
:10B81000C3F80823054B83F821117047C3F80423AC
:10B82000024B83F821117047007002409C77002082
:10B8300070B48A788C88414EC97802F07F03D509AC
:10B8400005EB430006EB001001F00301C4F30A040A
:10B85000012904812BD0012101FA03F4BDB138483C
:10B8600002339940C0F80413D0F810352343C0F8D0
:10B870001035334B42F48071C3F81825C3F80C150A
:10B88000BFF36F8FBFF34F8F012070BC70472C4800
:10B8900003F10C06B140C0F80413D0F8141503F5F9
:10B8A00094730C43C0F8144540F82350E1E7082B8B
:10B8B00008D0244B186810F00100E6D000BE00202C
:10B8C00070BC7047EDB9B6F818311BB11C4B802223
:10B8D000C3F81C251A4A0023C2F85031D2F80033AD
:10B8E00013F4001308BFC2F85431154B4FF4401243
:10B8F000C3F80423D3F8142542F48072C3F8142546
:10B90000BEE7B6F808210E4B0021C3F82C1112B186
:10B910008022C3F81C250A4AD2F8003313F400131E
:10B9200008BFC2F85431064B074AC3F80423D3F8C2
:10B93000102542F48072C3F81025A1E79C770020FF
:10B9400000700240F0ED00E0000820001F4B802254
:10B950002DE9F041C3F88420BFF34F8FBFF36F8F01
:10B9600001241B4D1B4FA0460026A30004F10C022E
:10B97000A11C03F1804303F51C3308FA01F108FA16
:10B9800002F20A43C7F8082328465E6001342022E9
:10B990009E6200211CF0DFF8082C05F12005E4D19F
:10B9A0000D4BC7F808332022C7F81C6500217E62C2
:10B9B0000A48BE641CF0CFF8C7F81485C7F8108594
:10B9C000024B80225A60BDE8F08100BF00E100E038
:10B9D000BC77002000700240000830009C780020F6
:10B9E00001F07F02082A70B44FEAD11128D0012358
:10B9F00003FA02F0C043B1B1294C951CAB40C4F826
:10BA00000833D4F81055274B2840C4F8100501EB33
:10BA1000420103EB01110023CB72BFF36F8FBFF321
:10BA20004F8F70BC70471E4C02F10C05AB40C4F840
:10BA30000833D4F814551B4B2840C4F81405E6E726
:10BA4000184B03EB01100024A0F808411448D1B1B1
:10BA50004FF40064C0F80843D0F8104524F4807413
:10BA6000C0F81045B3F81841B3F808510C48EC423F
:10BA70004FF0000608BF4FF40014C0F81C6508BF63
:10BA8000C0F80843C3E74FF48014C0F80843D0F867
:10BA9000144524F48074C0F81445C0F85011E1E74F
:10BAA000007002409C77002001F07F004FEAD11C1B
:10BAB000F0B50CEB4005744E2D01771985B0FC7A7A
:10BAC0004CB1724B1C6814F0010401D000BE00247C
:10BAD000204605B0F0BD04F0FF0E7251BB80A7F800
:10BAE00006E0002843D1002B57D0BCF1000F00F036
:10BAF0008E8006EB401100EB8003CD8A8A8A0C8B86
:10BB00000969521B9B0092B203F1804303F51C3379
:10BB1000A24228BF22465E4DC3F8001600B2C3F809
:10BB200004265C4BBFF35B8F05EB80010122D3E859
:10BB30004F4FC3E8472F002FF9D1BFF35B8FE4B21B
:10BB4000002C40F0908045F82020BFF36F8FBFF3AA
:10BB50004F8F514B994202D0043B994219D1BFF308
:10BB60005B8F002386F82031BFF35B8F11E0BCF1BF
:10BB7000000FBED106EB40160123F372BFF36F8FA7
:10BB8000BFF34F8FB37A23B1F37A03F0FF04002B96
:10BB900074D10124204605B0F0BD404AD2F880247B
:10BBA000C2F3C0126245A0D03D4D6A688DF80810FE
:10BBB000C2F3080100314FF4E06218BF012101A86F
:10BBC00003938DF80930ADF80420FEF755FCBFF360
:10BBD0005B8F06F590720123D2E84F1FC2E8403F09
:10BBE0000028F9D1BFF35B8FCCB2002C38D12A4AA0
:10BBF0001360BFF36F8FBFF34F8F1C46BFF35B8F94
:10BC0000204686F82011BFF35B8F05B0F0BD0123FD
:10BC1000204AF372BFF35B8FD2E84F4FC2E8413F37
:10BC20000029F9D1BFF35B8FE4B26CB91D4A1360F0
:10BC3000BFF36F8FBFF34F8FBFF35B8F86F820C1C9
:10BC40001C46BFF35B8F43E7154B16495A681648ED
:10BC5000C2F30802003218BF0122FEF791FD37E758
:10BC60006A680D49F3E70E4B0F485A68C2F30802A1
:10BC7000003218BF0122FEF783FD29E786F80AC0CB
:10BC8000FFF782FC24E700BF9C770020F0ED00E086
:10BC900004700240BC7800205070024000700240E6
:10BCA00000ED00E04C70024075B6020011F07F001C
:10BCB00008B512D008280BD00E4B41F48072C90988
:10BCC000C3F8182504D10C4B03EB40139A7A62B9E0
:10BCD000BFF36F8FBFF34F8F08BD064B01225A652C
:10BCE000BFF36F8FBFF34F8F08BD9972FFF74CFC06
:10BCF000EEE700BF007002409C77002011F0770F44
:10BD000012D00A4B41F48072C3F80C15C3F80C250D
:10BD1000CA09C3F8181504BF01F5947143F821202E
:10BD2000BFF36F8FBFF34F8F704700BF00700240AB
:10BD30002DE9F04FA54BA64CD3F8000300238BB0A0
:10BD40001E461F46012520FA03F11A19C9074FEABA
:10BD5000820209D5116839B105FA03F117600E4363
:10BD6000BFF36F8FBFF34F8F0133192BEBD1F20766
:10BD700000F13582974D330508D5944BD3F8A8369A
:10BD800001229BB2A5F8163185F81C21B70206F4F2
:10BD9000800424D58D4BD3F81425D00540F1FC81C7
:10BDA000002C00F0A182D3F80024D20740F19C823D
:10BDB000D3F81035DA0540F1FB8195F81C3107AF57
:10BDC000002B40F0BD82814BD3F8203508933846D4
:10BDD0004FF440730121ADF81C30FEF74DFB04B366
:10BDE0007A4AD2F8004440F201732340C2F800348A
:10BDF000E30500F15682670510D5744B0122C3F8A4
:10BE000008259A65D3F8002312F4001208BFC3F87E
:10BE100054216E4B4FF40012C3F80423A00500F127
:10BE2000358231023DD5694BD3F880C4D3F88414F0
:10BE3000D3F888E4D3F88C74D3F89084D3F894447E
:10BE4000D3F89804D3F89C245FFA8CF35FFA80FC53
:10BE5000D0B25A06C9B25FFA8EFEFFB25FFA88F816
:10BE60005FFA84F901D105291BD00024224668F32A
:10BE7000070263F3070461F30F2469F30F226EF3E3
:10BE800017446CF3174260F31F6267F31F644FF4AB
:10BE9000C063012107A8CDE90842ADF81C30FEF7C8
:10BEA000EBFA4D4B3340002B40F09181DFF82491A9
:10BEB000464F4D46CA4609F5907800241DE02B44B4
:10BEC000DA7A002A00F0D781DA88AAF80420002262
:10BED000DA72D98809914FF4E063012107A88DF83F
:10BEE00020B08DF82120ADF81C30FEF7C5FABBF16B
:10BEF000080F47D001340AF1200A04F10C0326FA96
:10BF000003F3DB075FFA84FBF1D504EB840307EB53
:10BF10008303DAF80020D3F80807630112FA80F2ED
:10BF2000E918CAF80020CA8880B2024492B2082CEC
:10BF3000CA80C4D0BAF808208242C0D1CA88BAF8F0
:10BF400004109142BBD9BBF1000FD0D10122BFF345
:10BF50005B8FD8E84F3FC8E8412F0029F9D1BFF3E4
:10BF60005B8F13F0FF0F40F052821C490A60BFF351
:10BF70006F8FBFF34F8FBFF35B8F85F82031BFF317
:10BF80005B8FB7E7164B3340002B00F002810F4B5D
:10BF9000D3F86C240192C3F86C24BFF36F8FBFF306
:10BFA0004F8F16F4806600F06E81D3F88024D3F8AA
:10BFB000803483F08003C3F3C0130593C2F3C0132E
:10BFC0000493DFF808A00024A84613E000700240A4
:10BFD000409C00109C770020FCFB1F004C7002402E
:10BFE00000040001002C00F0F281072E52D0013431
:10BFF00009F120090199E14004EB8403C9070AEB28
:10C00000830308EB4412E6B2ECD5D3F80816D9F84E
:10C010001070C9B20F44C9F81070D08A014489B2B7
:10C02000D182A849D08AB9F8145061188900854294
:10C0300002914FF0010C66F07F0103914FF4E06B29
:10C040004FF0000E614607A840F2B480D18AB9F8DB
:10C050001820C3F800766D1AADB2954228BF154678
:10C06000994AC3F80456BFF35B8FD2E84F3FC2E84A
:10C0700041CF0029F9D1BFF35B8F13F0FF0F40F0E0
:10C08000ED80029BC3F800C0BFF36F8FBFF34F8FEB
:10C09000072EACD1019BDB03454601D4059B43B180
:10C0A000EB7A23B1EB88AA889A4200F271810123CE
:10C0B000AB72019B9F030BD595F82B3023B1EB8C12
:10C0C000AA8C9A4200F28881012385F82A30019BCC
:10C0D0005E030DD595F84B3033B1B5F84630B5F861
:10C0E00044209A4200F27D81012385F84A30019B69
:10C0F0001C030DD595F86B3033B1B5F86630B5F843
:10C1000064209A4200F27E81012385F86A30019B07
:10C11000D8020DD595F88B3033B1B5F88630B5F827
:10C1200084209A4200F23881012385F88A30019BED
:10C1300099020DD595F8AB3033B1B5F8A630B5F806
:10C14000A4209A4200F22D81012385F8AA30019B98
:10C150005A020DD595F8CB3033B1B5F8C630B5F8E5
:10C16000C4209A4200F22281012385F8CA30019B43
:10C170001B020ED595F8EB30002B00F0F380B5F8DC
:10C18000E630B5F8E4209A4240F2EC800720FFF751
:10C19000FBF90BB0BDE8F08FD3F81025D1053FF5C2
:10C1A0000CAE95F821211AB94FF40012C3F80823F8
:10C1B00007AF08E6D38A09939DF80C30ADF81CB0A0
:10C1C0008DF820308DF821E0FEF756F90DE70023B9
:10C1D000BFF35B8F85F82031BFF35B8F66E63B4B87
:10C1E0003B4A3C4D3C4800240127C2F81475C2F874
:10C1F0001075546094625C609C629C60DC62DC60E0
:10C200001C631C615C635C619C639C61DC63DC613E
:10C210001C6454629464C2F85841D2F80034D2F8D5
:10C2200000140B43C2F80034D2F80033C2F80833CC
:10C230002146C2F8040328464FF492721BF08BFC8F
:10C2400040234FF48072394607A82B832B818DF849
:10C250002040ADF81C20FEF70FF98CE51F4B20485D
:10C260005A680299C2F30802B2EB0E0218BF01220B
:10C27000FEF786FAB9E61B4B1B68D80789D500BEC6
:10C280000BB0BDE8F08FCDE904669AE600220523E5
:10C29000012107A88DF81C208DF81D30FEF7ECF861
:10C2A000BFE50121C2F82C150423002207A88DF850
:10C2B0001C208DF81D30FEF7DFF867057FF5AEAD69
:10C2C0009BE500BF019C0010BC7800200470024078
:10C2D000007002409C7700200514C00100ED00E0D2
:10C2E00075B60200F0ED00E04F4BBFF35B8F01220B
:10C2F000D3E84F1FC3E8402F0028F9D1BFF35B8F6D
:10C3000011F0FF0F32D1494BD3F8C004C70352D408
:10C3100095F80B1101F0FF07002967D04449D5F8C3
:10C320000071C3F8A077C3F8A4070A60BFF36F8F4A
:10C33000BFF34F8FD3F81035D8053FF53EAD37E743
:10C34000B5F816310993002285F81C2188234FF493
:10C35000E06238460121ADF81C20ADF82030FEF730
:10C360008BF830E5012385F8EA3012E7314B32488B
:10C370005A68C2F30802003218BF01220821FEF7F2
:10C38000FFF92A4BD3F81035DB053FF516AD0FE763
:10C390000020FFF7F9F88CE60420FFF7F5F8019B81
:10C3A000C6E60520FFF7F0F8019BD1E60620FFF76F
:10C3B000EBF8019BDCE6BFF35B8F85F82011BFF340
:10C3C0005B8FD3F81035DF053FF5F7ACF0E6049945
:10C3D00000293FF40CAE18E60120FFF7D5F8019BC9
:10C3E00076E60220FFF7D0F8019B81E6BFF35B8F72
:10C3F00085F82071BFF35B8FD3F81035D9053FF571
:10C40000DCACD5E60320FFF7BFF8019B80E6094BC3
:10C410000A485A680A49C2F30802003218BF0122CA
:10C42000FEF7AEF966E500BFBC7800200070024060
:10C430004870024000ED00E0E9B6020075B6020067
:10C440004C70024030B5012885B000F09F8057D372
:10C45000022840D1BA4BD3F80435002B40F0D780E6
:10C46000B74AD2F800341C05FBD54FF40063C2F87C
:10C470000034BFF36F8FBFF34F8FB24AB24B1268D5
:10C480001B68082A00F0D780AD4BB04D80240122F4
:10C49000C3F81C45C3F80423C5F88441FDF7D8FA56
:10C4A000002840F0F880AA4D43F204044FF0804386
:10C4B0002268AA4211D0D3F80C14D3F80C24D0036C
:10C4C000F6D5CA07F4D59E4B0122C3F80425BFF365
:10C4D0006F8FBFF34F8F05B030BD04AA002102F863
:10C4E0000C1D1046FFF74EF89DF804000028E2D01E
:10C4F00010460191FFF744F8019A002AD8D0E2E7EC
:10C500008F4BD3F80025002AE5D14FF480014FF47A
:10C510000062C3F80813C3F80024BFF36F8FBFF3A2
:10C520004F8F884B1B68082B00F0B780844B01228B
:10C53000C3F80025BFF36F8FBFF34F8F43F20402A0
:10C5400003F18D5303F57723126803F2DB539A420C
:10C5500000F0CA804FF08043D3F80C24D3F80C3499
:10C56000D90301D5D207B6D443F20402784B12683E
:10C570009A4200F01881774B00221A601B680193E1
:10C580004FF08043012201991A60A4E76C4BD3F865
:10C590000025002A9FD00022C3F80425BFF36F8F27
:10C5A000BFF34F8F69498020C1F88400BFF34F8FDC
:10C5B000BFF36F8FD3F80013C3F80813C3F8002537
:10C5C000BFF36F8FBFF34F8F43F2040103F18D531D
:10C5D00003F57723096803F2DB53994200F0998051
:10C5E00001AB5D4A012111605C4A5168C1F3080149
:10C5F000003118464FF000024FF0020318BF01212E
:10C600008DF804208DF80530FDF736FF63E743F21F
:10C6100004024F4B12689A4200F0B0804FF0804302
:10C62000D3F80C24D3F80C34DB037FF519AFD5070E
:10C630007FF516AF4FE7032B0AD8494A1168002946
:10C6400040F09880474C49F27530106021601060CE
:10C650005A1E022A10D8424A1168002967D1424D59
:10C660003848394B00681B6849F2753414602960FA
:10C67000146008287FF408AF032B3FF605AF3B4951
:10C680003B4B40F2E370402208601A60BFF36F8FAB
:10C69000BFF34F8FF8E66C6005E72B4B1B685A1E03
:10C6A000022A12D82E4B1A68002A40F08E802E499A
:10C6B00049F2753203201A6008601A60214A224B41
:10C6C00012681B68082A7FF431AF032B3FF62EAFA8
:10C6D000234B1A68002A74D1224949F27532C020CE
:10C6E0001A6008601A6021E704AB002203F80C2DE1
:10C6F0001846FEF747FF9DF8041000293FF42AAFC3
:10C7000018460192FEF73CFF019B002B7FF4E3AE3D
:10C710002AE704AB03F80C2D1846FEF733FF9DF80B
:10C720000420002A3FF45DAFFEF728FF5CE70549CF
:10C73000054B0D4A08681B680021116099E700BF8E
:10C7400000700240300100103401001000E100E0F0
:10C75000DBE5B151000100400400004000ED00E0C5
:10C7600000EC064014EC064014ED06400078024050
:10C7700004780240174A0021116069E704AB0022E7
:10C7800003F80C2D1846FEF7FDFE9DF80410002955
:10C790003FF444AF18460192FEF7F2FE019B002BD6
:10C7A0007FF499AE5CE604A8002300F80C3DFEF788
:10C7B000E9FE9DF80430002B3FF4DDAEFEF7DCFE11
:10C7C00089E6044BC0221A60B0E6034B03221A60CC
:10C7D00074E700BF14EC064014ED0640F8B503788A
:10C7E00013F0010405D10678C6F3800626B1204671
:10C7F000F8BD00242046F8BD0F4605464FF0FF3136
:10C80000384617F065FA2A7812F001040FD12B7818
:10C810005B0704D42B7843F004032B70012400231E
:10C8200038461A46194616F00BFE2046F8BD344627
:10C83000F5E700BF70B505460E4608464FF0FF31DC
:10C8400017F046FA2878C0F3800444B90024002386
:10C8500030461A46194616F0F3FD204670BD2B7877
:10C8600013F00102F2D12B7862F382032B70EEE712
:10C8700010B4C378848803F00303022BC4F30A04C2
:10C8800026D019D8012B04D0002318465DF8044B9C
:10C890007047022940F2FF3208BF4FF48062A24283
:10C8A000F3D21A4B1B6813F00103EED000BE002335
:10C8B00018465DF8044B7047022914BF40234FF41B
:10C8C0008063A342EDD3012318465DF8044B704703
:10C8D00002290BD012B1B4F5007F11D0A4F10803E6
:10C8E0009BB2182B06D9402CEDD0DAE7B4F5007FC7
:10C8F000D7D1E8E7064A22FA03F3DB07D1D5E2E70E
:10C9000000244021134644710171BEE7F0ED00E0C0
:10C91000010100010A44914216D230B44C78052C32
:10C9200005D00C7821448A42F8D830BC70478C7806
:10C9300004F07F0500EB4505E4092B550C782144F4
:10C940008A42EBD830BC7047704700BF2DE9F041F8
:10C9500082B00678089DBDF82470009361F300064C
:10C960000446294600F8086B012316463A46BDF8EE
:10C970002C80FCF76DFE05B13FB90A9B6360012076
:10C98000A4F8028002B0BDE8F08104F11C0101208E
:10C9900016F030FF26B903463046C4E90503ECE73C
:10C9A0000023FAE710B50446406908B117F046FBCA
:10C9B000A06908B117F042FB012010BDF0B50B468D
:10C9C0000D4613F8081B83B011F0020F07461846F6
:10C9D00040F2FF130CBF3F241C461646FCF774FEC2
:10C9E000E8B9E6B126421AD12B786978DA073846D9
:10C9F00018D5FEF707F990B12B78697813F0010389
:10CA000013D000233846CDE900331A46FEF73EF92D
:10CA100030B9084B1B68DB0701D500BE00E00020E1
:10CA200003B0F0BDFDF714FFE5E738461A46FDF701
:10CA30002FFFEDE7F0ED00E070B501F1080582B0E1
:10CA4000064628460C46FCF73FFE38B1237861784D
:10CA5000DB07304605D5FEF7D5F830B9002002B027
:10CA600070BDFDF7F5FE0028F8D0284662886168A1
:10CA7000FCF754FE054690B1237862686178D807C8
:10CA800017D50023CDE9003330462B46FEF7FEF8DC
:10CA9000B0B90C4B1B68DB07E0D500BEDFE72078A0
:10CAA000617810F00104304608D1FDF7E1FE204620
:10CAB000D5E730462B46FDF7EBFEE9E7FEF7C8F871
:10CAC0002846CCE7F0ED00E02DE9F0418A890B78AB
:10CAD00082B00C460646E2B9DD07497857D5FEF725
:10CAE00091F800284FD0227863886178D20751D519
:10CAF000002B5DD0626800253046CDE90055FEF779
:10CB0000C5F800284DD1374B1B68DB073BD500BE6D
:10CB10003AE003F0020301F10808002B40460CBF85
:10CB200040274FF40077304D08BF6FF03F05FCF70A
:10CB3000E3FD874227D823786178DB07304634D578
:10CB4000FEF760F8F8B14046FCF7D6FD874233D8CF
:10CB500005EA000265882378617890B2854228BF93
:10CB60000546DA0732D5002D37D062680023CDE9BB
:10CB7000003330462B46FEF789F80028C3D02846FC
:10CB800002E0FEF765F8002002B0BDE8F081FDF795
:10CB90005FFEA6E773B162683046FDF779FE0028B4
:10CBA000B1D0608802B0BDE8F081FDF751FEC9E761
:10CBB0001A46A0E71A46EFE72078617810F00104E2
:10CBC0003046DED1FDF754FE2046DDE73DB1626818
:10CBD00030462B46FDF75CFECFE72A46C6E72A46DD
:10CBE000F6E700BFF0ED00E000FEFFFF002800F0D8
:10CBF000B480002900F0B1802DE9F04F17688DB0A6
:10CC0000002F00F0A58013795C1E1E2C00F2A0807E
:10CC100094680594002C00F09B80D468002C00F0F0
:10CC20009780157D0695002D00F09280158A528A16
:10CC300002959542049200F28B80A3F120028E4669
:10CC4000C3F120050121164601FA02F921FA05F582
:10CC5000C3F1200201FA03F804FA03F324FA02F202
:10CC600049EA0509089304FA06F500230024CDE9F2
:10CC700000344FF0000C2A430797861EE2460992C3
:10CC8000CDF80CC0774636F8022F002594B24D45FA
:10CC900008BF444521D2079BA2FB032352EA0301AC
:10CCA00075D000200021CDE90A01002B73D1DDE908
:10CCB0000A01014311D10598A2FB00BC00FB03CC83
:10CCC0006146DDE9082358461AF086FC00234FF63A
:10CCD000FE728B4208BF824242D20AF1010A5745D6
:10CCE000D1D1DDF80CB0069B079F5B4530D80024FE
:10CCF0005A46DDE9000123461AF06EFC0021494541
:10CD000008BF404524D2A7FB002307FB01352B4673
:10CD100052EA03011AD04FF000084FF00009002D2D
:10CD20004BD158EA090113D1059CA2FB040104FB75
:10CD30000311DDE908231AF04FFC0B4600210246DF
:10CD400099424FF6FE7008BF904201D390B201E0C5
:10CD50004FF6FF700DB0BDE8F08F4FF6FF707047D3
:10CD6000029B80B28342B8D8049B8342B5D3DDE9ED
:10CD70000001EB43E2438B4208BF8242E8D3039BAE
:10CD8000001969410133CDE900010393A5E7029B36
:10CD9000002BECD0A1E70599A1FB02018B460020F6
:10CDA00005998446E3FB01BC614600293FF47FAF4F
:10CDB00001200021CDE90A0179E70599A1FB02676D
:10CDC0002146059C3846E5FB04010029A9D04FF017
:10CDD00001084FF00009A4E790F90030002B46DB72
:10CDE000C368002B43D0037C002B40D04369002B49
:10CDF0003DD08369002B3AD0037F013B1F2B36D8EF
:10CE0000F0B52A4E87B0044616F016FA3368C31AF6
:10CE1000002B054629DB264F3B78B3B994F9010076
:10CE2000002807DB012119F02BFDA17894F90100FE
:10CE300019F0AAFD002194F9000019F021FD02204B
:10CE400019F018FC207C19F00FFC94F9000019F07F
:10CE500041FC3B78174A22F813000133217FDBB2F3
:10CE60008B423B7004D20135356007B0F0BD70478E
:10CE70001046E368227C00938DF804206369A26960
:10CE80000293D4F81EC094F8223003926A468DF8BB
:10CE90001430CDF810C0FFF7A9FE05F59C55064AE1
:10CEA00008350023356010803B70DEE704790020F0
:10CEB00000790020C07800201A61002038B5047A7B
:10CEC00094B990F90030002B23DBC3680BB3037CCB
:10CED000FBB14369EBB18369DBB1037F013B1F2BDE
:10CEE00017D8154B188838BD457A144821460DF0DF
:10CEF00091FA294611480DF0FBF901210F480DF078
:10CF000095FA30B9214602220C480DF039FA022870
:10CF100002D04FF6FF7038BD08480DF0E1F9044625
:10CF200006480DF0DDF9064B03EA0423184380B2EE
:10CF300000EB8000800938BD1A6100201C820020AF
:10CF400000FFFF0008B519F059FBFEE7704700BF6E
:10CF5000704700BF2DE9F0470478089E1F46062C55
:10CF60001AD8DFE814F055015B0160010700650184
:10CF700072011B00438843EA0121B1F5887F4FF01D
:10CF8000000341808380C0F06681114604460EB1E3
:10CF90000520B04700232370BDE8F08790F801C05A
:10CFA000B0F81641B0F802806FEA0C231BB24FF0C4
:10CFB00000094B4544EA01219CB2B6BF41F221036E
:10CFC000630083EA44039CB2230446BF41F2210379
:10CFD00083EA440363009CB2230446BF41F2210369
:10CFE00083EA440363009CB2230446BF41F2210359
:10CFF00083EA440363009CB2230446BF41F2210349
:10D0000083EA440363009CB2230446BF41F2210338
:10D0100083EA440363009CB2230446BF41F2210328
:10D0200083EA440363009BB21C0446BF41F221041F
:10D0300084EA43045C005FFA88FEA4B284EA0E240A
:10D0400024B2002CB8BF41F221031FFA84FEACBF0A
:10D050004FEA4E0383EA4E039CB2230446BF41F2DB
:10D06000210383EA440363009CB2230446BF41F2D8
:10D07000210383EA440363009CB2230446BF41F2C8
:10D08000210383EA440363009CB2230446BF41F2B8
:10D09000210383EA440363009CB2230446BF41F2A8
:10D0A000210383EA440363009CB2230446BF41F298
:10D0B000210383EA440363009CB223044ABF41F284
:10D0C0002103630083EA44034FEA18259BB283EAF5
:10D0D00005231BB2002B9CB2B6BF41F221036300B3
:10D0E00083EA44039CB2230446BF41F2210383EA4E
:10D0F000440363009CB2250446BF41F2210383EA46
:10D10000440363009CB2230446BF41F2210383EA37
:10D11000440363009CB2250446BF41F2210383EA25
:10D12000440363009CB2230446BF41F2210383EA17
:10D13000440363009CB2250446BF41F2210383EA05
:10D14000440363009BB21C044ABF41F221045B000C
:10D1500084EA4303A0F8161180F800909BB2B8F15E
:10D16000000F4AD008F1FF3400F1060E1EFA84FECB
:10D1700041F22105441D14F8019F83EA09230FFAA7
:10D1800083F91FFA89F3B9F1000FACBF5B0085EAA0
:10D1900043039BB213F4004F0CBF5B0085EA4303CB
:10D1A0009BB213F4004F0CBF5B0085EA43039BB2B4
:10D1B00013F4004F0CBF5B0085EA43039BB213F4EA
:10D1C000004F0CBF5B0085EA43039BB213F4004F92
:10D1D0000CBF5B0085EA43039BB213F4004F0CBF06
:10D1E0005B0085EA43039BB213F4004F0CBF5B0066
:10D1F00085EA430374459BB2BDD1994230D0002EDD
:10D200003FF4CAAE334611460120BDE8F047184747
:10D21000AA297FF4C1AE01230370BDE60223417049
:10D220000370BDE8F087032341800370BDE8F087F9
:10D230008288531C02449BB28380917142889A4237
:10D240003FF6AAAE05230370A6E60623A0F8161142
:10D250000370BDE8F0870029F4D0042303709BE637
:10D26000002F3FF499AE1346811D42466046BC46EE
:10D27000BDE8F047604700BF70B5054600F5537044
:10D2800015F01AFF05F5507015F016FF05F54D70F5
:10D2900015F012FF05F54A7015F00EFF05F10806AE
:10D2A00005F54274183C204615F006FFA642F9D158
:10D2B000284670BD2DE9F047DFF8D0A0DFF8B09028
:10D2C0002A4F0023CAE900330AF108040AF542781C
:10D2D0004FF6FF7620464946002515F06FFE1834BC
:10D2E00024F80C6C24F80A6C44F8087C04F8045CFC
:10D2F000A045EFD100231E491E48CAF80833CAF8DA
:10D300000C33CAF81033CAF81833CAF820338AF835
:10D3100014538AF81C538AF8245315F04FFE14490D
:10D32000154815F04BFE1249144815F047FE1049F8
:10D33000134815F043FE134A13491448CAF85853CA
:10D34000CAF85C53CAF86053CAF86453CAF8685301
:10D3500019F092FC06490E4815F030FE094A0D49B5
:10D360000B48BDE8F04719F087BC00BF000080BF44
:10D37000E4AF04003C7C0020487C0020547C00206A
:10D38000607C00200060002079D202001479002027
:10D3900008790020B9300400034B044A01211970B8
:10D3A00013680B4413607047867F00200C7E0020BA
:10D3B000704700BF00B583B00023009340F276228F
:10D3C00002236FF07F410CF0BDFD03B05DF804FB5C
:10D3D000F8B52948294D09F085F8074615F02CFFC6
:10D3E000FA06064616D52B78254F002B37D0FF219D
:10D3F000214809F055FD234B3A68A3FB0030800912
:10D4000000EB400043086433B61A9E422BD8012437
:10D410002046F8BD2C78E4B97B071AD5184F3B6835
:10D4200003B938600121144809F03AFD154A3B68F8
:10D43000A2FB0020800900EB400040086430F61A8F
:10D440008642E4D904210C4808F0D4FF00233B6055
:10D4500003E00B4B00241C602C702046F8BD012318
:10D4600038602B70C3E700241421034808F0C2FF82
:10D470003C602C702046F8BD9C7F00201C7E002064
:10D48000187E0020D34D621010B50446503015F0C0
:10D4900013FE04F1180015F00FFE04F10C0015F056
:10D4A0000BFE204615F008FE204610BD10B54FF4C7
:10D4B000E671044618F0E6F9204610BD00B583B0C9
:10D4C00005F09EFF0023009340F2762202236FF0C6
:10D4D0007F4104480CF036FDB0FA80F0400903B0FB
:10D4E0005DF804FB9C7F0020F0B5602289B000F15C
:10D4F00028070021404E04461AF02DFB3F493846CC
:10D5000015F05CFD0FCE25460FC596E8070003C554
:10D510002A8015F091FE3A4A3A4BA2FB002080097E
:10D520001B782060E37519F071F8DFED377AB4EEFF
:10D53000E70AF1EE10FA5DDCDFED347AB4EEE70ACB
:10D54000F1EE10FA53D4FDEEC07ACDED017A9DF9DB
:10D5500004302F4AA375D2ED007A2E48B2EE047A39
:10D5600067EE877A0025FDEEE77A17EE903AA38200
:10D57000FFF7A4FC84F85450208305F05DFF84F885
:10D580005C5084ED160A05F05DFF234B84F85D00C6
:10D5900007CB1B88C4F81A00E384C4F81E10C4F833
:10D5A00022201E49384615F08FFD1D4A1D4B12786A
:10D5B0001B7884F8365084F8342084F8353002A87B
:10D5C00005F02AFF0698039F049E059D07999DF884
:10D5D00008209DF80930E064204627646664A5644D
:10D5E000216584F83C2084F83D3009B0F0BD6FF02F
:10D5F0007E03AEE77F23ACE76C7F0020E4AF04003E
:10D60000D34D6210E47C00200000FE420000FEC208
:10D6100020610020E0AB040024610020887F00200E
:10D62000147E0020447F002038B52C4B1B7813B1AA
:10D630002B4B1B7803B138BD15F0FEFD294B1B6841
:10D64000C01AB0F5FA7FF6D3274B1B7803F0FF041E
:10D65000002BF0D1254D15F0EFFD2B68C01A0928DD
:10D66000E9D915F0E9FD2146286021480AF07CF847
:10D670009FED207AB4EEC70AF1EE10FADBD4FBEE90
:10D680000E7AB4EEE70AF1EE10FAD4DC1A4A1B491E
:10D69000D2ED007A0B6870EE277A0133132BC2EDBE
:10D6A000007A0B60C7DD9FED166ADFED166A164B38
:10D6B0000C6067EE867A0020F4EEE67AF1EE10FA5E
:10D6C00088BFF0EE667AF4EEC77AF1EE10FAB8BFD2
:10D6D000F0EE477A1060C3ED007A38BDE57C00209B
:10D6E000E47C0020587F0020867F0020607F00209F
:10D6F0009C7F0020000016C33C7F0020647F002038
:10D70000CDCC4C3D000048C2206100202DE9F04303
:10D7100083B00024DFF8B090224F234DDFF8AC80B7
:10D7200000942346224621462048214E14F028FC2E
:10D730004946384615F042FC2A464146384619F01B
:10D740009BFA482018F098F81123074600931422FA
:10D750001923182106F088FC3946304608F026FDCA
:10D76000144B1549154F33602A46304619F084FA98
:10D77000134A144BC2F8024049463846C3F80240E7
:10D7800014705470A2F816411C705C70A3F8164116
:10D7900015F014FC2A464146384603B0BDE8F04374
:10D7A00019F06ABA887F002000600020007E002007
:10D7B0009C7F002098AA0400B1D30200487F00207B
:10D7C000207E0020E87C0020E4AF0400B930040093
:10D7D0002DE9F043C5B001ACAA264FEA122CD51CA6
:10D7E00026701F4684F803C06070A270ADB29DF829
:10D7F000306102B300297BD0914602A81AF087F964
:10D8000009F1060809F1040C09F105001FFA8CFC66
:10D810001FFA88F880B29DB9FF22134604F80C3035
:10D820002254002F5ED11EB1394B1B78002B67D1DB
:10D8300045B0BDE8F08305204FF006084FF0040C1A
:10D8400023464FF6FF7241F2210113F801EF82EAFD
:10D850000E220FFA82FE1FFA8EF2BEF1000FACBF4D
:10D86000520081EA420292B212F4004F0CBF520001
:10D8700081EA420292B212F4004F0CBF520081EAD8
:10D88000420292B212F4004F0CBF520081EA4202EF
:10D8900092B212F4004F0CBF520081EA420292B2DF
:10D8A00012F4004F0CBF520081EA420292B212F40D
:10D8B000004F0CBF520081EA420292B2A3EB040E69
:10D8C00012F4004F1FFA8EFE0CBF520081EA420292
:10D8D000AE4592B2B9D3D3B2120A04F80C30225436
:10D8E000002FA0D0424621460A48F8F74DFD9AE79E
:10D8F00005204FF006084FF0040C002DA0D18BE757
:10D9000042462146044814F0AFFE45B0BDE8F0831E
:10D91000097E002064640020809F0020F0B5012172
:10D92000ADF5097D414808F02DFF431EFE2B69D956
:10D930003F4B1B78002B56D00DF5097DF0BD3B48C1
:10D940003C4F08F00DFFBDEEC00A384810EE103A0B
:10D950001EB208F0E5FEF2EE047A20EE270A364801
:10D96000BDEEC00A4368059310EE103A027A0296A3
:10D970001DB201683E8203957B687D8203F1010C34
:10D98000C7F804C090F90A70407A059BCDE90007FA
:10D990002A4805F01FFE2F12F3B206A9C6F3072688
:10D9A00022460DF58F708DF818318DF81C318DF8E9
:10D9B0001B718DF81A518DF819618DF81D611AF0DF
:10D9C000A6F81F4BA21D1B78009392B2012346A913
:10D9D0000420FFF7FDFE15F02FFC154B194A1B78AC
:10D9E0001060002BA8D105F00BFD0023009340F23E
:10D9F000762202236FF07F410C480CF0A3FA0DF55C
:10DA0000097DF0BD0446024606A9084808F080FFDB
:10DA1000002894D0074A0649D36809780133D360B7
:10DA20000029E0D00DF5097DF0BD00BF9C7F0020EE
:10DA3000147E00206C7F00202461002040610020C3
:10DA4000097E0020587F00200EB4F0B5ADF51C7D96
:10DA5000A1AB044653F8042B019302A8C8211BF084
:10DA600017F8051EC0F28280022C00F08580434B1F
:10DA7000434A012C08BF1A4602AB4249424814F0FF
:10DA80001FFB424B1B78002B70D0C72D2A46A8BF26
:10DA9000C72295B202A90DF1D1008DF8D0401AF03D
:10DAA00036F86B1C9BB21A4634A948F2AA06002429
:10DAB00068A88DF89E31ADF89C618DF89F416E1D70
:10DAC0001AF025F867AC281DB6B280B222464FF690
:10DAD000FF7341F2210112F8017F83EA07231FB28D
:10DAE000BBB2002FACBF5B0081EA43039BB21F04B3
:10DAF00054BF5B0081EA43039BB21F0454BF5B0029
:10DB000081EA43039BB21F0454BF5B0081EA4303D5
:10DB10009BB21F0454BF5B0081EA43039BB21F0406
:10DB200054BF5B0081EA43039BB21F0454BF5B00F8
:10DB300081EA43039BB21F04A2EB0407BFB254BFA8
:10DB40005B0081EA4303B8429BB2C4D89CAAAF1DD4
:10DB5000164412FA87F7EA1D214692B21C0A0C48B5
:10DB600006F8D43C07F8D44C14F07EFD0DF51C7D6E
:10DB7000BDE8F04003B07047064A7DE764AF04009B
:10DB800054AF04006CAF040064640020097E0020E0
:10DB9000809F00205CAF0400F0B52DED028B0446A1
:10DBA00087B0417A434800220BF018FA38BB94F949
:10DBB0000A500646152D3F48A8BF15250BF090FAD0
:10DBC00029463C48BDEEC08A07F0BAFB07463948F3
:10DBD000D7B10BF085FA384B94F90A201B680092F4
:10DBE000BDEEC00A152202928DED048A03970195BD
:10DBF00030468DED050A314A3149FFF725FF0020F7
:10DC000007B0BDEC028BF0BD0BF06AFA2A4B94F919
:10DC10000A201B680092BDEEC00A15213846029109
:10DC2000264A27498DED048A039701958DED050A53
:10DC3000FFF70AFFB4F80B101E48C9B244220BF0DC
:10DC400003FA0028DBD1617B1A480BF061FA002847
:10DC5000D5D118480BF052FE0028D0D101260096ED
:10DC6000314641F2210341F60F5212480BF0A4FD58
:10DC70000028C4D101460F480BF0D6FE0028BED1C3
:10DC80000C480BF0C5FE0028B9D10E4B0E491E7092
:10DC90006368227A0195B1F91200B1F9105003902E
:10DCA000607A216800900295084805F093FC3046A0
:10DCB000A6E700BF9C7F0020887F002064AC0400A2
:10DCC00070AC0400157E00206C7F002040610020B5
:10DCD0002DE9F04383B005F099FB10B903B0BDE81E
:10DCE000F0832A4A2A4B14781B782A4A2A4E92F843
:10DCF00000803778DDB205F087FB814615F09CFA8D
:10DD0000002CEBD0002FE9D1B8F1000FE6D1234C65
:10DD1000A7884F4503D0A4F804902060DEE7002FC9
:10DD2000DCD023684FF47A72C31A02FB07F29A42DE
:10DD3000D4D81B4B1B68C01AB0F5FA7FCED3002D88
:10DD4000CCD118480AF0EEFC022015F081FA3378A5
:10DD50005BB905F055FB0023009340F276220223C5
:10DD60006FF07F410F480CF0EDF815F065FA0E49A1
:10DD70000E4D2060002600230E600D492B603A46B0
:10DD8000184603B0BDE8F043FFF75EBEE57C002017
:10DD9000867F0020E47C0020147E00203461002077
:10DDA000587F00209C7F00203C7F0020647F002063
:10DDB000D8AC0400F0B5C5B001ACAA2701261D46B9
:10DDC000607027706680002900F02C810B78237129
:10DDD0000726062305276FEA002000B20028B8BFF7
:10DDE00041F221011FFA80FCACBF4FEA4C0181EAED
:10DDF0004C0188B2010446BF41F2210181EA400191
:10DE0000410088B2010446BF41F2210181EA40018C
:10DE1000410088B2010446BF41F2210181EA40017C
:10DE2000410088B2010446BF41F2210181EA40016C
:10DE3000410088B2010446BF41F2210181EA40015C
:10DE4000410088B2010446BF41F2210181EA40014C
:10DE5000410088B201044ABF41F22101410081EA38
:10DE6000400189B281F4807109B2002988B2B6BF3D
:10DE700041F22101410081EA400188B2010446BF1C
:10DE800041F2210181EA4001410088B2010446BF0C
:10DE900041F2210181EA4001410088B2010446BFFC
:10DEA00041F2210181EA4001410088B2010446BFEC
:10DEB00041F2210181EA4001410088B2010446BFDC
:10DEC00041F2210181EA4001410088B2010446BFCC
:10DED00041F2210181EA4001410088B2010446BFBC
:10DEE00041F2210181EA4001410088B2010446BFAC
:10DEF00041F2210181EA4001410088B2010446BF9C
:10DF000041F2210181EA4001410088B2010446BF8B
:10DF100041F2210181EA4001410088B2010446BF7B
:10DF200041F2210181EA4001410088B2010446BF6B
:10DF300041F2210181EA4001410088B2010446BF5B
:10DF400041F2210181EA4001410088B201044ABF47
:10DF500041F22101410081EA400188B201044ABF37
:10DF600041F22101410081EA4001207989B281EA30
:10DF7000002109B2002988B2B6BF41F22101410057
:10DF800081EA400188B2010446BF41F2210181EAE1
:10DF90004001410088B2010446BF41F2210181EAFB
:10DFA0004001410088B2010446BF41F2210181EAEB
:10DFB0004001410088B2010446BF41F2210181EADB
:10DFC0004001410088B2010446BF41F2210181EACB
:10DFD0004001410088B2010446BF41F2210181EABB
:10DFE0004001410089B2080446BF41F2210080EAA5
:10DFF0004101490089B2080AE155E0542AB915B136
:10E000000A4B1B783BB945B0F0BD32462146084863
:10E01000F8F7BAF9F3E732462146064814F024FB34
:10E0200045B0F0BD052306260427D4E6097E00206E
:10E0300064640020809F002030B5012883B005462D
:10E040000C4603D10C4AD3680133D36023462A46D9
:10E050000A490220FFF7F8FC02A9A4F10203B4FA6E
:10E0600084F2B3FA83F301F8015D52095B09FE20E3
:10E07000FFF7A0FE03B030BD6C7F002030AF04007E
:10E080002DE9F04F204C2478E9B00F4616461D4686
:10E09000002C3BD1431E332B38D8DFE813F0B702F6
:10E0A00037003700370037003700370037003700B8
:10E0B000370037003700370037003700B702B702A4
:10E0C0003700370037003700370037003700370098
:10E0D000370037003700370037003700B702370006
:10E0E000B7023700370037003700370037003700F6
:10E0F000370037003700370037003700B702B70264
:10E1000037003700B70200BFE57C0020482802F046
:10E11000858640F23D81742804F0578440F2D8840B
:10E12000942801F0F38540F2C085982802F090858C
:10E13000FF2801F04782962802F0B88240F2FF13D0
:10E1400025AC9BB25B008F4A22601F044FF0020295
:10E15000227146BF41F2210282EA43035B009AB278
:10E16000160446BF41F2210383EA420353009AB2E8
:10E17000100446BF41F2210383EA420353009AB2DE
:10E18000110446BF41F2210383EA420353009AB2CD
:10E19000130446BF41F2210383EA420353009AB2BB
:10E1A000170446BF41F2210383EA420353009AB2A7
:10E1B00016044ABF41F22103530083EA4203A278C6
:10E1C0009BB283EA02231BB2002B9AB2B6BF41F284
:10E1D0002103530083EA42039AB2100446BF41F27E
:10E1E000210383EA420353009AB2110446BF41F26D
:10E1F000210383EA420353009AB2130446BF41F25B
:10E20000210383EA420353009AB2170446BF41F246
:10E21000210383EA420353009AB2160446BF41F237
:10E22000210383EA420353009AB2100446BF41F22D
:10E23000210383EA420353009AB211044ABF41F218
:10E240002103530083EA4203E2789BB283EA02236C
:10E250001BB2002B9AB2B6BF41F22103530083EAEE
:10E2600042039AB2130446BF41F2210383EA4203F8
:10E2700053009AB2170446BF41F2210383EA4203D6
:10E2800053009AB2160446BF41F2210383EA4203C7
:10E2900053009AB2100446BF41F2210383EA4203BD
:10E2A00053009AB2110446BF41F2210383EA4203AC
:10E2B00053009AB2130446BF41F2210383EA42039A
:10E2C00053009AB217044ABF41F22103530083EA74
:10E2D00042039BB283F400731BB2002B9AB2B6BF09
:10E2E00041F22103530083EA42039AB2160446BF67
:10E2F00041F2210383EA420353009AB2100446BF5D
:10E3000041F2210383EA420353009AB2110446BF4B
:10E3100041F2210383EA420353009AB2130446BF39
:10E3200041F2210383EA420353009AB2170446BF25
:10E3300041F2210383EA420353009AB2160446BF16
:10E3400041F2210383EA420353009BB2180446BF03
:10E3500041F2210282EA43035B009BB21A0A637115
:10E36000A271002D03F08283022D40F06F82064BD4
:10E370001B78002B00F06A8221460722034814F024
:10E3800073F963E2AAFE0100097E0020809F00204D
:10E39000302802F0918640F26382402802F0B28277
:10E3A00000F2B687312801F0EC8734287FF4C6AE3E
:10E3B000042E03F07E8340F2FF1325AC9BB25B007A
:10E3C0008F4A226018044FF00602227146BF41F2C4
:10E3D000210282EA43035B009AB2110446BF41F274
:10E3E000210383EA420353009AB2130446BF41F269
:10E3F000210383EA420353009AB2170446BF41F255
:10E40000210383EA420353009AB2160446BF41F245
:10E41000210383EA420353009AB2100446BF41F23B
:10E42000210383EA420353009AB211044ABF41F226
:10E430002103530083EA4203A2789BB283EA0223BA
:10E440001BB2002B9AB2B6BF41F22103530083EAFC
:10E4500042039AB2130446BF41F2210383EA420306
:10E4600053009AB2170446BF41F2210383EA4203E4
:10E4700053009AB2160446BF41F2210383EA4203D5
:10E4800053009AB2100446BF41F2210383EA4203CB
:10E4900053009AB2110446BF41F2210383EA4203BA
:10E4A00053009AB2130446BF41F2210383EA4203A8
:10E4B00053009AB217044ABF41F22103530083EA82
:10E4C0004203E2789BB283EA02231BB2002B9AB28A
:10E4D000B6BF41F22103530083EA42039AB2160405
:10E4E00046BF41F2210383EA420353009AB210046B
:10E4F00046BF41F2210383EA420353009AB211045A
:10E5000046BF41F2210383EA420353009AB2130447
:10E5100046BF41F2210383EA420353009AB2170433
:10E5200046BF41F2210383EA420353009AB2160424
:10E5300046BF41F2210383EA420353009AB210041A
:10E540004ABF41F22103530083EA42039BB283F4A2
:10E55000C0631BB2002B9AB2B6BF41F22103530035
:10E5600083EA42039AB2110446BF41F2210383EACF
:10E57000420353009AB2130446BF41F2210383EAD7
:10E58000420353009AB2170446BF41F2210383EAC3
:10E59000420353009AB2160446BF41F2210383EAB4
:10E5A000420353009AB2100446BF41F2210383EAAA
:10E5B000420353009AB2110446BF41F2210383EA99
:10E5C000420353009BB21A0446BF41F2210282EA81
:10E5D00043035B009BB21A0A6371A271002D03F022
:10E5E000BB85022D40F03281064B1B78002B00F0DA
:10E5F0002D8121460722044814F036F826E100BF99
:10E60000AAFE0100097E0020809F002040F2FF1337
:10E6100025AC9BB25B008F4A226018044FF00B02BE
:10E62000227146BF41F2210282EA43035B009AB2A3
:10E63000110446BF41F2210383EA420353009AB218
:10E64000130446BF41F2210383EA420353009AB206
:10E65000170446BF41F2210383EA420353009AB2F2
:10E66000160446BF41F2210383EA420353009AB2E3
:10E67000100446BF41F2210383EA420353009AB2D9
:10E6800011044ABF41F22103530083EA4203A278F6
:10E690009BB283EA02231BB2002B9AB2B6BF41F2AF
:10E6A0002103530083EA42039AB2130446BF41F2A6
:10E6B000210383EA420353009AB2170446BF41F292
:10E6C000210383EA420353009AB2160446BF41F283
:10E6D000210383EA420353009AB2100446BF41F279
:10E6E000210383EA420353009AB2110446BF41F268
:10E6F000210383EA420353009AB2130446BF41F256
:10E70000210383EA420353009AB217044ABF41F23D
:10E710002103530083EA4203E2789BB283EA022397
:10E720001BB2002B9AB2B6BF41F22103530083EA19
:10E7300042039AB2160446BF41F2210383EA420320
:10E7400053009AB2100446BF41F2210383EA420308
:10E7500053009AB2110446BF41F2210383EA4203F7
:10E7600053009AB2130446BF41F2210383EA4203E5
:10E7700053009AB2170446BF41F2210383EA4203D1
:10E7800053009AB2160446BF41F2210383EA4203C2
:10E7900053009AB210044ABF41F22103530083EAA6
:10E7A00042039BB283F430631BB2002B9AB2B6BF14
:10E7B00041F22103530083EA42039AB2110446BF97
:10E7C00041F2210383EA420353009AB2130446BF85
:10E7D00041F2210383EA420353009AB2170446BF71
:10E7E00041F2210383EA420353009AB2160446BF62
:10E7F00041F2210383EA420353009AB2100446BF58
:10E8000041F2210383EA420353009AB2110446BF46
:10E8100041F2210383EA420353009BB21A0446BF2C
:10E8200041F2210282EA43035B009BB21A0A637140
:10E83000A271002D01F09A86022D07D1064B1B789C
:10E8400023B121460722054813F00EFF69B0BDE849
:10E85000F08F00BFAAFE0100097E0020809F0020EB
:10E86000112802F0998100F25183012801F0C08241
:10E8700010287FF463AC0E2E02F0168740F2FF13CF
:10E8800025AC9BB25B008F4A226018044FF0060251
:10E89000227146BF41F2210282EA43035B009AB231
:10E8A000110446BF41F2210383EA420353009AB2A6
:10E8B000130446BF41F2210383EA420353009AB294
:10E8C000170446BF41F2210383EA420353009AB280
:10E8D000160446BF41F2210383EA420353009AB271
:10E8E000100446BF41F2210383EA420353009AB267
:10E8F00011044ABF41F22103530083EA4203A27884
:10E900009BB283EA02231BB2002B9AB2B6BF41F23C
:10E910002103530083EA42039AB2130446BF41F233
:10E92000210383EA420353009AB2170446BF41F21F
:10E93000210383EA420353009AB2160446BF41F210
:10E94000210383EA420353009AB2100446BF41F206
:10E95000210383EA420353009AB2110446BF41F2F5
:10E96000210383EA420353009AB2130446BF41F2E3
:10E97000210383EA420353009AB217044ABF41F2CB
:10E980002103530083EA4203E2789BB283EA022325
:10E990001BB2002B9AB2B6BF41F22103530083EAA7
:10E9A00042039AB2160446BF41F2210383EA4203AE
:10E9B00053009AB2100446BF41F2210383EA420396
:10E9C00053009AB2110446BF41F2210383EA420385
:10E9D00053009AB2130446BF41F2210383EA420373
:10E9E00053009AB2170446BF41F2210383EA42035F
:10E9F00053009AB2160446BF41F2210383EA420350
:10EA000053009AB210044ABF41F22103530083EA33
:10EA100042039BB283F4C0631BB2002B9AB2B6BF11
:10EA200041F22103530083EA42039AB2110446BF24
:10EA300041F2210383EA420353009AB2130446BF12
:10EA400041F2210383EA420353009AB2170446BFFE
:10EA500041F2210383EA420353009AB2160446BFEF
:10EA600041F2210383EA420353009AB2100446BFE5
:10EA700041F2210383EA420353009AB2110446BFD4
:10EA800041F2210383EA420353009BB21A0446BFBA
:10EA900041F2210282EA43035B009BB21A0A6371CE
:10EAA000A271002D03F05183022D7FF4CFAE064BEF
:10EAB0001B78002B3FF4CAAE21460722034813F00F
:10EAC000D3FDC3E6AAFE0100097E0020809F00203E
:10EAD000612801F05F8500F2A9834A2800F07C8755
:10EAE00060287FF42BAB6FF4C04325AC46F2AA023A
:10EAF000002B22609AB2C2F23F8753009AB21304ED
:10EB000046BF41F2210383EA420353009AB217043D
:10EB100046BF41F2210383EA420353009AB216042E
:10EB200046BF41F2210383EA420353009AB2100424
:10EB300046BF41F2210383EA420353009AB2110413
:10EB400046BF41F2210383EA420353009AB2130401
:10EB500046BF41F2210383EA420353009AB21704ED
:10EB60004ABF41F22103530083EA4203A2789BB2D9
:10EB700083EA02231BB2002B9AB2B6BF41F22103F3
:10EB8000530083EA42039AB2160446BF41F22103BE
:10EB900083EA420353009AB2100446BF41F22103B4
:10EBA00083EA420353009AB2110446BF41F22103A3
:10EBB00083EA420353009AB2130446BF41F2210391
:10EBC00083EA420353009AB2170446BF41F221037D
:10EBD00083EA420353009AB2160446BF41F221036E
:10EBE00083EA420353009AB210044ABF41F2210360
:10EBF000530083EA4203E2789BB283EA02231BB20A
:10EC0000002B9AB2B6BF41F22103530083EA4203BC
:10EC10009AB2110446BF41F2210383EA4203530032
:10EC20009AB2130446BF41F2210383EA4203530020
:10EC30009AB2170446BF41F2210383EA420353000C
:10EC40009AB2160446BF41F2210383EA42035300FD
:10EC50009AB2100446BF41F2210383EA42035300F3
:10EC60009AB2110446BF41F2210383EA42035300E2
:10EC70009BB21A0446BF41F2210282EA43035B00C1
:10EC80009BB21A0A23716271002D02F06B86022D6D
:10EC900007D19B4B1B7823B121460622994813F0DC
:10ECA000E3FCC82014F0D4FAD0E5902801F02282C9
:10ECB00092287FF443AA46F6FF4325AC9BB25B0043
:10ECC000914A226018044FF00102227146BF41F2BE
:10ECD000210282EA430393409AB2110446BF41F2F3
:10ECE000210383EA420353009AB2130446BF41F260
:10ECF000210383EA420353009AB2170446BF41F24C
:10ED0000210383EA420353009AB2160446BF41F23C
:10ED1000210383EA420353009AB2100446BF41F232
:10ED2000210383EA420353009AB211044ABF41F21D
:10ED30002103530083EA4203A2789BB283EA0223B1
:10ED40001BB2002B9AB2B6BF41F22103530083EAF3
:10ED500042039AB2130446BF41F2210383EA4203FD
:10ED600053009AB2170446BF41F2210383EA4203DB
:10ED700053009AB2160446BF41F2210383EA4203CC
:10ED800053009AB2100446BF41F2210383EA4203C2
:10ED900053009AB2110446BF41F2210383EA4203B1
:10EDA00053009AB2130446BF41F2210383EA42039F
:10EDB00053009AB217044ABF41F22103530083EA79
:10EDC0004203E2789BB283EA02231BB2002B9AB281
:10EDD000B6BF41F22103530083EA42039AB21604FC
:10EDE00046BF41F2210383EA420353009AB2100462
:10EDF00046BF41F2210383EA420353009AB2110451
:10EE000046BF41F2210383EA420353009AB213043E
:10EE100046BF41F2210383EA420353009AB217042A
:10EE200046BF41F2210383EA420353009AB216041B
:10EE300046BF41F2210383EA420353009AB2100411
:10EE40004ABF41F22103530083EA42039BB283F499
:10EE500080731BB2002B9AB2B6BF41F2210353005C
:10EE600083EA42039AB2110446BF41F2210383EAC6
:10EE7000420353009AB2130446BF41F2210383EACE
:10EE8000420353009AB2170446BF41F2210383EABA
:10EE9000420353009AB2160446BF41F2210383EAAB
:10EEA000420353009AB2100446BF41F2210383EAA1
:10EEB000420353009AB2110446BF41F2210383EA90
:10EEC000420353009BB21A0446BF41F2210282EA78
:10EED00043035B009BB21A0A6371A271002D02F01A
:10EEE0005086022D7FF4B2AC054B1B78002B3FF40B
:10EEF000ADAC21460722034813F0B6FBA6E400BFE1
:10EF0000097E0020809F0020AA930100202800F0A5
:10EF1000918622287FF412A9A04BA14AD3ED007A52
:10EF20002592B2EE047A67EE877A25ACFDEEE77A99
:10EF300017EE903A1BB219128DF835108DF8343057
:10EF4000BDF83430A3806FF40C53002B9AB2BBBFD2
:10EF500041F2210383EA420353001BB29BB218041F
:10EF600046BF41F2210282EA43035B009AB21104D8
:10EF700046BF41F2210383EA420353009AB21304CD
:10EF800046BF41F2210383EA420353009AB21704B9
:10EF900046BF41F2210383EA420353009AB21604AA
:10EFA00046BF41F2210383EA420353009AB21004A0
:10EFB00046BF41F2210383EA420353009AB211048F
:10EFC0004ABF41F22103530083EA4203A2789BB275
:10EFD00083EA02231BB2002B9AB2B6BF41F221038F
:10EFE000530083EA42039AB2130446BF41F221035D
:10EFF00083EA420353009AB2170446BF41F2210349
:10F0000083EA420353009AB2160446BF41F2210339
:10F0100083EA420353009AB2100446BF41F221032F
:10F0200083EA420353009AB2110446BF41F221031E
:10F0300083EA420353009AB2130446BF41F221030C
:10F0400083EA420353009AB217044ABF41F22103F4
:10F05000530083EA4203E2789BB283EA02231BB2A5
:10F06000002B9AB2B6BF41F22103530083EA420358
:10F070009AB2160446BF41F2210383EA42035300C9
:10F080009AB2100446BF41F2210383EA42035300BF
:10F090009AB2110446BF41F2210383EA42035300AE
:10F0A0009AB2130446BF41F2210383EA420353009C
:10F0B0009AB2170446BF41F2210383EA4203530088
:10F0C0009AB2160446BF41F2210383EA4203530079
:10F0D0009AB210044ABF41F22103530083EA42036B
:10F0E00022799BB283EA02231BB2002B9AB2B6BFED
:10F0F00041F22103530083EA42039AB2110446BF4E
:10F1000041F2210383EA420353009AB2130446BF3B
:10F1100041F2210383EA420353009AB2170446BF27
:10F1200041F2210383EA420353009AB2160446BF18
:10F1300041F2210383EA420353009AB2100446BF0E
:10F1400041F2210383EA420353009AB2110446BFFD
:10F1500041F2210383EA420353009AB213044ABFE7
:10F1600041F22103530083EA420362799BB283EAAE
:10F1700002231BB2002B9AB2B6BF41F22103530007
:10F1800083EA42039AB2170446BF41F2210383EA9D
:10F19000420353009AB2160404E000BF206100202D
:10F1A000AA23020046BF41F2210383EA420353002F
:10F1B0009AB2100446BF41F2210383EA420353008E
:10F1C0009AB2110446BF41F2210383EA420353007D
:10F1D0009AB2130446BF41F2210383EA420353006B
:10F1E0009AB2170446BF41F2210383EA4203530057
:10F1F0009BB21E0446BF41F2210282EA43035B0038
:10F200009BB21A0AA371E271002D02F00F84022D45
:10F210007FF41CAB3A4B1B78002B3FF417AB214615
:10F220000822384813F020FAFFF710BB702801F0CD
:10F23000938072287EF482AF13F0FEFF324B334985
:10F240001A68CDF8990025AC002321602371C4F819
:10F250000930C4F80D30C4F8112021462AAE4FF60B
:10F26000FF7341F2210011F8012F83EA02231AB241
:10F2700093B2002AACBF5B0080EA43039BB21F0439
:10F2800054BF5B0080EA43039BB21A0454BF5B0087
:10F2900080EA43039BB21F0454BF5B0080EA430330
:10F2A0009BB21A0454BF5B0080EA43039BB21F0465
:10F2B00054BF5B0080EA43039BB21A0454BF5B0057
:10F2C00080EA43039BB21F0454BF5B0080EA430300
:10F2D000B1429BB2C7D11A0A6375A275002D02F024
:10F2E000D383022D7FF4B2AA054B1B78002B3FF489
:10F2F000ADAA21461722034813F0B6F9FFF7A6BAC4
:10F30000097E0020809F0020947F0020AA731100B6
:10F31000412800F0358242287EF410AF0024A14E2F
:10F32000A1483470214604F06BF9204604F034F80B
:10F330009E4B9F481C7009F0F5F9002802F02483C9
:10F34000002210469B49FEF77FFB01226FF48C439D
:10F3500025AC002B9849216099B2BBBF41F2210333
:10F3600083EA41034B001BB29BB2190446BF41F232
:10F37000210181EA43035B0099B20F0446BF41F2C9
:10F38000210383EA41034B0099B20E0446BF41F2C8
:10F39000210383EA41034B0099B2080446BF41F2BE
:10F3A000210383EA41034B0099B20B0446BF41F2AB
:10F3B000210383EA41034B0099B20F0446BF41F297
:10F3C000210383EA41034B0099B20E044ABF41F284
:10F3D00021034B0083EA4103A17822719BB283EAA7
:10F3E00001231BB2002B99B2B6BF41F221034B009F
:10F3F00083EA410399B2080446BF41F2210383EA3C
:10F4000041034B0099B20B0446BF41F2210383EA4A
:10F4100041034B0099B20F0446BF41F2210383EA36
:10F4200041034B0099B20E0446BF41F2210383EA27
:10F4300041034B0099B2080446BF41F2210383EA1D
:10F4400041034B0099B20B0446BF41F2210383EA0A
:10F4500041034B0099B20F044ABF41F221034B0014
:10F4600083EA4103E1789BB283EA01231BB2002BBC
:10F4700099B2B6BF41F221034B0083EA410399B22E
:10F480000E0446BF41F2210383EA41034B0099B2C7
:10F49000080446BF41F2210383EA41034B0099B2BD
:10F4A0000B0446BF41F2210383EA41034B0099B2AA
:10F4B0000F0446BF41F2210383EA41034B0099B296
:10F4C0000E0446BF41F2210383EA41034B0099B287
:10F4D000080446BF41F2210383EA41034B0099B27D
:10F4E0000B044ABF41F221034B0083EA41039BB264
:10F4F00083EA02231BB2002B9AB2B6BF41F221036A
:10F50000530083EA42039AB2170446BF41F2210333
:10F5100083EA420353009AB2160446BF41F2210324
:10F5200083EA420353009AB2100446BF41F221031A
:10F5300083EA420353009AB2110446BF41F2210309
:10F5400083EA420353009AB2130446BF41F22103F7
:10F5500083EA420353009AB2170446BF41F22103E3
:10F5600083EA420353009BB21E0446BF41F22102CC
:10F5700082EA43035B009BB21A0A6371A271002DF9
:10F5800002F03F82022D7FF461A90C4B1B78002B07
:10F590003FF45CA921460722094813F065F8FFF7FC
:10F5A00055B900BF147E002040610020157E002068
:10F5B0009C7F0020A0AE0400AA460100097E002026
:10F5C000809F0020FF2325AC9BB25B004FF6AA7200
:10F5D00022601A0446BF41F2210282EA43035B0023
:10F5E0009AB2130446BF41F2210383EA4203530057
:10F5F0009AB2170446BF41F2210383EA4203530043
:10F600009AB2160446BF41F2210383EA4203530033
:10F610009AB2100446BF41F2210383EA4203530029
:10F620009AB2110446BF41F2210383EA4203530018
:10F630009AB213044ABF41F22103530083EA420302
:10F64000A2789BB283EA02231BB2002B9AB2B6BF08
:10F6500041F22103530083EA42039AB2170446BFE2
:10F6600041F2210383EA420353009AB2160446BFD3
:10F6700041F2210383EA420353009AB2100446BFC9
:10F6800041F2210383EA420353009AB2110446BFB8
:10F6900041F2210383EA420353009AB2130446BFA6
:10F6A00041F2210383EA420353009AB2170446BF92
:10F6B00041F2210383EA420353009AB216044ABF7F
:10F6C00041F22103530083EA4203E2789BB283EACA
:10F6D00002231BB2002B9AB2B6BF41F221035300A2
:10F6E00083EA42039AB2100446BF41F2210383EA3F
:10F6F000420353009AB2110446BF41F2210383EA48
:10F70000420353009AB2130446BF41F2210383EA35
:10F71000420353009AB2170446BF41F2210383EA21
:10F72000420353009AB2160446BF41F2210383EA12
:10F73000420353009AB2100446BF41F2210383EA08
:10F74000420353009BB2190446BF41F2210282EAF0
:10F7500043035B009BB21A0A23716271002D02F011
:10F760005781022D7FF472A8984B1B78002B3FF431
:10F770006DA821460622964812F076FFFFF766B87C
:10F7800040F2FF1325AC9BB25B00924A2260180442
:10F790004FF00202227146BF41F2210282EA430386
:10F7A0005B009AB2110446BF41F2210383EA42038F
:10F7B00053009AB2130446BF41F2210383EA420385
:10F7C00053009AB2170446BF41F2210383EA420371
:10F7D00053009AB2160446BF41F2210383EA420362
:10F7E00053009AB2100446BF41F2210383EA420358
:10F7F00053009AB211044ABF41F22103530083EA35
:10F800004203A2789BB283EA02231BB2002B9AB276
:10F81000B6BF41F22103530083EA42039AB21304B4
:10F8200046BF41F2210383EA420353009AB2170410
:10F8300046BF41F2210383EA420353009AB2160401
:10F8400046BF41F2210383EA420353009AB21004F7
:10F8500046BF41F2210383EA420353009AB21104E6
:10F8600046BF41F2210383EA420353009AB21304D4
:10F8700046BF41F2210383EA420353009AB21704C0
:10F880004ABF41F22103530083EA4203E2789BB26C
:10F8900083EA02231BB2002B9AB2B6BF41F22103C6
:10F8A000530083EA42039AB2160446BF41F2210391
:10F8B00083EA420353009AB2100446BF41F2210387
:10F8C00083EA420353009AB2110446BF41F2210376
:10F8D00083EA420353009AB2130446BF41F2210364
:10F8E00083EA420353009AB2170446BF41F2210350
:10F8F00083EA420353009AB2160446BF41F2210341
:10F9000083EA420353009AB210044ABF41F2210332
:10F91000530083EA42039BB283F400731BB2002BB3
:10F920009AB2B6BF41F22103530083EA42039AB26E
:10F93000110446BF41F2210383EA420353009AB205
:10F94000130446BF41F2210383EA420353009AB2F3
:10F95000170446BF41F2210383EA420353009AB2DF
:10F96000160446BF41F2210383EA420353009AB2D0
:10F97000100446BF41F2210383EA420353009AB2C6
:10F98000110446BF41F2210383EA420353009BB2B4
:10F990001A0446BF41F2210282EA43035B009BB294
:10F9A0001A0A6371A271002D02F03980022D7EF4D3
:10F9B0004DAF064B1B78002B3EF448AF2146072283
:10F9C000034812F051FEFEF741BF00BF097E002040
:10F9D000809F0020AAFE0100002E41F0A78425ACE4
:10F9E00040F2FF13904A22609BB25B000222227118
:10F9F0001A0446BF41F2210282EA43035B009AB235
:10FA0000130446BF41F2210383EA420353009AB232
:10FA1000170446BF41F2210383EA420353009AB21E
:10FA2000160446BF41F2210383EA420353009AB20F
:10FA3000100446BF41F2210383EA420353009AB205
:10FA4000110446BF41F2210383EA420353009AB2F4
:10FA500013044ABF41F22103530083EA4203A27810
:10FA60009BB283EA02231BB2002B9AB2B6BF41F2CB
:10FA70002103530083EA42039AB2170446BF41F2BE
:10FA8000210383EA420353009AB2160446BF41F2AF
:10FA9000210383EA420353009AB2100446BF41F2A5
:10FAA000210383EA420353009AB2110446BF41F294
:10FAB000210383EA420353009AB2130446BF41F282
:10FAC000210383EA420353009AB2170446BF41F26E
:10FAD000210383EA420353009AB216044ABF41F25B
:10FAE0002103530083EA4203E2789BB283EA0223B4
:10FAF0001BB2002B9AB2B6BF41F22103530083EA36
:10FB000042039AB2100446BF41F2210383EA420342
:10FB100053009AB2110446BF41F2210383EA420323
:10FB200053009AB2130446BF41F2210383EA420311
:10FB300053009AB2170446BF41F2210383EA4203FD
:10FB400053009AB2160446BF41F2210383EA4203EE
:10FB500053009AB2100446BF41F2210383EA4203E4
:10FB600053009AB211044ABF41F22103530083EAC1
:10FB700042039BB283F400731BB2002B9AB2B6BF50
:10FB800041F22103530083EA42039AB2130446BFB1
:10FB900041F2210383EA420353009AB2170446BF9D
:10FBA00041F2210383EA420353009AB2160446BF8E
:10FBB00041F2210383EA420353009AB2100446BF84
:10FBC00041F2210383EA420353009AB2110446BF73
:10FBD00041F2210383EA420353009AB2130446BF61
:10FBE00041F2210383EA420353009BB21F0446BF44
:10FBF00041F2210282EA43035B009BB21A0A63715D
:10FC0000A271002D02F0CD82022D7EF41FAE074BB3
:10FC10001B78002B3EF41AAE21460722044812F04E
:10FC200023FDFEF713BE00BFAAFE0100097E0020DF
:10FC3000809F00200DA80DACFDF756FC0FCC674E41
:10FC4000DFF8A8C10FC694E8070003C626F81829F4
:10FC50000FCE25AC26AFC4F800C00FC796E807004A
:10FC600003C70DF1B10621463A804FF6FF7341F20A
:10FC7000210011F8012F83EA02231AB293B2002A5D
:10FC8000ACBF5B0080EA43039BB21F0454BF5B0020
:10FC900080EA43039BB21A0454BF5B0080EA43032B
:10FCA0009BB21F0454BF5B0080EA43039BB21A045B
:10FCB00054BF5B0080EA43039BB21F0454BF5B0048
:10FCC00080EA43039BB21A0454BF5B0080EA4303FB
:10FCD0009BB21F0454BF5B0080EA4303B1429BB256
:10FCE000C7D11A0AA377E277002D01F0A686022D6C
:10FCF00007D13B4B1B7823B121462022394812F013
:10FD0000B3FC17A813F0D8F9FEF7A0BD21220021FB
:10FD10000DA817F020FF01238DF834300DAE0FCE63
:10FD200025AC314F276026AF0FC70FCE0FC7336802
:10FD30003B7021462EAE4FF6FF7341F2210011F8C1
:10FD4000012F83EA02231AB293B2002AACBF5B00F0
:10FD500080EA43039BB21F0454BF5B0080EA430365
:10FD60009BB21A0454BF5B0080EA43039BB21F049A
:10FD700054BF5B0080EA43039BB21A0454BF5B008C
:10FD800080EA43039BB21F0454BF5B0080EA430335
:10FD90009BB21A0454BF5B0080EA43039BB21F046A
:10FDA00054BF5B0080EA43038E429BB2C7D11A0A5C
:10FDB00084F8253084F82620002D01F04586022D98
:10FDC0007EF444AD064B1B78002B3EF43FAD21463C
:10FDD0002722044812F048FCFEF738BD6C7F002053
:10FDE000097E0020809F0020AA952100AA211A00E8
:10FDF000DFF8C8B29BF80030002B02F02980731E98
:10FE0000FE2B01F2F986FDF7E3FA002842F05C834D
:10FE1000A44BA5491B7801220A70002B42F0F08404
:10FE2000DFF89C8225ACA148DFF898A208F07AFCA4
:10FE30004FF00009012013F00BFA03F0DFFA88F805
:10FE4000009039464B46DAF80070984808973246D9
:10FE50000AF052F82B46074600903246484694492D
:10FE6000FDF7F2FD002F02F0358202203A4691495B
:10FE7000FDF7EAFD8C4B8D4883F8009006F0FEFB01
:10FE800040F2FF139BB25A008B4B23600423237173
:10FE9000130446BF41F2210383EA420353009AB29E
:10FEA000170446BF41F2210383EA420353009AB28A
:10FEB000160446BF41F2210383EA420353009AB27B
:10FEC000100446BF41F2210383EA420353009AB271
:10FED000110446BF41F2210383EA420353009AB260
:10FEE000130446BF41F2210383EA420353009AB24E
:10FEF00017044ABF41F22103530083EA4203A27868
:10FF00009BB283EA02231BB2002B9AB2B6BF41F226
:10FF10002103530083EA42039AB2160446BF41F21A
:10FF2000210383EA420353009AB2100446BF41F210
:10FF3000210383EA420353009AB2110446BF41F2FF
:10FF4000210383EA420353009AB2130446BF41F2ED
:10FF5000210383EA420353009AB2170446BF41F2D9
:10FF6000210383EA420353009AB2160446BF41F2CA
:10FF7000210383EA420353009AB210044ABF41F2BC
:10FF80002103530083EA4203E2789BB283EA02230F
:10FF90001BB2002B9AB2B6BF41F22103530083EA91
:10FFA00042039AB2110446BF41F2210383EA42039D
:10FFB00053009AB2130446BF41F2210383EA42037D
:10FFC00053009AB2170446BF41F2210383EA420369
:10FFD00053009AB2160446BF41F2210383EA42035A
:10FFE00053009AB2100446BF41F2210383EA420350
:10FFF00053009AB2110446BF41F2210383EA42033F
:020000023000CC
:1000000053009AB213044ABF41F22103530083EA1A
:1000100042039BB283F480631BB2002B9AB2B6BF3B
:1000200041F22103530083EA42039AB2170446BF08
:1000300041F2210383EA420353009AB2160446BFF9
:1000400041F2210383EA420353009AB2100446BFEF
:1000500041F2210383EA420353009AB2110446BFDE
:1000600041F2210383EA420353009AB2130446BFCC
:1000700041F2210383EA420353009AB2170446BFB8
:1000800041F2210383EA420353009BB21E0446BFA0
:1000900041F2210282EA43035B009BB21A0A6371B8
:1000A000A27111E0447F0020E47C00209C7F0020AE
:1000B00034AD040058AD0400AAFE0100157E0020F6
:1000C000867F00200C7E0020002D02F08583022D0B
:1000D00007D19C4B1B7823B1214607229A4812F086
:1000E000C3FA9A4B1B78002B7EF4B0ABFDF7E6F910
:1000F000FEF7ACBB96490120FDF7A6FC25AC46F601
:10010000FF63944A22609BB25B00032222711A04AF
:1001100046BF41F2210282EA43035B009AB2170410
:1001200046BF41F2210383EA420353009AB2160408
:1001300046BF41F2210383EA420353009AB21004FE
:1001400046BF41F2210383EA420353009AB21104ED
:1001500046BF41F2210383EA420353009AB21304DB
:1001600046BF41F2210383EA420353009AB21704C7
:100170004ABF41F22103530083EA4203A2789BB2B3
:1001800083EA02231BB2002B9AB2B6BF41F22103CD
:10019000530083EA42039AB2160446BF41F2210398
:1001A00083EA420353009AB2100446BF41F221038E
:1001B00083EA420353009AB2110446BF41F221037D
:1001C00083EA420353009AB2130446BF41F221036B
:1001D00083EA420353009AB2170446BF41F2210357
:1001E00083EA420353009AB2160446BF41F2210348
:1001F00083EA420353009AB210044ABF41F221033A
:10020000530083EA4203E2789BB283EA02231BB2E3
:10021000002B9AB2B6BF41F22103530083EA420396
:100220009AB2110446BF41F2210383EA420353000C
:100230009AB2130446BF41F2210383EA42035300FA
:100240009AB2170446BF41F2210383EA42035300E6
:100250009AB2160446BF41F2210383EA42035300D7
:100260009AB2100446BF41F2210383EA42035300CD
:100270009AB2110446BF41F2210383EA42035300BC
:100280009AB213044ABF41F22103530083EA4203A6
:100290009BB283F440731BB2002B9AB2B6BF41F2FB
:1002A0002103530083EA42039AB2170446BF41F286
:1002B000210383EA420353009AB2160446BF41F277
:1002C000210383EA420353009AB2100446BF41F26D
:1002D000210383EA420353009AB2110446BF41F25C
:1002E000210383EA420353009AB2130446BF41F24A
:1002F000210383EA420353009AB2170446BF41F236
:10030000210383EA420353009BB21E0446BF41F21D
:10031000210282EA43035B009BB21A0A6371A27155
:10032000002D01F03C84022D7EF490AA054B1B7831
:10033000002B3EF48BAA21460722034812F094F9C1
:10034000FEF784BA097E0020809F0020147E0020E2
:10035000FCAE0400AA910100884B1C68204618F0EE
:100360000AFBA5F10206B6FA86F67609B5FA85F318
:1003700082B2214600965B097120FDF729FAFEF74B
:1003800065BA7F4B1C7854B903F03AF80094022305
:1003900040F276226FF07F417A4809F0D3FD6FF486
:1003A0004C5325AC002B43F2AA3222609AB2BBBF59
:1003B00041F2210383EA420353001BB29BB21E04A5
:1003C00046BF41F2210282EA43035B009AB2100465
:1003D00046BF41F2210383EA420353009AB211045B
:1003E00046BF41F2210383EA420353009AB2130449
:1003F00046BF41F2210383EA420353009AB2170435
:1004000046BF41F2210383EA420353009AB2160425
:1004100046BF41F2210383EA420353009AB210041B
:100420004ABF41F22103530083EA4203A2789BB200
:1004300083EA02231BB2002B9AB2B6BF41F221031A
:10044000530083EA42039AB2110446BF41F22103EA
:1004500083EA420353009AB2130446BF41F22103D8
:1004600083EA420353009AB2170446BF41F22103C4
:1004700083EA420353009AB2160446BF41F22103B5
:1004800083EA420353009AB2100446BF41F22103AB
:1004900083EA420353009AB2110446BF41F221039A
:1004A00083EA420353009AB213044ABF41F2210384
:1004B000530083EA4203E2789BB283EA02231BB231
:1004C000002B9AB2B6BF41F22103530083EA4203E4
:1004D0009AB2170446BF41F2210383EA4203530054
:1004E0009AB2160446BF41F2210383EA4203530045
:1004F0009AB2100446BF41F2210383EA420353003B
:100500009AB2110446BF41F2210383EA4203530029
:100510009AB2130446BF41F2210383EA4203530017
:100520009AB2170446BF41F2210383EA4203530003
:100530009BB21E0446BF41F2210282EA43035B00E4
:100540009BB21A0A23716271002D01F02F83022DD4
:100550007EF47CA90C4B1B78002B3EF477A9214636
:1005600006220A4812F080F8FEF770B921460722E9
:100570000748F5F709FFFEF769B900BF887F00203B
:10058000147E00209C7F0020097E0020809F002098
:100590006464002025AC0026314626700BA8DFF8E5
:1005A000088111F001FD31460DA811F0FDFCD8F8CD
:1005B00000300C9AC4F8012013F00107354E36D1F3
:1005C0003549304612F0FAFC334906F10C0012F0BE
:1005D000F5FC314906F1180012F0F0FC06F1280094
:1005E00086F8247011F0C4FC06F1300011F0C0FC54
:1005F00006F1380011F0BCFC06F1400011F0B8FC27
:1006000006F1480011F0B4FC234906F1500012F045
:10061000D5FC01233046214A2149A6F85C7086F8B2
:100620005E7086F85F70C8F8003016F025FBB6F8EB
:100630005C3063711B0A1B48A371202118F0CAF9B2
:10064000C6B2E671002E41F0068208260927202155
:10065000144818F0BFF9C0B2202841F206802023C8
:10066000A35598461A46E0190E4917F050FA474428
:10067000BFB2A5F10200B0FA80F04009B5FA85F3E7
:1006800000903A4621465B096220FDF7A1F8FEF78B
:10069000DDB800BF847C0020E4AF040000600020CF
:1006A00089D4020068AE0400807C002046F6FF0377
:1006B00025AC9BB25B00904A22601E044FF0010201
:1006C000227146BF41F2210282EA430393409AB26B
:1006D000100446BF41F2210383EA420353009AB259
:1006E000110446BF41F2210383EA420353009AB248
:1006F000130446BF41F2210383EA420353009AB236
:10070000170446BF41F2210383EA420353009AB221
:10071000160446BF41F2210383EA420353009AB212
:1007200010044ABF41F22103530083EA4203A27836
:100730009BB283EA02231BB2002B9AB2B6BF41F2EE
:100740002103530083EA42039AB2110446BF41F2E7
:10075000210383EA420353009AB2130446BF41F2D5
:10076000210383EA420353009AB2170446BF41F2C1
:10077000210383EA420353009AB2160446BF41F2B2
:10078000210383EA420353009AB2100446BF41F2A8
:10079000210383EA420353009AB2110446BF41F297
:1007A000210383EA420353009AB213044ABF41F281
:1007B0002103530083EA4203E2789BB283EA0223D7
:1007C0001BB2002B9AB2B6BF41F22103530083EA59
:1007D00042039AB2170446BF41F2210383EA42035F
:1007E00053009AB2160446BF41F2210383EA420342
:1007F00053009AB2100446BF41F2210383EA420338
:1008000053009AB2110446BF41F2210383EA420326
:1008100053009AB2130446BF41F2210383EA420314
:1008200053009AB2170446BF41F2210383EA420300
:1008300053009AB216044ABF41F22103530083EADF
:1008400042039BB283F480731BB2002B9AB2B6BFF3
:1008500041F22103530083EA42039AB2100446BFD7
:1008600041F2210383EA420353009AB2110446BFC6
:1008700041F2210383EA420353009AB2130446BFB4
:1008800041F2210383EA420353009AB2170446BFA0
:1008900041F2210383EA420353009AB2160446BF91
:1008A00041F2210383EA420353009AB2100446BF87
:1008B00041F2210383EA420353009BB2190446BF6D
:1008C00041F2210282EA43035B009BB21A0A637180
:1008D000A271002D01F05C81022D7DF4B7AF074BB2
:1008E0001B78002B3DF4B2AF21460722044811F0DB
:1008F000BBFEFDF7ABBF00BFAA970100097E002039
:10090000809F002002F07EFD9C48012407F00AFF32
:100910009B4B9C481C70214602F072FE204602F060
:100920003BFD25AC00209849FDF78EF8974B2360DE
:100930006FF48843002B4FF0000222719AB2BBBFC4
:1009400041F2210383EA420353001BB29BB21A0413
:1009500046BF41F2210282EA43035B009AB21704C8
:1009600046BF41F2210383EA420353009AB21604C0
:1009700046BF41F2210383EA420353009AB21004B6
:1009800046BF41F2210383EA420353009AB21104A5
:1009900046BF41F2210383EA420353009AB2130493
:1009A00046BF41F2210383EA420353009AB217047F
:1009B0004ABF41F22103530083EA4203A2789BB26B
:1009C00083EA02231BB2002B9AB2B6BF41F2210385
:1009D000530083EA42039AB2160446BF41F2210350
:1009E00083EA420353009AB2100446BF41F2210346
:1009F00083EA420353009AB2110446BF41F2210335
:100A000083EA420353009AB2130446BF41F2210322
:100A100083EA420353009AB2170446BF41F221030E
:100A200083EA420353009AB2160446BF41F22103FF
:100A300083EA420353009AB210044ABF41F22103F1
:100A4000530083EA4203E2789BB283EA02231BB29B
:100A5000002B9AB2B6BF41F22103530083EA42034E
:100A60009AB2110446BF41F2210383EA42035300C4
:100A70009AB2130446BF41F2210383EA42035300B2
:100A80009AB2170446BF41F2210383EA420353009E
:100A90009AB2160446BF41F2210383EA420353008F
:100AA0009AB2100446BF41F2210383EA4203530085
:100AB0009AB2110446BF41F2210383EA4203530074
:100AC0009AB2130446BF41F2210383EA4203530062
:100AD0009AB2170446BF41F2210383EA420353004E
:100AE0009AB2160446BF41F2210383EA420353003F
:100AF0009AB2100446BF41F2210383EA4203530035
:100B00009AB2110446BF41F2210383EA4203530023
:100B10009AB2130446BF41F2210383EA4203530011
:100B20009AB2170446BF41F2210383EA42035300FD
:100B30009AB2160446BF41F2210383EA42035300EE
:100B40009BB2180446BF41F2210282EA43035B00D4
:100B50009BB21A0A6371A271002D00F04B87022D1F
:100B60007DF474AE0A4B1B78002B3DF46FAE21462A
:100B70000722084811F078FDFDF768BE9C7F002031
:100B8000147E00204061002090AE0400AA440100C1
:100B9000097E0020809F00209C4B9D4F0FCB25ACF1
:100BA00026AE276007C62146338041F221000DF1B1
:100BB000A5064FF6FF7311F8012F83EA02231AB23C
:100BC00093B2002AACBF5B0080EA43039BB21A04D5
:100BD00054BF5B0080EA43039BB21F0454BF5B0019
:100BE00080EA43039BB21A0454BF5B0080EA4303CC
:100BF0009BB21F0454BF5B0080EA43039BB21A04FC
:100C000054BF5B0080EA43039BB21F0454BF5B00E8
:100C100080EA43039BB21A0454BF5B0080EA43039B
:100C2000B1429BB2C7D11A0AA374E274002D00F03E
:100C30002487022D7DF40AAE764B1B78002B3DF401
:100C400005AE21461422744811F00EFDFDF7FEBDDD
:100C5000FF2325AC9BB25B004FF6AA7222601A04F8
:100C600046BF41F2210282EA43035B009AB21704B5
:100C700046BF41F2210383EA420353009AB21604AD
:100C800046BF41F2210383EA420353009AB21004A3
:100C900046BF41F2210383EA420353009AB2110492
:100CA00046BF41F2210383EA420353009AB2130480
:100CB00046BF41F2210383EA420353009AB217046C
:100CC0004ABF41F22103530083EA4203A2789BB258
:100CD00083EA02231BB2002B9AB2B6BF41F2210372
:100CE000530083EA42039AB2160446BF41F221033D
:100CF00083EA420353009AB2100446BF41F2210333
:100D000083EA420353009AB2110446BF41F2210321
:100D100083EA420353009AB2130446BF41F221030F
:100D200083EA420353009AB2170446BF41F22103FB
:100D300083EA420353009AB2160446BF41F22103EC
:100D400083EA420353009AB210044ABF41F22103DE
:100D5000530083EA4203E2789BB283EA02231BB288
:100D6000002B9AB2B6BF41F22103530083EA42033B
:100D70009AB2110446BF41F2210383EA42035300B1
:100D80009AB2130446BF41F2210383EA420353009F
:100D90009AB2170446BF41F2210383EA420353008B
:100DA0009AB2160446BF41F2210383EA420353007C
:100DB0009AB2100446BF41F2210383EA4203530072
:100DC0009AB2110446BF41F2210383EA4203530061
:100DD0009BB21A0446BF41F2210282EA43035B0040
:100DE0009BB21A0A23716271002D00F05486022D05
:100DF0007DF42CAD074B1B78002B3DF427AD21462D
:100E00000622054811F030FCFDF720BD24610020CA
:100E1000AA120E00097E0020809F0020172E39465E
:100E200032460DA84FF0000628BF1722CDE90D6607
:100E3000CDE90F66CDE9116616F069FE0DA9994856
:100E400002F0BAFB0DA802F03BFA304696490DAA13
:100E5000FCF7FAFD25AC6FF49243B342934A22604B
:100E60009AB2BBBF41F2210383EA420353001BB293
:100E70009BB21F0446BF41F2210282EA43035B009A
:100E80009AB22671160446BF41F2210383EA420357
:100E900053009AB2100446BF41F2210383EA420391
:100EA00053009AB2110446BF41F2210383EA420380
:100EB00053009AB2130446BF41F2210383EA42036E
:100EC00053009AB2170446BF41F2210383EA42035A
:100ED00053009AB216044ABF41F22103530083EA39
:100EE0004203A2789BB283EA02231BB2002B9AB280
:100EF000B6BF41F22103530083EA42039AB21004C1
:100F000046BF41F2210383EA420353009AB211041F
:100F100046BF41F2210383EA420353009AB213040D
:100F200046BF41F2210383EA420353009AB21704F9
:100F300046BF41F2210383EA420353009AB21604EA
:100F400046BF41F2210383EA420353009AB21004E0
:100F500046BF41F2210383EA420353009AB21104CF
:100F60004ABF41F22103530083EA4203E2789BB275
:100F700083EA02231BB2002B9AB2B6BF41F22103CF
:100F8000530083EA42039AB2130446BF41F221039D
:100F900083EA420353009AB2170446BF41F2210389
:100FA00083EA420353009AB2160446BF41F221037A
:100FB00083EA420353009AB2100446BF41F2210370
:100FC00083EA420353009AB2110446BF41F221035F
:100FD00083EA420353009AB2130446BF41F221034D
:100FE00083EA420353009AB2170446BF41F2210339
:100FF00083EA420353009AB2160446BF41F221032A
:1010000083EA420353009AB2100446BF41F221031F
:1010100083EA420353009AB2110446BF41F221030E
:1010200083EA420353009AB2130446BF41F22103FC
:1010300083EA420353009AB2170446BF41F22103E8
:1010400083EA420353009AB2160446BF41F22103D9
:1010500083EA420353009AB2100446BF41F22103CF
:1010600083EA420353009BB2190446BF41F22102B6
:1010700082EA43035B009BB21A0A6371A271002DDE
:1010800000F01085022D7DF4E1AB094B1B78002B9D
:101090003DF4DCAB21460722064811F0E5FAFDF7E6
:1010A000D5BB00BF4061002078AE0400AA49010012
:1010B000097E0020809F0020FCF78AF90646002860
:1010C00000F07E8225AC964B23606FF44853002BD2
:1010D0004FF0010222719AB2BBBF41F2210383EAB1
:1010E000420353001BB29BB2180446BF41F22102D7
:1010F00082EA43035B009AB2110446BF41F2210326
:1011000083EA420353009AB2130446BF41F221031B
:1011100083EA420353009AB2170446BF41F2210307
:1011200083EA420353009AB2160446BF41F22103F8
:1011300083EA420353009AB2100446BF41F22103EE
:1011400083EA420353009AB211044ABF41F22103D9
:10115000530083EA4203A2789BB283EA02231BB2C4
:10116000002B9AB2B6BF41F22103530083EA420337
:101170009AB2130446BF41F2210383EA42035300AB
:101180009AB2170446BF41F2210383EA4203530097
:101190009AB2160446BF41F2210383EA4203530088
:1011A0009AB2100446BF41F2210383EA420353007E
:1011B0009AB2110446BF41F2210383EA420353006D
:1011C0009AB2130446BF41F2210383EA420353005B
:1011D0009AB217044ABF41F22103530083EA420343
:1011E000E2789BB283EA02231BB2002B9AB2B6BF0D
:1011F00041F22103530083EA42039AB2160446BF28
:1012000041F2210383EA420353009AB2100446BF1D
:1012100041F2210383EA420353009AB2110446BF0C
:1012200041F2210383EA420353009AB2130446BFFA
:1012300041F2210383EA420353009AB2170446BFE6
:1012400041F2210383EA420353009AB2160446BFD7
:1012500041F2210383EA420353009AB210044ABFC9
:1012600041F22103530083EA42039BB283F480736B
:101270001BB2002B9AB2B6BF41F22103530083EA9E
:1012800042039AB2110446BF41F2210383EA4203AA
:1012900053009AB2130446BF41F2210383EA42038A
:1012A00053009AB2170446BF41F2210383EA420376
:1012B00053009AB2160446BF41F2210383EA420367
:1012C00053009AB2100446BF41F2210383EA42035D
:1012D00053009AB2110446BF41F2210383EA42034C
:1012E00053009BB21A0446BF41F2210282EA430333
:1012F0005B009BB21A0A6371A271002D00F0438754
:10130000022D7DF4A3AA074B1B78002B3DF49EAA67
:1013100021460722044811F0A7F9FDF797BA00BF4C
:10132000AA320100097E0020809F00203C789D4A5F
:10133000231C18BF01231846137001F0FDFF9A4BC0
:101340009A4A9B49002C18BF1A46002025ACFCF78E
:101350007BFB984B23606FF49643002B4FF0000209
:1013600022719AB2BBBF41F2210383EA42035300C8
:101370001BB29BB21E0446BF41F2210282EA430324
:101380005B009AB2100446BF41F2210383EA420394
:1013900053009AB2110446BF41F2210383EA42038B
:1013A00053009AB2130446BF41F2210383EA420379
:1013B00053009AB2170446BF41F2210383EA420365
:1013C00053009AB2160446BF41F2210383EA420356
:1013D00053009AB210044ABF41F22103530083EA3A
:1013E0004203A2789BB283EA02231BB2002B9AB27B
:1013F000B6BF41F22103530083EA42039AB21104BB
:1014000046BF41F2210383EA420353009AB2130418
:1014100046BF41F2210383EA420353009AB2170404
:1014200046BF41F2210383EA420353009AB21604F5
:1014300046BF41F2210383EA420353009AB21004EB
:1014400046BF41F2210383EA420353009AB21104DA
:1014500046BF41F2210383EA420353009AB21304C8
:101460004ABF41F22103530083EA4203E2789BB270
:1014700083EA02231BB2002B9AB2B6BF41F22103CA
:10148000530083EA42039AB2170446BF41F2210394
:1014900083EA420353009AB2160446BF41F2210385
:1014A00083EA420353009AB2100446BF41F221037B
:1014B00083EA420353009AB2110446BF41F221036A
:1014C00083EA420353009AB2130446BF41F2210358
:1014D00083EA420353009AB2170446BF41F2210344
:1014E00083EA420353009AB2160446BF41F2210335
:1014F00083EA420353009AB2100446BF41F221032B
:1015000083EA420353009AB2110446BF41F2210319
:1015100083EA420353009AB2130446BF41F2210307
:1015200083EA420353009AB2170446BF41F22103F3
:1015300083EA420353009AB2160446BF41F22103E4
:1015400083EA420353009AB2100446BF41F22103DA
:1015500083EA420353009AB2110446BF41F22103C9
:1015600083EA420353009BB21A0446BF41F22102B0
:1015700082EA43035B009BB21A0A6371A271002DD9
:1015800000F00886022D7DF461A90B4B1B78002B1F
:101590003DF45CA921460722084811F065F8FDF7E3
:1015A00055B900BF447F0020FCAC040000AD04002E
:1015B0006CAE0400AA4B0100097E0020809F002031
:1015C0002E48DFF8E08007F0ADF8012011F040FE72
:1015D0002B4B88F800601B78002B00F05E85294AB1
:1015E000294B1178294A18782696334661F3070368
:1015F0001178274A60F30F231278204825AC61F355
:10160000174362F31F63236021464FF4C073C4E99C
:10161000023305F043F8002800F0458500231D49FA
:1016200088F800300722FE232160A280A371002DDC
:1016300001F08480022D06D1174B1B781BB1214687
:10164000164811F011F8164B1C78002C7DF4FEA8FA
:1016500001F0D6FE0094022340F276226FF07F4123
:10166000064808F06FFCFDF7F1B8A05500283FF4DC
:1016700000A802461FFA80F8FEF7F5BF9C7F002005
:10168000877F00203D6100201C6100203C6100201C
:10169000087E0020AAFE0100097E0020809F002015
:1016A000147E0020867F0020A14C38687968BA68D3
:1016B000A04E234607C3BA891A80617B3368B4F809
:1016C0000B2094F90A0067680791617A0692227AE2
:1016D000029726680196CDE90410039200932A46EA
:1016E000954B96490020FCF7AFF9954B95480022A1
:1016F0001A7007F017F8002800F05A8540F2FF131F
:1017000025AC9BB25A00904B236016044FF00603A1
:10171000237146BF41F2210383EA420353009AB288
:10172000100446BF41F2210383EA420353009AB2F8
:10173000110446BF41F2210383EA420353009AB2E7
:10174000130446BF41F2210383EA420353009AB2D5
:10175000170446BF41F2210383EA420353009AB2C1
:10176000160446BF41F2210383EA420353009AB2B2
:1017700010044ABF41F22103530083EA4203A278D6
:101780009BB283EA02231BB2002B9AB2B6BF41F28E
:101790002103530083EA42039AB2110446BF41F287
:1017A000210383EA420353009AB2130446BF41F275
:1017B000210383EA420353009AB2170446BF41F261
:1017C000210383EA420353009AB2160446BF41F252
:1017D000210383EA420353009AB2100446BF41F248
:1017E000210383EA420353009AB2110446BF41F237
:1017F000210383EA420353009AB213044ABF41F221
:101800002103530083EA4203E2789BB283EA022376
:101810001BB2002B9AB2B6BF41F22103530083EAF8
:1018200042039AB2170446BF41F2210383EA4203FE
:1018300053009AB2160446BF41F2210383EA4203E1
:1018400053009AB2100446BF41F2210383EA4203D7
:1018500053009AB2110446BF41F2210383EA4203C6
:1018600053009AB2130446BF41F2210383EA4203B4
:1018700053009AB2170446BF41F2210383EA4203A0
:1018800053009AB216044ABF41F22103530083EA7F
:1018900042039BB283F4C0631BB2002B9AB2B6BF63
:1018A00041F22103530083EA42039AB2100446BF77
:1018B00041F2210383EA420353009AB2110446BF66
:1018C00041F2210383EA420353009AB2130446BF54
:1018D00041F2210383EA420353009AB2170446BF40
:1018E00041F2210383EA420353009AB2160446BF31
:1018F00041F2210383EA420353009AB2100446BF27
:1019000041F2210383EA420353009BB2190446BF0C
:1019100041F2210282EA43035B009BB21A0A63711F
:10192000A271002D00F06587022D7CF48FAF0DE0D1
:1019300024610020887F002064AC040008AE04000D
:10194000157E00209C7F0020AAFE01009B4B1B7887
:10195000002B3CF47BAF21460722994810F084FE0F
:10196000FCF774BF214606229648F4F70DFD954812
:10197000F4F7FCFCFDF795B941F2210383EA420339
:10198000C3F30D02FDF7BBB88F4C9FED900AD4ED69
:10199000007A8F48F8EE677A27EE800A03F09EFC03
:1019A00000287DF4CDACD4ED017A9FED8A0A8848F9
:1019B000F8EE677A27EE800A07F094FA00287DF4A3
:1019C000BFAC217A824807F0EBF900287DF4B8AC6F
:1019D0002046FCF7E1F800283DF4B2AC3478002C46
:1019E00000F0C18301227C490020FCF72DF8002281
:1019F000FDF7ACBC214607227248F4F7C5FCFCF7A2
:101A000025BF214607226F48F4F7BEFCFCF71EBF36
:101A1000214606226B48F4F7B7FCFCF717BF2146B6
:101A200007226848F4F7B0FCFCF710BF21460822F3
:101A30006448F4F7A9FCFCF709BF2146202261485D
:101A4000F4F7A2FCFEF75DB9214627225D48F4F7C2
:101A50009BFCFCF7FBBE32466049B6B227A806F1F4
:101A6000090716F054F80836FEF7F1BD21460722A3
:101A70005448F4F789FCFCF7E9BE2146142251488A
:101A8000F4F782FCFCF7E2BE214617224D48F4F73A
:101A90007BFCFCF7DBBE214606224A48F4F774FCC7
:101AA000FCF7D4BE214607224648F4F76DFCFCF74C
:101AB000CDBE4B484B4B3C784B4A0470787818703D
:101AC0004A49B8784A4B1070FE783868494A0E7017
:101AD00025AC0121C4E90020197022460DF19B00BC
:101AE0004FF6FF7341F2210112F8016F83EA0623DA
:101AF0001EB2B3B2002EACBF5B0081EA43039BB2BF
:101B00001F0454BF5B0081EA43039BB21E0454BF11
:101B10005B0081EA43039BB21F0454BF5B0081EA70
:101B200043039BB21E0454BF5B0081EA43039BB294
:101B30001F0454BF5B0081EA43039BB21E0454BFE1
:101B40005B0081EA43039BB21F0454BF5B0081EA40
:101B5000430382429BB2C7D11A0A23726272002DDC
:101B600000F0DE85022D07D1144B1B7823B12146EE
:101B70000A22134810F078FD1E2011F069FBFCF7D3
:101B800065BE214607220F48F4F7FEFBFCF75EBE58
:101B9000214607220B48F4F7F7FBFCF757BE214616
:101BA00007220848F4F7F0FBFCF750BE2146062256
:101BB0000448F4F7E9FBFCF749BE00BF097E0020AA
:101BC000809F00206464002024610020BD3786359A
:101BD0009C7F00206F12833AA0AE040068AE040020
:101BE0003D6100201C6100203C610020087E002037
:101BF000877F0020AA35040040F2FF1325AC9BB27A
:101C00005A00904B236011044FF00503237146BF27
:101C100041F2210383EA420353009AB2130446BF00
:101C200041F2210383EA420353009AB2170446BFEC
:101C300041F2210383EA420353009AB2160446BFDD
:101C400041F2210383EA420353009AB2100446BFD3
:101C500041F2210383EA420353009AB2110446BFC2
:101C600041F2210383EA420353009AB213044ABFAC
:101C700041F22103530083EA4203A2789BB283EA34
:101C800002231BB2002B9AB2B6BF41F221035300CC
:101C900083EA42039AB2170446BF41F2210383EA62
:101CA000420353009AB2160446BF41F2210383EA6D
:101CB000420353009AB2100446BF41F2210383EA63
:101CC000420353009AB2110446BF41F2210383EA52
:101CD000420353009AB2130446BF41F2210383EA40
:101CE000420353009AB2170446BF41F2210383EA2C
:101CF000420353009AB216044ABF41F22103530033
:101D000083EA4203E2789BB283EA02231BB2002BF0
:101D10009AB2B6BF41F22103530083EA42039AB25A
:101D2000100446BF41F2210383EA420353009AB2F2
:101D3000110446BF41F2210383EA420353009AB2E1
:101D4000130446BF41F2210383EA420353009AB2CF
:101D5000170446BF41F2210383EA420353009AB2BB
:101D6000160446BF41F2210383EA420353009AB2AC
:101D7000100446BF41F2210383EA420353009AB2A2
:101D800011044ABF41F22103530083EA42039BB28C
:101D900083F4A0631BB2002B9AB2B6BF41F22103B9
:101DA000530083EA42039AB2130446BF41F221036F
:101DB00083EA420353009AB2170446BF41F221035B
:101DC00083EA420353009AB2160446BF41F221034C
:101DD00083EA420353009AB2100446BF41F2210342
:101DE00083EA420353009AB2110446BF41F2210331
:101DF00083EA420353009AB2130446BF41F221031F
:101E000083EA420353009BB21F0446BF41F2210202
:101E100082EA43035B009BB21A0A6371A271002D30
:101E200000F08584022D7CF411AD074B1B78002B4C
:101E30003CF40CAD21460722044810F015FCFCF7D9
:101E400005BD00BFAAFE0100097E0020809F002082
:101E500040F2FF1325AC9BB25A00964B2360170447
:101E60004FF00603237146BF41F2210383EA420388
:101E700053009AB2160446BF41F2210383EA42039B
:101E800053009AB2100446BF41F2210383EA420391
:101E900053009AB2110446BF41F2210383EA420380
:101EA00053009AB2130446BF41F2210383EA42036E
:101EB00053009AB2170446BF41F2210383EA42035A
:101EC00053009AB216044ABF41F22103530083EA39
:101ED0004203A2789BB283EA02231BB2002B9AB280
:101EE000B6BF41F22103530083EA42039AB21004C1
:101EF00046BF41F2210383EA420353009AB2110420
:101F000046BF41F2210383EA420353009AB213040D
:101F100046BF41F2210383EA420353009AB21704F9
:101F200046BF41F2210383EA420353009AB21604EA
:101F300046BF41F2210383EA420353009AB21004E0
:101F400046BF41F2210383EA420353009AB21104CF
:101F50004ABF41F22103530083EA4203E2789BB275
:101F600083EA02231BB2002B9AB2B6BF41F22103CF
:101F7000530083EA42039AB2130446BF41F221039D
:101F800083EA420353009AB2170446BF41F2210389
:101F900083EA420353009AB2160446BF41F221037A
:101FA00083EA420353009AB2100446BF41F2210370
:101FB00083EA420353009AB2110446BF41F221035F
:101FC00083EA420353009AB2130446BF41F221034D
:101FD00083EA420353009AB217044ABF41F2210335
:101FE000530083EA42039BB283F4C0631BB2002B0D
:101FF0009AB2B6BF41F22103530083EA42039AB278
:10200000160446BF41F2210383EA420353009AB209
:10201000100446BF41F2210383EA420353009AB2FF
:10202000110446BF41F2210383EA420353009AB2EE
:10203000130446BF41F2210383EA420353009AB2DC
:10204000170446BF41F2210383EA420353009AB2C8
:10205000160446BF41F2210383EA420353009BB2B8
:10206000180446BF41F2210282EA43035B009BB29F
:102070001A0A6371A271002D00F04B83022D7CF4CB
:10208000E5AB0D4B1B78002B3CF4E0AB214607225F
:102090000A4810F0E9FAFCF7D9BB094804F092FBB2
:1020A00025ACFFF7B8BA064611F0C6F8DFF8109075
:1020B000074610E0AAFE0100097E0020809F002054
:1020C0009C7F0020484604F00DFA030686B208D42F
:1020D000012011F0BDF811F0AFF8C01BB0F5FA7F88
:1020E000F0D316F0800740F0A2817F490120FBF772
:1020F000ABFC7E4806F016FB052011F0A9F87C4BDE
:102100007A481F7006F00EFB002800F00F840023B1
:10211000784988F800300722FE232160A280A3714D
:10212000002D00F0FE83022D06D1734B1B781BB1EE
:102130002146724810F098FA714B1B78002B7CF402
:1021400085ABFBF7BBF9FCF781BB214607226D4845
:10215000F4F71AF9FCF77ABB214607226948F4F72D
:1021600013F9FCF773BB01F04BF90094022340F222
:1021700076226FF07F415D4807F0E4FE00283FF4CF
:1021800031ACFDF7DDB8214607225E48F4F7FCF8D4
:10219000FCF75CBB214607225A48F4F7F5F8FCF738
:1021A00055BB214607225748F4F7EEF8FCF74EBB23
:1021B000D4ED007A9FED540A4C48F8EE677A27EE8A
:1021C000800A03F08BF800287FF498AAD4ED017AF6
:1021D0009FED4E0A4548F8EE677A27EE800A06F032
:1021E00081FE00287FF48AAA217A404806F0D8FDB3
:1021F00000287FF483AA2046FBF7CEFC00283FF49A
:102200007DAA94E80F0025AC414E266026AE07C695
:10221000224633800DF1A5004FF6FF7341F22101F4
:1022200012F8016F83EA06231EB2B3B2002EACBFD0
:102230005B0081EA43039BB21F0454BF5B0081EA49
:1022400043039BB21E0454BF5B0081EA43039BB26D
:102250001F0454BF5B0081EA43039BB21E0454BFBA
:102260005B0081EA43039BB21F0454BF5B0081EA19
:1022700043039BB21E0454BF5B0081EA43039BB23D
:102280001F0454BF5B0081EA430390429BB2C7D155
:102290001A0AA374E274002D00F0A582022D07D162
:1022A000154B1B7823B121461422144810F0DCF999
:1022B000134B1C78002C7CF4C9AA01F0A1F80094FF
:1022C000022340F276226FF07F41084807F03AFE81
:1022D000FCF7BCBA10F0B0FF98F8003081462BBB79
:1022E00041F293171CE000BFE4AD04009C7F002086
:1022F000157E0020AAFE0100097E0020809F00209C
:10230000147E002064640020BD3786356F12833A46
:10231000AA120E00022010F09BFF98F800302BB993
:1023200010F08AFFA0EB0900B842F3D95D4898F895
:10233000007004F0A3F95C4A002388F800301370A1
:1023400010F07AFF594BFFB21860002F00F00482A2
:10235000574A5448936831460133936004F0A0FD16
:10236000010A020C030E8DF835108DF834008DF83B
:1023700037308DF836200D9A4E4B0646C4E90032B0
:1023800021460DF19B004FF6FF7341F2210211F837
:10239000017F83EA07231FB2BBB2002FACBF5B00F3
:1023A00082EA43039BB21F0454BF5B0082EA4303EB
:1023B0009BB21F0454BF5B0082EA43039BB21F041D
:1023C00054BF5B0082EA43039BB21F0454BF5B000F
:1023D00082EA43039BB21F0454BF5B0082EA4303BB
:1023E0009BB21F0454BF5B0082EA43039BB21F04ED
:1023F00054BF5B0082EA430388429BB2C7D11A0AEA
:1024000023726272002D00F0C182022D07D12A4B87
:102410001B7823B121460A22284810F025F92B46C3
:10242000324627490020FBF70FFBFDF75ABE4FF459
:10243000C0711C4803F0DEFFC6F300264AF6D00345
:1024400043EA46239B009BB283F4015383F00203CB
:102450001B019BB283F4014383F00803194A2671E0
:102460001E04226045BF41F2210242EA43035B00A1
:102470001BB29BB200211A0A88F800106371A27186
:10248000002D00F04882022D7FF456AE0A4B1B78D7
:10249000002B3FF451AE21460722084810F0E4F823
:1024A0004AE600BF9C7F0020E47C0020587F00208B
:1024B0006C7F0020AA020400097E0020809F00207B
:1024C0007CAD0400AA32010040F2FF1325AC9BB2A0
:1024D0005A009D4B236016044FF00E03237146BF34
:1024E00041F2210383EA420353009AB2100446BF2B
:1024F00041F2210383EA420353009AB2110446BF1A
:1025000041F2210383EA420353009AB2130446BF07
:1025100041F2210383EA420353009AB2170446BFF3
:1025200041F2210383EA420353009AB2160446BFE4
:1025300041F2210383EA420353009AB210044ABFD6
:1025400041F22103530083EA4203A2789BB283EA5B
:1025500002231BB2002B9AB2B6BF41F221035300F3
:1025600083EA42039AB2110446BF41F2210383EA8F
:10257000420353009AB2130446BF41F2210383EA97
:10258000420353009AB2170446BF41F2210383EA83
:10259000420353009AB2160446BF41F2210383EA74
:1025A000420353009AB2100446BF41F2210383EA6A
:1025B000420353009AB2110446BF41F2210383EA59
:1025C000420353009AB213044ABF41F2210353005D
:1025D00083EA4203E2789BB283EA02231BB2002B18
:1025E0009AB2B6BF41F22103530083EA42039AB282
:1025F000170446BF41F2210383EA420353009AB213
:10260000160446BF41F2210383EA420353009AB203
:10261000100446BF41F2210383EA420353009AB2F9
:10262000110446BF41F2210383EA420353009AB2E8
:10263000130446BF41F2210383EA420353009AB2D6
:10264000170446BF41F2210383EA420353009AB2C2
:1026500016044ABF41F22103530083EA42039BB2AE
:1026600083F460631BB2002B9AB2B6BF41F2210320
:10267000530083EA42039AB2100446BF41F2210399
:1026800083EA420353009AB2110446BF41F2210388
:1026900083EA420353009AB2130446BF41F2210376
:1026A00083EA420353009AB2170446BF41F2210362
:1026B00083EA420353009AB2160446BF41F2210353
:1026C00083EA420353009AB2100446BF41F2210349
:1026D00083EA420353009BB2190446BF41F2210230
:1026E00082EA43035B009BB21A0A6371A271002D58
:1026F00000F04581022D7CF4A9A8144B1B78002B17
:102700003CF4A4A82146072211480FF0ADFFFCF7C6
:102710009DB8214607220F48F3F736FEFCF796B81E
:1027200021460A220B48F3F72FFEFFF725BA214670
:1027300007220848F3F728FEFCF788B82146054829
:10274000F3F722FEFEF77FBFAAFE0100097E0020FC
:10275000809F002064640020089ADAF80030A749BE
:102760009B1A02203246FBF76FF9A54805F0DAFF05
:10277000052010F06DFDA2488BF8007005F0D2FF27
:1027800000287DF47DAB9F4E9FED9F0AD6ED007A29
:102790009B48F8EE677A27EE800A02F09FFD00283A
:1027A0007DF46EABD6ED017A9FED980A9448F8EE71
:1027B000677A27EE800A06F095FB00287DF460AB6F
:1027C000317A8F4806F0ECFA00287DF459AB304698
:1027D000FBF7E2F9FDF754BB214607228C48F3F7DB
:1027E000D3FDFDF77EBC214614228948F3F7CCFDCA
:1027F0005EE5214607228648F3F7C6FDFCF726B8BA
:102800000223CDE90837FAF7E3FD0746002840F038
:10281000C680804B804A18781478804B804ADFF855
:10282000208211781A7888F800703B4664F3070319
:1028300060F30F2325AC61F3174362F31F6323603A
:102840006F4867604FF4C0732146C4E9023303F058
:1028500025FF002840F0B680074610F0EDFCDFF8B9
:10286000A0A1814608E0504603F03CFE020687B274
:1028700008D4022010F0ECFC10F0DEFCA0EB090004
:10288000C728F0D94FF4C0715D4803F0B3FD0023B1
:1028900088F800303B061AD5F80540F1AB80614B53
:1028A000DB68D9012ED5604B1A68D2072AD55B6840
:1028B0009B095E4AA2FB03121209962101FB123307
:1028C00003F1320010F0C4FC089B012B64D158497D
:1028D0000120FBF7B9F8A5F1020C5648B5FA85F2CC
:1028E000DCF100034FF000014FF00E0501704FEADC
:1028F000521243EB0C032146FE202570FBF75AFAD7
:10290000FDF7EFBB11F012FF4B4BA0FB0301830A55
:1029100043EA8153CDE7214607223D48F3F734FDD2
:102920000AE421463A48F3F72FFD05E4354E9FEDC2
:10293000360AD6ED007A3248F8EE677A27EE800A3A
:1029400002F0CCFC00287FF4E2ABD6ED017A9FEDDB
:102950002F0A2B48F8EE677A27EE800A06F0C2FAB3
:1029600000287FF4D4AB317A254806F019FA002804
:102970007FF4CDAB3046FBF70FF9FFF7C8BB21461C
:1029800007222348F3F700FDFBF760BF21460A2228
:102990001F48F3F7F9FC42E50123089333E7A91E2A
:1029A0004B42B5FA85F24FF00E00224D8DF83400FF
:1029B0004B41002452090DA9FE202C70FBF7FAF9B7
:1029C000FBF744BF88F8007081E7A81E41424141EF
:1029D0000022B5FA85F35B090091FF201146FAF752
:1029E000F7FE16490020FBF72FF8642010F030FCAA
:1029F000FAF7A8FA099FFDF716BA00BFA4AD0400C4
:102A00009C7F002024610020BD3786356F12833AF9
:102A1000646400201C6100203D610020087E0020CD
:102A20003C610020F0ED00E0001000E0B5814E1B9D
:102A300004AD0400E47C002040420F00B8AE040066
:102A4000867F00202DE9F04104460E461746984641
:102A500010F0F2FB044D434628603A4631462046CA
:102A6000BDE8F041FBF70CBB107E00200000000029
:102A70002DE9F0418CB000F089FB00F015FCB84D59
:102A8000B84F287000F016FCB74B4FF46121187056
:102A90003846F3F783FD10F0CFFB40F6B736044617
:102AA00008E010F0C9FB001BB0424FF00A0006D846
:102AB00010F0CEFB3846F3F78FFD0028F1D0C82088
:102AC00010F0C6FB4FF46121A848A94F0FF0FAFDA2
:102AD000DFF834C3A749A3480A24012609234FF489
:102AE000612200948CF800600FF0EAFAA24906A86F
:102AF00010F064FA06A909A810F086FA9F4909A8FF
:102B000010F068FB9E4910F065FB01469D4810F0EF
:102B1000DBFA09A810F0D0FA06A810F0CDFA9A4B0B
:102B20009A49904800220FF0CBFA994800F002FD34
:102B3000FAF70CFA00F06CFC00F0B2FB0146944886
:102B400000F03AFD2978924800F05AFD904800F0D4
:102B50005BFD10F071FB386000F04EFC00F074FC7F
:102B60008C4801F049F94FF0160C1720132111225F
:102B70001923CDE9030CCDE9012100931822142378
:102B800085490020FAF760FF4FF000080823009401
:102B9000CDE901380722122309219FED801ADFEDCC
:102BA000800A9FED800A804802F0EAFF6AA3D3E919
:102BB0000023044600907D494046FAF745FF002C6B
:102BC00000F093807A497248664C01F08DF802E07B
:102BD0000A2010F03DFB2046F3F7CEFB0028F7D08B
:102BE0000023012209A9FE2008248DF82440FBF7C8
:102BF000E1F870495B480FF04BFA6F4B00221A70F6
:102C00006E4E356815F0010536D16D4C6D49204684
:102C100010F0D4F96B4904F10C0010F0CFF96949B8
:102C200004F1180010F0CAF904F1280084F82450C7
:102C30000FF09EF904F130000FF09AF904F138001A
:102C40000FF096F904F140000FF092F904F14800FA
:102C50000FF08EF95B4904F1500010F0AFF9012339
:102C60002046594A5949A4F85C5084F85E5084F8CB
:102C70005F50336014F000F85549564810F04EFA92
:102C800041F2873401E010F0E3FA10F0D5FA3B6826
:102C9000C31AA3424FF03200F5D93A4C4C4B22688C
:102CA00002924D499FED4D0A009300224FF6FF70AE
:102CB000039001913648114600F016FD484B012261
:102CC0001A7010F0B9FA474B00F5EA40303018603E
:102CD00010F0B2FA2268444B444922481E24009462
:102CE0000FF0EEF90CB0BDE8F08131462E4806F049
:102CF0008FFF3F4902461B480FF0E2F99FED3D0A66
:102D0000294806F0C5F98C2203463B4915480FF0C7
:102D1000D7F932463146244806F07AFC3749024654
:102D200010480FF0CDF9364B1F481C7005F0FAFC27
:102D300000286BD03349164800F0D6FF062409A9B5
:102D400000230122FE208DF82440FBF733F84FF4D6
:102D50007A7010F07DFAFAE7000000C0CCCCFC3F9E
:102D6000147E002064640020447F0020809F0020A7
:102D7000687F00207CAF0400B0AF0400B8AF04004F
:102D8000BCAF0400887F002090B10400C8AF0400ED
:102D900040610020D8810020E8AF04006666E63F6D
:102DA0000000FA420000D9439C7F002024B00400B8
:102DB00044B0040058B00400E57C0020807C002072
:102DC000847C0020E4AF04000060002089D402006D
:102DD00068AE0400487F002058B104000000C07FA6
:102DE000387F0020407F002064AC040060B1040004
:102DF000A0B0040000000C43C8B00400F0B0040010
:102E0000157E00201CB10400097E0020244C9FED9B
:102E1000250AD4ED007A2448F8EE677A27EE800A76
:102E200002F05CFA002885D1D4ED017A9FED1F0AEB
:102E30001D48F8EE677A27EE800A06F053F800285E
:102E40007FF478AF217A184805F0AAFF06460028DB
:102E50007FF470AF2046FAF79FFE00283FF46AAF78
:102E60001349114805F074FF304614221149FAF74E
:102E7000EBFD2B7813B9FAF721FB38B10E4B012289
:102E80001A7010F0D9F90D4B1860B9E60C490D48CD
:102E900000F02AFF4FF47A7010F0DAF9FAE700BF79
:102EA00024610020BD3786359C7F00206F12833A55
:102EB00099D302002CB10400E57C0020346100208D
:102EC00048B104004061002070B5944C22688AB07B
:102ED000BAB1934BDB68DD0104D5924B1968C80782
:102EE00000F18E8011F022FC8F4B2268A0FB0301C1
:102EF000830A43EA81538D4908689B1A984238BF78
:102F00000B60874BDB68D90103D5864B1A68D20763
:102F10004CD411F00BFC844BA0FB0301830A43EA61
:102F20008153834A236013781BB1824B1B78002B9B
:102F300069D0814C814E824D09E02046F3F7FEF9BD
:102F40000096C1B22B4600227E48FAF703F82046CD
:102F5000F3F7CEF90028F0D17B4B1B7893B17B4C73
:102F6000764E774D09E020460FF032FB0096C1B255
:102F70002B4602227648F9F7EDFF20460FF020FBA2
:102F80000028F0D1FAF750FBFAF7A2FE00F042FA5F
:102F9000F9F7DEFF6F48F9F71FFF2A2013F010FD45
:102FA00038B16D4C2378EBB90AB070BD5B689B09F2
:102FB000B7E76A4C10F040F923689842F1D910F055
:102FC0003BF9C830206010F037F9634C644D23782A
:102FD00000F5EA4030302860032B7ED8DFE803F0AC
:102FE000525B61555E4D10F027F92B68C01A00281E
:102FF0000DDB5C4800F0BCFE002323700AB070BDFE
:103000005B689B0977E71370FAF788FC91E7564DE8
:1030100010F012F92B68C01AB0F5FA6FC4D910F08D
:103020000BF923782860012B41D0022B59D010F0E6
:1030300003F94E4E4E4D4F49A6FB003407A80FF042
:10304000BDFF2B68A409002B60D14FF0FF3541482C
:10305000F9F734FF064600F0EFF9474B47491B6884
:1030600004930396CB680293D1E90103079A019375
:1030700000902B4621463B4800F078FD07A810F051
:103080001BF891E7374800F087FE374A00210123FB
:1030900011602370A7E7344A0021022311602370D6
:1030A000A1E7314A00210323116023709BE72948DF
:1030B000324CF9F703FF054600F0BEF92E48304BBD
:1030C0000068D4E90112CDE902052E48CDE90030AF
:1030D0002448258300F008FB66E7234B00221A6092
:1030E00081E72948244C457B037A2468D0E9001203
:1030F0000395B0F80B50029590F90A50407A049469
:10310000CDE90005174800F07FFC4DE710F094F87A
:103110002D68451BA6FB0535AD0998E7987F002073
:10312000F0ED00E0001000E040420F00947F00202E
:10313000867F0020E47C00206464002039E00200E7
:10314000452A0300207E0020097E0020809F002069
:10315000E87C0020E0AB0400387F00205C7F00208A
:10316000407F002040610020547F0020D34D62103A
:10317000107E0020E4AF0400887F00206C7F0020D8
:1031800068AE040078AF04002461002030B53C4CE8
:1031900023789DB00BB11DB030BD3A480EF0C0FC95
:1031A00028B9384809F0EEFB36480EF0B9FC35492D
:1031B00003A809F021FD03A80022334909F030FDDE
:1031C00000284ED1314B187000252E49019503A8D7
:1031D00009F012FD2A462E4903A809F021FD50BB33
:1031E0008DF804002B4B27491870002503A8029581
:1031F00009F002FD2A46284903A809F011FDA0B1F3
:10320000032202A903A809F0CBFD1CAB20EAE07061
:10321000034403A803F8685C09F0E2FD9DF8080088
:10322000A0F13100B0FA80F040091C4A012310706F
:1032300023701DB030BD032201A903A809F0B0FD21
:103240001CAB20EAE070034403A803F86C5C09F0AF
:10325000C7FD9DF80400A0F13100B0FA80F04009EC
:10326000C0E70A4D1722294603A809F099FD20EA74
:10327000E073002203A8EA5409F0B2FDA4E700BFFE
:1032800084810020948A0020A0B104006C81002079
:10329000ACB1040085810020B8B104006881002031
:1032A000004870476C810020014B1878704700BFC0
:1032B00085810020014B1878704700BF688100208D
:1032C00010B5184C002818BF04469AB021461822A1
:1032D000154815F058FB08B91AB010BD2346134A1B
:1032E0001148182115F0ECFA0F4815F044FB10496D
:1032F0000446104809F076FB0E4901A809F07CFC51
:1033000001A801220A4909F08BFC0028E4D02246DA
:10331000054901A809F07EFB01A809F061FD1AB07A
:1033200010BD00BFE4AF04006C8100209CB104001C
:10333000A0B10400948A0020144A1378834219D063
:1033400010B500289AB0034614BF31243024104928
:10335000104813708DF8034009F044FB0D4901A893
:1033600009F04AFC01A80122094909F059FC10B9E9
:103370001AB010BD704701220DF1030101A809F038
:1033800049FB01A809F02CFD1AB010BD688100208E
:10339000B8B10400948A0020144A1378834219D0EB
:1033A00010B500289AB0034614BF312430241049C8
:1033B000104813708DF8034009F014FB0D4901A863
:1033C00009F01AFC01A80122094909F029FC10B9E9
:1033D0001AB010BD704701220DF1030101A809F0D8
:1033E00019FB01A809F0FCFC1AB010BD8581002072
:1033F000ACB10400948A0020704700BF704700BF42
:10340000704700BF704700BF002070470020704722
:10341000704700BF704700BF70B4064D06460FCD21
:1034200034460FC495E8030084E80300304670BCBE
:10343000704700BFC4B104009FED010A704700BF90
:103440000000C07F00207047704700BF704700BF7A
:103450002DE9F047DFF8D88086B000224FF4FC64F5
:1034600020238146CDE900348A4640461146F023A8
:1034700008F0E2FD4FF0FC6340460321C8F8143029
:1034800008F024F899F80020284B0DF11607002ABF
:1034900008BF994605AE00230DF1120504AC1A468B
:1034A00049464046CDE90267CDE9004508F014F8E9
:1034B000BDF91630BDF81220C3F1200303EBD3731E
:1034C0004FF0040CC2EB630349464046A8F810C015
:1034D000A8F812300EF084FDBAF1000F1AD00121C5
:1034E000404607F0F3FF00231A4651464046CDE917
:1034F0000267CDE9004507F0EFFFBDF81430162252
:10350000C3F1EC0351464046A8F81030A8F8122049
:103510000EF066FD4FF6FF7301210548C8F8143020
:1035200007F0D4FF06B0BDE8F08700BF90B10400FB
:103530008881002038B501210546032013F0A0F949
:1035400001210F2013F09CF90121022013F098F9BA
:103550000021032013F018FA00210F2013F014FAB1
:103560000121022013F010FA104C0A200FF070FE17
:103570000F4800F041FC0023F0222046872109F08B
:1035800069F82046032109F00BF82046094908F0A4
:10359000CDFA0021204607F0BFFA4FF6FF71002256
:1035A00001236161E2762B7038BD00BF8881002065
:1035B000EC810020005A6202044B054A002918BF22
:1035C0000B460130182115F07BB900BFE4AF0400B1
:1035D0009CB1040030B4C1619DF808509DF90C40C5
:1035E000BDF9101080F82020BDF9142080F8285073
:1035F00080F8294043624185828530BC704700BF16
:1036000080F82E10704700BF2DE9F84F03780BB9F2
:10361000BDE8F88F002183462D482E4E894680460E
:103620004FF0230A07F078FA4B461FFA89F5002479
:103630000FFA8AF708E00134A3B21CB205EBE402EA
:10364000402B92B20FD0B35CE24302F00702134169
:10365000DB07F0D5A11D09B24FF6FF733A4640468D
:1036600008F022F9E7E709F108090AF1010AB9F5BA
:10367000007F1FFA8AFA02D019F80630D5E7144CF9
:1036800040F2FF7320460221636107F01FFF124BD7
:103690002361124920460EF0A3FC9BF801306BB168
:1036A0000221204607F012FF4FF6FF720C4B6261B9
:1036B0000BF10101204623610EF092FC0121044828
:1036C00007F004FF4FF6FF736361BDE8F88F00BF9A
:1036D00088810020DCB1040054003300DCB3040016
:1036E0005400510000000000037803B970472DE931
:1036F000F043DFF8F88297B004460D4640460021BB
:10370000164607F009FA2099601CFFF7A1FE94F80D
:103710002E30002B40F0F880A94AAA4BC8F81020A0
:103720001F9A0221002A08BF1A4640461F9240F203
:10373000FF7907F0CBFE1F99C8F8149040460EF0B1
:103740004FFC4FF6FF770A22294606A8C8F81470E6
:103750000FF082FC06A909A80FF056FC9A4909A8A7
:103760000FF038FD0A22054631460CA80FF074FC14
:103770000CA928460FF002FD944BC8F810300546FE
:103780000221404607F0A2FE9149C8F81490404635
:103790000EF026FC29464046C8F814700EF066FC70
:1037A0000CA80FF089FC09A80FF086FC06A80FF002
:1037B00083FCB4F92A5015F5004F00F08A80B4F963
:1037C0002C0013F03DFC7AA3D3E9002313F0A2FCF4
:1037D000804A2B46CDE9000128210CA815F070F88D
:1037E0000CA909A80FF0EAFB7B4BC8F810300121A7
:1037F000404607F06BFE7949C8F8147040460EF059
:10380000EFFB09A94046C8F814700EF02FFC09A878
:103810000FF052FCE069002858D0636A704A94F8AF
:1038200020100291A2FB03239B09039313F0F8FBE2
:1038300061A3D3E9002313F06DFC6A4ACDE90001CE
:1038400028210CA815F03CF80CA909A80FF0B6FB2C
:10385000654B6648C8F81030012107F037FE40F28A
:10386000FF765E496148C8F814604FF6FF750EF0A8
:10387000B7FB09A95D48C8F814500EF0F7FB09A87A
:103880000FF01AFC94F9292094F82830009228218E
:10389000574A0CA815F014F80CA909A80FF08EFBD4
:1038A000544B5248C8F81030012107F00FFE4B4925
:1038B0004E48C8F814600EF093FB09A94B48C8F8AD
:1038C00014500EF0D3FB09A80FF0F6FB17B0BDE8BB
:1038D000F08349490CA80FF071FB3F4BC8F810303A
:1038E0004046012107F0F2FD3C49C8F814904046DB
:1038F0000EF076FB0CA94046C8F814700EF0B6FB2B
:103900000CA80FF0D9FB85E74046032107F0DEFD48
:103910000CAF09AE06AD0DF1160400234FF478404C
:103920001A46C8F81400CDE902674046CDE90045C3
:10393000324907F0D1FDBDF924303049C3F1F0031D
:1039400003EBD3735B1030224046A8F81030A8F880
:1039500012200EF045FB40460121BDF8309007F0E3
:10396000B5FD00234FF6FF701A46C8F81400CDE9E4
:1039700002674046CDE90045214907F0ADFDBDF99C
:1039800024301F49C3F1F00309F13C0903EBD37361
:103990005B100FFA89F94046A8F81290A8F8103089
:1039A0000EF01EFB17B0BDE8F08300BFAFF3008040
:1039B0009A9999999999B93F8DEDB5A0F7C6B03EFE
:1039C0000400260068AE040054B4040004003E0065
:1039D0005CB4040018B4040004005400E4AF040014
:1039E000D34D62102CB404000400620088810020D2
:1039F00040B4040004006E000CB40400E4B30400FE
:103A0000ECB30400000000002DE9F04F95B00478FD
:103A10009DF878A09DF97CB0BDF880809DF88490D9
:103A2000002C00F08480464C05910546002120467C
:103A30000493164607F070F8681C2299FFF708FDFA
:103A4000404A226140F2FF772046022107F03EFD06
:103A50003D49676120460EF0C3FA059B4FF6FF759E
:103A60001846656113F0DCFA33A3D3E9002313F0A1
:103A700051FB364ACDE9000118210AA814F020FFB5
:103A80000AA907A80FF09AFA314B236120460221B8
:103A900007F01CFD2F49676120460EF0A1FA07A927
:103AA000204665610EF0E2FA07A80FF005FB049BC3
:103AB000294A009328213346CDE901AB0AA814F026
:103AC000FFFE0AA907A80FF079FA244B23612046CC
:103AD000012107F0FBFC2249656120460EF080FAC7
:103AE00007A9204665610EF0C1FA07A80FF0E4FAB5
:103AF0001C4ACDF80090434618210AA814F0E0FEB5
:103B00000AA907A80FF05AFA174B23612046012192
:103B100007F0DCFC1249676120460EF061FA20468E
:103B200007A965610EF0A2FA07A80FF0C5FA15B053
:103B3000BDE8F08FAFF300808DEDB5A0F7C6B03EC5
:103B4000888100200400260084B404008CB40400A2
:103B500004003C0098B404009CB4040004004E002F
:103B6000E4AF0400B8B4040004005A00027802B9BB
:103B70007047F0B54F4C8FB00D46064600212046E9
:103B800006F0CAFF1899701CFFF762FC4A4B2361CC
:103B90002046022107F09AFC40F2FF77474967610F
:103BA00020460EF01DFA4648464B474AA0FB051634
:103BB0007609A0FB06104009C6EB061CC0EB0010FE
:103BC000A6EB8000A3FB0513A5EB8C06CDE9000650
:103BD0004FF6FF75DB0A08A81821656114F070FE26
:103BE00008A905A80FF0EAF9384B23612046022105
:103BF00007F06CFC2046364967610EF0F1F905A923
:103C0000204665610EF032FA05A80FF055FA0A2237
:103C1000149902A80FF020FA02A905A80FF0F4F9F0
:103C200005A82C490FF0D6FA0A220646159908A8CD
:103C30000FF012FA08A930460FF0A0FA264B2361C4
:103C400006460221204607F041FC204623496761D1
:103C50000EF0C6F93146204665610EF007FA08A855
:103C60000FF02AFA05A80FF027FA02A80FF024FA9D
:103C7000169908A80A220FF0EFF9194A2261169A3C
:103C80004FF6205320460121002A18BF1F4607F097
:103C90001DFC002320461349E382A7820EF0A0F901
:103CA00008A9204665610EF0E1F908A80FF004FAB2
:103CB0000FB0F0BD888100200400260060B404002D
:103CC00089888888C5B3A29168B4040004003C00C8
:103CD00078B4040054B40400040052005CB404003E
:103CE000040064007CB40400037803B9704730B565
:103CF0001A4C83B020460D46002106F00DFF00222D
:103D00004FF478411223CDE9003120461146F023CB
:103D100008F092F9124B134A636120460121226197
:103D200007F0D4FB204610490EF05AF94FF6FF7306
:103D3000636185B10D4B23612046022107F0C6FB6C
:103D4000294620460EF0A4F92046012103B0BDE823
:103D5000304007F0BBBB03B030BD00BF88810020FE
:103D6000FFFF00F802000500CCB4040002001A00B6
:103D700008B5037803B908BD01210F2012F004FE35
:103D80000121032012F000FE01210248BDE8084095
:103D900008F0AABD8881002008B5037803B908BDE2
:103DA0000021032012F0F0FD0021044808F09CFDE2
:103DB00000210F20BDE8084012F0E6BD88810020F8
:103DC00010B5094C094982B00223009320460C2308
:103DD0000B2208F025FC064A0649204602B0BDE841
:103DE000104012F049BF00BF88810020EC81002004
:103DF000006000204D340300437C03B1704730B5B0
:103E0000012285B042740321FF22019304468DF8FC
:103E100003208DF806208DF80510827B417B8DF8FC
:103E200000204FF080451A4602958DF80110057B61
:103E3000C3736946037403938DF8025011F0F6FDC5
:103E4000A37B1F2B86BF03F01F030C4A4FF0A04239
:103E500003F5E07340F2013142F82310637B1F2B1E
:103E600086BF03F01F0305494FF0A04103F5E0733F
:103E700040F2033241F8232005B030BD000300506A
:103E800010B5044611F01AFF0023637410BD00BF83
:103E900010B483B002AB03E906009DF805309DF82D
:103EA0000410026813F1FF3318BF01230024022914
:103EB000C2F800451C460374C17332D003292DD0CB
:103EC000012925D0224B0099B3FBF1F3B3F5007F14
:103ED000C2F854451FD2FF2B0FD87F2B24D83F2B7D
:103EE00025D81F2B26D80F2B27D8072B02D81949E6
:103EF0008A4225D04FF0004101E04FF08061072356
:103F0000C2F82415C2F8003503B05DF8044B7047C1
:103F100043F00204D6E74FF00071F0E743F00604E7
:103F2000D0E743F00404CDE74FF00061E7E74FF03E
:103F30008051E4E74FF00051E1E74FF08041DEE7C8
:103F4000042B34BF4FF0A0514FF02061D7E700BFE2
:103F50000090D00300F0024003680022C3F800255F
:103F6000704700BF002B3AD02DE9F047814684B05E
:103F70000D4617461E464FF6FF784FF0000A46459D
:103F8000344628BF4446002D14BF23460023009525
:103F90000297361B01938FB100226946484603946D
:103FA00011F0EEFE05B125442744002EE7D104B000
:103FB000BDE8F087CDE900550295361B0022694621
:103FC0004846CDF80CA011F0DBFE4DB9464534460D
:103FD00028BF4446002EEDD104B0BDE8F0877047FD
:103FE0002544002ECBD1E2E710B586B006AB012404
:103FF00003F8111D002202A90293CDE903430594A1
:1040000011F0BEFE9DF8070006B010BD1149124A1E
:104010001248134B70B4D46C0860906D8C73487365
:10402000D2E92840D56DD2F8AC600D73002201258D
:104030000D711E730B4D9C735873CA730A741A71F9
:10404000DA731A741D604A748A605A749A6070BC7C
:10405000704700BFD881002058C4040000F002401F
:10406000EC810020003002402DE9F047154D089EFC
:10407000AC4607468A4691469846BCE80F003C4647
:104080004FF0000E44F804EB0FC49CE807001C3509
:1040900084E807000FCD07F13004C7E908A9C7F885
:1040A0002880FE620FC42B6823603020C7F844E0EC
:1040B00011F0E2FB044601F0CFF83C603846BDE861
:1040C000F08700BFD4B4040010B50446006803684C
:1040D0005B6C98472068216A036882689B689847F0
:1040E0002068216A03680269DB689847004B10BDAD
:1040F00070610020006803689B6C18472DE9F04F41
:10410000057C83B00446407C0D9F0C9E0196ED0813
:1041100005EBD0053D442846894690469B4611F064
:10412000ADFB0646284611F0A9FB8246207C0828F4
:104130005FFA89F35FFA88F132D843EA01026389B2
:1041400032704B4506F1010034D03A46A18913F094
:1041500002FD206803685B6B98472068216A03684A
:10416000C268DB689847206803682A4631469D6B21
:104170005346A8472068216A03680269DB689847AC
:1041800020680368DB6B984723894B4517D030467E
:1041900011F076FB504603B0BDE8F04F11F070BB54
:1041A00043EA182263897170D2B24B4506F10200CE
:1041B0003270CAD159463A4613F0A9FCC9E7217CAE
:1041C00001983A460AEBD10113F0A1FCDFE700BFEA
:1041D0002DE9F04790F804C084B004460F46154618
:1041E0001E46BCF1000F00F0B580437C5AB2002A95
:1041F000B8BF0732D210013A52B2002A0DF10808B6
:10420000C0F2BC80B0F80AE04146D000013A52B298
:104210004EFA00FCB2F1FF3F01F801CBA0F108001B
:10422000F4D194F810C04FEADC0C0CF1FF3252B21A
:10423000501C09D00139D000013A27FA00F052B2DF
:1042400001F8010F501CF6D10CEBD30707EB060960
:10425000484611F013FB824647B1013FFFB20137D8
:1042600041463A4613F053FC0AEB07003246294612
:1042700013F04DFCE36A20680133036866D05B6A83
:10428000984705460BE0206803685B6D98472068F7
:1042900003685B6A9847E369401B984264D22068D0
:1042A000E16A03681B6998470028ECD1484611F081
:1042B000E5FA0646206803685B6B98472068216A28
:1042C0000368C268DB689847206803684A469D6BAC
:1042D00051463346A8472068216A03680269DB68B3
:1042E000984720680368DB6B9847E36A20680133CE
:1042F00003683FD01B6A01219847206803685B6A06
:10430000984705460BE0206803685B6D9847206876
:1043100003685B6A9847E369401B98420DD22068A6
:10432000E16A03681B6998470028ECD1636923B1EF
:10433000E27C914501D9B05C9847504611F0A0FA53
:10434000304604B0BDE8F04711F09ABADB6932217B
:104350009847ABE74189CDE900C313463A46FFF7DA
:10436000CDFE04B0BDE8F087504604B0BDE8F0478C
:1043700011F086BADB6901219847D7E7414650E73B
:104380002DE9F04F83B004460C9F807C9DF8385097
:104390000095D51905EBD00528469DF834A001936A
:1043A00016468B4611F06AFA80465EB106F1FF3977
:1043B0005FFA89F909F1010959464A4613F0A7FB4A
:1043C00008EB0900A27CA18907EBD20213F0C3FB22
:1043D000BAF1000F1DD0E26A2068013203687FD075
:1043E0005B6A984781460DE0206803685B6D9847DB
:1043F000206803685B6A9847E369A0EB090098426C
:1044000080F088802068E16A03681B69984700286B
:10441000EAD1284611F032FA8146206803685B6BC6
:1044200098472068216A0368C268DB68984720685B
:1044300003682A46D3F838B041464B46D84720682F
:10444000216A03680269DB68984720680368DB6BB0
:104450009847BAF1000F21D0E26A20680132036860
:1044600061D01B6A01219847206803685B6A9847FE
:1044700082460CE0206803685B6D984720680368FB
:104480005B6A9847E369A0EB0A00984252D2206821
:10449000E16A03681B6998470028EBD163691BB385
:1044A000E27C954220D919F802009847A17C06EBDE
:1044B000D10105463A464944019813F028FB40468D
:1044C00011F0DEF9484611F0DBF9FDB9009BE3B1CC
:1044D000A569DDB120462B4603B0BDE8F04F184773
:1044E000DB693221984794E7A17C019806EBD10162
:1044F0003A46494413F00BFB404611F0C1F94846D7
:1045000011F0BEF9009B002BE2D11D46284603B0F6
:10451000BDE8F08F404611F0B3F96FF430752846CE
:1045200003B0BDE8F08FDB69012198476369002B78
:10453000B6D1D9E7A17C019806EBD10149443A46AE
:1045400013F0E5FA404611F09BF9484611F098F94E
:104550006FF43075284603B0BDE8F08F90F811C0B5
:104560002DE9F04F04464FFA8CF00028B8BF073011
:10457000C010013883B040B200289DF830509DF83B
:104580003460174698460CDBC30001AA013840B2DC
:1045900041FA03FEB0F1FF3F02F801EBA3F108037B
:1045A000F4D14FEADC0B0BEB080A504611F066F928
:1045B0008146BBF1000F09D001AB13F8012B00F8C5
:1045C000012BA0EB0901C9B28B45F6D8424639460A
:1045D00013F09DFADDB1E26A20680132036870D001
:1045E0005B6A984707460BE0206803685B6D984755
:1045F000206803685B6A9847E369C01B984271D2E0
:104600002068E16A03681B6998470028ECD150468E
:1046100011F034F90746206803685B6B98472068FF
:10462000216A0368C268DB689847206803685246BD
:10463000D3F8388049463B46C0472068216A036862
:104640000269DB68984720680368DB6B984705B30D
:10465000E26A2068013203684DD01B6A0121984745
:10466000206803685B6A984705460BE0206803688A
:104670005B6D9847206803685B6A9847E369401B55
:1046800098423FD22068E16A03681B699847002876
:10469000ECD16369CBB1E27C924516D9B85C9847FE
:1046A0000546484611F0ECF8384611F0E9F8ADB986
:1046B0009EB1A56995B120462B4603B0BDE8F04FE9
:1046C0001847DB6932219847A1E7484611F0D8F82E
:1046D000384611F0D5F8002EEBD13546284603B008
:1046E000BDE8F08F484611F0CBF86FF430752846DE
:1046F00003B0BDE8F08FDB69012198476369002BA7
:10470000C9D1E2E7484611F0BBF8384611F0B8F8D5
:104710006FF43075284603B0BDE8F08F2DE9F04FF7
:1047200083B00446DDF830809DF834909DF838B0B1
:10473000019102EB0806304615469A4611F09EF8A4
:1047400007463DB1013DEDB2013501992A4613F00E
:10475000DEF978194246514613F0D9F9B9F1000F44
:104760001BD0E26A20680132036875D05B6A984703
:1047700005460BE0206803685B6D98472068036876
:104780005B6A9847E369401B984277D22068E16AE8
:1047900003681B6998470028ECD1304611F06EF889
:1047A0000546206803685B6B98472068216A0368A8
:1047B000C268DB689847206803683246D3F83880BF
:1047C00039462B46C0472068216A03680269DB68C6
:1047D000984720680368DB6B9847B9F1000F21D038
:1047E000E26A20680132036851D01B6A01219847B0
:1047F000206803685B6A984780460CE0206803687D
:104800005B6D9847206803685B6A9847E369A0EB93
:104810000800984242D22068E16A03681B69984701
:104820000028EBD16369DBB1E27C964218D9A85C21
:1048300098470646384611F023F8284611F020F82C
:10484000C6B9BBF1000F14D0A6699EB1204633460D
:1048500003B0BDE8F04F1847DB69322198479CE769
:10486000384611F00DF8284611F00AF8BBF1000F98
:10487000EAD15E46304603B0BDE8F08F384610F00E
:10488000FFFF6FF43076304603B0BDE8F08FDB6990
:10489000012198476369002BC6D1E1E7384610F043
:1048A000EFFF284610F0ECFF6FF43076304603B08F
:1048B000BDE8F08F2DE9F043457C6BB2002BB8BF0B
:1048C0000733DB10013B5BB2002B83B004460CDBEB
:1048D000C689DA0001A9013B46FA02F05BB201F891
:1048E000010B581CA2F10802F5D1A77CED0805EBDD
:1048F000D7070137384610F0C1FF064645B101AA77
:1049000012F8013B00F8013B831BDBB29D42F7D854
:10491000A27CA189D208013213F01DF9E36A206854
:104920000133036800F089805B6A984780460CE099
:10493000206803685B6D9847206803685B6A984746
:10494000E369A0EB080098427BD22068E16A036823
:104950001B6998470028EBD1384610F08FFF81463D
:10496000206803685B6B98472068216A0368C26807
:10497000DB689847206803683A46D3F838803146A8
:104980004B46C0472068216A03680269DB68984784
:1049900020680368DB6B9847E36A2068013303688B
:1049A0003AD01B6A01219847206803685B6A9847E0
:1049B00080460CE0206803685B6D984720680368B8
:1049C0005B6A9847E369A0EB0800984242D22068EE
:1049D000E16A03681B6998470028EBD163690BB350
:1049E000E27C97421ED919F802009847A37C09EB94
:1049F000D303074630465D5D10F042FF484610F095
:104A00003FFF2FB967691FB12846B8470027E080EC
:104A1000384603B0BDE8F083DB690121984763693C
:104A2000002BDDD1A37C09EBD30330465D5D10F094
:104A300027FF484610F024FFE4E7DB69322198475E
:104A40008AE7304610F01CFF6FF43077384603B029
:104A5000BDE8F083304610F013FF484610F010FF19
:104A60006FF43077384603B0BDE8F0832DE9F04F9E
:104A700085B01546109A9DF8444001948A46044634
:104A8000AF180293002B40F0FD80837C07EBD30727
:104A9000384610F0F3FE0646002D00F0CB8046EAC3
:104AA0000A035A0740F011810B2D40F20E81002DB0
:104AB00014BF2B46012303934FEAD30B721CAAF1B8
:104AC000080C31460023FCE9028901335FFA83FEBA
:104AD0001046F345E1E8028900F1070002F10802FF
:104AE000F1D8039901F0F8038B4206EB03023BD0A7
:104AF00003F1010C5FFA8CFC1AF80310F1546545C0
:104B000002F1010030D9991CC9B21AF80C0050709A
:104B10008D4202F1020027D9D81C1AF801109170B9
:104B2000C1B28D4202F103001ED9181D1AF80110FE
:104B3000D170C1B28D4202F1040015D9581D1AF886
:104B400001101171C1B28D4202F105000CD906337A
:104B5000DBB21AF8011051719D4202F1060003D92F
:104B60001AF803309371D01D029B002B62D0109A6B
:104B70000E9912F0CCFF019B002B65D1384610F046
:104B80007DFE8046206803685B6B98472068216A39
:104B90000368C268DB689847206803683A46D3F820
:104BA000389031464346C8472068216A0368026945
:104BB000DB68984720680368DB6B9847019B13B359
:104BC000E26A20680132036800F08B801B6A0121D1
:104BD0009847206803685B6A984781460CE0206824
:104BE00003685B6D9847206803685B6A9847E369D0
:104BF000A0EB090098427BD22068E16A03681B6938
:104C000098470028EBD16369002B48D0E27CBA4278
:104C100045D218F8020098470746029B002B42D065
:104C2000304610F02DFE404610F02AFE384605B002
:104C3000BDE8F08F109BA27CA18903EBD20212F099
:104C40008AFF019B002B99D0E26A20680132036839
:104C500021D05B6A984780460CE0206803685B6D52
:104C60009847206803685B6A9847E369A0EB0800EF
:104C7000984221D22068E16A03681B69984700289E
:104C8000EBD17BE7384610F0F9FD0646002D7FF4A6
:104C900006AF30466BE7DB69322198476EE7029B2F
:104CA0000027002BBCD1A17C05EBD1014144DDE9FB
:104CB0000F0212F02CFFB3E7304610F0E1FD6FF465
:104CC0003077384605B0BDE8F08F0AF1FF3A30463C
:104CD0001AF8013F00F8013B831BDBB29D42F7D875
:104CE00042E7DB69012198476369002B8ED1D6E743
:104CF0006FF4307791E700BF2DE9F041067986B077
:104D000005460C46002E3FD0477C78B20028B8BF3D
:104D10000730C010013840B2002804A93EDBB5F8C6
:104D200008800E464FEAC00C013840B248FA0CFE2B
:104D3000B0F1FF3F06F801EBACF1080CF4D195F8A7
:104D400010E04FEADE0E0EF1FF3040B2B0F1FF3F4F
:104D50000BD0013E4FEAC00C013840B224FA0CFCE3
:104D6000B0F1FF3F06F801CFF4D1002401260292F2
:104D700001930EEBD7022846039600942346FFF7D3
:104D800075FE06B0BDE8F0810189CDE900323346F9
:104D90002246FFF7B3F906B0BDE8F0810E46CEE734
:104DA00090F811C02DE9F04305464FFA8CF0002829
:104DB000B8BF0730C010013887B040B200289DF856
:104DC00038E09DF83C600DF114090CDB4F46C4003F
:104DD000013840B241FA04F8B0F1FF3F07F8018B07
:104DE000A4F10804F4D10020CDE9023E0192009024
:104DF00003464FEADC0249462846FFF737FE20B952
:104E00001EB1AB690BB12846984707B0BDE8F083E7
:104E10002DE9F04F8BB0072B9DF858509DF850802E
:104E20009DF8547005959DF85CB000F22F81B8F1A3
:104E3000070F00F22B814345C0F028811E460379FD
:104E40009146002204460D468DF81F20002B00F0ED
:104E50000681427C53B2002BB8BF0733DB10013B05
:104E60005BB2002B08A9C0F20F81B0F808A08E46F3
:104E7000D800013B5BB24AFA00FCB3F1FF3F0EF8E9
:104E800001CBA0F10800F4D194F810C04FEADC0C7B
:104E90000CF1FF335BB2581C0AD00EF1FF3ED80074
:104EA000013B25FA00F05BB20EF8010F581CF6D159
:104EB00001200DF11F0A0023CDE902000CEBD20204
:104EC000CDE9003A2046FFF7D1FDFF22731CC8F15F
:104ED000080802FA03F342FA08F843EA08039DF8C7
:104EE0001F60DB43DBB289EA0602134203D1BBF148
:104EF000000F00F0A18026EA030603EA09092379DE
:104F000046EA09068DF81E60002B00F0B280627C34
:104F100053B2002BB8BF0733DB10013B5BB2002B51
:104F200008A9C0F2B680B4F80A8008464FEAC30C5C
:104F3000013B5BB248FA0CFEB3F1FF3F00F801EB16
:104F4000ACF1080CF4D194F810C04FEADC0C0CF171
:104F5000FF335BB2B3F1FF3F0BD001384FEAC30E12
:104F6000013B5BB225FA0EFEB3F1FF3F00F801EF03
:104F7000F4D1002001230CEBD2020DF11E0CCDE97F
:104F800000C0CDE902332046FFF770FD20680368BA
:104F90009B6A98474FF47A7909FB07F983464FF0EB
:104FA00000080127206803689B6A9847A0EB0B0064
:104FB00048454FD223798DF81F80002B40D0617C6B
:104FC0004BB2002BB8BF0733DB10013B5BB2002BA9
:104FD0003EDBB4F808C0DA0008A8013B5BB24CFA2B
:104FE00002FEB3F1FF3F00F801EBA2F10802F4D199
:104FF000227CD208531E5BB2B3F1FF3F0BD00138C5
:105000004FEAC30C013B5BB225FA0CFCB3F1FF3F46
:1050100000F801CFF4D102EBD102CDE90277CDE95E
:10502000008A002308A92046FFF720FD9DF81F30C5
:10503000059A73401A42B5D100200BB0BDE8F08F3D
:1050400021892A46CDE900A72046FFF757F8EDE76A
:1050500008A8CDE76FF00F000BB0BDE8F08F01227C
:105060000DF11F0A0189CDE900A22A46FFF746F893
:105070002BE761890093012301932A460DF11E035A
:105080002046FFF73BF881E78E46FDE66FF00A0009
:10509000D3E7084657E700BFF8B5446C24B906E0EB
:1050A000914205D0183402D02278002AF8D1F8BDF8
:1050B0000646043400F1300500F1440755F8041B9E
:1050C000002904DB306822680368DB689847AF4238
:1050D00004F10404F2D1F8BD21B1034B880143F07F
:1050E00001031847704700BF70B5040008467047B9
:1050F000704700BF006AFEF77FBE00BF006AFEF780
:10510000BFBE00BF72B1F8B54C1E0746A6185D1EA3
:1051100014F8011F386AFEF767FFB44205F8010F63
:10512000F6D1F8BD704700BF11F0B8B84B1C02D0E3
:10513000C8B20DF037B8704708461146421C03D07C
:105140001A46C0B20DF0F4B8704700BF006AFEF70F
:1051500003BF00BF00F1240393E80600006AFEF7D6
:1051600097BE00BF08461146421C02D01A4611F0F5
:1051700037B80020704700BF08B50A4BDB68D9017B
:1051800003D5094B1A68D20708D40FF0CFFA074BA2
:10519000A0FB0323900A40EA835008BD58688009A9
:1051A00008BD00BFF0ED00E0001000E040420F003D
:1051B0000EF042B808460EF04BB800BF4B1C02D0B0
:1051C00008460DF05FBE704708461146421C02D0EB
:1051D0001A460DF04DBD70474B1C02D0084611F029
:1051E000EFBB0020704700BF4B1C084602D01146A1
:1051F00011F0CABB704700BF4B1C084602D01146D5
:1052000011F03EBB704700BF10B53021044610F0CE
:1052100039FB204610BD00BF90F82C2002B9704722
:1052200002680449126C8A4202D1006AFEF728BE65
:10523000104700BFFD50030090F82C2002B97047C2
:1052400002680449126B8A4202D1006AFEF7D4BD9B
:10525000104700BFF550030030B585B0012500238D
:1052600003210422CDE9012100952A46194604466E
:1052700005F018F807480849084A2060002320462E
:1052800084F8295084F82C50C4E9081284F8283096
:1052900005B030BD0CB50400D881002080841E000C
:1052A0004AB116290B466FF00800A8BF16238342A7
:1052B000B8BF034613700931C9B21F298CBF6FF004
:1052C0000C000020704700BF704700BF10B54FF4BE
:1052D000E671044610F0D6FA204610BD9FED167A0E
:1052E000B4EEC70AF1EE10FA23D49FED147AB4EEAF
:1052F000C70AF1EE10FA1CDC38B5D0ED587A70EE22
:10530000677AB3EE047AF0EEE77AF4EEC77AF1EE5C
:1053100010FA054610EE104A06DA00EE104A28464A
:10532000BDE8384004F0BABC02F04CFA0028F4D0D2
:1053300038BD6FF00B00704700001643000070444A
:1053400030B50368154A9B6D934283B005460C4601
:1053500019D10931CBB21F2B1CD8D5F86831104AAE
:10536000002B08BF134603EB410013F8112090F9FE
:10537000011000241309284602F00F02009404F0E3
:1053800059FC03B030BD002298470028F9D104F140
:105390000901E2E76FF00C00F3E700BFA152030040
:1053A000A8B50400F0B52DED028B85B005689DF819
:1053B000346080F85461C0ED540AD5F81051494E5C
:1053C0009DF930708DF80C10B5428DED020A8DF804
:1053D0000D208DF80E308DF80F705BD1044602F071
:1053E00001FD18B105B0BDEC028BF0BD23683E4A4B
:1053F000DB6B9DED028A93425AD1DFED3C7AB4EE2D
:10540000E78AF1EE10FA5ED4DFED397AB4EEE78A7E
:10541000F1EE10FA57DCD4ED587A78EE677AB3EEF5
:10542000047AF0EEE77AF4EEC77AF1EE10FA37DAA2
:10543000B0EE480A204604F031FC0028D2D1012108
:10544000204602F031FA0028CCD1236829495A6D50
:105450009DF90F508A4232D19B6D274A934235D134
:1054600005F10903DAB21F2A39D8D4F86821234993
:10547000002A08BF0A4602EB430112F8132091F9F3
:10548000011000251309204602F00F02009504F0D8
:10549000D1FBA7E702A9A84705B0BDEC028BF0BD80
:1054A000B0EE480A204602F08DF90028C0D099E7F6
:1054B000B0EE480A20469847002893D1BFE7294616
:1054C000204690478EE76FF00B008BE70246294697
:1054D00020469847002885D105F10903C5E76FF0FC
:1054E0000C007FE72D560300DD5203000000164339
:1054F0000000704441530300A1520300A8B504000A
:1055000030B52DED028B91ED010A83B00D460446B6
:1055100002F04AFC18B103B0BDEC028B30BD236829
:105520003C4ADB6B95ED008A934254D1DFED3A7A29
:10553000B4EEE78AF1EE10FA5DD4DFED387AB4EE1E
:10554000E78AF1EE10FA56DCD4ED587A78EE677AF5
:10555000B3EE047AF0EEE77AF4EEC77AF1EE10FAE1
:1055600031DAB0EE480A204604F098FB0028D2D188
:105570000121204602F098F90028CCD1236828495F
:105580005A6D95F908508A4238D19B6D254A93424D
:1055900028D105F10903DAB21F2A37D8D4F86821D7
:1055A0002149002A08BF0A4602EB430112F81320E2
:1055B00091F9011000251309204602F00F02009511
:1055C00004F038FBA7E7B0EE480A204602F0FAF8EC
:1055D0000028C6D09FE7B0EE480A2046984700282A
:1055E00099D1C5E70246294620469847002892D11E
:1055F00005F10903D2E76FF00B008CE7294620463E
:1056000003B0BDEC028BBDE8304010476FF00C00DA
:1056100081E700BFDD520300000016430000704424
:1056200041530300A1520300A8B5040030B52DED8D
:10563000028B0C4683B08B794A790979054602F0D2
:10564000D1FB18B103B0BDEC028B30BD2B683C4AD6
:10565000DB6B94ED008A934254D1DFED3A7AB4EEDD
:10566000E78AF1EE10FA5DD4DFED377AB4EEE78A1F
:10567000F1EE10FA56DCD5ED587A78EE677AB3EE93
:10568000047AF0EEE77AF4EEC77AF1EE10FA31DA46
:10569000B0EE480A284604F001FB0028D2D10121CF
:1056A000284602F001F90028CCD12B6827495A6D11
:1056B00094F907408A4238D19B6D254A934228D1FC
:1056C00004F10903DAB21F2A37D8D5F86821214935
:1056D000002A08BF0A4602EB430112F8132091F991
:1056E000011000241309284602F00F02009404F070
:1056F000A1FAA7E7B0EE480A284602F063F80028AE
:10570000C6D09FE7B0EE480A28469847002899D1AE
:10571000C5E70246214628469847002892D104F161
:105720000903D2E76FF00B008CE72146284603B04F
:10573000BDEC028BBDE8304010476FF00C0081E7F4
:10574000DD52030000001643000070444153030083
:10575000A1520300A8B5040030B52DED028B0C4614
:1057600083B091ED031AD4ED020A498A94ED010A3F
:10577000054602F093FA18B103B0BDEC028B30BDC0
:105780002B683C4ADB6B94ED008A934254D1DFEDE9
:105790003A7AB4EEE78AF1EE10FA5DD4DFED377AAB
:1057A000B4EEE78AF1EE10FA56DCD5ED587A78EED1
:1057B000677AB3EE047AF0EEE77AF4EEC77AF1EEA8
:1057C00010FA31DAB0EE480A284604F067FA0028E9
:1057D000D2D10121284602F067F80028CCD12B68ED
:1057E00027495A6D94F910408A4238D19B6D254A59
:1057F000934228D104F10903DAB21F2A37D8D5F829
:1058000068212149002A08BF0A4602EB430112F829
:10581000132091F9011000241309284602F00F0209
:10582000009404F007FAA7E7B0EE480A284601F012
:10583000C9FF0028C6D09FE7B0EE480A284698471F
:10584000002899D1C5E702462146284698470028F6
:1058500092D104F10903D2E76FF00B008CE72146E7
:10586000284603B0BDEC028BBDE8304010476FF016
:105870000C0081E7DD520300000016430000704475
:1058800041530300A1520300A8B50400F0B52DED6B
:10589000028B04464F4B056880ED541A16460F469E
:1058A00084F8546193E80700D5F808514A4E87B050
:1058B00003ABB54283E807008DF81470CDED040A00
:1058C0008DED030A5DD1B0EE600A204602F06CFA5D
:1058D00018B107B0BDEC028BF0BD23683F4ADB6B0B
:1058E0009DED038A93425BD1DFED3D7AB4EEE78A0A
:1058F000F1EE10FA5FD4DFED3B7AB4EEE78AF1EE19
:1059000010FA58DCD4ED587A78EE677AB3EE047A60
:10591000F0EEE77AF4EEC77AF1EE10FA38DAB0EE8C
:10592000480A204604F0BAF90028D2D101212046C5
:1059300001F0BAFF0028CCD123682B495A6D9DF99C
:1059400014508A4233D19B6D284A934236D105F1D7
:105950000903DAB21F2A3AD8D4F868212449002A68
:1059600008BF0A4602EB430112F8132091F9011017
:1059700000251309204602F00F02009504F05AF9A1
:10598000A7E719462046A84707B0BDEC028BF0BD3B
:10599000B0EE480A204601F015FF0028BFD098E776
:1059A000B0EE480A20469847002892D1BEE7294623
:1059B000204690478DE76FF00B008AE702462946A4
:1059C00020469847002884D105F10903C4E76FF009
:1059D0000C007EE778B5040001550300DD5203009A
:1059E000000016430000704441530300A15203001D
:1059F000A8B504002DE9F041594DDFF880C12DED27
:105A0000028B06468E46174698460FCD88B003ACEB
:105A10000FC4336886ED542A86F85481D3F80031D8
:105A20002A6822606345F0EE607ACDED040A8DF8B5
:105A30001CE08DED051ACDED061AADF81E708DED4A
:105A4000030A63D1F0EE410A3946B0EE611AB0EEB6
:105A5000670A304602F022F920B108B0BDEC028B93
:105A6000BDE8F08133683F4ADB6B9DED038A9342CA
:105A70005CD1DFED3D7AB4EEE78AF1EE10FA60D446
:105A8000DFED3A7AB4EEE78AF1EE10FA59DCD6EDA2
:105A9000587A78EE677AB3EE047AF0EEE77AF4EEAD
:105AA000C77AF1EE10FA39DAB0EE480A304604F05F
:105AB000F5F80028D1D10121304601F0F5FE00288B
:105AC000CBD133682A495A6D9DF91C408A4234D1A2
:105AD0009B6D284A934237D104F10903DAB21F2A99
:105AE0003BD8D6F868212449002A08BF0A4602EBB1
:105AF000430112F8132091F90110002413093046D4
:105B000002F00F02009404F095F8A6E703A93046CE
:105B1000984708B0BDEC028BBDE8F081B0EE480AB2
:105B2000304601F04FFE0028BED096E7B0EE480A9E
:105B300030469847002890D1BDE72146304690472F
:105B40008BE76FF00B0088E7024621463046984706
:105B5000002882D104F10903C3E76FF00C007CE751
:105B600084B50400DD5203000000164300007044B9
:105B700041530300A1520300A8B504005957030084
:105B80002DE9F0412DED028B614DDFF8A0C186B00B
:105B900004468E4616461F4695E80F009DF8408045
:105BA000256884ED541A84F85481D5F8F88002AD44
:105BB00085E80F00E0459DF93820BDF83C308DF8B0
:105BC00010E08DF811608DF812708DED020ACDEDA8
:105BD000030A8DF81320ADF8143070D13A463146DF
:105BE000204601F0FFFF20B106B0BDEC028BBDE8FE
:105BF000F08123689DF81010D3F8F03020469847C4
:105C00000028F1D123689DED030AD3F8EC3020463B
:105C100098470028E8D123683E4ADB6B9DED028A55
:105C200093425CD1DFED3C7AB4EEE78AF1EE10FAF4
:105C30005ED4DFED3A7AB4EEE78AF1EE10FA57DC83
:105C4000D4ED587A78EE677AB3EE047AF0EEE77A1C
:105C5000F4EEC77AF1EE10FA39DAB0EE480A2046CF
:105C600004F01CF80028BFD10121204601F01CFEE1
:105C70000028B9D123682A495A6D9DF913508A42E8
:105C800032D19B6D274A934235D105F10903DAB22F
:105C90001F2A3AD8D4F868212349002A08BF0A46A7
:105CA00002EB430112F8132091F9011000251309AA
:105CB000204602F00F02009503F0BCFF94E729464E
:105CC0002046C04706B0BDEC028BBDE8F081B0EEC7
:105CD000480A204601F076FD0028BED084E7B0EEE9
:105CE000480A20469847BDE72946204690477BE76B
:105CF0006FF00B0078E702462946204698470028B7
:105D00007FF472AF05F10903C4E76FF00C006BE795
:105D100098B50400DD5203000000164300007044F3
:105D200041530300A1520300A8B50400315D0300F4
:105D300030B52DED028B0C4683B08B898A7A497A77
:105D4000054601F04FFF18B103B0BDEC028B30BD2A
:105D50002B68217AD3F8F030284698470028F3D1F1
:105D60002B6894ED010AD3F8EC30284698470028B8
:105D7000EAD12B683C4ADB6B94ED008A934254D104
:105D8000DFED3A7AB4EEE78AF1EE10FA5CD4DFED9B
:105D9000387AB4EEE78AF1EE10FA55DCD5ED587A90
:105DA00078EE677AB3EE047AF0EEE77AF4EEC77A2B
:105DB000F1EE10FA31DAB0EE480A284603F06EFF31
:105DC0000028C1D10121284601F06EFD0028BBD179
:105DD0002B6828495A6D94F90B408A422CD19B6D4F
:105DE000254A934233D104F10903DAB21F2A38D885
:105DF000D5F868212149002A08BF0A4602EB430171
:105E000012F8132091F9011000241309284602F01A
:105E10000F02009403F00EFF96E7B0EE480A284602
:105E200001F0D0FC0028C6D08EE7B0EE480A284624
:105E30009847002888D1C5E72146284603B0BDEC25
:105E4000028BBDE8304010476FF00B007CE7024644
:105E500021462846984700287FF476AF04F10903CD
:105E6000C6E76FF00C006FE7DD5203000000164339
:105E70000000704441530300A1520300A8B5040080
:105E8000F0B52DED028B01298BB0044600F0EE80B9
:105E9000C0F0868002297DD10368B04AD3F814513E
:105EA000954240F00D81AE49AE4AC0F850110592BE
:105EB0000A2100224FF483758DF81B10ADF818509D
:105EC00080F85421D3F81021A74901238A428DF884
:105ED0001A3040F011811A46062101F083FF002894
:105EE0005AD12368A14ADB6B9DED058A934240F0AD
:105EF0002081DFED9F7AB4EEE78AF1EE10FA00F12F
:105F00001D81DFED9C7AB4EEE78AF1EE10FA00F322
:105F10001581D4ED587A78EE677AB3EE047AF0EE14
:105F2000E77AF4EEC77AF1EE10FA80F2F480B0EE80
:105F3000480A204603F0B2FE70BB0121204601F062
:105F4000B3FC48BB23688C495A6D9DF91B508A42AB
:105F500040F088809B6D894A934240F0F28005F1C1
:105F60000903DAB21F2A00F2F680D4F868218449C6
:105F7000002A08BF0A4602EB430112F8132091F9E8
:105F8000011000251309204602F00F02009503F0CE
:105F900051FE01E06FF013000BB0BDEC028BF0BDC1
:105FA0000768784BD7F804519D4240F09680764EB2
:105FB000DFF8ACC1C4F850C10FCE05AD0FC500234A
:105FC00084F85431D7F80031704A9FED711A316866
:105FD000296093428DED081A40F091801021F1EE76
:105FE000040A9FED6C0A204601F058FE0028D3D128
:105FF00023685E4ADB6B9DED058A934240F09480F6
:10600000DFED5B7AB4EEE78AF1EE10FA00F19680EC
:10601000DFED587AB4EEE78AF1EE10FA00F38E80E5
:10602000D4ED587A78EE677AB3EE047AF0EEE77A38
:10603000F4EEC77AF1EE10FA65DAB0EE480A2046BF
:1060400003F02CFE0028A7D10121204601F02CFCF2
:106050000028A1D1236848495A6D9DF924508A42ED
:106060003FF478AF29462046904795E706684A4BAB
:10607000D6F8FC509D4213D1484B394FC4F85071AB
:106080000FCB002705AD84F8547185E80F00D6F8D2
:10609000F8302946204698470BB0BDEC028BF0BD86
:1060A0000A21082200238DE80E009FED3D1ADFED46
:1060B0003D0A9FED3D0A122307220921A8476BE7FD
:1060C00000210A220123CDE90021DFED350A9FEDF1
:1060D000360A1A460621A8475EE700239FED302ABC
:1060E000DFED2B1ADFED2B0A9FED2F0A10220A217C
:1060F000B1EE041AA8474FE705A990474CE705A958
:106100002046984748E7B0EE480A204601F05AFB7F
:10611000002892D040E7B0EE480A204601F052FB3A
:1061200000283FF404AF37E7B0EE480A204698470E
:1061300088E7B0EE480A20469847FDE66FF00B006E
:106140002AE7024629462046984700287FF424AFD4
:1061500005F1090309E76FF00C001DE7A5530300E3
:10616000CDCCCC3F0000D9432D560300DD520300B7
:10617000000016430000704441530300A152030085
:10618000A8B50400F559030084B50400595703006D
:1061900033331C439A999940815B030098B50400FE
:1061A000CDCCCC3F0000FA420000D94310B50446E4
:1061B00001F0EAF9034A044B2260C4F85831204642
:1061C00010BD00BFF8B50400E8B5040070B5074B7A
:1061D00005460FCB84B02E686C4684E80F00D6F8D5
:1061E000A03021462846984704B070BD10B704007F
:1061F00010B582B0036800220092DC6940F272227E
:1062000002236FF07F41A04702B010BD82B0F0B40E
:10621000012904A880E80C009DF81E209DF81F307D
:106220003AD00FD3022904D06FF01300F0BC02B0B3
:1062300070479DF81130032B00F2BF80DFE803F0B8
:10624000B2ACA876BDF81C109DED046ADFED5C5A77
:1062500007EE902ADB0006EE901AB8EEE77A07EE1A
:10626000903A099BF8EEE66ADB0076EE876AF8EE74
:10627000E77A07EE103A76EEA77AB8EE477A66EE3E
:10628000256A37EE877AF0BCC7EE267A02B0FCEEBC
:10629000E77A17EE900A70479DF81010DDED056A59
:1062A0009DF8204042F21070884007EE100AF2EE8E
:1062B000047AB8EE477A66EEA76A481FC7EE267AD8
:1062C000C0B2022835BF1925112500260826FCEE8C
:1062D000E77A17EE900A24BB8C00E4B2099F07EB23
:1062E0004303C1EB4301002A06EB81030CBF1421D9
:1062F00000211944BDF81C209DF81860631E09B2E6
:106300000029A8BF5B18083293FBF4F39BB206FB8D
:10631000032305EB8303F0BC00FB03F0800802B00D
:10632000704701F13E04A400E4B2D7E7099B03EBF8
:1063300043039BB22349A1FB0321490901EB8102DD
:1063400001EB410102EB8202A3EB011352009BB26D
:1063500092B213B1023313449AB29DF81C101A4B37
:106360009FED1A7AC1EBC10001EBC00102EB4102C3
:1063700092B203FB02F307EE903AF8EE677AF0BCB4
:1063800067EE877A02B0FCEEE77A17EE900A704764
:10639000099B5B009BB2CDE7099B03EB4303C3F36F
:1063A0004F03C7E7099B0A4A03EB43035B0004332F
:1063B000A2FB0323C3F38F03BCE76FF0090035E7AB
:1063C0006F12833AABAAAAAA00127A00AD37063B35
:1063D000CDCCCCCC07EE901A9FED057AF8EE677A1B
:1063E00067EE877AFCEEE77A17EE900A704700BFF7
:1063F0006F12833D036889B2D3F8F430184700BFA9
:106400000368D3F8E4301847D0F86C01704700BF38
:1064100000F00E03062B0BD0082B0CD00A2B0CD04F
:106420000138C0B2FD288CBF6FF00100002070471A
:106430006FF430707047024870470248704700BFE1
:106440003EFDFFFF3DFDFFFF704700BFA9B110B546
:106450000C4602F0EDFA01280CD005D3032806D132
:1064600002232370002010BD0020207010BD6FF0AB
:10647000130010BD2070002010BD6FF002007047A7
:1064800008B50221D0F86C01FEF706FE4FF0FF3090
:1064900008BD00BF30B504460D4683B0D0F86C018E
:1064A00094F86411FEF7F8FD25B12946204602F064
:1064B00095FA48B901220023D4F86C01D121CDE925
:1064C00000221A46FEF74AF803B030BD00B583B08B
:1064D0008AB200231146009302F044FA03B05DF83B
:1064E00004FB00BF00B585B004AA002322F8043DD8
:1064F0000123D0F86C011221CDE900330223FEF70D
:106500004FFCBDF80C0040BA80B205B05DF804FB4A
:106510002DE9F04186B000240646FF270225D0F879
:106520006C010394CDE901572346224640F6E2016F
:106530000094FEF76DFCD6F86C0123462246CDE9A7
:106540000274CDE9004540F6E501FEF761FC6FF00D
:106550007F41304602F03CF9D6F86C311868036888
:106560000A21DB6998472546274601230DF11702CA
:1065700040F6190130468DF8177002F0BBF99DF80E
:10658000170000F00100A04001342843082CC5B2D8
:10659000EBD133684FF0FF08022430461B6998475F
:1065A000D6F86C0103970097CDE90148002301223A
:1065B00040F6E201FEF72CFCD6F86C010397CDE91A
:1065C000014800970023012240F6E501FEF720FC78
:1065D000284606B0BDE8F08138B590F83810022999
:1065E000044626D0032903D06FF01805284638BD8D
:1065F00090F86411D0F86C01FEF74EFD00212046A2
:1066000002F0D0F8054630B1F0E7D4F86C311868E4
:1066100003685B6D9847D4F86C311868D96A0368D1
:106620001B6998470028F0D1002384F838302846A9
:1066300038BDD0F86C01FEF72FFDD4F8A811204624
:1066400002F0C6F80023054684F83830EFE700BFB3
:1066500010B5D0F86C310446186803681B69984778
:10666000C1B22046BDE8104003F0CCBC10B54FF4D9
:10667000E67104460FF006F9204610BD10B5036818
:1066800044F2FF31D3F8F4300446984700B110BD0E
:10669000236820461B69BDE810401847F0B583B059
:1066A0000E46054602F0C4F9012836D12B6828466B
:1066B0001B699847044610B1204603B0F0BD022183
:1066C000D5F86C01FEF7E8FCB168284603F084FCBD
:1066D000F1680746284603F07FFC009482B2234607
:1066E000B9B2284602F03EF904460028E4D12B68EE
:1066F00044F2FF31D3F8F430284698470446002886
:10670000DAD17068F478B3787278317801900094B7
:10671000284602F075F80446CEE76FF01304CBE785
:1067200010B5044602F084F9012802D0BBEE040A39
:1067300010BD204602F0C4FA000A030654BFC0B2DE
:1067400060F0FF0010F07CFC0022044B10F0E2FC33
:1067500010F0F2FE00EE100A10BD00BF0000D03FA6
:1067600008B502F0ADFAC0B210F06AFC0022044B8A
:1067700010F0D0FC10F0E0FE00EE100A08BD00BFE3
:106780000000E0BF10B584B0044602F051F90128C2
:1067900003D194F87431012B10D004AA002322F8FD
:1067A000043D0123D4F86C011321CDE90033022309
:1067B000FEF7F6FA9DF80C0004B010BDD4F8A00165
:1067C00004B010BDF0B52B4B2B4F04460FCB256802
:1067D000D5F8946087B002ADBE4285E80F003FD186
:1067E000204602F025F9012841D1236820461B6983
:1067F0009847054610B1284607B0F0BD0221D4F8ED
:106800006C01FEF749FC0499204603F0E5FB05996D
:106810000646204603F0E0FB009582B22B46B1B25B
:10682000204602F09FF805460028E4D1236844F290
:10683000FF31D3F8F4302046984705460028DAD1D6
:1068400003989DF80B50019000959DF80A309DF833
:1068500009209DF80810204601F0D2FF0546CAE73E
:1068600029462046B0470546284607B0F0BD6FF0E0
:106870001305C0E710B704009D660300F0B5036878
:1068800083B01B6905469847044610B1204603B003
:10689000F0BD95F87431012B0AD02B682846D3F847
:1068A000F43044F2FF3198470446204603B0F0BD6F
:1068B000284602F0BDF801280646EED102AA03469A
:1068C00002F8024D40F60211284602F00BF8044689
:1068D0000028DBD102AF334607F8010D40F6441122
:1068E0003A46284602F006F804460028CED19DF824
:1068F0000740334644F002043A4640F64411284625
:106900008DF8074001F0EEFF04460028BED1C4E731
:106910002DE9F041044684B0D0F86C0116460F46CC
:10692000FDF7C8FF2368324AD3F884309342054606
:106930005AD104AA002322F8043D0123D4F86C01A3
:106940001221CDE900330223FEF72AFABDF80C002C
:1069500040BA80B26FF430739D423CD0A5BB430671
:1069600036D400F0300020280CBF6FF006084FF03E
:106970000008204602F05CF804AA002322F8043D37
:106980000123D4F86C011321CDE900330223FEF773
:1069900007FA9DF80D309DF80C2016B1B24228BFC1
:1069A0003246D2B23946204601F0C8FF054658B9F2
:1069B00023682046D3F8F43044F2FF319847B8F109
:1069C000000F14BF45460546284604B0BDE8F081D7
:1069D0006FF00608CDE710F4007F18BF6FF00505D3
:1069E000284604B0BDE8F08120469847B2E700BFD2
:1069F000E564030010B584B0044602F019F80128DC
:106A000003D06FF0130004B010BD22681349D2F810
:106A100084208A421ED104AA0346002122F8041DC4
:106A2000D4F86C011221CDE900330223FEF7B8F946
:106A3000BDF80C0040BA80B2C30508D410F0800F36
:106A40000CBF4FF0FF306FF00E0004B010BD0448D3
:106A500004B010BD20469047EEE700BFE564030098
:106A600042FDFFFF2DE9F0410F46016884B009693E
:106A7000044616461D46884728BB6DB92368454D18
:106A8000DB6F002E14BF3146FF212046984700EBF4
:106A90008000A5FB0035AD0907EE905A9FED3E7AC8
:106AA0002368F8EE677A002267EE877A0092FCEEA0
:106AB000E77AD3F81C8017EE901A022340F2722274
:106AC0002046C04710B104B0BDE8F081D4F86C3165
:106AD000186803685B6A984780460FE0D4F86C3109
:106AE000186803685B6D9847D4F86C3118680368C0
:106AF0005B6A9847A0EB0800854232D3D4F86C312A
:106B00001868596A03681B6998470028E6D023680B
:106B100020461B6998470346002836D123681F4A40
:106B2000D3F8843093422DD104AA002322F8043DE7
:106B30000123D4F86C011221CDE900330223FEF7C2
:106B40002FF9BDF80C0040BA80B2626B2368104286
:106B500012D11B6B324639462046984704B0BDE837
:106B6000F081236820461B699847034618B16FF4EB
:106B700030729342A7D12368DB6A204698476FF0B2
:106B80000500A0E720469847DFE76FF43072934294
:106B900099D1C3E7D34D621000008042E564030041
:106BA000F0B50368484AD3F89430934285B0044660
:106BB0005CD10E4601F03CFF012852D123682046EB
:106BC0001B699847054610B1284605B0F0BD022163
:106BD000D4F86C01FEF760FAB168204603F0FCF9C6
:106BE000F1680746204603F0F7F9009582B22B467C
:106BF000B9B2204601F0B6FE05460028E4D123686C
:106C000044F2FF31D3F8F430204698470546002877
:106C1000DAD17568F078B37872783178CDE900050B
:106C2000204601F0EDFD054635B1CDE7D4F86C31D5
:106C3000186803685B6D9847D4F86C311868596A16
:106C400003681B6998470028F0D023681F4AD3F8CF
:106C50009830934220462CD101F0EAFE01280346E9
:106C600007D06FF01305284605B0F0BD98470546DC
:106C7000DAE722681649D2F884208A4220D104AA91
:106C8000002122F8041DD4F86C011221CDE9003353
:106C90000223FEF785F8BDF80C0040BA80B2C305A8
:106CA0000CD410F0800F0CBF4FF0FF356FF00E05C5
:106CB0008AE798470546284605B0F0BD054D83E7AD
:106CC00020469047EBE700BF9D660300F56903008F
:106CD000E564030042FDFFFF2DE9F0470F46016820
:106CE00084B0096904461646984688470546D8B9CF
:106CF00094F87131042B06D9072E40F2C48094F821
:106D00007331012B50D0FF2E50D823683146DB6FF2
:106D100020469847824620684346456A32463946AF
:106D20002046A847054618B1284604B0BDE8F087BC
:106D3000204601F07DFED4F86C31564EDFF85C81C0
:106D40008146186803685B6A98470AEB8A0AA6FBC3
:106D50000A36B6090746053607E0D4F86C311868DC
:106D6000596A03681B69984718BBD4F86C311868D6
:106D700003685B6D9847D4F86C31186803685B6AE8
:106D80009847C01B8642E8D2236843499A6A8A42E0
:106D900058D1D3F8F43044F2FF3120469847002808
:106DA00049D06FF00405BFE7FD2EACD96FF00305A5
:106DB000BAE7B9F1030F226851D1D2F884304345C4
:106DC00045D10123D4F86C01ADF80C50CDE9003366
:106DD00003AA02231221FDF7E3FFBDF80C0040BA1D
:106DE00080B210F00103226839D1D2F884204245E4
:106DF00030D1ADF80C300123D4F86C0103AACDE9F1
:106E0000003312210223FDF7CBFFBDF80C305BBA33
:106E10005A04AAD5D4F8C811204601F00F0101F098
:106E2000B9FB0028A1D1236844F2FF31D3F8F43034
:106E30002046984799E7236820461B6998476FF0DA
:106E4000040571E7204690476FF004056CE7204683
:106E50009847C6E720469047430486D5DAE7936A09
:106E60000D498B4212D1D2F8F43044F2FF31204662
:106E70009847054600287FF457AF236820461B69D2
:106E80009847054650E76FF01D054DE720469847A7
:106E9000054649E7D34D62107D660300E5640300B3
:106EA0002DE9F04F8FB00F46054601F0C1FD08AE49
:106EB0000DF1100C0024012874600894B46004944F
:106EC000ACF8044056D00346A0B1032800F021815D
:106ED000022840F0DD8095ED607A9FEDC96ADFED14
:106EE000C97AB8EE477A2346C6EE076AA346CDEDC7
:106EF000086A1AE0D5ED607A9FEDC16A95F88B219A
:106F0000B8EE677AD5ED617AC6EE076A12F0FB0239
:106F1000F8EE677ACDED086A40F0B6800123B5F847
:106F2000902195F88CB1ADF810202968B64AD1F8B7
:106F3000788090454FF0000400F0AF80A6462246CE
:106F40008DF813308DF812B08DF814409CE80300D2
:106F50008DF828E00A9B0190ADF80810CDED097A74
:106F6000039700931146284696E80C00C0470FB0DF
:106F7000BDE8F08F95F871E1BEF1040F7FD9BEF145
:106F8000070F08BF4FF0080E2A6895F8733195F87F
:106F9000749195F872A1D2F878809B4A95F8701197
:106FA0008DF82010003318BF0123A9F1010B1AF14D
:106FB0000004B5F87611ADF81010BBFA8BFB18BFC2
:106FC000012490454FEA5B1BD5ED5E7A40F09F802F
:106FD000CDED097A8DF828E096E807000EAD05E9B9
:106FE00007009DF82C508DF812B042F21072AA40A2
:106FF00006EE902AB2EE047AF8EE666A27EE877AF9
:107000008DF81330C6EE877A8DF814409CE80300A3
:107010006A1FD2B2022A069035BF1921112100221F
:107020000822FCEEE77A17EE900ABAF1000F00F0A2
:10703000968005F13E04A400E4B207EB4303B9F1E6
:10704000010FC5EB430302EB830314BF142200229C
:107050001344BDF818501AB2631E002AA8BF9B182B
:1070600005F1080293FBF4F39BB20EFB032E01EB38
:107070008E0E00FB0EF080080FB0BDE8F08F0EF111
:10708000040E5FFA8EFE7FE7022A08BF022346E75E
:107090006FF013000FB0BDE8F08FCDED097A8DF8D9
:1070A000284096E807008DF813308DF814408DF8CD
:1070B00012B00EAC04E907009CE8030080B207EEB2
:1070C000900AFF00F8EEE76A07EE907A07EE10BA32
:1070D000F8EE677AB8EEC77A76EEA77A1BB2DB00D5
:1070E00077EE877A07EE103ADDED0B6A9FED476A7F
:1070F000B8EEC77A66EE866A37EE877AC7EE267AEA
:10710000FCEEE77A17EE900A0FB0BDE8F08F01228F
:1071100016E729683C4BD1F8788095F8AD118DF8C9
:10712000201095F8AC118DF8211095F8B3118DF859
:107130002210984595F8AE118DF8101058D196E8A8
:1071400007000EAB03E907009CE803009DF82D3013
:107150000690032B49D8DFE803F03E393605AC0032
:10716000E4B26AE707EB4707BFB2294AA2FB07323E
:10717000520902EB820302EB4202A7EB021703EB78
:1071800083035A00BFB292B217B102373A4492B2A7
:107190009DF818101F4B9FED207AC1EBC10001EB49
:1071A000C00102EB410292B203FB02F307EE903AF8
:1071B000F8EE677A67EE877AFCEEE77A17EE900AC8
:1071C0000FB0BDE8F08F7F00BFB2CEE707EB4707F7
:1071D000C7F34F07C9E707EB47077F000F4B04379B
:1071E000A3FB0737C7F38F07BFE76FF0090043E73B
:1071F0002346A346A646DFED037A0222A0E600BF9F
:1072000000007A49000000000D6203006F12833A0B
:10721000ABAAAAAA00127A00AD37063BCDCCCCCCE3
:107220002DE9F0410229C8B00E46174604465DD04C
:10723000032956D15368FF2B00F2748101F0F8FB4B
:107240000128054600F0E080002800F0B280022806
:1072500000F0E980032840F06881002344F2010235
:1072600000931146204601F07DFB00283BD10246E9
:107270000146204601F000FDA8BB032D00F0EA8086
:1072800003463A793968204601F044FB58BB23682D
:1072900044F2FF31D3F8F43020469847054610BB3E
:1072A00008AA012340F6890120468DF8205001F0FC
:1072B00021FBC0B9204601F0BBFB012800F04B8147
:1072C0009DF8200040F004008DF8200008AA01235A
:1072D00040F68901204601F005FB20B984F83860AA
:1072E00001E06FF0180048B0BDE8F08190F874310B
:1072F000012B00F08280236820461B6998470028F4
:10730000F1D13A686FF07F439A4203D0BB6843F4EF
:107310000073BB607968204602F05EFEB9680546DE
:10732000204602F059FE002382B2A9B20093204603
:1073300001F018FB0028D6D102460146204601F094
:107340009BFC0028CFD1236844F2FF31D3F8F430FE
:10735000204698470028C6D1204601F069FB012845
:1073600000F0E980002840F0E08094F88E01B4F845
:10737000901194F8882194F88B3194F88CC194F88A
:107380008DE1002840F0D48094F8A081CDF808E089
:107390000025CDE90308CDE900C5204601F012FC27
:1073A0003B685A1C04BF6FF07F433B60C4F8A831B0
:1073B00094E797F804C094F88E0194F88B3194F810
:1073C0008821B4F890110195CDF810C094F88DC1C2
:1073D000039094F88C010090CDF808C0204601F08D
:1073E000F1FB00287FF47FAF00900346012240F2BA
:1073F0000121204601F0B6FA37E7D368002B3FF4AD
:107400007AAFC0F8A03176E794F8740194F8A4C17B
:107410003B7994F87321B4F87611CDE9000C20463D
:1074200001F0A6FBDDE77968D4F88031C800642B51
:1074300080B241F6705E43F20F7C40F2E14300906F
:1074400040F62F12C9B204BF73466246204601F0CF
:10745000E5FBC6E7204600F0CBFF00287FF443AFF2
:1074600094F8AE31C3F10403002B0ADD0546204633
:1074700001F06AF894F8AE310135C3F10403AB4270
:10748000F5DC0025FF22002108A810F064FBC4F8F9
:10749000C051C4F8C451C4F8C851D7E9001204F56A
:1074A000E27004F5E07307AFCDE90130009708AB57
:1074B0002046079500F0E6FC00287FF414AF034651
:1074C00008A93A78204601F025FA00287FF40BAF8E
:1074D0003B68D4F8C4018DF8193001218DF81810DB
:1074E0008DF81A0006AA032340F28531204601F0E8
:1074F000F9F900287FF4F7AE94F8C431102B1F4639
:1075000028BF1027002B3FF4C2AE054602E0BD4263
:107510003FF4BDAEE9B2204601F03CF80135002849
:10752000F5D0E0E66FF00300DDE64FF0FF30DAE67D
:107530004FF0FF082AE794F8740194F8A45194F8E6
:10754000A03194F87321B4F87611CDE900052046F6
:1075500001F00EFB24E7D4ED5E7ADFED096A9FEDC2
:10756000097A9DF8200077EEE67AF0EEE77AF4EEFD
:10757000C77AF1EE10FA3FF6A3AE00F0FB00A3E6E7
:107580000000FA436F12833AF8B504460F4602F042
:10759000FDFC3948394B0069C4F85031002240F2F3
:1075A0000163A4F8AC31C4F8AF0100230320C4F890
:1075B0006021C4F87821C4F8942131492160012266
:1075C00084F84D3184F85431C4F8583184F85C3172
:1075D000C4F86831C4F8703184F87431A4F8763195
:1075E000C4F88031C4F88431C4F88831A4F88C31EF
:1075F00084F88E31A4F89031C4F8983184F89C3125
:1076000084F89D3184F89E31C4F8A03184F8A43107
:10761000C4F8A83184F8640184F8AE0184F87C21B0
:10762000FF2584F8B3310220042122610822A560DD
:10763000606120254020A161E26180214FF48072C9
:10764000C4F8B431C4F8B831A4F8BC31C4F8C031BE
:10765000C4F8C431C4F8C831C4E909501023C4E9DE
:107660000B12084E23624FF40073C4F86C7166600D
:1076700063632046F8BD00BF10B70400CDCCCC3FFB
:1076800030B704000024743F10B4032ABDF804404E
:1076900013D8092980F8AC2112D85A1E032A80F881
:1076A000AD1110D8B4F5007F80F8AE310ED2A0F83D
:1076B000BC4100205DF8044B70476FF00900F9E70A
:1076C0006FF00700F6E76FF00A00F3E76FF069006C
:1076D000F0E700BF70B5D0F86C31044618680D466D
:1076E000996A036882689B689847D4F86C31186877
:1076F000996A0368C268DB689847D4F86C311868E7
:1077000003680121DB699847D4F86C311868996ADD
:1077100003680269DB68984715B90025284670BDE3
:10772000D4F86C31186803685B6A9847064611E024
:10773000D4F86C31186803685B6A9847801BB0F511
:107740007A7F4FF00A01E9D2D4F86C3118680368E7
:10775000DB699847236800215B6920469847054606
:107760000028E5D1D9E700BF00B585B0B9B904AAB2
:10777000012302F8011DD0F86C011521CDE9003379
:10778000FDF70EFB9DF80F3000EE103AB8EE400A00
:10779000FEEE007A20EE270A05B05DF804FB01F04A
:1077A0008FFAC0B20FF04CFC0022054B0FF0B2FC78
:1077B0000FF0C2FE00EE100A05B05DF804FB00BF3A
:1077C0000000E0BF30B5FDEEC07A2DED048B17EE62
:1077D000903A85B0A3F2863200211A2A0546ADF808
:1077E00008100BD84EF6E113ADF80830284602A970
:1077F00001F00EF905B0BDEC048B30BDA3F25F3291
:10780000072A04D84DF6D733ADF80830EEE7A3F2D7
:107810000B32082A08D9A3F5EB72282A09D848F2B6
:107820007513ADF80830E1E74CF2C153ADF80830FC
:10783000DCE7A3F5D7730A2B31D9B1EE049AB0EE89
:10784000408A30EE490AF5EE008A20EE280A0FF051
:107850005FFA38EE098AFCEEC07A28EE280ACDEDF0
:10786000017A0FF00FFA9DF80440FCEEC07AE207AF
:10787000CDED017A9DF8043001D4013CE4B2D90782
:107880005CBF0133DBB2284603A98DF80C408DF8AC
:107890000D3001F0BDF805B0BDEC048B30BD46F6EF
:1078A0006B73ADF80830A1E7F0B583B002AC0023EC
:1078B00004F8013D0F462246012340F6D801064652
:1078C00001F018F878B99DF8075077B925F01E0532
:1078D00045F0080522463046012340F6D8018DF8D0
:1078E000075000F0FFFF03B0F0BD45F01E05F1E7C3
:1078F000F0B583B002AC002304F8013D0F462246E8
:10790000012340F23671064600F0F4FF80B99DF87D
:107910000750012F0CBF05F0FB0545F0040522467A
:107920003046012340F236718DF8075000F0DAFF3F
:1079300003B0F0BDF0B585B0044601F079F8F0B9B8
:10794000D4F88031D4F86C11B3F5966F46D0FF2689
:107950000225B3F5167F4FF003030390009308460A
:10796000CDE901564FF0040347D0082240F2D1611F
:10797000FDF74EFA024630B1104605B0F0BD0022C8
:10798000104605B0F0BDD4F86C010423CDE90262C5
:10799000CDE9005540F69B01FDF73AFA0246002872
:1079A000EAD10427D4F86C010392CDE901561022E4
:1079B00000973B4640F6B801FDF72AFA0246002838
:1079C000DAD1D4F86C010623CDE90262CDE9007565
:1079D00040F2AC61FDF71CFA0246CDE70423FF2517
:1079E000022402460390CDE901450846009340F683
:1079F000B801FDF70DFA0246BEE7182240F2D16148
:107A0000FDF706FA02460028B6D10423D4F86C012B
:107A10000392CDE901561A46009540F69B01FDF709
:107A2000F7F902460028A7D10427D4F86C01039285
:107A3000CDE9015600973B4640F6B801FDF7E8F95D
:107A40000246002898D1D4F86C010623CDE90262E1
:107A5000CDE90075502240F2AC61FDF7D9F902463C
:107A60008AE700BF2DE9F041044684B0D0F86C01EC
:107A70008846FCF729FBD4F86C311868596AD0E9BC
:107A800000329B689847D4F86C311868D96AD0E9FD
:107A900000329B689847D4F86C314F4A1021197412
:107AA000D4F86C1108234B74D4F86C118B74D4F88F
:107AB0006C110123CB74D4F86C111D200881D4F80B
:107AC0006C110D204881D4F86C1100258D81D4F8FB
:107AD0006C11C020C881D4F86C110B71D4F86C31D2
:107AE0005A61D4F858710A26237B002B46D16B4685
:107AF00010224FF44871D4F86C01CDE90055CDE95E
:107B00000255FDF7F9F869460622384610F03BFFAA
:107B10000A21F8B994ED540AB5EEC00AF1EE10FA54
:107B200006DD41F28831204601F09AFF054668B92A
:107B30004146204602F0C0F8054620BB94F8543177
:107B4000002B40D1204601F0FDFE0546284604B03A
:107B5000BDE8F081D4F86C3118680368DB69984798
:107B6000731E13F0FF06BFD1D4F86C01FCF7C2FA04
:107B70006FF00105284604B0BDE8F08101212046E0
:107B8000FFF7A8FDB3E7236820461B699847204606
:107B900001F0B4F8114B9D42D8D18306D6D59FEDA4
:107BA000100A41F2883184ED540A204601F058FF52
:107BB00005460028CAD14146204602F07DF8054618
:107BC0000028C3D1BAE7204601F0B8FE0546284692
:107BD00004B0BDE8F08100BF116403003DFDFFFF6C
:107BE00000000000F0B52A4DC0F878511D4606236C
:107BF000284E80F85C310F460023FF2183B0C0F887
:107C00007061C0F8A011A0F87651C0F8983180F8E2
:107C10007431012104461646FFF724FF08B103B072
:107C2000F0BD02463946204601F0D8F90028F6D1C9
:107C300031464422204601F007FA0028EFD123689C
:107C400029461B6E204698470028E8D19FED120A6E
:107C5000204601F01DFA0028E1D10121204601F063
:107C6000D7FF0028DBD10123009341F60F5241F2E8
:107C700021030221204601F09FFD0028CFD1236877
:107C80001B6D0146204603B0BDE8F040184700BF19
:107C90000000FA43090300010000704270B545F28C
:107CA00055332DED048B4CF6CC42C0F880311A23AD
:107CB0003A4EC0F8842180F889310922062384B025
:107CC0000D46A0F89011C0F8946180F88A2180F8E0
:107CD0008B3100210446B0EE408AF0EE608AB0EEAF
:107CE000419AFFF7BFFE18B104B0BDEC048B70BD24
:107CF0002368B0EE480A1B6C204698470028F3D151
:107D00002368B0EE680A5B6C204698470028EBD1E8
:107D1000B0EE490A204601F01DFC0028E4D19FED99
:107D2000200A204601F0B4F90028DDD12368294655
:107D30001B6E204698470028D6D11A4A2368908A9D
:107D4000DB6D04A9022221F8040D20469847002883
:107D5000CAD1236801469B6C204698470028C3D1AE
:107D600023680146DB6C204698470028BCD1FF21E0
:107D7000204601F09FFD0028B6D10125009541F273
:107D8000210341F60F520221204601F015FD002883
:107D9000AAD12946204601F03BFFA5E733331C4317
:107DA0000000704210B7040010B502212DED028BC7
:107DB0000446B0EE408AFFF755FE10B1BDEC028BD1
:107DC00010BD2368B0EE480A1B6C20469847002877
:107DD000F4D1BDEC028B20460121BDE8104001F03A
:107DE00017BF00BF70B50D4686B080F8B3310321D0
:107DF00004461646FFF736FE08B106B070BD9FED8B
:107E00001F0A204601F044F90028F6D1012120463E
:107E100001F0FEFE0028F0D1CDE90300CDE901001C
:107E20000090034602460146204600F0CBFE0028A3
:107E3000E3D10B22236884F88901C4F8840184F813
:107E40008A211B6C9FED0E0A204698470028D4D14A
:107E5000032E0DD8092D84F8AC610CD803224FF401
:107E6000807384F8AD5184F8AE21A4F8BC31C4E726
:107E70006FF00900C1E76FF00700BEE70000704235
:107E80000000FA3E2DE9F04FADF52B7D1C46059024
:107E90000892D2B18D18013D0139601EFF231A11DD
:107EA00011F8016F82EA531282EAD3025E4002F0B7
:107EB000010282EAD312370942EA430347EA06166F
:107EC0008D42DBB200F8016FE9D1DDF820C0CE4869
:107ED00062464FF6FF7E0025102747F25B5621468B
:107EE000C0E9016E0770961C6746C56002F0D2F8C3
:107EF000E319C0F30722E255294658704FF418726F
:107F0000F300A55512A81E4609930FF024FE032185
:107F1000BE480B9502F00CF90BAB0093B21D12ABEF
:107F20002146BA4802F008F92946FF2220460FF000
:107F300012FE059B93F8ACC1BCF1030F00F04C821C
:107F4000B34BDDF82C800FCB0EAF3E4607C626F8AC
:107F5000023BBCF1020F4FEA134333709CBFAD4BA1
:107F600013F80C50B8F1000F00F0398200218A4656
:107F700008464FF001096FEA0A0303F0070317F8F8
:107F800000C0CA4309FA03F34FEAD10E4FEADA06FA
:107F900002F007025BB2BCF1000F12D00DF1480CE9
:107FA0000AF1010A1CF80EC014F906E04CFA02F2BC
:107FB00012F0010F43EA0E020ABF2EEA0303A25594
:107FC000A3550130A84200F0B38101318845D2D1D8
:107FD0000AF10702D208214612A8CDF82CA00FF012
:107FE00096FD059B93F8AE31C3EBC30203EBC202CF
:107FF000520092B29446BAF1000F00F0878000223E
:10800000013292B202FB02F15145F9D30FFA8AF123
:108010004FEA420E00294FEA520204911FFA8EFEE7
:10802000079273DD0020CDF808A0039007464FF0BB
:108030000109E2464FEADA026FEA0A03A15CCDF8D1
:1080400018A003F0070309FA03F321EA03010AF178
:108050000103A154DA10DB43A15C03F0070309FA22
:1080600003F321EA0303A354049B6FF00208302BAF
:10807000A8EB0A08A8BF30230AF1020BDDF81CA008
:108080009C460026C0F3CF0212A9A8EB06038D5C24
:108090000BEB0601C910C24303F0070302F007020D
:1080A00045FA02F209FA03F365565BB212F0010FCA
:1080B00025EA030208BF62547044029A18BF2B439A
:1080C00080B218BF635490420AEB070309D39FB2F2
:1080D000039BBE4503F101039DBF9FB23846039742
:1080E0003846013633B26345CCDB049BDDF818A07B
:1080F000303B1BB20CF1020CE244002B04931FFA3C
:108100008AFA97DC059B93F8AE31D446059A9DF820
:10811000207092F8AC51B2F8BC0192F8B36192F8B9
:10812000AD118DF83070EA0042EA8602061146EA87
:10813000411642EAD1026FF0710101FB03C142F026
:1081400002028DF83260304E8DF831202F27020167
:108150004FF0FF0C08200B910021D2B23070C6E91D
:10816000017CF160002B00F0ED80DFF8B09002910F
:108170000E4609F1280AA9F127080EAF0125013B97
:108180005B1A22F00C0242EA83030CA904221E4867
:108190008DF8333001F07EFF4FF0000B8DF8340086
:1081A00002211A48A7F808B0C7E900BB01F0C0FFD8
:1081B0003B4628220CA9CDF800B0144801F0BCFFC2
:1081C0003B4628220CA9CDF800B0104801F0B4FFBE
:1081D000F208F343A15C104803F0070305FA03F328
:1081E00021EA0301731CA154DA10DB43A15C03F004
:1081F000070305FA03F321EA030306F1020CA35473
:108200006FEA0C0C0CE000BF04820020008200200A
:1082100028B804004CB804004FB8040077B8040034
:108220004378C21CD908A2EB0802324417F801E0D7
:10823000D208DB430CF0070103F007034EFA03F307
:1082400005FA01F114F902E013F0010F49B24EEA08
:10825000010300F101000ABF2EEA0101A354A15459
:1082600048450CF1FF3CDBD106F14A0C5D486FEA52
:108270000C0C437800F12302D908A2EB0802324427
:1082800017F801E0D208DB430CF0070103F0070305
:108290004EFA03F305FA01F114F902E013F0010FAD
:1082A00049B24EEA010300F101000ABF2EEA0101C2
:1082B000A354A15450450CF1FF3CDAD16FF02A0EC3
:1082C000DDF814C00396AEEB060E06F12A0B002073
:1082D0000CEBD00200EB0B0192F8AF61C908AEEBDA
:1082E0000003C24303F0070302F0070246FA02F25A
:1082F00005FA03F3665612F0010F5BB246EA030279
:1083000000F101000ABF26EA0303625463542028E7
:10831000DED1059B029A039E93F8AE31013272368C
:1083200093420292B6B20AD99DF83320029926E709
:10833000013141454FF000007FF41DAE48E6059A3B
:1083400092F8AC51099A063292B2032D06D8DFE8B2
:1083500005F03934310202EB420292B2224DA5FB04
:108360000210400902F12F0400EB800100EB4000F5
:10837000A2EB0012A5FB045401EB8101B69803EBBC
:108380005413490092B203608BB212B102321A4404
:1083900093B2059A92F8AE11722212FB0133B5998D
:1083A000DA1D0B60B49BD20800201A600DF52B7DFE
:1083B000BDE8F08F520092B2D0E702EB4202C2F366
:1083C0004F02CBE702EB4202520008490432A1FB04
:1083D0000212C2F38F02C1E7DDF82CA002E6C2460A
:1083E0004246F8E577B80400ABAAAAAACDCCCCCC1B
:1083F00070B4524D524B8BB0064603930FCD05AC73
:108400000FC42A6896F8AD3196F8B31122600AAA13
:1084100002EB430300294FF0060243F63611ADF894
:1084200010104848A6F8B62114BF0821342149F29B
:108430008E5233F8143CB3FBF1F33C2B0290ADF8B1
:108440000420A6F8B43109D02ED9B92B68D01DD894
:10845000562B48D0632B46D03E2B20D1B6F8BC31EA
:108460000AAA02EB931203F03F0112F81C2CA6F8A3
:10847000B821B3F5C07F4FF03802A6F8BA11A6F8BC
:10848000B6210CD200200BB070BC7047B3F5C37F8F
:108490003AD040F29312934236D0C62B40D06FF0C0
:1084A00069000BB070BC70471C2B06D016D9232B6B
:1084B00003D02F2B01D01E2BF1D1B6F8BC310AAA64
:1084C00002EB9311B3F5C07F03F03F0211F81C1CBF
:1084D000A6F8B811A6F8BA21D4D3E0E70A2BECD05D
:1084E000162BDCD1E9E7B6F8BC310AAA02EBD312AD
:1084F000002012F8202CA6F8B82103F07F03A6F87C
:10850000BA310BB070BC7047B6F8BC31A6F8BA31BE
:108510004FF484720020A6F8B8210BB070BC7047ED
:10852000B6F8BC310AAA02EB1322DBB212F8242CF3
:10853000A6F8B821A6F8BA31A4E700BF38B80400FD
:10854000212D30334144474810B4B0F8B631B0F86B
:10855000BA21B0F8B44103F001015B0819B1B0F8D9
:10856000B8114B409BB29A4282EA030107D0A14264
:10857000F1D8A0F8B6315DF8044B08467047A34225
:1085800001D91346E7E7A0F8B631194608465DF869
:10859000044B7047D0F8C431002B00F08680F0B552
:1085A000B0F8B631B0F8BA41B0F8B45183B003F0C6
:1085B00001025B081AB1B0F8B82153409BB29C424B
:1085C00084EA030269D0AA42F1D8013A92B214B205
:1085D000B4EB550FA0F8B63190F8B331A8BF521BD9
:1085E00005F00105A8BF14B20135002B59D11A239B
:1085F00003FB05F54FF4D043D0ED587A9FED357A63
:10860000D0F8C86190F8AE2167EE877A9642FCEE0A
:10861000E77A17EE907A03FB1473A3EB452504D297
:10862000921BD30758BF05F5807501EB4106044640
:108630002A0E280C760004230F464FEA152C8DF8DD
:1086400004208DF8050006F28A310DEB0302204666
:108650008DF807508DF806C000F044F9D8B937BB43
:108660007320054606F562718DF80100002602238D
:108670006A4620468DF8006000F034F958B904F5D8
:10868000E0710EC94D1B013A0133C4F8C051C4F862
:10869000C421C4F8C83103B0F0BDAB4212D923469F
:1086A00085E7AD004FF48053A6E71846704794F86D
:1086B000AE31BB4208D8D4F8C001312807D885B202
:1086C000C0B2CFE71A4680E772200546CAE73220DB
:1086D0000546C7E700008049014801F025BD00BFFD
:1086E0000082002030B5012185B00446D0F86C012D
:1086F000FCF7D2FC04AA042302F8013D0023D4F8BD
:108700006C018421CDE900330123FBF727FFD4F866
:108710006C310546186803680121DB6998472846D3
:1087200005B030BD30B5044685B00121D0F86C01EC
:1087300094F84D51FCF7B0FC0023D4F86C011A46B4
:10874000CDE900331946FBF709FF04AA0123D4F849
:108750006C0102F8045D8021CDE90033FBF7FEFED9
:1087600005B030BD30B5044685B00D46D0F86C017B
:108770000121FCF791FC0023D4F86C011A46CDE9E5
:1087800000331946FBF7EAFE04AA0123D4F86C0172
:1087900002F8045D8021CDE90033FBF7DFFE05B070
:1087A00030BD00BF30B585B001230D0C0C0A8DF82B
:1087B0000E10D0F86C018DF80C50CDE9003303AAEF
:1087C000032383218DF80D40FBF7C8FE05B030BDB3
:1087D00030B585B000220123D0F86C018DF80E1061
:1087E0000D0C01920C0A009303AA032382218DF839
:1087F0000C508DF80D40FBF7B1FE05B030BD00BF49
:10880000F0B585B0DDED0B7A9FED277A9DF82860F5
:10881000F8EE677A054667EE877A95F87041FCEEC8
:10882000E77AFF2917EE900A4FEA10478DF80C708F
:108830004FF002078DF80E0004F10D044FEA1020EE
:108840008DF8087018BF8DF80810FF2A8DF80940C0
:108850008DF80D0018BF8DF809200A20FF2B4FF06E
:108860000104ADF80A0002AA18BF8DF80A30D5F845
:108870006C01FF2E4FF00703CDE900444FF0880153
:1088800018BF8DF80B60FBF769FE034640B9D5F8B9
:108890006C011A46CDE90044C521FBF75FFE034693
:1088A000184605B0F0BD00BF6F12833D10B500241F
:1088B00084B061F3070463F30F249DF81830D0F8F7
:1088C0006C0162F3174404AA63F31F64012342F8A6
:1088D000044D9521CDE900330423FBF73FFE04B09E
:1088E00010BD00BF08B5D0F86C01FBF771FC00208B
:1088F00008BD00BF38B504461D46D0F86C011346CC
:108900002A46FCF7F9F9D4F86C01BDE83840FBF7CA
:10891000D1BF00BF10B586B00124D0F86C018DF82E
:10892000153000920B46CDE9014402220E2405A920
:108930008DF81440FBF7F2FE06B010BD10B586B0FE
:108940000124D0F86C018DF8153000920B46CDE96A
:10895000014402221E2405A98DF81440FBF710FDE6
:1089600006B010BD70B51D4684B00123D0F86C016F
:10897000BDF820408DF80910CDE900330823D94017
:108980008DF8081022FA03F18DF80F408DF80B20B6
:1089900025FA03F68DF80A10240A19460DEB030296
:1089A0008DF80D508DF80C608DF80E40FBF7D6FD5C
:1089B00004B070BD30B5022385B001220C460D0A0B
:1089C000D0F86C018DF80D40CDE90022194603AABC
:1089D0008DF80C50FBF7C2FD05B030BD70B584B00A
:1089E00001230E0E0D0C0C0A8DF80F10D0F86C013F
:1089F0008DF80C60CDE9003303AA042386218DF89D
:108A00000D508DF80E40FBF7A9FD04B070BD00BFFE
:108A100000B5012383B00A46D0F86C019821CDE956
:108A200000330223FBF79AFD03B05DF804FB00BF9F
:108A300000B585B004AAFF2302F8013D0123D0F858
:108A40006C011121CDE90033FCF7AAF99DF80F0064
:108A500005B05DF804FB00BF30B585B001230D46BD
:108A600004468DF80D20D0F86C018DF80C50CDE93E
:108A7000003303AA02238E21FBF770FD08B984F8A6
:108A80009C5105B030BD00BF30B585B090F87C4139
:108A90009DF820509CB190F8704190ED5E6A0125E0
:108AA00005FA04F407EE904AF8EE677AB3EE007A1E
:108AB000C7EE866AF4EEC76AF1EE10FA18DB80F8AA
:108AC0007251002461F3070462F30F2463F3174427
:108AD00004AA65F31F64012342F8044DD0F86C0129
:108AE0008B21CDE900330423FBF738FD05B030BD01
:108AF000002580F87251E4E770B584B0D0F86C01BD
:108B0000089C8DF80B208DF80C3001220B0CCDE960
:108B100000228DF808300A0A08238DF80A108DF813
:108B20000920260C250A0DEB03028B218DF80F403E
:108B30008DF80D608DF80E50FBF710FD04B070BD80
:108B400030B585B001238DF80F200D0C0C0A8DF87F
:108B50000E10D0F86C018DF80C50CDE9003303AA4B
:108B600004238B218DF80D40FBF7F8FC05B030BDD8
:108B70002DE9F04385B00C469DF834509DF83080C7
:108B8000294616461F468146FEF7B2FEB0B90123BC
:108B9000D9F86C018DF80940CDE90033240A062389
:108BA00002AA8C218DF808408DF80A808DF80B7090
:108BB0008DF80C608DF80D50FBF7D0FC05B0BDE8CA
:108BC000F08300BF70B586B00C0A8DF80E2001222C
:108BD0008DF81330D0F86C019DF828309DF8306086
:108BE0008DF80D10CDE900229DF82C209DF8345011
:108BF0008DF80C408DF80F309DF838408DF810201E
:108C0000092303AA8C218DF814608DF811508DF87A
:108C10001240FBF7A3FC06B070BD00BF70B584B076
:108C20000546BDF820408DF808108DF80A20194639
:108C3000120A01238DF809200A0AD0F86C018DF878
:108C40000C10260A8DF80B20CDE9003302AA8C21E6
:108C50008DF80E408DF80D60FBF780FC044638B9A6
:108C6000D5F86C0106230DF10902F021FBF7B0FAEB
:108C7000204604B070BD00BF00B585B001238DF85B
:108C80000C108DF80D20D0F86C0103AACDE900334B
:108C90008F210223FBF762FC05B05DF804FB00BFE7
:108CA00000B585B004AA012302F8041DD0F86C01B8
:108CB0009621CDE90033FBF751FC05B05DF804FBCC
:108CC00010B5012384B0002403AAD0F86C01ADF8DC
:108CD0000C40CDE90033142103238DF80E40FCF73E
:108CE0005FF89DF80D309DF80C209DF80E001B02DA
:108CF00043EA0243184304B010BD00BF00B585B07D
:108D000004AA002322F8043D0123D0F86C011721A6
:108D1000CDE900330223FCF743F89DF80C009DF8E1
:108D20000D3043EA002005B05DF804FB00B585B0C6
:108D300004AA002322F8043D0123D0F86C01072186
:108D4000CDE900330223FBF709FC05B05DF804FB15
:108D50002DE9F041D0F86C311C680F46596A236840
:108D600005469A6D5E6920469047D5F86C311B68C0
:108D700001463A462046B4465B69BDE8F04160478B
:108D800070B5D0F86C311C68596A236820469A6D1A
:108D90009D6990472B4601462046BDE87040184724
:108DA00030B583B00D460446FFF742FE012814D1CA
:108DB0006B1F072B0ED894F8720194F8713194F858
:108DC0005C2184F87051294600902046FFF75CFE34
:108DD00003B030BD6FF00800FAE76FF01300F7E75B
:108DE00010B52DED028B82B0B0EE408A0446FFF73D
:108DF0001FFE80BBB5EEC08AF1EE10FA25D4DFED80
:108E0000177AB4EEE78AF1EE10FA21D4DFED147A86
:108E1000B4EEE78AF1EE10FA1ADC9FED120A28EEA2
:108E2000008AFCEEC87A17EE900AC4F8840194F820
:108E3000893194F88A21D4F8801100902046FFF7F8
:108E40005BFE02B0BDEC028B10BD40F27520ECE77A
:108E50006FF06500F5E76FF01300F2E79A99193F9C
:108E6000000048436F1283442DE9F04102680F4D22
:108E7000D2F8E440AC4215D1D0F86C311D680E46F2
:108E8000596A2B6804469A6D5F6928469047D4F862
:108E90006C311B68014632462846BC465B69BDE81A
:108EA000F04160472346BDE8F0411847518D03006B
:108EB00002680B49D2F8E8208A420FD170B5D0F889
:108EC0006C311C68596A236820469A6D9D699047E9
:108ED0002B4601462046BDE870401847104700BFAA
:108EE000818D030030B52DED028B85B0B0EE408A48
:108EF0000446FFF79DFD012868D1B5EEC08AF1EE6A
:108F000010FA49D4DFED337AB4EEE78AF1EE10FAC5
:108F100042DCDFED317AB6EE007AE8EE077AFCEE5D
:108F2000E77ACDED037A9DF80C300F2B3AD00AD9B1
:108F30003E2B43D022D97D2B38D0FA2B2CD10620C2
:108F400084F85C0109E0052B34D01FD9072BF7D03A
:108F50000A2B21D1092084F85C0194F8725194F80D
:108F6000713194F8701184ED5E8A024600952046B6
:108F7000FFF78AFD05B0BDEC028B30BD142B21D06C
:108F80001F2B09D1032084F85C01E6E7032B03D1F2
:108F9000002084F85C01E0E76FF0070005B0BDEC4D
:108FA000028B30BD022084F85C01D6E7052084F8EE
:108FB0005C01D2E7082084F85C01CEE7042084F845
:108FC0005C01CAE70A2084F85C01C6E76FF0130071
:108FD000D0E700BF0000FF430AD7233C70B582B042
:108FE0000D4616460446FFF723FD012828D1281F09
:108FF000C3B2042B21D86EB984F8713194F8720190
:1090000094F85C2194F8701100902046FFF73CFD25
:1090100002B070BD042810D8DFE800F00B07070F7E
:109020000300072384F87131E8E784F871512B4677
:10903000E4E7002384F87131E0E76FF00900E7E727
:109040006FF01300E4E700BF2DE9F04182B00E4657
:1090500017468046FFF7ECFC012815D126F00F05D6
:1090600007F00F0445EA171544EA061440460223A8
:1090700001AA4FF4E8618DF804508DF80540FFF720
:1090800031FC02B0BDE8F0816FF01300F9E700BFDA
:10909000B5EEC00AF1EE10FA1BD4DFED0F7AB4EE94
:1090A000E70AF1EE10FA14DC00B5DFED0C7A20EEE1
:1090B000270A83B0FCEEC07A02AA17EE901A0123A9
:1090C00002F8011D40F6E701FFF70CFC03B05DF864
:1090D00004FB6FF01000704700000C43CDCCCC3E79
:1090E00000B583B002AA002302F8013D40F6E70173
:1090F0000123FFF7FFFB9DF8073000EE103AB8EEB2
:10910000400AF0EE047A20EE270A03B05DF804FB73
:10911000F0B587B00D460446FFF78AFC012833D02E
:10912000002843D194F88C01ABB28342A8BF034618
:10913000A9B21F2BA4F8901116DD072294F88E51C6
:1091400084F8882194F88B3194F88D71ADB994F836
:10915000A0C100900026CDE9035C0297204601964D
:10916000FFF730FD07B0F0BD172BDAB208DC0F2A8D
:1091700008D8002A18BF0422E0E74FF0FF0CE8E708
:109180000622DBE70522D9E794F8A41194F87401CC
:1091900094F8A03194F873210191A9B2A4F8761142
:1091A00000902046FFF7E4FC07B0F0BD4FF0FF3021
:1091B000D8E700BF10B52DED028B82B0B0EE408A2B
:1091C0000446FFF735FC90B3032822D002284FD184
:1091D000DFED297AB4EEE78AF1EE10FA45D4DFED3F
:1091E000277AB4EEE78AF1EE10FA3EDC9FED247A9E
:1091F000C7EE087A16222046FCEEE77A17EE901AA0
:10920000C4ED607AFFF79CFC38B302B0BDEC028B72
:1092100010BDDFED1C7AB4EEE78AF1EE10FA24D42B
:10922000DFED197AB4EEE78AF1EE10FA1DDC9FED5E
:10923000147AD4F8840194F8893194F88A21C7EE1D
:10924000087AFCEEE77AC4ED607A17EE901A009087
:109250002046FFF751FC0028D7D1204602B0BDECD4
:10926000028BBDE81040FEF765BB6FF06400CCE7F1
:109270006FF01300C9E700BFCDCCCC3D9A99193FE0
:1092800000007A4923DBF93E355EFA3E70B52DEDDC
:10929000028B88B003AC84E80E0003689DED048A5D
:1092A000D3F8D4309DF838600DF11F01054698477A
:1092B000044658B9032E9DF81F3015D0B34212D082
:1092C0002B6828461B69984728B10446204608B0F9
:1092D000BDEC028B70BD2B683146D3F8D0302846E8
:1092E00098470028F1D13346002B5AD0012B14D0D7
:1092F000022BEBD14FF4807300939DF80D209DF865
:109300000C1003232846FEF7BFF904460028DDD1E0
:109310009DF80E3085F8B331D8E72B684B4AD3F867
:10932000F0309DF80C40934279D12846FFF780FB3E
:1093300001287FD1631F072B00F2828095F872010C
:1093400085F8704195F8713195F85C2100902146BF
:109350002846FFF799FB0446002CB7D12B68B0EEE6
:10936000480AD3F8EC302846984704460028ADD187
:1093700028469DF81440FFF75BFB01285AD1231FB4
:10938000DBB2042B5FD895F8720195F85C2195F853
:10939000701185F8713100902846FFF775FB04467F
:1093A00094E72B689DED030A1B6C284698470446FA
:1093B00000288BD12B68264A5B6C934234D1284617
:1093C000FFF736FBB0BBB5EEC08AF1EE10FA23D43E
:1093D000DFED207AB4EEE78AF1EE10FA2DD4DFED5E
:1093E0001E7AB4EEE78AF1EE10FA26DCDFED1B7A86
:1093F00028EE278AFCEEC87A17EE900AC5F8840199
:1094000095F8893195F88A21D5F880110090284681
:10941000FFF772FB044659E740F27520EEE721465C
:1094200028469847044697E7B0EE480A28469847EA
:1094300004464BE76FF0130448E76FF0650445E717
:109440006FF0080442E76FF009043FE7A18D0300C5
:10945000E18D03009A99193F000048436F1283443D
:1094600000B52DED028B85B00DF1100C0CE90E004E
:109470009DF820309DED028A032B2DD04FF0FF3058
:109480001BBBDDED017A9FED2F7AF4EEC77AF1EE8A
:1094900010FA4BD4DFED2C6AF4EEE67AF1EE10FA16
:1094A00044DCB4EEC78AF1EE10FA42D4DFED277A3D
:1094B000B4EEE78AF1EE10FACCBF6FF06500002041
:1094C00005B0BDEC028B5DF804FB012B10D005B09C
:1094D000BDEC028B5DF804FB036808A9D3F8D43017
:1094E00098470028F3D19DF82030002BEDD1C8E734
:1094F0009DF80430053B072B21D8B5EEC08AF1EE6C
:1095000010FA19D4DFED127AB4EEE78AF1EE10FA10
:1095100012DC9DF80C30043B042B94BF00206FF04C
:10952000090005B0BDEC028B5DF804FB6FF0640030
:10953000CDE76FF06500CAE76FF00700C7E76FF08F
:109540000800C4E79A99193F000096430000484379
:109550000000FF43F0B52DED028B93B0B0EE408AD2
:109560000746FFF765FA002848D1274C05460FCC7F
:1095700002AE0FC694E8030046F8040B383C317085
:109580000FCC08AE0FC60FCCB2EE040A28EE008A4C
:109590000FC6BCEEC88A94E8030018EE103A86E8BD
:1095A00003009BB2284608AA32F8021B8B421ED346
:1095B00001301428F8D107EE903A9FED147AF8EEB6
:1095C000E77AF4EEC77AF1EE10FA1AD8092387F891
:1095D0008931D7F8840197F88A21D7F88011009053
:1095E0003846FFF789FA13B0BDEC028BF0BD12AB21
:1095F000184410F8403C87F88931EAE76FF013000F
:10960000F1E76FF06700EEE7C8B8040000F091459D
:1096100030B583B0002902AB14BF9625942503F81A
:10962000055D80F89E11154640F6AC011A460123EF
:109630000446FFF757F900B90DB903B030BD084B28
:109640001B6CADF80430204601AA1C0C40F29F218F
:1096500003238DF80640FFF745F903B030BD00BF86
:10966000A0B8040030B583B00C460546FFF7E0F91A
:1096700008B1032826D1042C27D8DFE804F01317FB
:109680001B1F03000B2485F88A41D5F8842195F827
:109690008931D5F88011009228462246FFF72CFA2E
:1096A00003B030BD002385F88A31EEE7082485F841
:1096B0008A41EAE7092485F88A41E6E70A2485F821
:1096C0008A41E2E76FF01300EAE76FF06900E7E72D
:1096D000F0B589B00E4614460546FFF7A9F970BBF0
:1096E000082C32D8E4B2324623464FF4D8612846DB
:1096F000FFF7F8F858BBB5F89011E400E4B2A142C6
:109700000B46A8BF23461F2B85F88C413DDD072261
:1097100095F88E0185F8882195F88B3195F88D7133
:10972000002842D195F8A0C102970026CDE9030C8C
:10973000009428460196FFF745FA09B0F0BD0128CC
:1097400007D003282DD1042C28D06FF0680009B071
:10975000F0BD012CF9D828463478FFF769F90128C3
:109760001FD124F00F032401284644F0040443F0E1
:10977000040507AA02234FF4E8618DF81C508DF808
:109780001D40FFF7AFF809B0F0BD172BDAB20FDCC0
:109790000F2A0FD8002A18BF0422B9E73368C5F88A
:1097A000AF316FF0130009B0F0BD4FF0FF0CBBE715
:1097B0000622ADE70522ABE72DE9F04188B00D4662
:1097C00016461F4604469DF83880FFF731F90028F9
:1097D0003FD1012D59D062D3022D51D1B8F1000FE4
:1097E00061D0062084F88B0194F88E31B4F8901182
:1097F00094F8882194F88CC194F88DE1002B4BD11A
:1098000094F8A081CDF808E00025CDE90338CDF823
:1098100000C0034601952046FFF7D4F968BB350A1E
:1098200007AA022340F2BC6120468DF81D608DF826
:109830001C50FFF757F800BB07AA204602233C0A3A
:1098400040F2BE618DF81D708DF81C40FFF74AF89C
:1098500013E001282BD194F8A42194F8740194F812
:10986000A031B4F8761101922A1C18BF012284F8A5
:10987000732100902046FFF77BF908B0BDE8F08126
:109880006FF42F7008B0BDE8F081B8F1000FA9D0D7
:10989000042084F88B01A7E74FF0FF08B2E701200E
:1098A00084F88B01A0E784F88B5128469CE74FF0A1
:1098B000FF30E2E7F0B587B00D460446FFF7B8F891
:1098C000C8B994F88DC194F88C7194F88B3194F8E0
:1098D0008821B4F89011019001260495CDE902C6C3
:1098E00000972046FFF76EF918B984F88E61C4F826
:1098F000A05107B0F0BD6FF01300FAE710B582B0C9
:109900000446FFF795F8012814D194F8A43194F88F
:109910007321B4F876110193002300932046FF23AE
:10992000FFF726F920B9FF2384F87401C4F8A031A9
:1099300002B010BD6FF01300FAE700BF0021FFF77F
:10994000AFB900BF0121FFF7ABB900BFF0B589B0D7
:109950000D460446FFF76CF8002855D1DDB994F8A0
:109960008E0184F88D51B4F8901194F8882194F800
:109970008B3194F88C6160B994F8A0710096002541
:10998000CDE90307CDE901552046FFF71BF909B0E2
:10999000F0BDFF27F2E7012384F88D3107AA4FF4C9
:1099A000D7612046FEF7A6FF0028F0D19DF81C5095
:1099B00025F0010545F00105FF2607AA02234FF413
:1099C000D76120468DF81C508DF81D60FEF78AFF88
:1099D0000028DCD194F88E01B4F8901194F8882115
:1099E00094F88B3194F88C7194F88DC108B994F87F
:1099F000A061CDF808C00025CDE9030600972046F8
:109A00000195FFF7DFF8C2E76FF01300BFE700BF73
:109A100010B50446FFF70CF801280ABF84F87C0152
:109A20006FF01300002010BD30B583B00D46044622
:109A3000FEF7FEFF012810D194F8740194F8A031CC
:109A400094F87321B4F8761184F8A451CDE9000597
:109A50002046FFF78DF803B030BD6FF01300FAE732
:109A600030B52DED028B036885B05B6904460D4669
:109A70000021B0EE408A98472046FFF73FF9830661
:109A800054D49FED597AF0EEC87AF4EEC77AF1EE2D
:109A900010FA4FD9DFED557A78EE677AF0EEE77A73
:109AA000F4EEC77AF1EE10FA26D800238DF80C30C8
:109AB00007EE905A9FED4E7AC4F89851F8EE677A07
:109AC000012367EE877AD4F86C01FCEEE77ACDE9E2
:109AD000003317EE901A04230D0C0C0A8DF80F10AA
:109AE00003AA97218DF80D508DF80E40FAF736FD38
:109AF00005B0BDEC028B30BDDFED3E7A78EE677AC3
:109B0000F0EEE77AF4EEC77AF1EE10FA1AD9DFED4B
:109B10003A7A78EE677AF0EEE77AF4EEC77AF1EE09
:109B200010FA13D802238DF80C30C1E72046FFF756
:109B3000FDF8A6E720460121FDF7CCFD05B0BDEC00
:109B4000028B30BD01238DF80C30B1E7DFED2B7AAD
:109B500078EE677AF0EEE77AF4EEC77AF1EE10FA73
:109B60000ED9DFED277A78EE677AF0EEE77AF4EE39
:109B7000C77AF1EE10FA07D804238DF80C3097E776
:109B800003238DF80C3093E7DFED1E7A78EE677AC9
:109B9000F0EEE77AF4EEC77AF1EE10FA03D8052377
:109BA0008DF80C3084E7F0EE087A78EE677AF0EE04
:109BB000E77AF4EEC77AF1EE10FA03D806238DF8AF
:109BC0000C3075E7DFED107A78EE677AF0EEE77A21
:109BD000F4EEC77AF1EE10FA03D807238DF80C30B3
:109BE00066E70A4884E700BF6F12833ACDCCCC3FCA
:109BF0006F12833D9A99D93F6666E63FCDCC0C4003
:109C00009A991940CDCC2C403333534041FDFFFF8E
:109C100010B584B0D0F86C4180F89D1104AA0123DE
:109C200002F8011D2046CDE900339D21FAF796FC8C
:109C300004B010BD2DE9F04784B004AC002504F851
:109C4000015D8946164698462246012340F6E70103
:109C500005469DF83070FEF74DFE10B104B0BDE82A
:109C6000F0874FF0010A43463A463146CDF800A04E
:109C70002846FEF71BFE0028F0D15FFA89F1042286
:109C80002846FEF7E9FE0028E8D15346224628463A
:109C900040F6E701FEF726FEE0E700BFDFED057ABC
:109CA00080ED580A20EE270AFCEEC07A17EE901AD3
:109CB000FEF794BE000080492DE9F041037B84B09B
:109CC00006460C4623B100221146FEF7D5FF00BB25
:109CD00004AFD6F86C0107F8084D01243A46CDE9E7
:109CE000004423468A21FAF739FC90B996F84D31A1
:109CF000D6F86C010194002B14BF30252025234693
:109D000000943A4693218DF80850FAF727FC034651
:109D100010B104B0BDE8F08196F87021D6F86C015E
:109D2000ADF80C300D3203218DF80E308DF809207E
:109D30008DF80810CDE900440A2507233A4688210A
:109D4000ADF80A50FAF70AFC80460028E1D13368E2
:109D500044F2FF31D3F8F43030469847CDF8008014
:109D600005464346424641463046FEF7FBFD284342
:109D700000B20028CDD1D6F86C112346CDE90040C1
:109D80003A4608467F2489218DF80840FAF7E6FB19
:109D90000028BED1D6F86C31186803680521DB694C
:109DA000984705E0D6F86C31186803685B6D9847F2
:109DB000D6F86C311868D96A03681B69984700287F
:109DC000F0D1D6F86C01FAF775FDA2E76FF0180034
:109DD000704700BF6FF01800704700BF6FF01800A9
:109DE000704700BF6FF01800704700BF6FF0180099
:109DF000704700BF6FF01800704700BF6FF0180089
:109E0000704700BF6FF01800704700BF6FF0180078
:109E1000704700BF6FF01800704700BF84B004A8FF
:109E200000E90E006FF0180004B070476FF01800E2
:109E3000704700BFBBEE090A704700BF82B08DE8D3
:109E40000C00002002B07047002070476FF018002F
:109E5000704700BF6FF01800704700BF00207047C8
:109E6000704700BF704700BF2DE9F0410368D3F889
:109E7000E0300F46904698470468416A23680546DB
:109E80009A6D5E69204690472B680146B8F1000F35
:109E900006D13A462046B4469B69BDE8F04160478A
:109EA0003A462046B4465B69BDE8F041604700BFD2
:109EB00070B50368D3F8E03098470468416A2368B6
:109EC00020469A6D9D6990472B4601462046BDE885
:109ED00070401847704700BF6FF01800704700BF10
:109EE0000368044A5B69934202D16FF0180070471F
:109EF00000211847E59D030030B585B00568019243
:109F00000022CDE90222D5F8D8500C4A00919542A2
:109F10008DF8083003D16FF0180005B030BD6A46E7
:109F200003210446A8470028F7D12368044AD3F840
:109F3000DC309342EFD020469847EEE7D99E0300ED
:109F4000DD9D030070B505680E4ED5F8D85084B07D
:109F5000B5420192089A0091CDE9023203D16FF027
:109F6000180004B070BD6A4602210446A8470028C4
:109F7000F7D12368044AD3F8DC309342EFD020466F
:109F80009847EEE7D99E0300DD9D030070B5114BA5
:109F900003600446012600210D4606732822103076
:109FA0000DF0D9FDA563294604F13C004FF4807201
:109FB0000DF0D1FD4FF07E53C4F83C51C4F8405130
:109FC00084F84451C4F8485184F84C51A660636049
:109FD000204670BDECB80400002370B41E46012575
:109FE00005FA03F20A4200EB830403F1010303D0F4
:109FF00022691F2A18BF1643202BF1D1304670BCAE
:10A00000704700BF38B590F84C316BB9D0F83C516F
:10A01000D0F84821D0F8404141EA45010A40A24227
:10A02000C0F83C112BD038BD90F83A5090F8393038
:10A03000054401249C4095F93C2064B2D1B922EA40
:10A040000402D2B285F83C20591CC9B2082980F814
:10A050003910E8D10446104600F002F994F83A307D
:10A06000E1180022013381F83C0084F83A3084F88A
:10A07000392038BD2243D2B285F83C20E4E70122E2
:10A0800080F83A3080F83B3080F8393080F84C2145
:10A0900038BD00BF2DE9F8435FEAC209064684686F
:10A0A00020D0002588462F460FE031784B1E24FA39
:10A0B00003F313F0010F18BF736805F101054FEAB0
:10A0C000440418BF5C404D450DD06B07EDD1337C87
:10A0D00018F807000137B3B93178A1F108039840A7
:10A0E0004440E3E70178F068737C604013B100F00E
:10A0F000B7F831784FF0FF33C1F1200123FA01F1B5
:10A100000840BDE8F883082100F0AAF8E4E700BFA2
:10A11000044B002208211970C3E90122DA601A7485
:10A120005A74704704820020002202704270704707
:10A130000023417003707047002900F08A80002BD3
:10A1400000F087802DE9F04F83B0002A7FD04FF0D8
:10A15000000890F801A0C346C146CDE900120AE00C
:10A16000072C057050D0019A08F10108D1449045A0
:10A170001FFA89F950D04FEAD805009A0678575D42
:10A180003549364A6FEA080404F007042741BAF15A
:10A19000020F18BF964607F001074FEA960508BF61
:10A1A0008E46C7F1010C5EF825504FEA8C0C6FEA21
:10A1B000060E5FFA8CFC0EF0030E0CEBCE0C25FAAB
:10A1C0000CF54FF0020204FB0AFC05F00F0404FA40
:10A1D0000CF412FB06764BEA040B06F03F0508F080
:10A1E0000704BDD106F00F06072C0670BBD11C4634
:10A1F0004FEA1B2504F8025B83F801B090F801A038
:10A2000023464FF0000BAEE7BAF1030FEFD14FEA50
:10A210001B441C700133EAE718F0070F0BD0BAF1AA
:10A22000030F03D14FEA1B421A7001334FEA1B227E
:10A2300083F801B01A700C9B2BB10020C3F800907A
:10A2400003B0BDE8F08F184603B0BDE8F08F91462B
:10A25000F1E74FF0FF307047D0B90400E0B90400D7
:10A2600099B10022F0B405464F1E1046012606FAA9
:10A2700002F32B40BC1AD3400132A340D4B2A14216
:10A2800040EA0300F3D8F0BC70470846704700BFAF
:10A29000704700BF704700BF704700BF0846704757
:10A2A000704700BFF0B4094C094F2568049EC36095
:10A2B000C0E901120599069A076000230661C0E90A
:10A2C0000512C36105B92060F0BC704718820020F8
:10A2D00028BA0400704700BF203007F043BF00BF1A
:10A2E000203007F02DBF00BF203007F045BF00BF72
:10A2F00038B5437F0BB9002038BD00F50A742046FD
:10A300000D4607F043FF0028F5D12046294607F007
:10A31000FFFE012038BD00BF2DE9F0475AB30646C5
:10A32000DFF8588033681B684D1E434517464FF0D1
:10A33000000400F50A7915F801AF16D1737F13B93F
:10A340002046BDE8F087484607F020FF0028F7D1F7
:10A350005146484607F0DCFE0134A742F0D033688E
:10A3600015F801AF1B684345E8D051463046984781
:10A370000028F1D1E4E71446E2E700BFF1A20300B0
:10A380000AB910467047F8B5054600F1200738466F
:10A3900014460E4607F0CEFE2B69C3F888652A697D
:10A3A000012313622A69C2F834752A69C2F8384554
:10A3B0002A6913602B6902E0D3F824211AB9D3F873
:10A3C0004C21002AF8D00022C3F84C212B6902E06E
:10A3D000D3F824211AB9D3F85C21002AF8D000223E
:10A3E000C3F85C212B6901225A612A69D2F8043131
:10A3F000002BFBD00021C2F804112B69D3F82421D3
:10A4000012B1C3F824112B69D3F83C05C5F820021A
:10A41000C0B2F8BD10B5044600F50A7084F83014D7
:10A4200007F088FE0123637710BD00BFF8B504462E
:10A43000026990F8300400236377C2F88805226926
:10A44000C2F80431236901271F62236904F50A76E3
:10A45000C3F8446530460D4607F084FE2369C3F80F
:10A46000480523699F60236902E0D3F824211AB9C3
:10A47000D3F85021002AF8D00022C3F850213046EA
:10A4800007F070FE236940BB0022C3F860212369F6
:10A4900015B9D3F824212AB301225A612269D2F8CE
:10A4A0000431002BFBD00023C2F804312369D3F818
:10A4B000240168B10022C3F824212369D3F8C4041D
:10A4C000C3F8C404022803D0042814BF04200320C6
:10A4D000F8BDD3F82421002AD6D1D3F86021002A70
:10A4E000F7D0D1E70122DA612269D2F84831002B96
:10A4F000FBD00023C2F84831D8E700BF70B52A4C22
:10A500006369D3F86421002A3BD1D3F86821EAB902
:10A51000D3F804216AB1227F0021C3F8041142B1AB
:10A52000D4F83824D3F83C05C4F820020AB1904787
:10A530006369D3F8242142B10022C3F82421D3F85F
:10A54000D024C3F8D02401225A6170BD0022C3F880
:10A550006821164822770123637707F0EBFDD4F8D2
:10A56000343403B1984763691048C3F844050023A5
:10A57000637707F0F7FD63690122C3F848055A6362
:10A58000C6E7002204F12006C3F864210125304605
:10A59000257707F0CFFD63694FF40072C3F8346587
:10A5A000C3F838251D63B0E71C82002044840020D6
:10A5B00070B52A4C6369D3F86421002A3BD1D3F8E3
:10A5C0006821EAB9D3F804216AB1227F0021C3F8D7
:10A5D000041142B1D4F83824D3F83C05C4F8200261
:10A5E0000AB190476369D3F8242142B10022C3F82D
:10A5F0002421D3F8D024C3F8D02401225A6170BD9D
:10A600000022C3F86821164822770123637707F0F8
:10A6100091FDD4F8343403B1984763691048C3F806
:10A6200044050023637707F09DFD63690122C3F8A9
:10A6300048055A63C6E7002204F12006C3F86421E6
:10A6400001253046257707F075FD63694FF40072E8
:10A65000C3F83465C3F838251D63B0E75886002079
:10A66000808800202DE9F8431A4DDFF878901A4CC5
:10A670001A4F284600264FF47A7840F8209BC5E907
:10A68000016807F039FD05F50A7007F035FD032371
:10A690002B76BB6E6B76C4E901682046104BFA6ED0
:10A6A00040F8209BAA76C5E904336E7707F024FDB5
:10A6B00004F50A7007F020FDD7E9071204204FF0D7
:10A6C0004023667720766176A276C4E90433BDE83C
:10A6D000F88300BF1C8200205886002058C4040064
:10A6E0000030004090BA0400704700BF704700BFC0
:10A6F00010B404682469A4465DF8044B604700BFA9
:10A7000030B40468BDF808500295A46BA44630BC70
:10A71000604700BF30B40468BDF808500295E46B90
:10A72000A44630BC604700BF704700BF01F0030182
:10A7300001298176B0F90830B0F90A2004D0032944
:10A7400002D08381C28170478281C381704700BF7C
:10A750002DE9F04385B0994204460768BDF93060A1
:10A76000BDF8348023D0B2421D4611D07B69DFF89A
:10A7700084904B4536D1CDE900682B46BE6A204611
:10A78000B0472368DB6A4B4527D105B0BDE8F083AD
:10A7900099421FDDCDF830800131FE6B4B1B1BB29F
:10A7A00029462046B44605B0BDE8F0436047B242B2
:10A7B0000CDDCDF83080531CBD6B9B1B1BB23246A9
:10A7C0002046AC4605B0BDE8F04360473346164628
:10A7D0001A46EEE70D461946DCE7204605B0BDE80F
:10A7E000F0431847CDE9021298472768DDE90212C5
:10A7F000C1E700BFEDA603002DE9F04FD0F800C07F
:10A800001F46DCF814601A4B83B09E420546BDF922
:10A810003090BDF834A00C4690461FD12744BC426E
:10A8200014DADFF850B0DCF82060CDF800A05E4507
:10A8300021464B464246284601D1DCF838600134B7
:10A8400024B2B047BC42D5F800C0ECDBDCF82C30B9
:10A85000074A934206D103B0BDE8F08FB047D5F860
:10A8600000C0DBE7284603B0BDE8F04F184700BF43
:10A87000EDA6030001A703002DE9F04FD0F800C0BA
:10A880001D46DCF814A02D4B83B09A450446BDF953
:10A890003090BDF834708846164641D1DCF824B0BB
:10A8A000DFF89CA00097D34508BFDCF83CB02B46EE
:10A8B000324641462046D8472368D3F824B0009753
:10A8C00009F1FF323244D34512B232D1D3F83CA061
:10A8D00041462B462046D0472368DFF868A0D3F8CE
:10A8E00020B00097D34508BFD3F838B032464B4666
:10A8F00041462046D8472368691E1D6A0097554582
:10A90000414408BF9D6B32464B4609B22046A847DA
:10A9100023680A4ADB6A934206D103B0BDE8F08F90
:10A92000D047D4F800C0B9E7204603B0BDE8F04FE7
:10A9300018472B4641462046D847CDE7EDA60300F1
:10A9400015A7030001A703002DE9F04F85B01E46AF
:10A95000BDF93850BDF83CA0AB1A002B9046A6EBD1
:10A960000102B8BF5B42002AB8BF52429342074679
:10A9700079DCAE464446AC46404635468846764687
:10A9800021469946A8455CDDA8EB0504A4B2A0EBDE
:10A990000C0002944FF6FF7C24B204EBD47480EADE
:10A9A000E079B142C8BF4FF0010CA9EBE079641027
:10A9B000CDF80CC09342304B01931FFA89F933DC78
:10A9C000D7F800C0019BDCF818B09B4529465346D8
:10A9D00008BFDCF810B0A4EB090432463846D8476B
:10A9E000A3B21CB20135002C2DB205DA039A16442D
:10A9F000029AD41836B224B2A845E1DA05B0BDE80F
:10AA0000F08FDCF810B0D847A4EB0904A3B21CB255
:10AA10000135002C2DB205DA039A1644029A9C18CF
:10AA200036B224B24545E9DCD7F800C0019BDCF81A
:10AA300018B09B452A46534631463846E1D0D847A0
:10AA4000E2E7A5EB080080B204B204EBD474B14293
:10AA500002904FEA640428460E46454607DA012173
:10AA600003918046A6E7B446084691468AE74FF62A
:10AA7000FF71039180469DE7F1A603002DE9F04F99
:10AA8000D0F800C0DFF888E0DCF8406083B076459D
:10AA9000BDF93080BDF834A028D191461F461B4A2D
:10AAA000DCF81430934205460C462BD12744BC42B7
:10AAB00014DADFF860B0DCF82060CDF800A05E4565
:10AAC000214643464A46284601D1DCF83860013425
:10AAD00024B2B047BC42D5F800C0ECDBDCF82C3027
:10AAE0000A4A934209D103B0BDE8F08FB446CDE9DC
:10AAF0000C8A03B0BDE8F04F6047284603B0BDE8BC
:10AB0000F04F18479847D5F800C0CFE7EDA60300EF
:10AB1000F9A7030001A703002DE9F04FD0F800C00A
:10AB2000284BDCF84040B0F90C80B0F90E709C4224
:10AB300083B0894633D1DCF81430DFF88CB05B4544
:10AB400005463AD1B8F1000F22DD0024DFF87CA0E1
:10AB5000A64609E0DCF838600134B0470FFA84FEFD
:10AB6000F045D5F800C013DDDCF82060CDF800908A
:10AB7000564571463B464FF000022846EAD0013464
:10AB80000022B0470FFA84FEF045D5F800C0EBDC98
:10AB9000DCF82C305B450BD103B0BDE8F08F002210
:10ABA000CDE9007143461146A04703B0BDE8F08FE0
:10ABB000284603B0BDE8F04F18479847D5F800C0C5
:10ABC000C0E700BFF9A70300EDA6030001A703003B
:10ABD0002DE9F04FD0F800C01646DCF81450304A8A
:10ABE00085B095420746BDF838B00C464DD19BB2B2
:10ABF00003F1FF39DCF828502A4A1FFA89F909EBDA
:10AC0000040895420FFA88F810D0CDE9006B43464E
:10AC1000324621463846A847D7F800C0DCF82C3029
:10AC20001F4A934237D105B0BDE8F08F444526DD79
:10AC3000C3F101031FFA83F90FFA89F5234605EBE7
:10AC4000D57544466D109846174BDCF818A09A4508
:10AC500032465B46214638460FD1DCF810A0D0477B
:10AC60000134002D24B203DA013E4D4436B22DB238
:10AC7000A045D7F800C0E7DAD0E7D047F0E70FFAF1
:10AC800089F505EBD5756D10DEE70393A847D7F876
:10AC900000C0039BABE7384605B0BDE8F04F18474E
:10ACA000EDA6030049A90300F1A603002DE9F04F2A
:10ACB000D0F800C09046DCF81440424A85B0944277
:10ACC0000646BDF838900F466ED1DCF828503E4954
:10ACD000013B1FFA88F213449BB28D421CB250D143
:10ACE000444528D066DAD31A9BB21DB205EBD57560
:10ACF000A04503934FEA65053BDBDFF8D0A010E0E9
:10AD0000DCF810B0D8470134002D24B2ABB204DA1D
:10AD1000039A013F9D183FB22DB2A045D6F800C05E
:10AD200027DBDCF818B0D3454B462246394630467F
:10AD3000E6D0D847E7E7DFF894A03D464FF000089B
:10AD4000BB46DCF818705745224608BFDCF8107087
:10AD500029464B463046B8470135B8F1000FB8BF19
:10AD600004F1FF342DB2B8BF24B2AB45D6F800C011
:10AD7000E7DADCF82C30134A934210D105B0BDE875
:10AD8000F08F42463B46CDE9004939463046A84758
:10AD9000D6F800C00B4ADCF82C309342EED0304697
:10ADA00005B0BDE8F04F18470393A047D6F800C0A0
:10ADB000039B8AE7104621461A46444603468846C6
:10ADC00091E700BFEDA6030049A90300F1A6030027
:10ADD00070B4002461F30F0462F31F44094A026057
:10ADE0004FF0FF36002240F2011501218460C4605B
:10ADF00046610583C1764260026182760277026213
:10AE000070BC7047B4BF04002DE9F04F97B0834683
:10AE10000D91016ABDF880000290BDF88400039096
:10AE20009DF8880006909DF88C00089005920029F6
:10AE300000F0EB800A7AD1E900109B1ADBB200EB3C
:10AE4000C30230F83330079393780493D378109388
:10AE500092F905301593069B0A91012B92F9064051
:10AE600040F2CB80BDF954300E9323B21293AE4B17
:10AE7000DBF800C009931A46DCF81430934240F026
:10AE80004D81109B002B00F08B80BDF81430139384
:10AE9000002223440C92149392460B92049B002BA5
:10AEA00076D00B9B129A089913981A4402FB010260
:10AEB0001499CB181BB211930FFA82F90C9B002541
:10AEC00009E00135049AEDB24FEA4A0AAA425FFA54
:10AED0008AFA434658D95A1C5B075FFA82F806D1B2
:10AEE000079A0A99531C9BB211F802A007931AF013
:10AEF000800FE6D0069ABDF83430012A59D00E9A58
:10AF00000699DCF81C60BDF920705419874A04FBCF
:10AF10000134964224B20BB260D1DCF84060844A1E
:10AF200096425BD1DCF81430099A934260D1069BBB
:10AF30002344A34203931DDD7E4B05930F950BE045
:10AF4000029D0095DCF83860B0470134039BDBF8C4
:10AF500000C024B2A3420CDDDCF82060059DAE42A7
:10AF600021463B464A465846EAD0029B00933B4660
:10AF7000EAE70F9DDCF82C30099A9342A1D058469D
:10AF80009847DBF800C09CE70C9B1344DBB20C93A2
:10AF90000B9B109A0133DBB29A420B933FF67EAFC4
:10AFA000DCF82C30099A934240F0B38017B0BDE82A
:10AFB000F08F089A012AA2D1159ADCF818401344A0
:10AFC0005D4A5919944208BFDCF81040029B119A5F
:10AFD00009B25846A047DBF800C072E7029A214642
:10AFE000CDE9007258464A46B047DBF800C068E732
:10AFF00058469847DBF800C099E7089B012B3FF6BD
:10B0000031AF002312930E9331E7BBF90C200D9959
:10B010008A42CBDDBBF90E2005988242C6DDBDF821
:10B020001840062212FB0412002ABFDD089A00EB2A
:10B03000C202002ABADD9BF81C201AB9AF2B84BFCC
:10B040000133DBB2384ADBF800C009921146DCF864
:10B0500014208A4240F08C81384ABDF834100F9198
:10B0600003EB8303D3180D93BDF818300E93002320
:10B070000B910C930D9ABDF92C3012F8018B0D92A7
:10B08000069A07939F18082304930026B94618F0E0
:10B09000010F55D00699BDF814200129B3B200F074
:10B0A000F2800899DCF81C4011FB03F313441F4A9B
:10B0B00094421DB20FFA81FABDF9183040F00681B2
:10B0C000DCF840401A4A944240F00081DCF8143029
:10B0D000099A934240F02281079C4C4570DA0A9607
:10B0E0000AE0029E0096DCF83870013424B2B847BA
:10B0F0004C45DBF800C062DADCF820700D4EB74238
:10B10000214653462A465846EBD0029B00935346AD
:10B11000EBE7584617B0BDE8F04F18475846984738
:10B12000DBF800C0ADE600BFEDA603007DAA03007A
:10B13000F9A7030001A70300F1A60300ACBA0400BD
:10B14000DDE90232934241D00699BDF8142001296D
:10B15000B3B200F0C5800899DCF81C4011FB03F382
:10B1600013448F4A94421DB20FFA81FABDF9183088
:10B1700040F0CD80DCF840408A4A944240F0C780DD
:10B18000DCF81430099A934240F0CD80079C4C457E
:10B1900016DA0A96DCF82070834EB74221465346F1
:10B1A0002A46584640F08680039E00960134DCF81B
:10B1B000387024B2B8474C45DBF800C0EADB0A9E81
:10B1C000DCF82C30099A934240F0A380049B013BA9
:10B1D000013613F0FF0376B24FEA580804937FF468
:10B1E00056AF0B9B0E9A13440C9A01329BB2052A60
:10B1F0000C920B937FF43EAFDDE9023293423FF4B1
:10B20000CFAE069B012B00F0A0800E9B0F99DCF8BF
:10B210001C60634A03EB83031944089B96424FEA80
:10B22000C3050CB2BDF9183040F0A980DCF84060CD
:10B230005C4A964240F0A380DCF81430099A9342AD
:10B2400040F0A980069B23449C421E4670DADFF83A
:10B250005881DDF814900AE0039F0097DCF83870FD
:10B26000013424B2B847B442DBF800C060DADCF83D
:10B270002070474521462B464A465846ECD0039B52
:10B2800000932B46ECE7089901297FF40AAF134499
:10B290000C990F9ADCF8184051181AB2434B9C4293
:10B2A00008BFDCF81040029B09B25846A047DBF803
:10B2B00000C08BE7039B00930134534624B2B84788
:10B2C000A145DBF800C03FF765AF78E7029A079920
:10B2D000CDE900A258462A46A047DBF800C075E732
:10B2E000089901297FF437AF13440C990F9ADCF8C1
:10B2F000184051181AB22D4B9C4208BFDCF8104080
:10B30000039B09B25846A047DBF800C05EE7039AEA
:10B31000DDE758469847DBF800C057E7584698479E
:10B32000DBF800C0D8E658469847DBF800C02DE7A8
:10B33000DCF82C30099A93423FF435AE58469847D2
:10B34000DBF80030099ADB6A2DE6089B012B7FF4BD
:10B350005CAF0F9900920531059ADCF82040082374
:10B3600009B25846A047DBF80030099ADB6A1AE6B2
:10B37000049358469047DBF800C0049B6CE6039AA0
:10B380002146CDE900525846059AB047DBF8003017
:10B39000099ADB6A07E658469847DBF800C051E790
:10B3A0007DAA0300F9A7030001A70300F1A603008B
:10B3B0002DE9F041036A84B00446002B4FD00A29DE
:10B3C00041D00D2947D01A7A914244D3987A8842C5
:10B3D00041D38A1A5D68B4F91060207ED2B205EBC1
:10B3E000C205AF7857B3EA7842B394F81BC0B4F9FA
:10B3F000122094F819E0BCF1000F0FD095F905C0A8
:10B40000B4F90C80674400FB0767474506DD00265A
:10B4100026821B7B03FB0E2212B26282B4F816C096
:10B42000CDF80CE0A78A02900B4620463146CDE9C4
:10B43000007CFFF7E9FCB4F91060207E297901FB5C
:10B440000060208207E0002202821B7B428A417E4C
:10B4500001FB03234382012004B0BDE8F0810A29E7
:10B460002CD00D29F7D0C67EB0F91070B4F9122097
:10B47000007E657E66B10626B4F90CC016FB007628
:10B48000664505DD02EBC50212B2628223821F46C9
:10B49000E68A0395A58A02900B4620463946CDE9F7
:10B4A0000056FFF7B1FC237E228A03EB430302EB35
:10B4B00043030120238204B0BDE8F081428A417E2B
:10B4C000038202EBC1034382C5E700BF002908BF26
:10B4D00001210176417670472DE9F04F87B09846FB
:10B4E000109C2280119CA4F80080139C00232380D0
:10B4F000129C4FF0FF3947F6FF7B4F46DA46238018
:10B5000011F8014B002C5ED0036A002B73D00A2C7B
:10B5100000F0A8800D2CF3D093F808E07445EFD329
:10B520009D7AA542ECD3A4EB0E0E5C68057E0295D5
:10B530005FFA8EFE04EBCE0E457E03959EF8025018
:10B54000019590F81BC09EF8035004959EF8045096
:10B5500005951FFA88F49EF905509EF906E0BCF1A6
:10B56000000F40F08E8093B200931A46BDF8083069
:10B57000019E05FB0325039AADB20EFB024406FBB8
:10B58000035C049EA4B206FB02460CF1FF3C0FFADA
:10B590008CFC013E0FFA84FE36B2059C009A67458A
:10B5A0002DB2B8BF6746B14504FB0322B8BFB14610
:10B5B00011F8014BAA45A8BFAA46F345A8BFF34618
:10B5C00012B2002CA0D1BA4507DC109A7B1CA2F85D
:10B5D00000A0129AA3EB0A031380CB4508DC119A52
:10B5E00009F10103A2F800B0139AA3EB0B03138037
:10B5F00007B0BDE8F08F0A2C3CD00D2C80D0047E23
:10B6000090F81BE0457E04EB4406760002EB060C46
:10B61000BEF1000F0BD0B0F90CE0E64507DA08EBFD
:10B62000C508B4461A460FFA88F81E4600E096B2DE
:10B6300008230CF1FF3C13FB0583013BBC45C8BF4D
:10B640000FFA8CF74B45C8BF0FFA83F904EB44049B
:10B650009245A8BF924606EB4404C345A8BFC34623
:10B6600022B24DE7427E1B7B02FB03880FFA88F86B
:10B67000002245E7427E08EBC2080FFA88F81A4616
:10B680003EE7019E05EB060CB0F90C600096029EA9
:10B6900006FB0C2C009EB4457FF765AF1B7B039A1D
:10B6A00003FB0244A4B200230FFA84F800931A4665
:10B6B0005CE700BF10B590F8343004464BB194F904
:10B6C0003600002804DB0021BDE810400BF05CB917
:10B6D00010BD00F1280393E80600406AF8F7D8FB94
:10B6E000EDE700BF10B5044690F93600002802DBF4
:10B6F00001210BF049F994F8343003B110BD606AB0
:10B70000BDE81040F8F728BC03683B4A5B699342E8
:10B7100070B504460D466DD190F83430002B5DD0E5
:10B7200094F93600002802DB00210BF02DF9002DE2
:10B7300047D194F83D5094F9370000210BF024F9DB
:10B7400094F83430002B3FD0012B2FD1082694F9E8
:10B75000243018462B064FF0000148BF01210BF0A2
:10B7600013F9012194F926000BF00EF9013E002196
:10B7700094F926006D000BF007F916F0FF06EDB204
:10B78000E5D1012194F937000BF0FEF823681B4A3C
:10B79000DB6A93422AD194F93600002802DB0121AA
:10B7A0000BF0F2F894F834309BB170BD94F9250099
:10B7B00000210BF0E9F8012194F925000BF0E4F8E1
:10B7C000DFE794F83C50B6E72946606AF8F70CFCCE
:10B7D000D7E7606ABDE87040F8F7BEBB00F1280308
:10B7E00093E80600406AF8F753FB99E72046BDE866
:10B7F0007040184798479AE7B5B60300E5B60300CE
:10B8000000290FDBF0B51C46B0F90C308B4283B039
:10B81000054605DD002A03DBB0F90E30934202DC59
:10B8200003B0F0BD70470368012600965F6D92B2C9
:10B83000334689B2B84795F8343053B3012B1BD146
:10B84000102695F92430184623044FF0000148BF14
:10B8500001210BF099F8012195F926000BF094F8DD
:10B86000013E002195F926000BF08EF8640016F0D9
:10B87000FF06A4B2E5D1D3E795F9250000210BF02E
:10B8800083F895F92500314603B0BDE8F0400BF090
:10B890007BB8210A686AF8F7A7FB686AE1B203B0CF
:10B8A000BDE8F040F8F7A0BB2DE9F0410E1E82B0D4
:10B8B0000CDB1D46B0F90C30B342044606DD002A0D
:10B8C000174603DBB0F90E30934202DC02B0BDE84C
:10B8D000F0810368394A5B6993426DD190F8343046
:10B8E000002B5CD094F93600002802DB00210BF01D
:10B8F0004BF823684FF00108CDF80080B1B2BAB21E
:10B900005E6D20464346B04794F83430002B3DD05E
:10B91000012B30D1102694F9243018462B044FF017
:10B92000000148BF01210BF02FF8012194F92600F6
:10B930000BF02AF8013E002194F926000BF024F8C0
:10B940006D0016F0FF06ADB2E5D123681C4ADB6A34
:10B9500093422CD194F93600002802DB01210BF030
:10B9600013F894F83430002BB0D1606A02B0BDE80F
:10B97000F041F8F7F1BA94F9250000210BF004F832
:10B98000414694F925000AF0FFFFDEE7290A606AC4
:10B99000F8F72AFBE9B2606AF8F726FBD5E700F171
:10B9A000280393E80600406AF8F772FA9AE72046FF
:10B9B00002B0BDE8F041184798479AE7B5B60300D2
:10B9C000E5B603002DE9F04112B2044609B21D4666
:10B9D0009DF918709DF91C609DF92080FFF7F8F91A
:10B9E0000022084984F8358084F8367084F837607E
:10B9F00084F83420A263A287656221602264204615
:10BA0000BDE8F0810CC00400F8B50446444D90F93F
:10BA10003600002918BF0D460028174607DB012114
:10BA20000AF02EFF012194F936000AF0ADFF012142
:10BA300094F937000AF024FF012194F937000AF045
:10BA4000A3FF94F8346076BB606A364BA56201228E
:10BA5000984284F82C70276384F82D2040D0324B14
:10BA600098423DD094F93500002838DB01210AF0D6
:10BA700007FF012194F935000AF086FF642007F0E2
:10BA8000E7FB002194F935000AF07EFF642007F0FF
:10BA9000DFFB94F9350001210AF076FFC820BDE8EC
:10BAA000F84007F0D5BB012E1DD0012194F92500E7
:10BAB0000AF0E6FE94F9250001210AF065FF94F9E9
:10BAC00026000028CEDB01210AF0DAFE94F92600D8
:10BAD00001210AF059FF94F935000028C6DAF8BDB3
:10BAE000F8F78AF9BEE7314694F924000AF0C8FE57
:10BAF000002194F924000AF047FF314694F926000A
:10BB00000AF0BEFE94F9260000210AF03DFF94F9E8
:10BB100025000028A6DB00210AF0B2FEA2E700BF44
:10BB20000024F400D8810020EC810020012390F84B
:10BB30003020816280F82C2080F82D30704700BFC3
:10BB400002B970472DE9F843B0F90C506D009542E9
:10BB500028BF15464FEA4509064648468846174617
:10BB600007F090FB044680B398FA98F81FFA88F320
:10BB7000002D73D06A1E012A71D9002163F30F01D1
:10BB800063F31F416808224600230133834242F8D1
:10BB9000041BFAD325F00103AB4206D05A1C954290
:10BBA00024F8138001D924F81280AF424B464FF09D
:10BBB0000002214655D87B00706A0022F8F7D2F9BE
:10BBC0002046BDE8F84307F077BB96F834304FEADB
:10BBD00018295FFA88F56BB9013F4946706AF8F792
:10BBE00003FA013F2946706AF8F7FEF97A1CF4D18E
:10BBF000BDE8F883012B13D0A945F9D0013F0021FE
:10BC000096F925000AF0C0FE013F012196F92500B2
:10BC10000AF0BAFE7B1CF2D1EAE70024002FE7D03D
:10BC2000013F454696F9243015F4004F18464FF071
:10BC3000000118BF01210AF0A7FE0134012196F985
:10BC400026000AF0A1FEA4B2002196F926006D009C
:10BC50000AF09AFE102CADB2E4D1DEE7FEE7002335
:10BC60009CE77F1B706AF8F77DF9002F9DD1A7E74D
:10BC70002DE9F04F83B0BDF93050BDF83470002B82
:10BC800058D0002D56D0002B06461C4655DBB6F981
:10BC90000C308B424EDD002D05DAADB201322A4464
:10BCA0006D4212B22DB2B6F90E00904242DD1FFA7B
:10BCB00081FE0EEB04081FFA88F808F1FF3C0FFA2A
:10BCC0008CFCBCF1000F35DB1FFA82F909EB050B88
:10BCD0001FFA8BFB0BF1FF3A0FFA8AFABAF1000F49
:10BCE00028DB0029BCBF0FFA88F44FF0000E002AB1
:10BCF000BCBF0FFA8BF54FF000096345DCBFA3EB27
:10BD00000E0424B25045DCBFA0EB09052DB2336808
:10BD1000AAB2009271464A46D3F854803046A3B284
:10BD2000C04704FB05F23946304603B0BDE8F04F8A
:10BD3000FFF706BF03B0BDE8F08F9CB2013121448C
:10BD4000B6F90C3009B264428B4224B2A3DCF1E7AD
:10BD5000F0B583B00029BDF8206036DB1C46B0F991
:10BD60000C308B42054630DD002C2ED005DAA4B213
:10BD700001322244644212B224B2B5F90E30934229
:10BD800023DD1FFA82FC0CEB0407BFB2781E00B261
:10BD900000281ADB002ABCBF3CB24FF0000C8342E3
:10BDA000DCBFA3EB0C0424B22B68A2B200925F6D3F
:10BDB0006246284689B20123B847224631462846C2
:10BDC00003B0BDE8F040FFF7BBBE03B0F0BD00BF5D
:10BDD000F0B583B0002ABDF8206038DB1C46B0F90E
:10BDE0000E309342054632DD002C30D005DAA4B285
:10BDF00001312144644209B224B2B5F90C308B42BE
:10BE000025DD1FFA81FC0CEB0407BFB2781E00B2DF
:10BE100000281CDB0029BCBF3CB24FF0000C834261
:10BE2000D8BFA3EB0C044FF001012B680091D8BFE1
:10BE300024B261465F6D284692B2A3B2B84722464B
:10BE40003146284603B0BDE8F040FFF779BE03B0A5
:10BE5000F0BD00BF2DE9F04383B0161EBDF8287079
:10BE600051DB1D46B0F90E30B34204464BDD002DC8
:10BE700049D005DAADB2013129446D4209B22DB283
:10BE8000B4F90C308B423EDD1FFA81F808EB050057
:10BE900080B2421E12B2002A35DB0029BCBF05B2B7
:10BEA0004FF000089342D8BFA3EB08052368244A4B
:10BEB0005B69D8BF2DB293423AD194F834307BB34A
:10BEC00094F93600002802DB00210AF05DFD2368AA
:10BED0004FF00109CDF80090B2B241465E6D2046A8
:10BEE000ABB2B0472A4639462046FFF729FE236801
:10BEF000144ADB6A93421ED194F93600002805DA11
:10BF000094F8343033B103B0BDE8F08349460AF009
:10BF10003BFDF5E7606A03B0BDE8F043F8F71CB8F5
:10BF200004F1280393E80600606AF7F7B1FFC7E75A
:10BF300020469847CBE7204603B0BDE8F0431847BA
:10BF4000B5B60300E5B603002DE9F04182B00E1E40
:10BF5000BDF820704FDB1D46B0F90C30B3420446EB
:10BF600049DD002D47D005DAADB201322A446D42D9
:10BF700012B22DB2B4F90E3093423CDD1FFA82F8B2
:10BF800008EB050080B2411E09B2002933DB002A0C
:10BF9000BCBF05B24FF000088B42D8BFA3EB080529
:10BFA0002368234A5B69D8BF2DB2934238D194F8F5
:10BFB00034306BB394F93600002802DB00210AF01C
:10BFC000E3FC2368AAB20092B1B242465E6D2046FD
:10BFD0000123B0472A4639462046FFF7B1FD2368C2
:10BFE000144ADB6A93421ED194F93600002805DA20
:10BFF00094F8343033B102B0BDE8F08101210AF089
:10C00000C3FCF5E7606A02B0BDE8F041F7F7A4BFF2
:10C0100004F1280393E80600606AF7F739FFC9E7DF
:10C0200020469847CDE7204602B0BDE8F0411847CA
:10C03000B5B60300E5B603002DE9F04F83B0BDF9B6
:10C040003050BDF83470002B7BD0002D79D0002B00
:10C0500006461C4678DBB6F90C308B4271DD002DAC
:10C0600005DAADB201322A446D4212B22DB2B6F9F0
:10C070000E00904265DD1FFA81F808EB040E1FFAEE
:10C080008EFE0EF1FF3C0FFA8CFCBCF1000F58DB6A
:10C090001FFA82F909EB050B1FFA8BFB0BF1FF3A34
:10C0A0000FFA8AFABAF1000F4BDB0029BCBF0FFA76
:10C0B0008EF44FF00008002ABCBF0FFA8BF54FF04A
:10C0C00000096345D8BFA3EB080433682C4A5B69B9
:10C0D000D8BF24B25045DCBFA0EB09052DB2934276
:10C0E0004AD196F83430002B39D096F93600002822
:10C0F00002DB00210AF048FC3368AAB200924146F4
:10C100004A46D3F854803046A3B2C04704FB05F238
:10C1100039463046FFF714FD33681A4ADB6A93420A
:10C1200025D196F93600002802DB01210AF02CFC0B
:10C1300096F834302BB9706A03B0BDE8F04FF7F7CA
:10C140000BBF03B0BDE8F08F9CB201312144B6F9BA
:10C150000C3009B264428B4224B280DCF1E706F174
:10C16000280393E80600706AF7F792FEBDE73046B1
:10C1700003B0BDE8F04F184730469847BCE700BF12
:10C18000B5B60300E5B603002DE9F8430D4690F877
:10C190003410044690469946002900F0A48094F992
:10C1A0003600002802DB00210AF0EEFB002194F9A2
:10C1B00037000AF0E9FB94F83430002B00F09B8044
:10C1C000012B43D1082694F924302A0618464FF053
:10C1D000000148BF01210AF0D7FB012194F9260094
:10C1E0000AF0D2FB013E002194F926006D000AF00E
:10C1F000CBFB16F0FF06EDB2E5D1012194F9370033
:10C200000AF0C2FBB9F1000F32D0002712E094F817
:10C21000273094F92500002B55D100210AF0B4FBFA
:10C22000012194F925000AF0AFFB08F1010801375C
:10C230004F451DD094F83430022BE8D098F80050C8
:10C2400013BB2946606AF7F7CFFEEEE7002194F9A9
:10C2500025000AF099FB012194F925000AF094FBCE
:10C26000012194F937000AF08FFBB9F1000FCCD10E
:10C2700094F93600002802DB01210AF085FB94F8CE
:10C2800034305BB3BDE8F883012B08BF082637D1F3
:10C2900094F9243018462B064FF0000148BF0121C5
:10C2A0000AF072FB012194F926000AF06DFB013EB1
:10C2B000002194F926006D000AF066FB16F0FF06D7
:10C2C000EDB2E5D1B1E700210AF05EFB012194F95E
:10C2D000250008F102080AF057FBA8E7606ABDE8EC
:10C2E000F843F7F739BE00F1280393E80600406AE7
:10C2F000F7F7CEFD53E72946606AF7F775FE7CE74E
:10C3000094F9250089E700BF2DE9F8430D4690F820
:10C310003410044616469846002900F09F8094F990
:10C320003600002802DB00210AF02EFB002194F9E0
:10C3300037000AF029FB94F83430002B00F0968087
:10C34000012B52D1082794F924302A0618464FF0C1
:10C35000000148BF01210AF017FB012194F92600D2
:10C360000AF012FB013F002194F926006D000AF04B
:10C370000BFB17F0FF07EDB2E5D1012194F937006F
:10C380000AF002FBB8F1000F23D0002711E094F867
:10C39000273094F92500002B51D1013600210AF0F5
:10C3A000F3FA012194F925000AF0EEFA0137474526
:10C3B0000FD094F83430022BE9D006F1010935781A
:10C3C000F3B92946606A0137F7F70EFE47454E4636
:10C3D000EFD194F93600002802DB01210AF0D4FAEB
:10C3E00094F83430ABB3BDE8F88394F9250000210C
:10C3F0000AF0CAFA012194F925000AF0C5FABCE74F
:10C40000012B38D1082694F9243018462B064FF01A
:10C41000000148BF01210AF0B7FA012194F9260072
:10C420000AF0B2FA013E002194F926006D000AF0EC
:10C43000ABFA16F0FF06EDB2E5D14E46B6E70021A5
:10C440000AF0A2FA012194F9250002360AF09CFABA
:10C45000ACE7606ABDE8F843F7F77EBD00F128035A
:10C4600093E80600406AF7F713FD58E72946606A2B
:10C47000F7F7BAFD81E794F925004E468EE700BF35
:10C4800070B506460C4690F9370000210AF07CFA98
:10C4900096F83430A3B3012B21D1082596F9243026
:10C4A000184623064FF0000148BF01210AF06CFA3C
:10C4B000012196F926000AF067FA013D002196F95C
:10C4C000260064000AF060FA15F0FF05E4B2E5D139
:10C4D00096F937000121BDE870400AF055BA96F987
:10C4E000250000210AF050FA96F9250001210AF0F2
:10C4F0004BFA96F937000121BDE870400AF044BAC2
:10C500002146706AF7F770FD96F937000121BDE802
:10C5100070400AF039BA00BF70B590F83430054663
:10C520000E4643B3012B1AD12024002195F9243063
:10C530008E42B8BF012118460AF026FA012195F96A
:10C5400026000AF021FA013C002195F926000AF0A4
:10C550001BFA14F0FF044FEA4606E6D170BD002135
:10C5600090F925000AF010FA95F925000121BDE89F
:10C5700070400AF009BA090E406AF7F735FDC6F3B4
:10C580000741686AF7F730FDC6F30721686AF7F7D5
:10C590002BFDF1B2686ABDE87040F7F725BD00BF1A
:10C5A00030B501F0030183B0002302298176B0F990
:10C5B0004A40B0F94C208DF8073028D0032920D00C
:10C5C000012912D0C02590F8441090F8453084819C
:10C5D000C2818DF807500187438701230DF10702BF
:10C5E0003621FFF7D1FD03B030BD90F8451090F82B
:10C5F0004730A025C48182818DF807500187438789
:10C60000EBE7602590F8481090F84430F2E790F896
:10C61000471090F848308481C28101874387DCE766
:10C6200010B584B0CDE900239DF9184002940B4663
:10C630004FF4A072F021044600F0DAF8044B2360B6
:10C640002046002384F8473084F8483004B010BDF9
:10C6500090C0040070B50D4682B080F846300021CD
:10C660000446164600F004F9F02D48D0872D39D045
:10C67000C6F5A071C5F1F00301EBD17103EBD373E3
:10C68000C1F34701C3F3470384F8481084F8451009
:10C6900084F8473084F84430A4F84A50A4F84C6039
:10C6A0001F49204600F0BEF823681E4A1B6B9342C8
:10C6B00031D194F8445094F84500D4F84A10E16020
:10C6C0000023A37602AA65F30F0360F31F43C0257E
:10C6D000A36302F8015D204601233621FFF754FDD4
:10C6E00002B070BDF02EC3D1282142F635023423AA
:10C6F00084F84810A4F8442084F84730CCE7F02EA2
:10C70000B6D100234FF4A04284F8483084F8473073
:10C71000A4F84420C0E720460021984702B070BD2D
:10C7200064C00400A1C50300054B90F84620002911
:10C7300008BF194642F2210301648387FFF764B9F9
:10C740000048E801F8B5078F448FBDF81850394408
:10C7500089B2224492B20B44013B5419064643EA83
:10C760000145013C2A2144EA0244FFF789FE29469B
:10C770003046FFF7D1FE30462B21FFF781FE2146E0
:10C780003046FFF7C9FE30462C21BDE8F840FFF7E0
:10C7900077BE00BF10B501F0030182B0002302296B
:10C7A000817690F8444090F845208DF807301CD0F1
:10C7B000032914D001290CD0C023048742878DF8A7
:10C7C000073001230DF107023621FFF7DDFC02B02F
:10C7D00010BDA023448702878DF80730F1E760235E
:10C7E000448702878DF80730EBE704874287E8E744
:10C7F00030B585B09DF920409DF9245000949DF9F5
:10C800002840CDE901540446FFF7DCF8044B2360CF
:10C8100020460023A4F8443084F8463005B030BDEB
:10C82000F0C004002DE9F041013111F8015C8046AF
:10C83000013DEDB28C1CFF2D2246404615D04F78AD
:10C84000097807F07F063346FFF75EFD3B0604EBF1
:10C850000601EDD5A05DFF2801F1010408BF4FF4EA
:10C86000FA7006F0F5FC2146E2E7BDE8F08100BF72
:10C8700003681B4A1B6D93422DE9F04180460C462C
:10C880002AD11849016442F22103838790F8462097
:10C89000FFF7BAF8F4B12578611C013DEDB28C1CAC
:10C8A000FF2D2246404615D04F78097807F07F06C5
:10C8B0003346FFF729FD3B0604EB0601EDD5A05DED
:10C8C000FF2801F1010408BF4FF4FA7006F0C0FC24
:10C8D0002146E2E7BDE8F08100219847DAE700BF92
:10C8E00029C703000048E80100294FF0000314BFE6
:10C8F000102111211A46FFF707BD00BF704700BF86
:10C9000010B5A421044608F0BDFF204610BD00BFAD
:10C9100038B50A4B04460D46442240F80C3B002132
:10C920000BF019F90023A560237104F154010120D3
:10C9300006F060FF2065204638BD00BF50C10400EE
:10C9400070B504460E46006D4FF0FF3107F0C0F998
:10C95000257955B98EB1A660314604F10C0003F07B
:10C9600029FAB0FA80F56D0925710023206D1A4669
:10C97000194606F065FD284670BDA668002EF4D065
:10C98000EAE700BF70B505464FF0FF31006D07F0D4
:10C990009FF92B7905F10C06F3B100232B7130467A
:10C9A00003F00AFB044668B9A968304604F07CFA33
:10C9B000044638B93046A96803F0FCF9044608B9C2
:10C9C00001232B710023286D1A46194606F038FD05
:10C9D000B4FA84F0400970BD3046A96804F064FAE6
:10C9E0000446EFE738B504460D46006D4FF0FF31C1
:10C9F00007F06EF9294604F10C0004F0DFFE002375
:10CA000005461A46206D194606F01AFDB5FA85F05E
:10CA1000400938BD70B5036904460D46186D4FF0E6
:10CA2000FF31164607F054F9237D4BB100252269EA
:10CA30000023106D19461A4606F002FD284670BD07
:10CA40002069A1692A4633460C3002F055FA20EAE3
:10CA5000E075ECE770B50369044682B04FF0FF3132
:10CA6000186D07F035F9257D45BB2069A1690C30AB
:10CA700003F04EF902AA0646206902F8015D01237F
:10CA8000A1690C3003F0A2F800282069A169C8BF91
:10CA90009DF80750324600F10C004FF00003D8BF5C
:10CAA0004FF0FF3503F002F922690023106D19469B
:10CAB0001A4606F0C5FC284602B070BD4FF0FF359F
:10CAC000F2E700BF38B5036904464FF0FF31186D37
:10CAD00007F0FEF8237D4BB1002522690023106D7D
:10CAE00019461A4606F0ACFC284638BD2069A169F3
:10CAF0000C3003F00FF905462069A1690C3003F0F2
:10CB000007F92D1AE9E700BF10B5036904464FF095
:10CB1000FF31186D07F0DCF8237D23B92069A16986
:10CB20000C3004F041FD22690023106D19461A46AD
:10CB3000BDE8104006F084BC70B50369044682B0BD
:10CB40004FF0FF31186D07F0C3F8257D55B122690C
:10CB50000023106D19461A4606F072FC4FF0FF30A4
:10CB600002B070BD2069A1690DF1070201230C30EC
:10CB700003F02CF8226906462B46106D29462A46FA
:10CB800006F05EFC002ECCBF9DF807004FF0FF3092
:10CB900002B070BD30B50368164A5B6883B093423B
:10CBA0008DF807101ED1036904464FF0FF31186D50
:10CBB00007F08EF8237D53B1002522690023106D04
:10CBC00019461A4606F03CFC284603B030BD2069E1
:10CBD000A1690C3001230DF1070202F08DF920EA62
:10CBE000E075EAE701220DF107019847054628465E
:10CBF00003B030BD15CA030030B4084C01610022F7
:10CC00004FF47A758560C0E90042027580F82020F3
:10CC100080F86020C0E9062230BC704760C1040083
:10CC20002DE9F0410369044694B00D46186D4FF0AC
:10CC3000FF31904607F04CF8A16989B12069267D43
:10CC40000C30002E51D002F043F9A06906F034FBFD
:10CC5000E0690023A36108B106F02EFB0023E36125
:10CC6000206901AA0C30294603F05EF8074660BB34
:10CC70009DF804302669112B5BD02C2006F002FBB6
:10CC8000A06180B301462A4606F10C0002F072F85A
:10CC9000002857D10123237528460BF06CFE013084
:10CCA00006F0F0FA2946E0610BF04BFE26692F21D1
:10CCB00028460BF09BFE203400B1451C2946204637
:10CCC00040220BF072FE012503E0871C266913D079
:10CCD00000250023306D1A46194606F0B1FB2846A0
:10CCE00014B0BDE8F0810546F3E704F0D7FCA06975
:10CCF00006F0E2FAA661B3E7B8F1010FE8D13820F7
:10CD000006F0C0FAA0610028EDD0014640F20313FE
:10CD100006F10C002A4604F093FB074678BB206915
:10CD2000A1690C3002233A4602F0C0FF266927753C
:10CD3000BDE7B8F1000F0CD0B8F1010FB7D140F248
:10CD4000031707E0A06906F0B7FA3D46A761266918
:10CD5000BFE70127382006F095FAA0610028C2D06D
:10CD600001463B4606F10C002A4604F069FB30B947
:10CD7000B8F1010F266909D00023237597E7A06950
:10CD8000002506F099FAA5612669A2E7024602236A
:10CD900006F10C00A16902F089FF2669ECE700BFEB
:10CDA00070B5036904460D46186D4FF0FF31164605
:10CDB00006F08EFF237D4BB1002522690023106D04
:10CDC00019461A4606F03CFB284670BD2069A16949
:10CDD0002A4633460C3002F0F9FE0546EDE700BF67
:10CDE00070B5036904464FF0FF31186D06F070FF0F
:10CDF000A16981B12069257D0C30ADB102F068F8E0
:10CE0000A06906F059FAE0690023A36108B106F0B1
:10CE100053FA0023E36122690023106D19461A4674
:10CE2000BDE8704006F00CBB04F038FCA06906F0C9
:10CE300043FAA561EFE700BF2DE9F047804600689F
:10CE40001646026A82B0B2420B9F4AD90C461D4672
:10CE50008FB92DE0B5FBF1F201FB1252D0F804902E
:10CE600052B3AA1AA3682660626000913146C8478F
:10CE7000F8B9D8F80000236841699E42EAD1636896
:10CE80009D42E7D3CA189542E4D2A2EB0509B94501
:10CE9000A1680A9828BFB946EB1A19444A46BF1A36
:10CEA0000AF035FE0A9B4B444D440A93002FE0D113
:10CEB000002002B0BDE8F087B942D2D8B7FBF1FA42
:10CEC00001FB1A7AA7EB0A0700970A9B2A4631460C
:10CED000C8470028EDD10A9B3B443D440A9357467E
:10CEE000E4E7034B034A044812210AF011FD00BF96
:10CEF00000C204007CC1040020C204002DE9F04FF0
:10CF000085B00392002B5AD088460168C9695C1E1F
:10CF1000A1F108090E9BB4FBF9F50746B3FBF9F63E
:10CF2000BDB3681E02920AF06FFB851CA4EB850559
:10CF3000029AB5FBF9F56EBBB5424AD90DF10C0A60
:10CF40004FF004094FF0010B0AE0012A4BD93B686E
:10CF50001B6A9A4247D80BFA04F42D1BB54238D904
:10CF6000AC1BB4FA84F495FAA5F3C4F11F04B3FA28
:10CF700083F39C4228BF1C46CDE900A9A30041468B
:10CF80003846FFF759FF039A0028DED005B0BDE808
:10CF9000F08FF6B1701E02920AF036FB0E9B861CD3
:10CFA000A3EB8606B6FBF9F630460AF02DFB0E9B86
:10CFB000029A06FB1939A9EB80030E93BCE70F997F
:10CFC0004FF0FF320A60109A1846136005B0BDE8B2
:10CFD000F08F0F9B1A60109B1A460E9B1360002067
:10CFE00005B0BDE8F08F034B034A04484FF48F614E
:10CFF0000AF08EFC90C204009CC1040020C2040010
:10D000002DE9F04F0446D2E900038FB000260890C6
:10D010000291099304F11409B3460DF1280A08ABF3
:10D02000494653F826701023CDE900A33A46002361
:10D030002046FFF701FF002839D1BBF1000F63D173
:10D040000B9B23F00043132B54D92268D2699342DF
:10D0500050D80EAB4FF0FF3143F81C1D102218467C
:10D060005146039304F0E8FC0B9B23F00042102A86
:10D0700025D0CDE904B610250DF11B081646DDF8C4
:10D080000CB004E0584604F0D7FCAE4215D00123A2
:10D09000CDE900833A462B4649462046FFF7CCFEB1
:10D0A0000122414615440028ECD0DDE904B610F118
:10D0B000340F1FD00FB0BDE8F08FDDE904B6079B39
:10D0C000751CBBB905F001050DF1380C0CEB850C96
:10D0D000029D03959AE80F006F605CF8187CAF60C2
:10D0E0002F46BC461C351027CCF80C7085E80F0085
:10D0F0004FF0010B7EB1BBF1000F14BF00206FF0A9
:10D1000033000FB0BDE8F08F029A0A9BD2699B1AD8
:10D11000002B95DAEEE7012681E700BF2DE9F04FFD
:10D12000984603681B6A87B04345109EDDE911A746
:10D1300040F2D780002F4AD081468B461546DBF857
:10D14000003043454ED0013340F0C580D9F800008F
:10D150008269B6FBF2F302FB1363002B3BD1BA42A8
:10D1600039D8B7FBF2F302FB13730393FB1A009356
:10D1700002938468534632464146A047002840F057
:10D18000A380029B002D00F09B80DBB15446371B2F
:10D190009A4408E014F8013B9DF817209A4240F0A9
:10D1A0009180A2450ED0012301930DF11703009346
:10D1B00042463B1929464846FFF73EFE0028E9D083
:10D1C000C0F28280029B039F1E44002FB7D1002033
:10D1D00007B0BDE8F08FF31ACBE90083DBF800302D
:10D1E0004345B0D1DBF80420B242ACD8D9F80010E6
:10D1F0008C691444B442A6D9A41BBC42DBF80800D5
:10D2000028BF3C46B21A1044514622460AF07FFC21
:10D21000D9F80000D0F818C02644B6FBFCF30CFB8C
:10D2200013633F1BA244002BCFD1DBF800104B1C33
:10D23000CBD0DBE90123CDF800C08468A0470028EB
:10D2400042D1D9F80030DBF808009A696DB3DBE908
:10D25000001352B382181B1ACDF808B0CDF80C8019
:10D260001096044693460E46984607E014F8013B94
:10D270009DF817209A4225D1A34528D00123019378
:10D280000DF117030093324608EB04032946484684
:10D29000FFF7D2FD0028E9D0DDE902B8109E13DBCC
:10D2A000D9F80030DBF808009A69FF210AF053FC36
:10D2B0004FF0FF33CBF80030002F7FF440AF86E70C
:10D2C0009A447FE76FF0330007B0BDE8F08FDDE9E7
:10D2D00002B8109EE4E7064B064A0748B7210AF059
:10D2E00017FB064B034A04489C210AF011FB00BFC0
:10D2F000E4C104008CC1040020C2040000C2040088
:10D300002DE9F04F90460268126A83B04245DDF87D
:10D3100030900D9E6CD91EB382460F461D463B6869
:10D32000984527D001335DD1DAF800008269B5FB5A
:10D33000F2F302FB1353BBB9B24215D8B6FBF2F4B9
:10D3400002FB1464361B0096D0F808B04B462A4600
:10D350004146D84728B9B14435442646002EDED18F
:10D36000002003B0BDE8F08FEB1AC7E900833B68EB
:10D370009845D7D17968A942D4D8DAF800209269C3
:10D380000A44AA42CED9541BB442B86828BF3446D6
:10D39000691A0844224649460AF0B9FBDAF8000047
:10D3A00082692544B5FBF2F302FB1353361BA144FB
:10D3B000002BD3D139684B1CD0D0D7E901C30092E0
:10D3C00084686246A0470028CBD1DAF80030B868FC
:10D3D0009A69FF210AF0BFFB4FF0FF333B60002E3C
:10D3E0009DD1BDE7054B064A0648B7210AF090FAE1
:10D3F000054B034A03489C210AF08AFAE4C1040061
:10D400008CC1040020C2040000C204002DE9F04FCA
:10D41000934691B000240122CDE905315B46CBE96A
:10D4200009429A468346DAF82830013300F00F812A
:10D430000AF1240251465846FFF7E2FD0790002802
:10D440007AD15246DAF80C30DA469346DBF82010EF
:10D4500021F00042043A03F10C00824228BF0AF195
:10D46000140980F0AA80002980F2ED800AF11409E5
:10D47000DBE909234FF000080A920B9347460AABF9
:10D48000494653F82860102301930CAB00933246B1
:10D4900000235046FFF7D0FC00283FD12FB10C9B52
:10D4A000DBF81C209B1A002B65DB0D9B23F000434F
:10D4B000132B60D9DAF80020D26993425BD810AB05
:10D4C0004FF0FF3143F81C1D102218460CA902939F
:10D4D00004F0B2FA0D9B23F00042102A32D00397D9
:10D4E000CDF8108010240DF123051746DDF80880D3
:10D4F00004E0404604F0A0FAA74221D00123CDE980
:10D5000000533246234649465046FFF795FC012218
:10D51000294614440028ECD0DDE9037810F1340FDB
:10D5200029D05B46D3469A46831C40F09380DAF8B4
:10D53000243001337FF477AF079811B0BDE8F08F46
:10D54000DDE90378099B08F10104A3B90CAB10AD28
:10D550000FCB04F0010405EB8404102554F8184C9B
:10D56000CBF808400BF11C04CBF80460CBF80C504E
:10D5700084E80F000127B8F1000F1AD0002F5BD00C
:10D58000DBF82010DBF8182021F00043043B1432B4
:10D5900010201B2BCBF81820CBF80C000CD800293E
:10D5A000FFF666AF5B46D3469A460346059A13607C
:10D5B000BDE74FF0010862E70346059DDBF8042054
:10D5C000281D0C24CDE9000449465046FFF734FCE1
:10D5D0000028A6D16B79A979EA79DBF80C002860DC
:10D5E00004330B4413440344CBF80C306A79AC7910
:10D5F000E879DBF818100432224402440A44CBF8DC
:10D6000018202A7902F07002202A7FF41FAF0598B3
:10D61000069C81682268914208D0C0686468A04274
:10D6200004D0A14202D082427FF410AF01230793BD
:10D63000079811B0BDE8F08F6FF033030793079898
:10D6400011B0BDE8F08F5A46D3469246AEE70023AC
:10D65000079371E707906FE72DE9F04FA3B001231F
:10D660000691002417A90BAACDE90B438346FFF7C7
:10D67000C7FC079000287DD1209B01337AD0219BE5
:10D68000013377D020AA17A95846FFF7B9FC002824
:10D690006FD11A9CDA461F9A22F00043043B04F132
:10D6A0000C018B4228BF0AF1140B80F09380002AF2
:10D6B00080F28B800AF1140BDDE9202300250D9206
:10D6C0000E93A8464FF010090DAB594653F825604C
:10D6D000CDF8049013AB0093324600235046FFF779
:10D6E000ABFB00283FD1B8F1000F04D0139B1E9A6A
:10D6F0009B1A002B57DB149B23F00043132B52D9AA
:10D70000DAF80020D26993424DD822AB4FF0FF31B6
:10D7100043F8601D102213A91846039304F08CF9F6
:10D72000149F27F00042102A2AD0CDE90485102446
:10D730000DF127071546DDF80C8004E0404604F0A3
:10D740007BF9A5421AD00123CDE900733246234666
:10D7500059465046FFF770FB012239461444002811
:10D76000ECD0DDE9048510F1340F1CD0831CD346C6
:10D7700082D00790079823B0BDE8F08FDDE90485DB
:10D780000A9B6C1C7BB913AB0FCB22AF04F00104D6
:10D7900007EB840407E90F0054F8543C1896CDE9D0
:10D7A00019394FF001089DB1B8F1000F41D01F9910
:10D7B0001D9A21F00043043B143210241B2B1D92B0
:10D7C0001A9407D80029FFF677AFD3460F9453E792
:10D7D000012579E710A80C25CDE90005189A234604
:10D7E00059465046FFF728FB0028BFD19DF841203D
:10D7F0009DF842509DF843001A9C1D999DF94030B8
:10D800000F9404322A4402441444002B0A441A940C
:10D810001D92FFF640AF0822069911A80AF068F998
:10D8200000287FF438AF01230793079823B0BDE8A1
:10D83000F08F6FF033030793079823B0BDE8F08FA4
:10D840002DE9F04F97B01C460C9340F62203824618
:10D850002468536010460892DAE90123D3460A94FB
:10D860008260C3608A460A9DBF4928460BF0D2F801
:10D870002B4603440446BC49099318460BF069F84B
:10D880000128079000F07281022800F07881099B3E
:10D89000079A9D18CDE90A550124B34928460BF093
:10D8A000B9F805442846B0490BF053F878B102287E
:10D8B00002D001340544F0E72B782E2BF9D16B7898
:10D8C0002E2BF6D1013CF5D1AB1C0A93CBE7099B7B
:10D8D0001878002800F088800C9A1360089A137951
:10D8E000222B40F05B8102F108031A46514658464C
:10D8F0000D93FFF785FB002876D15246DAF80C30FD
:10D90000DA469346DBF8201021F00042043A03F196
:10D910000C00824228BF0AF1140980F0A48000297B
:10D9200080F294800AF1140912ABD0460393CA46E0
:10D93000DBE9092300255F4610921193A946AB4607
:10D9400010AB514653F82B5010230193039B0093C7
:10D950002A4600234046FFF76FFA002841D1B9F16B
:10D96000000F04D0129BFA699B1A002B58DB139B03
:10D9700023F00043132B53D9D8F80020D2699342E7
:10D980004ED816AB4FF0FF3143F81C1D102218463D
:10D990000399049304F050F8139B23F00042102ADB
:10D9A00027D0CDF81490CDF818B010240DF13B0617
:10D9B0009146DDF810B004E0584604F03DF8A1456A
:10D9C00015D00123CDE900632A462346514640463F
:10D9D000FFF732FA0122314614440028ECD0DDE989
:10D9E000059B10F1340F1BD017B0BDE8F08FDDE9B7
:10D9F000059B0F9B0BF1010493B9039B7D600FCB3B
:10DA000004F0010416AE06EB8404102554F8184CFB
:10DA1000BC6007F11C04FD6084E80F004FF00109B1
:10DA2000BBF1000F19D0BB46B9F1000F76D0396AAF
:10DA3000BA6921F00043043B143210201B2BBA6159
:10DA4000F8600DD80029FFF673AF0346089A6FF00F
:10DA50000100136017B0BDE8F08F4FF0010B6FE7C6
:10DA6000D1460346C246089FDBF804200C20391D2E
:10DA7000CDE9001049465046FFF7DEF90028B3D142
:10DA80007B79BA79F879DBF80C403C6004331344B5
:10DA900003442344CBF80C307D79B879FE79DBF868
:10DAA00018102A1D024432440A44CBF818203A794F
:10DAB00002F07F01112902D022297FF423AF0799B8
:10DAC0008E427FF41FAF04342C440444DBF804601E
:10DAD00000295FD0099DCDF80CB012AB641B012763
:10DAE000DDF82CB0984607E015F8013B9DF848207A
:10DAF0009A4216D15D4519D0CDE9008763193246A7
:10DB000049465046FFF798F90028EDD0D346DDF896
:10DB10000CA0FFF669AF089B1A790CE06FF0330098
:10DB200062E7DDF80CB0DBF80C30EBE6089BD3467F
:10DB30001A79DDF80CA013067FF595AEDBF80430FA
:10DB400001330BD0DBF80830013307D00D9958466C
:10DB5000FFF782FD002824D1089B1A79089B02F068
:10DB60007F021A717FE600BFBCC204002B5D2E2B22
:10DB70007FF48DAE099B079A13440A9373E6099BC1
:10DB80001B782E2B7FF483AE099B5B782E2B7FF4C2
:10DB90007EAEEFE75B46D3469A46CCE76FF01300C4
:10DBA00022E7FFF621AF6FF001001DE72DE9F04FEE
:10DBB0004468013493B000F08B808468013482465D
:10DBC00000F0868090468946002101230A910AAA26
:10DBD00041460B93FFF714FA00287AD143460AF125
:10DBE000140BC8469946D9F82430581C70D0D9F87F
:10DBF0002820511C6CD0D8F8001099426CD0D8F86D
:10DC00000400904268D0834266D0914264D0CDE94E
:10DC10000C32002503950EAFCDF810800CAB5946A1
:10DC200053F825601023CDE9007332460023504697
:10DC3000FFF702F9002840D1039B2BB10E9BD9F8C6
:10DC40001C209B1A002B3BDB0F9B23F00043132B64
:10DC500036D9DAF80020D269934231D812AB4FF0AE
:10DC6000FF3143F8241D102218463946059303F06E
:10DC7000E3FE0F9B23F00042102A33D00695CDF827
:10DC80001C9010240DF123081546DDF8149004E0D3
:10DC9000484603F0D1FEA54222D00123CDE90083FE
:10DCA0003246234659465046FFF7C6F80122414600
:10DCB00014440028ECD0DDE9065910F1340F08D1E6
:10DCC00065B3DDE90338002B8DD16FF0330000E040
:10DCD000002013B0BDE8F08F012013B0BDE8F08F35
:10DCE000DDE90659099B6C1C002BE9D197E80F0070
:10DCF00004F001040DF1480C0CEB8404C9F8046035
:10DD000054F8184CC9F80840102609F11C04C9F849
:10DD10000C6084E80F0001230393D1E701257DE720
:10DD20002DE9F04F4FF0010BA1B081468A464FF02C
:10DD30000008D9E90C52D9F8384013E05109531CB6
:10DD4000601ED9F83C60C9F83430C9F8380056F87C
:10DD5000217002F01F010BFA01F1394200F07181CC
:10DD600004461A469542E9D1002C00F01383D9F8F5
:10DD70000020D9F82C30D9F83C00D2E908121D4413
:10DD8000944228BF1446B5FBF1F301FB1355C9F8C3
:10DD90003480C9F83040D208C9F82C50002109F06D
:10DDA000DAFED9F804300133C3D0D9F80830013392
:10DDB000BFD015AA01230592524609F11407CA469D
:10DDC000CDF834800E9300249146DAF80060DAF83A
:10DDD0002C20316ADAF830508A1A1444B4FBF1F07E
:10DDE00001FB1040A84212D2DAF83C10440900F0BE
:10DDF0001F0351F824200BFA03F3134341F8243096
:10DE0000316ADAF82C200E9BDAF830508A1A1A445C
:10DE1000B2FBF1F301FB1322AA420BD25409DAF848
:10DE20003C0002F01F0250F824100BFA02F30B43DF
:10DE300040F824300DAA05995046FFF7E1F8002874
:10DE400040F0BA81CDF81C900C26B946189B12AC54
:10DE50001CE0169ACDE9004649465046FEF7ECFF15
:10DE6000002840F0A9819DF849309DF84A209DF88E
:10DE70004B001899043313449DF84820034402F0E2
:10DE800070020B44102A189300F089821D9A22F028
:10DE90000042043A03F10C019142DAD9DDE91E4354
:10DEA000601C4F46CDE90D43DDF81C9001D0591C94
:10DEB0008BD14B46D1469A46D9F80C50002D3FF4F1
:10DEC00038AFCDF824A0AA46DAF81C30DA0340F1C6
:10DED0009C81DAF81440002C00F09781D9F80010EA
:10DEE000CD69013C083DB4FBF5F3069353B1581ED0
:10DEF000059109F089FB05990230A4EB8004B4FB7D
:10DF0000F5F30693DAF810300593D9F82C400B6A34
:10DF1000D9F83000059A1A44141BB4FBF3F203FB42
:10DF2000124383420BD25C09D9F83C0003F01F0373
:10DF300050F824200BFA03F3134340F82430069BD7
:10DF4000002B00F0608103F00103C3F102030A6AB1
:10DF500007939D00059B934280F012810FAF002430
:10DF600008461A4620E0D9F81430059A46699A42C4
:10DF700000F0CF82B4FBF6F2436806FB12429C46E7
:10DF8000002A00F0EC820599D9F81C30C9F8141069
:10DF9000A21AC9F8182000966646B047002840F03B
:10DFA0000B81D9F80000059ADAF82C309A42DAD1C0
:10DFB000DAF83020A242D6D883691344A342D2D9DA
:10DFC0001B1BDAF83410AB4228BF2B46A21A1144AF
:10DFD0001E461A463846AD1A09F099FD34443744B6
:10DFE000D9F80000002DDED1079B5D1E012D0146F2
:10DFF000036AD9E90B4019D10F9A121BD618B6FB48
:10E00000F3F203FB1262824210D25409D9F83C00A9
:10E0100002F01F0350F8242005FA03F3134340F8DD
:10E020002430D9F82C400B6AD9F8300020AA02EB32
:10E030008505DDE90626921B069255F8442C0592CB
:10E0400069E7D9F80000D9F82C10076A0A44AB42F6
:10E05000B2FBF7F107FB112206921BD0590903F01E
:10E060001F0256F82110012707FA02F20A4211D0C6
:10E07000023C0AE0590903F01F0256F821100BFA7E
:10E0800002F20A4204F1FF3404D00133AB42C9E981
:10E090000D34EFD1C368069998470346079038B10D
:10E0A00013F1340F3FF443AE184621B0BDE8F08FB2
:10E0B000DAF82830D9F80000002B00F08180DAF877
:10E0C0002440036A09F114029C42089258D215AB0D
:10E0D0000593079F09F1200309933D46DDF814805D
:10E0E00017E0D9F8143041699C424FD0B5FBF1F2EA
:10E0F00001FB1252002A54D0D9F81C300091AA1A00
:10E10000C9E9054246682146B047002854D1D9F8EC
:10E110000000DAF82C309C42E3D1DAF83030AB4220
:10E12000DFD886691E44AE42DBD9DAF83410761B9C
:10E13000012E28BF0126EB1A3246404619443544C9
:10E14000B044C6F1010609F0E2FC002EDFD1012344
:10E150000293059BDDE90821CDE900734846069B43
:10E16000FEF7DCFF002849D1DAF82830D9F80000A2
:10E170000137BB4224D9DAF82440036A9C42ACD36D
:10E18000AC4BAD4AAD48122109F0C2FBD9F81830AA
:10E19000AB42ABD85E18AE42A8D9761BD9F81C109A
:10E1A000C6E70129A8D801230093214643462A4601
:10E1B0004468A0470028CAD0079021B0BDE8F08F7E
:10E1C0008269D9F82810DAF8340009F0A0FCD9E9FE
:10E1D0000813D9F80020D9F828009269CAE90B136E
:10E1E000FF2109F0B8FC4FF0FF33C9F82030079841
:10E1F000069BCAF8243021B0BDE8F08F10F1340F2F
:10E200003FF495ADD8E7DAF81C309B0340F1B980B4
:10E21000DAF82040002C00F0B480D9F80010CD6965
:10E22000013C083DB4FBF5F3069353B1581E05912C
:10E2300009F0EAF905990230A4EB8004B4FBF5F388
:10E240000693DAF824300593D9F82C400B6AD9F8F4
:10E250003000059A1A44141BB4FBF3F203FB12437B
:10E2600083420BD25C09D9F83C0003F01F0350F83D
:10E2700024200BFA03F3134340F82430069B002BB1
:10E280007FD003F00103C3F102030A6A07939D00E4
:10E29000059B9342BFF474AF0FAF002408461A46A3
:10E2A00020E0D9F81430059A46699A4200F044817A
:10E2B000B4FBF6F2436806FB12429C46002A00F0CB
:10E2C00064810599D9F81C30C9F81410A21AC9F84C
:10E2D000182000966646B04700287FF46DAFD9F845
:10E2E0000000059ADAF82C309A42DAD1DAF83020B8
:10E2F000A242D6D883691344A342D2D91B1BDAF8B1
:10E300003410AB4228BF2B46A21A11441E461A46AF
:10E310003846AD1A09F0FBFB34443744D9F8000005
:10E32000002DDED1079BD9F82C405D1E012D014642
:10E33000036AD9F8300019D10F9A121BD618B6FB10
:10E34000F3F203FB1262824210D25409D9F83C0066
:10E3500002F01F0350F8242005FA03F3134340F89A
:10E360002430D9F82C400B6AD9F8300020AA02EBEF
:10E370008505DDE90626921B069255F8442C059288
:10E3800068E7DAF800A0BAF1000F7FF49DADDDF880
:10E3900024A0CEE46FF01B030793184685E6149C77
:10E3A000002C3FF454ADDAF80010CD69013C083D73
:10E3B000B4FBF5F3089353B1581E069109F024F904
:10E3C0000699831CA4EB8303B3FBF5F30893139B1B
:10E3D0000693DAF82C500B6ADAF83040069ACDF83A
:10E3E0002C9008461A44551BB5FBF3F203FB12535D
:10E3F000A3420BD25C09DAF83C1003F01F0351F87A
:10E4000024200BFA03F3134341F82430089B002B1C
:10E4100000F0E78003F00103C3F10203026A0993ED
:10E420009C00069B9342BFF4ABAE0DF13C09002566
:10E4300020E000BF00C204007CC1040020C2040030
:10E440004368B5FBF1F201FB12529C46002A00F032
:10E45000B280069FCAF81470AA1ADAF81C30CAF8FB
:10E460001820009139466746B84700287FF4A4AECB
:10E47000DAF80000DAF81430069A41699A42DFD1DE
:10E48000DAF81830AB42DBD85A18AA42D8D9521B56
:10E49000DAF81C10A242A5EB030328BF2246484627
:10E4A00019441746A41A154409F031FBB944DAF8A7
:10E4B0000000002CDED1099BDAF82C50DAF830404D
:10E4C000591E0129036A19D10F9A521B1A44B2FB33
:10E4D000F3F703FB1722A24210D2DAF83C50570997
:10E4E00002F01F0355F8274001FA03F3234345F8D0
:10E4F0002730DAF82C50036ADAF8304020AA02EB11
:10E500008101DDE90827D21B089251F8442C0692BC
:10E5100068E7D9F81830A3423FF62CAD9A19A24209
:10E520007FF628AD121BD9F81C10AA4228BF2A4634
:10E53000E31A164619444DE5D9F81830A3423FF6C0
:10E54000B7AE9A19A2427FF6B3AE121BD9F81C10CF
:10E55000AA4228BF2A46E31A16461944D8E6B5420D
:10E56000FFF411ADB5FBF6F306FB1353ED1A089358
:10E5700000953B46224605996646B04700287FF441
:10E580001BAE2F442C44089D2AE5B542FFF499AEFA
:10E59000B5FBF6F306FB1353ED1A089300953B46C3
:10E5A000224605996646B04700287FF405AE2F4401
:10E5B0002C44089DB2E68C42FFF44BAFB4FBF1F75C
:10E5C00001FB1743E41A0A9300944B462A46069926
:10E5D0006746B84700287FF4EFADA14425440A9C64
:10E5E00065E7DDF82C9031E42DE9F04FD0E90C63BC
:10E5F000A1B04FF0010901F1040801F10C02044639
:10E600000392CA460491C3464FF000082746B96BEF
:10E610000FE05A090139581CFD6BB963786355F84E
:10E62000224003F01F0209FA02F2224200F0658143
:10E6300003469E42EDD1002900F0BA813A68FB6A98
:10E64000D2E908021E44914228BF1146B6FBF0F3FE
:10E6500000FB13663963C7F83480D208FE620021DC
:10E66000F86B09F078FA7B68013300F09881BB6899
:10E67000013300F09481CDE90D8A07F11406CDF83D
:10E6800014B001230024B3463E68FA6A306A3D6B39
:10E69000821A1444B4FBF0F100FB1141A9420FD2DD
:10E6A000F86B4C0901F01F0350F8242009FA03F31A
:10E6B000134340F82430FA6A306A0E9B3D6B821A8D
:10E6C0001A44B2FBF0F300FB1323AB420AD2580901
:10E6D000F96B03F01F0351F8202009FA03F31343E9
:10E6E00041F820300DAA15A93846FEF789FC00280C
:10E6F00040F050815B460C26BB461F46189B12AC6F
:10E700001CE0169ACDE9004639465846FEF794FBC0
:10E71000002840F03F819DF849309DF84A209DF83F
:10E720004B001899043313449DF84820034402F029
:10E7300070020B44102A189300F03D811D9A22F0BC
:10E740000042043A03F10C019142DAD93B465F469C
:10E750009B46DDE91E43601CCDE90D4301D0591CE9
:10E7600092D1FD68DDF814B0002D00F01881CDF8CD
:10E7700028B0AB460CE09B0304D5DBF82040002C0E
:10E7800040F0F681DBF800B0BBF1000F00F005812E
:10E79000DBF81C30DA03EED5DBF81440002CEAD0AD
:10E7A0003B68DD69013C083DB4FBF5F2079252B1CC
:10E7B000501E059308F028FF0230A4EB8004B4FB40
:10E7C000F5F30793059BDBF810200592FC6A1A6AA3
:10E7D000386B0599CDF818B011440C1BB4FBF2F15D
:10E7E00002FB114282420AD25409F86B02F01F0266
:10E7F00050F8241009FA02F20A4340F82420079A3C
:10E80000002A00F0A28202F00102C2F10202196A9B
:10E8100008929500059A8A4280F09F820DF13C0B88
:10E820000024069A0599D26A914222D07A69059805
:10E830005969904200F07181B4FBF1F2586801FB14
:10E8400012428446002A00F07B81FE6905987861B7
:10E85000A21ABA6118460091334605996646B04738
:10E86000002840F09780069A0599D26A3B68914249
:10E87000DCD1069A106BA042D8D89A690244A24211
:10E88000D4D90993069B121B596BAA4228BF2A466A
:10E89000201A164601445846AD1A09F038F9099B6A
:10E8A0003444B344002DBCD1089A551E012DD7E93C
:10E8B0000B401A6A16D10F99091B1144B1FBF2F6ED
:10E8C00002FB161181420DD2FC6B4E0901F01F02B2
:10E8D00054F8260005FA02F2024344F82620D7E94C
:10E8E0000B401A6A20A901EB8505DDE90716891B93
:10E8F000079155F8441C05916EE73968FA6A096A70
:10E900001344B3FBF1F201FB12334BF8043BD7E99C
:10E910000C63B3423C461BD0590903F01F0255F863
:10E9200021100AFA02F20A4212D0B86B01380AE04A
:10E93000590903F01F0255F8211009FA02F20A42A0
:10E9400000F1FF3004D00133B342C4E90D30EFD100
:10E95000039A5A457FF458AEDDF810B004210BF14C
:10E960001C03DBF804202046CDE90031002304F12C
:10E970001401FEF761FAA8B9DBF81C304FF0FF3242
:10E98000CBE90922142001331021CBE90730CBF861
:10E990000C10002021B0BDE8F08FDDF828B0D7E9D9
:10E9A0000C6334E610F1340FE6D021B0BDE8F08FEF
:10E9B0006FF01B00EEE7149C002C3FF4A0AEDBF8D8
:10E9C0000010CD69013C083DB4FBF5F3089353B149
:10E9D000581E069108F018FE0699831CA4EB8303C9
:10E9E000B3FBF5F30893139B0693DBF82C500B6AEB
:10E9F000DBF83040069A0B9708461A44551BB5FBC6
:10EA0000F3F203FB1253A3420BD25C09DBF83C1078
:10EA100003F01F0351F8242009FA03F3134341F8CC
:10EA20002430089B002B00F08E8103F00103C3F11A
:10EA30000203026A09939D00069B934280F08D8138
:10EA40000FAB0793002718E04368B7FBF1F201FB17
:10EA500012729C46002A00F05E81069CCBF814409E
:10EA6000BA1ADBF81C30CBF8182000912146644616
:10EA7000A04700288ED1DBF80000DBF81430069A9E
:10EA800041699A42E0D1DBF81830BB42DCD85A1811
:10EA9000BA42D9D9D21BDBF81C100798FB1AAA423C
:10EAA00028BF2A4619441446AD1A174409F02FF816
:10EAB000079B23440793DBF80000002DDDD1099B61
:10EAC000DBF82C50DBF83040591E0129036A19D1BC
:10EAD0000F9A521BD718B7FBF3F203FB1272A24234
:10EAE00010D25509DBF83C4002F01F0254F82530E3
:10EAF00001FA02F2134344F82530DBF82C50036A84
:10EB0000DBF8304020AA02EB8101DDE90827D21BA7
:10EB1000089251F8442C06926FE7BA69A2423FF678
:10EB20008BAE5018A0427FF687AE001BF96909939F
:10EB3000A84228BF2846A21A114406460246AAE661
:10EB40008D42FFF482AEB5FBF1F601FB1652AD1A11
:10EB50000992184600955B46224605996646B047DD
:10EB600000287FF417AFAB442C443B68099D99E61D
:10EB70003B68DD69013C083DB4FBF5F2069252B1F9
:10EB8000501E059308F040FD0230A4EB8004B4FB56
:10EB9000F5F30693059BDBF824200592FC6A1A6ABC
:10EBA000386B0599CDF81CB011440C1BB4FBF2F185
:10EBB00002FB114282420AD25409F86B02F01F0292
:10EBC00050F8241009FA02F20A4340F82420069A69
:10EBD000002A00F0BF8002F00102C2F10202196AAD
:10EBE00008929500059A8A4280F0B7800DF13C0B9F
:10EBF0000024079A0599D26A914220D07A69059833
:10EC0000596990425FD0B4FBF1F2586801FB12429F
:10EC10008446002A68D0FE6905987861A21ABA6114
:10EC200018460091334605996646B04700287FF4A0
:10EC3000B1AE079A0599D26A3B689142DED1079A34
:10EC4000106BA042DAD89A690244A242D6D909933D
:10EC5000079B121B596BAA4228BF2A46201A164648
:10EC600001445846AD1A08F052FF099B3444B3449E
:10EC7000002DBED1089A551E012DD7E90B401A6A06
:10EC800016D10F99091B1144B1FBF2F602FB1611C4
:10EC900081420DD2FC6B4E0901F01F0254F8260090
:10ECA00005FA02F2024344F82620D7E90B401A6A1B
:10ECB000089E20A901EB85050699891B069155F848
:10ECC000441C059170E7BA69A2429CD85018A04232
:10ECD00099D9001BF9690993A84228BF2846A21AAE
:10ECE000114406460246BCE78D4294D3B5FBF1F6CB
:10ECF00001FB1652AD1A0992184600955B46224652
:10ED000005996646B04700287FF444AEAB442C44D6
:10ED10003B68099DACE78D42FFF49FAEB5FBF1F473
:10ED200001FB1453ED1A0A930095079B06993A4686
:10ED30006446A04700287FF42DAE079B2B442F4448
:10ED400007930A9DB7E60B9FD8E4DDF818B0DBF80F
:10ED50001C3010E5DDF81CB014E5034B034A0448F1
:10ED6000122108F0D5FD00BF00C204007CC10400E0
:10ED700020C204002DE9F04F95B014AB054643F8CE
:10ED8000342DD0E90162C1E901620CAA0C46FEF7FC
:10ED900057FD834600285FD19DF83430222B40F088
:10EDA0008E80DDE90E23CDE90A2305F114088146A2
:10EDB00002900DF1400A03900AAB414653F82970C6
:10EDC0001023CDE900A33A4600232846FEF734F885
:10EDD00000283DD1029B23B1109BE2699B1A002BB6
:10EDE00058DB119B23F00043132B53D92A68D269B7
:10EDF00093424FD814AB4FF0FF3143F82C1D102233
:10EE000018465146049302F017FE119B23F000426E
:10EE1000102A27D0CDE9059410260DF1230B1446B6
:10EE2000DDF8109004E0484602F006FEB44217D028
:10EE30000123CDE900B33A46334641462846FDF763
:10EE4000FBFF0122594616440028ECD0DDE9059469
:10EE500010F1340F1ED08346584615B0BDE8F08F30
:10EE6000DDE90594099B09F101069BB99AE80F00B9
:10EE700006F001060DF1500C0CEB8606676056F8A3
:10EE8000286CA660102704F11C06E76086E80F00D6
:10EE900001230293B9F1000F14D0DDE9023BA3B1C5
:10EEA000D4E901122B69216162610E2110225846BA
:10EEB000A161E26023602C6115B0BDE8F08F6FF0B6
:10EEC000130BC9E74FF0010976E76FF0330BC3E787
:10EED000026942B18A4203D107E0994207D01A463B
:10EEE0001368002BF9D10020704700F110020B6865
:10EEF00013600020704700BF2DE9F04FA9B00992C0
:10EF0000CA690A9302F00304012C00F0268454031A
:10EF10008A46834602F4003300F1E882100507D5E3
:10EF2000DAF81420DAF82010914238BFCAF820200D
:10EF3000002B00F0E5820A9B1846002B00F0F181BF
:10EF40000AF12C0305930A9B0B93D0464FF001095D
:10EF5000DA46D8F81C30990300F19F81D8F82010C8
:10EF6000002940F0F482D3465BF8143B1D6ACAF8CE
:10EF70003850D8E90823CDF8308006921493D04653
:10EF80004FF0000AD8E90C1413E06209631C681EF4
:10EF9000D8F83C60C8F83430C8F8380056F8227009
:10EFA00004F01F0209FA02F23A4200F0C18105465C
:10EFB0001C46A142E9D1002D00F0F182D8F80020D2
:10EFC000D8F82C30D2E908021944954228BF1546DA
:10EFD000B1FBF0F300FB1311C8F82C10C8F834A0F3
:10EFE000C8F83050D2080021D8F83C0008F0B3FD32
:10EFF000D8F80430013300F02082D8F8083001330B
:10F0000000F01B8201231DADCDF854A016930024FF
:10F010000C272E46D8F800C0D8F82C20DCF82000A9
:10F02000D8F83050821A1444B4FBF0F100FB1141BF
:10F03000A94213D2D8F83C004C0901F01F0350F844
:10F04000242009FA03F3134340F82430DCF82000AD
:10F05000D8F82C20169BD8F83050821A1A44B2FBEC
:10F06000F0F300FB1323AB420BD25809D8F83C1045
:10F0700003F01F0351F8202009FA03F3134341F86A
:10F08000203015AA31464046FDF7BAFF002840F06F
:10F09000BD811AAC0D96209B1CE01E9ACDE900475D
:10F0A00059464046FDF7C8FE002840F0AF819DF864
:10F0B00069309DF86A209DF86B0020990433134451
:10F0C0009DF86820034402F070020B44102A20933C
:10F0D00000F06A82259A22F00042043A03F10C0102
:10F0E0009142DAD9DDE92643621C0D9ECDE9154334
:10F0F00001D05D1C8ED1D8F80C50002D00F09D8100
:10F10000CDF83CB0AB460CE0990304D5DBF82040C9
:10F11000002C40F03B83DBF800B0BBF1000F00F0A7
:10F120008A81DBF81C30D803EED5DBF81440002CC4
:10F13000EAD0D8F80010CD69013C083DB4FBF5F3E6
:10F14000089353B1581E079108F05EFA07990230F0
:10F15000A4EB8004B4FBF5F30893DBF810300793BD
:10F16000D8F82C400B6AD8F83000079A1A44141BC0
:10F17000B4FBF3F203FB124383420BD25C09D8F8D1
:10F180003C0003F01F0350F8242009FA03F3134353
:10F1900040F82430089B002B00F0048403F00103A6
:10F1A000C3F102030A6A0D939D00079B934280F00E
:10F1B000F38317AF00240846DBF82C30079A9A42F5
:10F1C00024D0D8F81430079A46699A4200F0AB82EE
:10F1D000B4FBF6F2436806FB12429C46002A00F09C
:10F1E000BF820799D8F81C30C8F81410A21AC8F8C2
:10F1F000182000966646B047002840F00781DBF8EB
:10F200002C30079AD8F800009A42DAD1DBF8302087
:10F21000A242D6D883691344A342D2D91B1BDBF880
:10F220003410AB4228BF2B46A21A11441E461A4680
:10F230003846AD1A08F06BFC34443744D8F8000067
:10F24000002DB9D10D9B5D1E012D0146036AD8E941
:10F250000B4017D1179A121BD618B6FBF3F203FB1B
:10F26000126282420ED25409D8F83C0002F01F0309
:10F2700050F8242005FA03F3134340F82430D8E96A
:10F280000B400B6A0D9E28AA02EB8505089A921B7B
:10F29000089255F8442C079268E7D346D8F82850CE
:10F2A0005BF8143BDE69B5423FF460AED8F8244009
:10F2B0000B9B059F761B9E4228BF1E462346099C3A
:10F2C0000CE010F1340F40F0368141465046FEF715
:10F2D00027FD002840F02F81D8E90935CDE9014606
:10F2E00000955A4639465046FDF718FF0028E8D1E8
:10F2F000D8F82020D8F82830DAF800103244334407
:10F30000096AC8F82020C8F82830099A0B9BCAF867
:10F31000381032449B1B09920B937FF41AAE0A9863
:10F32000C246DAF81C3023F40023CAF81C3075E01A
:10F33000D8F80000D8F82C20076A14448B42B4FB9C
:10F34000F7F207FB124420D04FEA531C03F01F02D0
:10F3500056F82CC04FF0010E0EFA02F212EA0C0F12
:10F3600013D0023D0CE04FEA531C03F01F0256F885
:10F370002CC009FA02F212EA0C0F05F1FF3504D095
:10F3800001338B42C8E90D35EDD1012C40F2F282F8
:10F39000A742C0F0EF82C36821469847002840D1B9
:10F3A000069BD8F80070002B00F0D0811A46FB694C
:10F3B000561EA3F1080AB6FBFAF5002D40D1721CC7
:10F3C0009342069251D01346002A00F0A7819A4634
:10F3D00000251DAE059F0EE00123CDE901630095D8
:10F3E00023465A4639464046FDF798FEC8B90135CE
:10F3F000AA4500F0CC800123CDE90063149A2B4686
:10F4000059464046FDF718FD0028E5D0DDF830A04C
:10F41000DAF81C3043F40023CAF81C3029B0BDE8E8
:10F42000F08F10F1340FF1D14FF0FF33C8F82030D6
:10F43000D8F83850A4E5DDF83CB0D8F83850A1E54C
:10F44000681E069308F0E0F8851CA6EB8505B5FB61
:10F45000FAF5284608F0D8F805FB1A66069BA6EBD5
:10F460008006721C93420692ADD16E1C96FAA6F3EA
:10F47000B3FA83F30793013300250DF1500A089383
:10F480000426AF005A46CDE901A600972346059908
:10F490004046FDF743FE149A0028C2D1079BAB42B9
:10F4A00009D0CDE900A63B4659464046FDF7C4FCCD
:10F4B0000028ABD1149A012A40F26382D8F8007078
:10F4C0003B6A9342C0F05D82089B0135AB42D8D8BD
:10F4D000C246DDF830809D00C8E90945D8F81C30E7
:10F4E000FE6943F40033C8F81C30E1E64FF0FF3505
:10F4F00022F48024CD62CC61FBB912053FF510AD3A
:10F50000DAF82040DAF814309C427FF614ADCAF8DD
:10F510002030002501230DF14F02514658468DF849
:10F520004F50FFF7E9FC0028FFF678AFDAF82030FB
:10F530009C42EFD8FFE4C2466AE700F043FA002895
:10F540007FF46CAFDAF81C2002F40033E6E40139F2
:10F5500008F1240008F12804D8E904230091CDE93A
:10F56000010405995046FDF7C9FC0028E3D1DAF8FB
:10F570000030D8F834009A69D346FF2108F0EBFA3E
:10F580004FF0FF325BF8143BC8F82C20EEE4C24683
:10F59000DDF83080DAF80070C8E909459EE7DDF84B
:10F5A00030A06FF01B0033E71C9E002E3FF492AD9D
:10F5B000D8F80010CD69013E083DB6FBF5F30E9377
:10F5C00053B1581E079108F01FF80799831CA6EB4A
:10F5D0008303B3FBF5F30E931B9B0793D8F82CC062
:10F5E000D8F83050079A0B6ACDF844B00846614607
:10F5F0001A44511AB1FBF3F203FB1213AB420BD2C4
:10F600005D09D8F83C1003F01F0351F8252009FAD2
:10F6100003F3134341F825300E9B002B00F0B88113
:10F6200003F00103C3F10203026A0F939E00079BDC
:10F63000934280F0B18117AB08934FF0000B1AE0B2
:10F640004368BBFBF1F201FB12B29C46002A00F0BA
:10F650007981079DC8F81450ABEB0202D8F81C3032
:10F66000C8F81820009129466546A84700287FF46D
:10F67000CDAED8F80000D8F81430079A41699A4204
:10F68000DED1D8F818305B45DAD85A185A45D7D9A0
:10F69000A2EB0B02D8F81C100898ABEB0303B242A4
:10F6A00028BF324619441546B61A934408F02FFA7B
:10F6B000089B2B440893D8F80000002EDBD10F9B49
:10F6C000D8F82C10D8F830505E1E012E036A1AD1DB
:10F6D000179A521A02EB030CBCFBF3F203FB12C2A3
:10F6E000AA4210D25509D8F83C1002F01F0251F876
:10F6F000253006FA02F2134341F82530D8F82C10D1
:10F70000036AD8F8305028AA02EB860CDDE90E26F1
:10F71000921B0E925CF8442C079269E7C24615468C
:10F72000DDF8308038E7D8F81830A3423FF650AD06
:10F730009A19A2427FF64CAD121BD8F81C10AA42AF
:10F7400028BF2A46E31A1646194471E5C246DDF879
:10F7500030801D46C8E90943C0E66FF008005DE649
:10F76000B542FFF43EADB5FBF6F306FB1353ED1ABD
:10F770000E9300953B46224607996646B0470028FF
:10F780007FF444AE2F442C440E9D57E5D8F800106A
:10F79000CD69013C083DB4FBF5F3089353B1581E05
:10F7A000079107F031FF07990230A4EB8004B4FB06
:10F7B000F5F30893DBF824300793D8F82C400B6A54
:10F7C000D8F83000079A1A44141BB4FBF3F203FB79
:10F7D000124383420BD25C09D8F83C0003F01F03AC
:10F7E00050F8242009FA03F3134340F82430089B0F
:10F7F000002B3FF490AC03F00103C3F102030A6A4B
:10F800000D939D00079B934280F0C68017AF0024A4
:10F810000846DBF82C30079A9A4222D0D8F81430E8
:10F82000079A46699A4267D0B4FBF6F2436806FB32
:10F8300012429C46002A70D00799D8F81C30C8F8AC
:10F840001410A21AC8F8182000966646B04700287F
:10F850007FF4DCADDBF82C30079AD8F800009A4230
:10F86000DCD1DBF83020A242D8D883691344A3420C
:10F87000D4D91B1BDBF83410AB4228BF2B46A21A8D
:10F8800011441E461A463846AD1A08F040F9344471
:10F890003744D8F80000002DBBD10D9BD8F82C4080
:10F8A0005D1E012D0146036AD8F8300019D1179A60
:10F8B000121BD618B6FBF3F203FB1262824210D27F
:10F8C0005409D8F83C0002F01F0350F8242005FA30
:10F8D00003F3134340F82430D8F82C400B6AD8F8CF
:10F8E00030000D9E28AA02EB8505089A921B08920B
:10F8F00055F8442C079266E7D8F81830A34293D8FD
:10F900009A19A24290D9121BD8F81C10AA4228BFFB
:10F910002A46E31A16461944B5E7B5428CD3B5FB1F
:10F92000F6F306FB1353ED1A0E9300953B46224661
:10F9300007996646B04700287FF468AD2F442C44F1
:10F940000E9DA6E78E42FFF484AEB6FBF1F501FBF7
:10F950001563F61A10930096089B07995A46654658
:10F96000A84700287FF452AD089B3344B344089362
:10F97000109EA0E60D4B0E4A0E4840F28C4107F057
:10F98000C7FF0D4B0A4A0B4840F2D34107F0C0FFB6
:10F99000DDF844B0FFF77FBB084B094A0548122148
:10F9A00007F0B6FFDBF81C30FFF7AEBBE4C2040083
:10F9B000ACC1040020C2040090C2040000C20400D4
:10F9C0007CC104002DE9F04F8A4699B0064606F145
:10F9D0001404DAF8207005942C2200210AA8079755
:10F9E00008F0B9F894E807004FF0FF35DAE904347D
:10F9F0000DF154097561DAF820500E9389E807007B
:10FA0000DAF81410129701238D420F9411936DD2DE
:10FA10009F033BD4129A0F9B9A4247D20DF12708BD
:10FA20000DF14C0B1BE03368149DDF69BD421BD008
:10FA30007C1B012C28BF0124CDF80080139A01946F
:10FA40002B4649463046FDF7F7F9A04460BB129AB1
:10FA5000149B2244AF421C441292149426D1119B51
:10FA60005C0349463046DED4DDE90E4314AD009216
:10FA7000CDE901B52246FDF741FAA8B9119B3268DC
:10FA8000149DD76943F480231193D1E75D0305D515
:10FA900023F480234FF0FF32119315920AA93046C8
:10FAA000FFF790FF0028B5D000281CDB01230DF1E3
:10FAB000270251463046FFF71FFA002813DB73690F
:10FAC000013303D04FF0FF3315937361DAF8202030
:10FAD000DAF814309A4209D2119B03F00302022A89
:10FAE00096D16FF0080019B0BDE8F08F0DF1270B2B
:10FAF0004FF00109DAF82C104B1C4AD03068DAF8C4
:10FB000034308469DAF8302000948468A04720BB40
:10FB10003368DAF82C809A69DAE90C75002A4DD03E
:10FB20002C46CDF818A015443F1BDDF814A007E0C3
:10FB300014F8013B9DF827209A421AD1AC421BD001
:10FB4000CDE900B93B19424651463046FDF774F9FC
:10FB50000028EDD0DDF818A032DA10F1340FC2D150
:10FB600051463046FEF7DCF80028C3D019B0BDE896
:10FB7000F08FDDF818A0F3E7DDF818A03368DAF8A5
:10FB800034009A69FF2107F0E6FF4FF0FF33CAF80F
:10FB90002C30DAF81C3023F40033DAE9082143F47E
:10FBA0008033CAF81C30079BCAF810100020CAF82E
:10FBB0001420CAF8203019B0BDE8F08F2846E1E7DC
:10FBC0003368DAF834009A69DCE700BF2DE9F04FBA
:10FBD0000D46C969074601F00300022887B061D0CD
:10FBE0008803904647D42A6A69698A423FD2891AB3
:10FBF00099420E4628BF1E460596002E4ED005F1AE
:10FC00002C0905F1280B05F1240A1AE03C68AB6ABF
:10FC1000E469A3421AD0E41AB44228BF34466A6A9F
:10FC2000CDF80080019449463846FDF705F9A04417
:10FC3000F0B92A6AAB6A22442344361B2A62AB62BB
:10FC40002CD0EB695B0349463846DFD4D5E9044341
:10FC50000092CDE901AB2246FDF750F940B9EA69BF
:10FC60003968AB6ACC6942F48022EA61D3E70020AC
:10FC700007B0BDE8F08F4A0305D521F480214FF08D
:10FC8000FF32E961EA62294638460593FFF79AFE9A
:10FC9000059B0028A7D007B0BDE8F08F059807B0F6
:10FCA000BDE8F08F6FF00800E2E700BF70B50C46CA
:10FCB000C96916464A031D4605D521F480214FF037
:10FCC000FF33E161E3628B0304D52146FFF77AFE3F
:10FCD00000B170BD15B93046266270BD012D03D04C
:10FCE000022D07D0206A70BD002E206A0BDB304445
:10FCF000206270BD002E6069F9DA73428342F6D942
:10FD00006FF0150070BD73429842F0D2F8E700BF63
:10FD1000086A7047CB6948699B0303D50B6A984210
:10FD200038BF1846704700BFF0B595B014AB154604
:10FD300043F8441D05AA09A90646FDF781FD0446BE
:10FD400010B1204615B0F0BD4C220146284607F000
:10FD500002FF9DF818302B70112B04BF089B6B60BD
:10FD60007268079B934205F108071BD00898B16899
:10FD7000884217D08B4215D0824213D005999DF846
:10FD800019009DF81A300A9A0097043101449DF831
:10FD90001B0001900B44304606F11401FDF74CF8AE
:10FDA0000446CEE7024B1B882B81204615B0F0BDE0
:10FDB000BCC2040030B58B6A016099B00446002BC8
:10FDC00073D0C361C86A8A69002879D0A062FF2114
:10FDD00007F0C1FE4FF0FF33216823626361486A78
:10FDE000C30640F0C480002800F0B3800B6B002BEA
:10FDF0006ED0E363D1E90503B3FBF0F200FB1232EE
:10FE0000002A40F0C280C869B0FBF3F203FB120382
:10FE1000002B40F0B3804FF0FF35A0F10802B5FB96
:10FE2000F2F22A44B2FA82F2C2F12002B0EB820F5F
:10FE3000C0F096800A6AA263C4E90155C4E903339D
:10FE4000012584F84030C4E90B33636302AA0DA98D
:10FE50002046CDE90235FDF7D3F8054660B12368A9
:10FE60009A6A002A44D0DA6A002A3CD01B6B002B25
:10FE700035D0284619B030BD202105ABCDE9003181
:10FE80000E9A102304F114012046FCF7D5FF054615
:10FE90000028E4D1404B0B9ADDE906019A42C4E9FF
:10FEA00001012AD06FF03305D9E7486903F036FA2B
:10FEB000E061002833D02168C86A8A69002885D1AA
:10FEC000104603F02BFAA06248B323689A697EE7D4
:10FED000C00803F023FAE06308B321688AE7E06B07
:10FEE00003F02EFAC5E7A06A03F02AFA2368BDE7FB
:10FEF000E06903F025FA2368B5E70C9AA3F187734C
:10FF0000A3F580639A42CDD10A9B1A0C012A02D034
:10FF10006FF01505A3E79BB2012BF9D8A9E7236879
:10FF20009A6A8AB1DA6A52B11B6B13B16FF00B0592
:10FF30009FE7E06B03F004FA6FF00B0599E7A06A06
:10FF400003F0FEF92368EFE7E06903F0F9F92368AD
:10FF5000E8E7124B124A134840F6140107F0D8FCA8
:10FF6000114B0F4A0F4840F6240107F0D1FC0F4B0C
:10FF70000B4A0C4840F6130107F0CAFC0C4B084A28
:10FF800008484FF4026107F0C3FC0A4B044A0548D5
:10FF900040F61F0107F0BCFC6C69747434C30400A4
:10FFA000D8C1040020C20400ACC3040014C3040080
:10FFB0007CC304004CC3040003689A6A10B504466D
:10FFC00052B1DA6A7AB11B6B0BB1002010BDE06B45
:10FFD00003F0B6F9002010BDC06903F0B1F9236841
:10FFE000DA6A002AEFD1A06A03F0AAF92368EAE7E7
:10FFF00042680121013280F8401004D08368013347
:020000024000BC
:1000000001D001F09BB80020704700BF2DE9F04FF0
:1000100088468246C869D1E90141A9B00130C8F8D3
:1000200004100792C8F81C00C8F8084004937BB17C
:100030001E465068D3681546D8F820201B1A022E99
:10004000134403D1E8696A6903449B1AC8F8203055
:10005000DAF8000000230693CDE90D14C368984731
:10006000D1460546002800F0798115F1340F40F0A3
:1000700037810D9B4FF0FF32C9F82020002B00F094
:100080004482012B0E9A00F04082012A40F23D8208
:100090000127BB464FF0000AD9E90C53D9F83810B4
:1000A00012E05A090139581CD9F83C40C9F83810F7
:1000B000C9F8340054F8226003F01F0207FA02F274
:1000C000324200F0118103469D42EAD1002900F03E
:1000D0002282D9F80020D9F82C30D2E908021D4438
:1000E000914228BF1146B5FBF0F300FB1355C9F848
:1000F0003010C9F834A0D208C9F82C500021D9F822
:100100003C0007F028FDD9F804300133C4D0D9F8F9
:1001100008300133C0D0012309F11405CDF80C805B
:10012000CDF83CA010930024A846D9F80060D9F877
:100130002C20306AD9F83050821A1444B4FBF0F104
:1001400000FB1141A94212D2D9F83C004C0901F040
:100150001F0350F8242007FA03F3134340F8243018
:10016000306AD9F82C20109BD9F83050821A1A44E2
:10017000B2FBF0F300FB1323AB420BD25809D9F8C2
:100180003C1003F01F0351F8202007FA03F3134338
:1001900041F820300FAA1DA94846FCF731FF00287E
:1001A00040F09D800C26209B16AC1CE01E9ACDE9E9
:1001B000004641464846FCF73FFE002840F08F804D
:1001C0009DF859309DF85A209DF85B002099043322
:1001D00013449DF85820034402F070020B44102A87
:1001E000209300F0A081259A22F00042043A03F106
:1001F0000C019142DAD9DDE92643601CCDE90F43B9
:1002000001D0591C91D1D9F80C40DDF80C80002C9C
:100210003FF442AFCDF82880C846A146D9F81C303B
:10022000DA0304D5D9F81440002C40F037829B0340
:1002300004D5D9F82040002C40F0EC82D9F8009089
:10024000B9F1000FEAD1C146DDF8288024E7DAF8D9
:100250000430013300F04984DAF8083001331DAC72
:100260000DAE00F044842246314611AB5046FDF7F6
:10027000CDF8002833DB00F03A84D8E90103119E61
:10028000159621460C360C2413909DF84B001996B8
:10029000149312AE169418941A9000241C904A4697
:1002A0000123504617961B94FFF7B0FEB8B90D987E
:1002B000DAF80420904200F00E840E9BDAF8081061
:1002C0008B4200F00884884200F005849A4200F0D6
:1002D00002845046FFF78CFE002800F08883054614
:1002E000284629B0BDE8F08FD9F80000D9F82C20B5
:1002F000016A1344B3FBF1F201FB1231C8F8041098
:10030000D9E90C329A4221D0560902F01F0554F85F
:1003100026600BFA05F5354218D0D9F8385005F1AA
:10032000FF3C654601279C462B460AE0560902F031
:100330001F0554F8266007FA05F5354203F1FF332F
:1003400004D001326245C9E90D23EFD101230693A0
:10035000C3689847054600287FF487AE0DF1A00AD0
:100360004FF0FF334AF84C3D08F11C04214650463B
:10037000102201F061FBD8F80420009409F1200359
:1003800010241946039301942B464846FCF7B8FF06
:10039000834628B110F1340F3FF46BAE05469FE75A
:1003A00009F11403264605930127D8F8203023F0DD
:1003B0000043043BA34232D9049B9B4507DA4FEA32
:1003C0000B13079AD518D358B34200F086801DABA3
:1003D00000930E9A0197334605994846FCF72CFD89
:1003E00000287FF47CAF01221DA9504601F024FBB8
:1003F0001DABD8F804200399009301972346484683
:10040000FCF77EFF002840F08C80D8F8203023F0E5
:1004100000430134043BA34206F10106CCD804207A
:10042000D8F8042003990190CDF800A0234648464F
:10043000FCF766FF054600287FF417AED9F82010B8
:10044000D9F800004FF0FF339942C9F8143017D0A3
:100450008469D9E9092300948468A04705460028E7
:100460007FF403AED9F80030D9F828009A69FF214B
:1004700007F071FB4FF0FF33D9F80000C9F82030C6
:1004800003699847054600287FF4EFADD8F820703F
:100490004FF0FF3327F000471D93043FD8F8043096
:1004A000039309F1140B00F09682064611AC08E0A4
:1004B0000136012221461DA801F0BEFAB74200F024
:1004C0008A820123CDE90043039A334659464846C0
:1004D000FCF7B2FC0028EBD001E7D5E90212504648
:1004E00001F0AAFAD5E90231D8F804204846CDE94E
:1004F000003123460399FCF703FF90B96A68EB6863
:100500000BF1010B16441C444FE76FF033052846EE
:1005100029B0BDE8F08F6FF01B05284629B0BDE873
:10052000F08F0546A1E5189C002C3FF43DAED9F8AC
:100530000010CD69013C083DB4FBF5F0002800F047
:10054000AD820138059107F05FF80599831CA4EB93
:100550008303B3FBF5F30893179B0593D9F82CC0DD
:10056000D9F83040059A0B6ACDF82C8008466146D0
:100570001A44511AB1FBF3F203FB1213A3420BD23C
:100580005C09D9F83C1003F01F0351F8242007FA46
:1005900003F3134341F82430089B002B00F09182B1
:1005A00003F00103C3F10203026A09939D00059B56
:1005B000934280F0808211AB06934FF000081AE05E
:1005C0004368B8FBF1F201FB12829C46002A00F05E
:1005D0004D82059CC9F81440A8EB0202D9F81C30E2
:1005E000C9F81820009121466446A04700287FF4EE
:1005F00076AED9F80000D9F81430059A41699A42CC
:10060000DED1D9F818304345DAD85A184245D7D93F
:10061000A2EB0802D9F81C100698A8EB0303AA4223
:1006200028BF2A4619441446AD1A904407F06FFAC1
:10063000069B23440693D9F80000002DDBD1099BCB
:10064000D9F82C10D9F830405D1E012D036A1AD15B
:10065000119A521A02EB030CBCFBF3F203FB12C219
:10066000A24210D25409D9F83C1002F01F0251F8EE
:10067000243005FA02F2134341F82430D9F82C1043
:10068000036AD9F8304028AA02EB850CDDE9082579
:10069000521B08925CF85C2C059269E7D8F80010B0
:1006A000CD69013C083DB4FBF5F0002800F0FA816B
:1006B0000138039106F0A8FF03990230A4EB8004EF
:1006C000B4FBF5F30693D9F810300393D8F82C4017
:1006D0000B6AD8F83000039ACDF814901A44141B12
:1006E000B4FBF3F203FB124383420BD25C09D8F84C
:1006F0003C0003F01F0350F8242007FA03F31343D0
:1007000040F82430069B002B00F0DF8103F001034A
:10071000C3F102030A6A08939D00039B934280F091
:10072000CA810DF1440900240846059B039ADB6A3F
:100730009A4224D0D8F81430039A46699A4200F0BD
:100740002481B4FBF6F2436806FB12429C46002A61
:1007500000F076810399D8F81C30C8F81410A21A5A
:10076000C8F8182000966646B04700287FF4B7AD59
:10077000059B039ADB6AD8F800009A42DAD1059B00
:100780001A6BA242D6D883691344A342D2D90599E1
:100790001B1B496BAB4228BF2B46A21A11441E46B5
:1007A0001A464846AD1A07F0B2F93444B144D8F8B5
:1007B0000000002DB9D1089BD8F82C4001465D1EE1
:1007C000012DD8F830000B6A19D1119A121B1A4466
:1007D000B2FBF3F603FB1622824210D2D8F83C405B
:1007E000560902F01F0354F8260005FA03F30343E9
:1007F00044F82630D8F82C400B6AD8F83000089E10
:1008000028AA02EB8505069A921B069255F85C2CE5
:10081000039263E7D8F80010CD69013C083DB4FBB2
:10082000F5F0002800F03C810138039106F0ECFE61
:1008300003990230A4EB8004B4FBF5F30593D9F8D7
:1008400024300393D8F82C400B6AD8F83000039A70
:10085000CDF818901A44141BB4FBF3F203FB1243B7
:1008600083420BD25C09D8F83C0003F01F0350F818
:10087000242007FA03F3134340F82430059B002B90
:1008800000F0158103F00103C3F102030A6A089323
:100890009D00039B934280F00E810DF144090024DA
:1008A0000846069B039ADB6A9A4223D0D8F8143094
:1008B000039A46699A427BD0B4FBF6F2436806FB82
:1008C00012429C46002A00F0A5800399D8F81C30FB
:1008D000C8F81410A21AC8F8182000966646B04747
:1008E00000287FF4FCAC069B039ADB6AD8F8000072
:1008F0009A42DBD1069B1A6BA242D7D88369134474
:10090000A342D3D906991B1B496BAB4228BF2B4688
:10091000A21A11441E461A464846AD1A07F0F7F8C7
:100920003444B144D8F80000002DBAD1089BD8F85F
:100930002C405D1E012D0146036AD8F8300019D104
:10094000119A121B1A44B2FBF3F603FB16228242E1
:1009500010D2D8F83C40560902F01F0354F8260084
:1009600005FA03F3034344F82630D8F82C400B6A09
:10097000D8F83000089E28AA02EB8505059A921B3C
:10098000059255F85C2C039264E7D8F81830A3421E
:100990003FF6D7AE9A19A2427FF6D3AE121BD8F813
:1009A0001C10AA4228BF2A46E31A16461944F8E644
:1009B000D8F81830A3423FF67FAF9A19A2427FF6CB
:1009C0007BAF121BD8F81C10AA4228BF2A46E31A94
:1009D00016461944A0E71D9A159B9A427FF449AB2D
:1009E0005346CA469946069B002B7FF430ACDAF892
:1009F0001030002B3FF474ACD8E901125C688C42D3
:100A000052D0986890424FD094424DD081424BD002
:100A10001B68EEE7B542FFF458AFB5FBF6F306FBF3
:100A20001353ED1A099300954B46224603996646E7
:100A3000B04700287FF453ACA9442C44099D71E7CA
:100A4000B542FFF487AEB5FBF6F306FB1353ED1A80
:100A5000099300954B46224603996646B047002805
:100A60007FF43DACA9442C44099DA0E68D42FFF4DF
:100A7000B0ADB5FBF1F401FB1453ED1A0A930095E8
:100A8000069B059942466446A04700287FF427ACA0
:100A9000069B2B44A84406930A9DCCE508905BE591
:100AA0000590CCE606900EE6C3E90112B0E7DDF84A
:100AB0001890FFF7C3BB194B194A1A48122106F0C8
:100AC00027FFDDF82C80FFF76EBBDDF81490D9F816
:100AD0001C30FFF7ACBBD8F80430CAF80430D8F8A3
:100AE0000830CAF80830FFF7F4BB1DAC0DAE314634
:100AF00022465046FDF75AF80028FFF6F0AB3FF4C7
:100B000076AF2146D8E90104002326901A465046C4
:100B10002794FFF77BFAFFF7DFBB00BF00C204009A
:100B20007CC1040020C204002DE9F04F9DB000F10B
:100B3000140882468B4691460593474699F805303E
:100B400099F8060099F80740DAF80020DBF8201041
:100B5000D2690433034423440B44934240F28A8015
:100B6000002980F2A180DBE909234FF00008CDE9DC
:100B7000028909920A9309AB394653F82850102389
:100B8000019311AB00932A4600235046FCF754F919
:100B900000283DD1029B2BB1119BDBF81C209B1A36
:100BA000002B59DB129B23F00043132B54D9DAF8A6
:100BB0000020D26993424FD80DF170094FF0FF33F6
:100BC00049F8503D102211A9484600F035FF129E09
:100BD00026F00043102B25D0CDF8108010240DF105
:100BE0001F06984604E0484600F026FFA04517D0AF
:100BF0000123CDE900632A46234639465046FCF7D7
:100C00001BF90122314614440028ECD0DDF8108095
:100C100010F1340F20D0034618461DB0BDE8F08F08
:100C2000DDF81080089B08F10104ABB911AB0FCBC4
:100C300004F001041CAE06EB8404CBF8045054F815
:100C40004C4CCBF8084010250BF11C04CBF80C5091
:100C500084E80F0001230293B8F1000F07D0DDE90B
:100C60000239002B7FF46AAF6FF03303D4E74FF003
:100C7000010880E74D460B1F45F8043B059F13957F
:100C800000261193159311AA594650460C250223AC
:100C9000CDE91774129616961495FFF7B7F9034627
:100CA00018461DB0BDE8F08F5D460FCD11AC0FC4E6
:100CB0000FCD0FC495E8070084E807005946504659
:100CC000FDF792FC03460028A6D1DBF820201A99F4
:100CD000CBF824104846043A1B99CBF8281040F86A
:100CE000042B0A9399F807100E93059B0F93099212
:100CF00002230D9210910B900C2409AA59465046DC
:100D00000C94FFF783F90346002885D1DBE9011431
:100D1000199A1A9142F0004511A91A4650461995A0
:100D20001B94FFF773F9034676E700BF2DE9F04106
:100D3000537996790D460433D179334414462A6A9F
:100D40000B4403F1140122F000428A428EB00646A1
:100D500064D003AF206804933A4603900027012330
:100D600029463046CDE90577FFF750F900284FD1E5
:100D7000F36823B34FF0FF370BE0D3F808E0D5F862
:100D800008C0E64509D0624507D0714505D01B680B
:100D9000ABB15A6869688A42EFD1DA6821688A4241
:100DA00039D0F4D9617994F806E094F807C0043199
:100DB00071446144521ADA601B68002BE9D133692F
:100DC00053B925E09F68AE68B74209D0B24207D058
:100DD000B94205D01B68DBB15A6869688A42F1D113
:100DE000D96822689142F5D96279A779E679043207
:100DF0003A4432448A1ADA606279A779E6799969C5
:100E000004323A4432448A1A9A611B68002BE3D1B7
:100E10000EB0BDE8F081C3E90177B8E7436801335C
:100E200024D08368013321D0002203AF0123019233
:100E3000394601AA0293FCF7E3F890BB0C9B5A1CBD
:100E400015D0DDF834C0BCF1FF3F0CAA394630465E
:100E50000DD0D5F804E09E4509D0D5F80880E045CE
:100E600005D0434503D0E645E5D100E003AF0B9A3A
:100E7000002A06DB6379A179E27904330B44134439
:100E800068E7D5E90831AC6A0C9163F000450023AE
:100E90001540394630461A460B950D94FFF7B6F8C3
:100EA000B6E70028B4DBE2E72DE9F0478B6A016082
:100EB000A6B00446002B62D0C361C86A8A690028C4
:100EC00069D0A062FF2106F046FE4FF0FF33226892
:100ED00023626361536AD90640F00481002B00F05D
:100EE000FA80106B00285FD0E063D2E90553B3FBB2
:100EF000F5F105FB1131002940F00981D169B1FB01
:100F0000F3F503FB1515002D40F0FA804FF0FF3686
:100F1000A1F10803B6FBF3F33344B3FA83F3C3F14F
:100F20002003B1EB830FC0F0E480526A25612946AB
:100F3000D208C4E9026584F84050666006F00BFEF2
:100F40002368E562D3E90823934228BF1346C4E926
:100F50000C35A26310A92046FDF746FB0546002884
:100F60002AD023689A6A002A7FD0DA6A002A77D0CA
:100F70001B6B002B70D0284626B0BDE8F08748696F
:100F800002F0CCF9E061002800F08A802168C86A8C
:100F90008A69002895D1104602F0C0F9A0620028A5
:100FA0007ED023689A698DE7D80802F0B7F9E0632C
:100FB000002875D0226898E71BA92046FDF714FB8E
:100FC00005460028CDD1034602461BA92046FFF75F
:100FD0001DF805460028C4D1206850491C9AADF878
:100FE0002250D0E9073603C90EAF87E80300A946AF
:100FF0000B9310251D9B0C96082041F22E464FF0B6
:1010000001116260099219923422ADF82060A36048
:101010000A931A930795AA468DF823000D9118920A
:101020004FF0020808AF2026012303AA10A920468A
:10103000CDE903A6CDE90576FEF7E8FF0546C8B180
:1010400010F1340F8DD1B8F1010F16D1B9F1000FA5
:1010500016D16FF0330584E7E06B02F071F98AE78F
:10106000A06A02F06DF9236882E7E06902F068F98E
:1010700023687AE74FF00109E5E74FF00108D3E76D
:10108000002310A901AA2046CDE90138FBF7B8FFDB
:10109000054600287FF465AF23681A6AA26361E7FA
:1010A00023689A6A92B1DA6A5AB11B6B2BB16FF05E
:1010B0000B05284626B0BDE8F087E06B02F040F94A
:1010C000F5E7A06A02F03CF92368EEE7E06902F078
:1010D00037F92368E7E7124B124A134840F6140128
:1010E00006F016FC114B0F4A0F4840F6130106F0AC
:1010F0000FFC0F4B0B4A0C4840F6240106F008FC8D
:101100000C4B084A08484FF4026106F001FC0A4BF8
:10111000044A054840F61F0106F0FAFBF8C3040034
:1011200034C30400D8C1040020C2040014C3040066
:10113000ACC304007CC304004CC304002DE9F04F91
:10114000BBB083462C22002119A806F004FD4FF005
:101150000043282224A80021219306F0FCFCDBF8A0
:1011600000301B6A01222E92002B00F049810023DF
:1011700003932DAA24A95846FBF742FF079048BBCA
:10118000219B002B7ADBDBF80430013300F0428135
:10119000DBF80830013300F03D810DAB2FAA22A906
:1011A0005846FCF733F9002813DB00F033810F9C1D
:1011B000229B109D239A9C4200F03881944200F0BB
:1011C0003B81002319A958461A46CDE92245FEF76E
:1011D0001DFF079007983BB0BDE8F08F03460C2039
:1011E00001900EA80090259A59465046FBF724FE20
:1011F000002840F0AD809DF839209DF83A309DF8E8
:101200003B50279C2A989DF838100D9404321A44BC
:101210002A44A31802442A920A06279330D5DAF802
:1012200004300133D34610D0DAF8083001330CD043
:101230000FA95046FCF710FA0028CADB40F0D7800F
:101240009DF838100D9C9DF83B50119401F07F01E2
:1012500004F10C0200208DF838100EA90C2615920E
:101260001391CDE91705012311AA24A95846169513
:1012700012961496FEF7CAFE0028AAD1279BDA46DA
:101280002C9921F00042043A03F10C00904240F204
:10129000BE80002980F2A7800AF1140BDDE92D231E
:1012A00000250B920C93A8464FF010090BAB594642
:1012B00053F82570CDF804902FAB00933A460023E5
:1012C0005046FBF7B9FD00283FD1B8F1000F04D01C
:1012D0002F9B2B9A9B1A002B72DB309B23F0004331
:1012E000132B6DD9DAF80020D269934268D83AAB53
:1012F0004FF0FF3143F8C01D102218462FA9049368
:1013000000F09AFB309B23F00042102A44D0CDE934
:10131000058510240DF127061546DDF8108004E040
:10132000404600F089FBA54234D00123CDE900639B
:101330003A46234659465046FBF77EFD0122314688
:1013400014440028ECD0DDE9058510F1340F37D0C6
:10135000831CD3467FF43DAF24AD0FCD19AC0FC431
:101360000FCD0FC495E8070084E80700DBF80030D4
:10137000039A1B6A01329A42039241D22D9B013398
:101380003FF428AF2E9B01337FF4F3AE07983BB0B8
:10139000BDE8F08FDDE905850A9B6C1C83B92FAB96
:1013A0000FCB2BAE04F0010486E80F003AAB03EB41
:1013B0008404259754F8BC3CCDE926394FF0010848
:1013C0009DB1B8F1000F1BD02C992A9A21F000434F
:1013D000043B143210201B2B2A9227903FF6FEAEBE
:1013E0000029FFF65BAFD346B6E701255EE70DAAFD
:1013F00024A95846FFF79AFC00283FF43FAFE8E6DF
:101400006FF03303079307983BB0BDE8F08F0AF104
:10141000140BE4E6DDE92D54002319A958461A46B9
:10142000CDE92254FEF7F2FD0790D3E6AA423FF43D
:1014300025AF94427FF4C5AEAB427FF4C2AE1DE748
:101440002DE9F0431F4691B003F00303012B0C4636
:101450000092054603D090F84030002B4ED001AAF0
:1014600005A96B462846FCF7EBF9064600283FD154
:101470009DF80830222B00F09380BB0500F18D8091
:10148000DDE9062001996260039AA0600023C4E9A7
:1014900006372362C4E90312049B63617A0506D50B
:1014A000002B3DD14FF0FF320023C4E904232B6809
:1014B000586B4FF0FF32E262002859D0EB68002BE6
:1014C00061D16063E36903F003034FF0FF36012B42
:1014D000E66205D02B68FF219A6906F03CFBE662C4
:1014E000EB68236000263046EC6011B0BDE8F08365
:1014F000023019D0304611B0BDE8F08343680122B4
:10150000013380F84020AAD083680133A7D0FFF7C9
:1015100015FE06460028A2D0304611B0BDE8F08383
:1015200047F48037E761BDE7DDF800902F2148469A
:1015300007F0FAF980460028DCD1F905DAD540F643
:1015400011034846ADF808308DF80A8007F013FA09
:101550004FF0FF368DF80B004B4601AA05A928462F
:10156000CDE90368FFF7E0FA0646002888D0C1E716
:10157000E26902F00302012A08D0986901F0CEFE68
:10158000606300289ED16FF00B06B3E7586901F045
:10159000C5FE6063002895D1F5E76FF01006A9E756
:1015A0006FF01406A6E700BF2DE9F041CB690C46A9
:1015B00059039AB0064605D523F480234FF0FF3235
:1015C000E361E2629A030AD521463046FEF7FAF952
:1015D000054618B128461AB0BDE8F081E36903F466
:1015E0001023B3F5803F04D0002528461AB0BDE88B
:1015F000F08163680133F7D0A3680133F4D00FA9F9
:10160000221D3046FBF7FCFC05460028E2D1E068CD
:10161000049504AF4FF00C080346CDE90078039021
:10162000C7E90155109A06F114013046FBF704FC96
:1016300005460028CED19DF81030112B20D1039BF8
:1016400022690997304603F10C070D9566699DF8EC
:101650001350079305920FA9012307AA0C950E9525
:10166000CDF82080CDF828800B970696FEF7CEFCAB
:1016700005460028AED1E36923F48033E361A9E78E
:10168000034B044A044840F2136106F041F900BFDD
:10169000C4C20400BCC1040020C20400F0B5CB6980
:1016A0000C4659039BB0054605D523F480234FF023
:1016B000FF32E361E2629A0322D521462846FEF713
:1016C00081F90646D8B1EA6842B1944203D163E099
:1016D0009C4263D01A461368002BF9D1A36923B149
:1016E0001B6813B130461BB0F0BD2B685B6B002B41
:1016F000F8D1606B01F024FE30461BB0F0BDE36909
:1017000003F41023B3F5803F01D00026DBE76368C4
:101710000133FAD0A3680133F7D00FA9221D284660
:10172000FBF76EFC06460028CDD1E068039004A9C3
:101730000C270346CDE90017109A049605F1140111
:101740002846CDE90566FBF777FB06460028BAD1A7
:101750009DF81030112B24D1039B0D9004AA6069D1
:10176000099203F10C029DF8136008970A970793FA
:1017700027690B9206900FA9012307AA28460C9609
:101780000E960597FEF742FC064600289BD1E369BA
:1017900023F48033E36196E705F10C0223681360BC
:1017A0009CE7034B034A044840F2136106F0B0F88B
:1017B000C4C20400BCC1040020C20400F0B590F80B
:1017C0004030ADB0044601917BB94368012201333A
:1017D00080F8402009D08368013306D0FFF7AEFCC3
:1017E000054610B128462DB0F0BD0BA901AB07AAE4
:1017F0002046FCF725F805460028F3D19DF8203057
:10180000222B00F0BF809DF821309DF822009DF82A
:101810002310139A043303440B4403F1140122F000
:1018200000428A4200F0948021AE0798229332460B
:101830002190002601230BA92046CDE92366FEF75F
:10184000E5FB002840F09780E36823B39DF8216012
:101850009DF822109DF82320DDF81CC00E440436AC
:10186000DDE90C0716444FF0FF3E08E09968B942E5
:1018700008D0BA4206D0884204D01B685BB15A68CF
:101880008242F3D1DA68624579D084BF921BDA6074
:101890001B68002BF3D1236923B39DF821109DF819
:1018A00022009DF82320DDF81CC001440431DDE94D
:1018B0000C67114408E09868B84208D0BA4206D0D4
:1018C000864204D01B686BB15A68B242F3D1DA6821
:1018D0006245F7D99869521A401ADA6098611B6814
:1018E000002BF1D19DF82030222B7FF47BAF636871
:1018F000013326D0A368013323D0002001230590B3
:1019000005AA0BA920460693FBF77AFB0546A8B16A
:101910007CE0159A511C14D01799994279D01898E7
:10192000904276D0834274D0914272D014AA0BA90F
:101930002046FBF765FB0546002867D1149B581C21
:10194000E7D13A4B3A4A3B4840F26E7105F0E0FF6E
:101950006368013344D0A368013341D0002021AE35
:1019600001230390314603AA20460493FBF748FB6A
:1019700030B3002827DA054628462DB0F0BDC3E96C
:1019800001EE7AE709AA16A92046FBF739FB0028E1
:101990003FF439AF0546EFE72B9A571C13D00C994B
:1019A000994210D00D9890420DD083420BD09142B5
:1019B00009D02AAA31462046FBF722FB0028D8D1BD
:1019C0002A9B5A1CE8D1299A002A0BDB9DF821306A
:1019D0009DF822109DF8232004330B44134424E780
:1019E00021AEF0E7DDE9133163F000401040002341
:1019F0002A91299031461A46159E2B962046FEF7CD
:101A000005FB00283FF46EAF0546B5E7002DFFF655
:101A1000E9AE2046DDE91F5400230BA91A46CDE9A3
:101A20001454FEF7F3FA0546DCE600BF04C40400D4
:101A3000CCC1040020C20400E2B170B4013A0468D1
:101A40000D4D8E18013911F8013F83EA040202F0AE
:101A50000F028E4255F8222082EA141484EA1313EE
:101A600003F00F0355F8233083EA1414EBD104601C
:101A700070BC7047704700BF08C4040010B5034B2A
:101A800003600446FAF73AFF204610BD50C4040034
:101A900010B5054B03600446FAF730FF2046A42139
:101AA00003F0F0FE204610BD50C4040008B500F05D
:101AB00023F9002008BD00BF70B501F5ED51CC0140
:101AC00082B004F18006FF25012220460DF10701B6
:101AD00014448DF8075000F015F9A642F4D1002007
:101AE00002B070BD08B501F5ED5102EBC110194609
:101AF000029A00F007F9B0FA80F04009404208BDB0
:101B000008B501F5ED5102EBC1111846029A00F03B
:101B100011F90028CCBF00200120404208BD00BFC1
:101B200038B500210546FAF70BFF98B94FF46D243C
:101B3000204600F007F904F5805458B1B4F5742F2D
:101B4000F6D12846FAF71EFF28460021BDE83840A6
:101B5000FAF7F6BE38BD00BF10B5074C074920465E
:101B6000FAF7D6FE064B23602046064A0649BDE832
:101B7000104005F081B800BF948A0020CC6100209D
:101B800050C40400006000207D1A040029DF704763
:101B900028DF704712DF704708B505F0A9FFB0FADB
:101BA00080F0400908BD00BF10B5144605F0AFFF36
:101BB000204610BDF0B5194E316883B0054629B3F3
:101BC000174F2D0B14242846FFF7E2FF034698B960
:101BD0000DF107008DF80730FFF7DCFF9DF80730A7
:101BE00013B9012003B0F0BD4FF0FF31306802F0AF
:101BF0006FF83B68022BF4D0012001F029FB631E33
:101C000013F0FF04DFD1002003B0F0BD0322012058
:101C100001F0D4FB30600028D2D1F4E7389B0020DB
:101C20001C6200202DE9F04FDFF8C8A0DFF8C0905B
:101C300083B0904604460D465708D6084FF0140B63
:101C4000324629462046FFF7A1FF034668BB0DF147
:101C500007008DF80730FFF79DFF9DF80730D3B9D7
:101C60003D443C44DFF88CA0214F4FF0140932462C
:101C700029462046FFF78AFF034668BB0DF107009F
:101C80008DF80730FFF786FF9DF80730DBB9404637
:101C900003B0BDE8F08F4FF0FF31DAF8000002F03A
:101CA00017F8D9F80030022BDAD0012001F0D0FA71
:101CB0000BF1FF3313F0FF0BC2D14FF00008404689
:101CC00003B0BDE8F08F4FF0FF31DAF8000001F00B
:101CD000FFFF3B68022BDAD0012009F1FF3901F048
:101CE000B7FA19F0FF09C2D14FF00008E7E700BFCB
:101CF0001C620020389B0020014800F0A5B800BFFE
:101D00000462002010B4094CA0420AD3B0F5742F2D
:101D100007D213465DF8044B0A460146044800F01A
:101D200049B84FF0FF305DF8044B70470060020087
:101D30000462002013460A460146014800F0A4B898
:101D400004620020F0B5194E316883B0054629B30E
:101D5000174F2D0B14242846FFF71AFF034698B996
:101D60000DF107008DF80730FFF714FF9DF80730DD
:101D700013B9012003B0F0BD4FF0FF31306801F01E
:101D8000A7FF3B68022BF4D0012001F061FA631E2B
:101D900013F0FF04DFD1002003B0F0BD03220120C7
:101DA00001F00CFB30600028D2D1F4E7389B002012
:101DB0001C6200202DE9F04F83B00193002B3CD032
:101DC000DFF8809005460E4690461F46C6F30B0A84
:101DD000CAF580542B69BC4206EA090B28BF3C4671
:101DE0005B4520D0184601334FF4805213D0EB6886
:101DF00013B16969984770B9232004F003FE2B687A
:101E0000286998476B68D5E904014FF480529847D8
:101E1000232004F00DFEC5F810B05946AB68686980
:101E20004FF480529847686941462246504405F075
:101E30006EFE3F1B2644A044C8D1019803B0BDE804
:101E4000F08F00BF00F0FFFF38B503695A1C1AD0AD
:101E5000C56804462DB118464FF480526169A84701
:101E600070B9232004F0CEFD236820699847636889
:101E7000D4E904014FF480529847232004F0D8FDA0
:101E80004FF0FF33236138BD2DE9F84304691D4647
:101E9000631C06468846174607D1B3683946404654
:101EA0002A4698472846BDE8F883944224D92A4414
:101EB00094428368F2D204F580529742EED2E41B3A
:101EC00022463946404698474FF4805908EB0400B3
:101ED0002A1B00219145736928BF91464A4619443F
:101EE0004C4405F014FEA542DCD9B368391908EB5F
:101EF00004002A1B9847D5E704F580539A42CCD2B8
:101F0000391BC1F580592A4640460024E2E700BF4C
:101F100008B50121262004F0B3FC0121262004F09D
:101F200033FD00212A20BDE8084004F0A9BC00BF11
:101F30002DE9F84380460F46051D00F107090026EC
:101F400015F8011B0A22384600F060F82E210446DD
:101F5000384600F057F84D4520440644F0D198F833
:101F6000071038460A2200F051F83044BDE8F883E3
:101F7000024A026000224260704700BF20C5040090
:101F800010B4002461F3070462F30F249DF80410D9
:101F9000044A63F3174461F31F64C0E900245DF849
:101FA000044B704720C50400014AC0E90021704776
:101FB00020C50400F8B5174682B105460E46002438
:101FC00002E00134A74207D02B6816F8011B1B68FA
:101FD000284698470028F4D12046F8BD1446FBE770
:101FE00069B170B5054608460C4606F0C4FC2B687E
:101FF0000246214628465B68BDE8704018470846FF
:10200000704700BF03681B68184700BFF0B506683B
:102010008BB01AB9336898470BB0F0BD0AAF0B46C6
:10202000D2B20021022A07F8041D05462CBF14462F
:102030000A241846B0FBF4F204FB1201CBB20929C2
:1020400003F130018ABF3733CBB2DBB2104607F859
:10205000013D002AEED1384606F08DFC7368024639
:102060003946284698470BB0F0BD00BF38B5036825
:102070008A685B68096804469847236803495B6877
:102080000546022220469847284438BD24C504004E
:10209000036870B505460C465E6849B1084606F00F
:1020A0006AFC214602462846B0472B685E68044613
:1020B000284602220149B047204470BD24C50400CF
:1020C0000EB430B5C2B045A9054651F8042B0191B4
:1020D0000B4602A84FF4807106F0DAFC2B68044628
:1020E00002A95B68284622469847204642B0BDE8D0
:1020F000304003B0704700BF08B54FF400720021B4
:1021000005F029FD0022C0F80022C0F8042208BD15
:10211000D0F8002210B4531CD0F80442C3F30803D3
:102120009C4218BF81545DF8044B18BFC0F80032C0
:10213000704700BF0023C0F80032C0F80432704777
:10214000D0F80432D0F80022934207D05A1CC35C66
:10215000C2F30802C0F80422184670474FF0FF305F
:10216000704700BFD0F80032D0F80402181A48BFF8
:1021700000F50070704700BFD0F80432D0F800229C
:10218000934214BFC05C4FF0FF307047D0F800326C
:10219000D0F804020133C3F30803181AB0FA80F030
:1021A00040097047114B124A1968BFF35B8F4968A9
:1021B000BFF35B8F914200D070470E4AD2F80015F2
:1021C000C9070FD530B40C4C012500204FF0FF316A
:1021D0002560C2F8000530BCC2F8601518680449D3
:1021E00004F096BC1868024904F092BC3C9B0020A5
:1021F000546F6E6500200240042002402F2901D94F
:102200000020704770B5434E3368BFF35B8F0C46B8
:102210005B684149BFF35B8F8B4288B0054606D0AF
:10222000306804F02FFC10B9002008B070BD32688F
:10223000394BBFF35B8F5268BFF35B8F9A4259D023
:10224000364A374B52F82420698AEC7DC3F8602562
:102250004FF0FF32C3F864250120C3F86825C3F8A6
:102260006C250722C3F80005C3F80C250022C3F82B
:102270000425C3F8081505F11401C3F81025C3F8A7
:102280000042C3F80023C3F82015C3F84015C3F873
:102290002405C3F84405A968C3F828152149EE6848
:1022A0002C8AC3F84865C3F82C25C3F84C25C3F81D
:1022B00014450A600B680193019B4A6004311A4B74
:1022C0000968029102991A601968039103995A608A
:1022D0005968049104999A60996805910599DA60A2
:1022E000D968069106991A6110331B680793079BFA
:1022F00008B070BD0A4BD3F80025D207A0D50B4A11
:102300000120106000214FF0FF32C3F80015C3F820
:10231000602595E73C9B0020546F6E6558C404000F
:1023200000200240042102400C210240042002400F
:102330002DE9F843A1F1140446F294139C4215D8F8
:10234000144606460D469AB94FF000084FF00009B2
:10235000634C64492368BFF35B8F5B68BFF35B8F9B
:102360008B421CD0206804F08DFBC0B9BDE8F88317
:10237000B2F57A7F09D202FB01F3B3F57A7F04D27A
:102380004FF001084FF00009E2E74FF47A720023A2
:10239000A4FB050105F020F980468946D8E72268AC
:1023A000504BBFF35B8F5268BFF35B8F9A42DDD116
:1023B0004D4BD3F80025D20709D54C4A01201060B7
:1023C00000214FF0FF32C3F80015C3F8602558EA2A
:1023D00009034749B1FBF5F189B230D1454F464B6E
:1023E0007982C7E900896FF07F486FF07F4943EA3F
:1023F0005103C7E902894FF6FF70BB82082204230C
:102400003882BA75FB7531463A48FFF7F7FE002867
:10241000ACD023683349BFF35B8F5B68BFF35B8F3E
:102420008B4204D0206804F02DFB00289ED0BB7D99
:1024300003F1804303F5083301221A6096E7424610
:102440004B4600205B084FEA320252EA030500F1D6
:102450000100F7D1252889DC2748264FB9F1000F64
:1024600040EA510008BFB8F1010FB882C7E90089FE
:1024700079822CD040464946002349084FEA300073
:1024800050EA010203F10103F7D11C4A5B00A2FBF1
:1024900003235B0801259D4018F1FF3049F1FF310E
:1024A0002A46002305F098F872B96A084FF00C0C20
:1024B0006B1E9B1A0130013A1021FB603882BA6012
:1024C00087F816C0F9759EE74FF0080CF0E7C7E9EA
:1024D000022301210C2210233982BA75FB7592E781
:1024E0003C9B0020546F6E65002002400420024097
:1024F00048E80100409B00200080FFFFABAAAAAA89
:10250000024A034B92681A60704700BF2C62002099
:102510003C9B002090F82304704700BF38B590F929
:102520001D34002B04460DDB5A09203201212348BB
:1025300003F01F0301FA03F340F82230BFF34F8F7B
:10254000BFF36F8F23694FF48872C3F808232269A1
:102550000023C2F844312269C2F8583122690123AC
:1025600053602269D36001E003F098FE2369D3F839
:102570005821002AF8D0D3F84421002AF4D00025AD
:10258000C3F8005522694FF0FF33C2F80C352269B9
:10259000C2F814352269C2F80835226904F1140022
:1025A000C2F81035FFF7C6FDD4F8240401F046FD4B
:1025B000C4F8245484F8235438BD00BF00E100E07F
:1025C0001430FFF7CFBD00BF1430FFF7D5BD00BFFB
:1025D0001430FFF7B5BD00BF08B5D0F8240401F0F2
:1025E00023FD002814BF4FF40070002008BD00BF79
:1025F00090F8233403B9704710B54FF0FF3104460B
:10260000D0F8240401F064FB0023D4F824041A4613
:102610001946BDE8104000F013BF00BF10B50368B5
:10262000104A5B6882B093428DF8071013D10446BC
:102630004FF0FF31D0F8240401F04AFB22699DF8E5
:10264000073084F81D320123C2F848352269184644
:10265000936002B010BD01220DF10701984702B04E
:1026600010BD00BF692604002DE9F0472AB31746C4
:102670008846064600F21D2A00254FF001097C1B02
:10268000B4F5007F28BF4FF400744FF0FF31D6F847
:10269000240401F01DFB08EB05012246504605F01D
:1026A00036FA3369C3F8484533692544AF42C3F865
:1026B0000890E4D82846BDE8F08715462846BDE8CE
:1026C000F08700BF70B504687D4A246A944240F0E8
:1026D000B68090F823240346002A40F0AF800D46D0
:1026E000016990F81F04C1F80C05196993F81E04DC
:1026F000C1F8140593F82214012900F0AF8019697C
:10270000C1F86C25B5F5966F45D9B5F5166F40F251
:102710009B80B5F5965F40F2AF80B5F5165F40F24D
:10272000AD80B5F5615F40F2AB80B5F5964F40F2F4
:10273000A980B5F5E14F40F2A78047F612229542F5
:1027400040F2A480B5F5164F40F2A3804DF6C022AA
:10275000954240F2A180B5F5614F40F2A080B5F5F9
:10276000963F40F29F80B5F5E13F40F2A080B5F57D
:10277000613F40F29980534A954240F29E80B5F500
:10278000E12F40F29780B5F5612F8CBF4FF080525A
:102790004FF0706201E04FF49E221969C1F82425C0
:1027A0001A690821C2F800151A6903F21D21C2F83E
:1027B00044151A690021C2F820111A6903F507713E
:1027C000C2F834151A690121C2F838151A69116066
:1027D0001A694FF48870C2F8040393F91D24002A83
:1027E00035DB5409603402F01F02374801FA02F267
:1027F00040F8242093F91D24002A28DB024460219C
:1028000082F8001393F91D24002A07DB2E4802F0FA
:102810001F0401215209A14040F822100322002187
:1028200001201C4600F0CAFD00231A461946C4F8D0
:10283000240400F005FE012384F8233470BD2346F0
:102840000022BDE8704018474FF41D22A5E71F493C
:1028500002F00F02114460220A76D3E71A6993F856
:102860002004C2F810051A6993F82104C2F808057B
:102870001A69C2F86C1545E7154A8EE7154A8CE7C8
:10288000154A8AE7154A88E7154A86E74FF4000299
:1028900083E74FF41D0280E74FF465027DE74FF4B4
:1028A0006B027AE70F4A78E74FF06C7275E74FF0EA
:1028B000EB7272E74FF0E8626FE74FF080626CE70F
:1028C000E928040090D0030000E100E0FCEC00E007
:1028D00000B013000050270000F03A0000A04E00A6
:1028E00000C0750000903A0190F82334002B5BD1B2
:1028F00010B5036990F81F44C3F80C45036990F8BC
:102900001E44C3F8144590F82234012B036900F0EB
:10291000A080C3F86C25B1F5966F46D9B1F5166F56
:1029200040F2A680B1F5965F40F2AC80B1F5165F3B
:1029300040F2AA80B1F5615F40F2A880B1F5964FF0
:1029400040F2A680B1F5E14F40F2A48047F6122391
:10295000994240F2A180B1F5164F40F2A0804DF6A9
:10296000C023994240F29E80B1F5614F40F29D80B4
:10297000B1F5963F40F29C80B1F5E13F40F29A807C
:10298000B1F5613F40F29980504B994240F29B80F3
:10299000B1F5E12F40F29480B1F5612F8CBF4FF07B
:1029A00080534FF0706302E070474FF49E2302693A
:1029B000C2F8243503690822C3F80025036900F230
:1029C0001D22C3F8442503690022C3F820210369AE
:1029D00000F50772C3F8342503690122C3F83825CE
:1029E00003691A6003694FF48871C3F8041390F9FE
:1029F0001D34002B3FDB5C09603403F01F033449B6
:102A000002FA03F341F8243090F91D34002B32DB35
:102A10000B44602283F8002390F91D34002B07DB60
:102A20002B4903F01F0401225B09A24041F8232037
:102A3000044603220021012000F0C0FC00231A46B6
:102A40001946C4F8240400F0FBFC012384F8233465
:102A500010BD90F82044C3F81045036990F8214454
:102A6000C3F80845036942F00102C3F86C2552E738
:102A70004FF41D239BE7174A03F00F031A4460230A
:102A80001376C9E7144B92E7144B90E7144B8EE78B
:102A9000144B8CE7144B8AE74FF4000387E74FF49D
:102AA0001D0384E74FF4650381E74FF46B037EE772
:102AB0000E4B7CE74FF0EB7379E74FF06C7376E7E2
:102AC0004FF0E86373E74FF0806370E790D0030046
:102AD00000E100E0FCEC00E000B013000050270033
:102AE00000F03A0000A04E0000C0750000903A01CE
:102AF00010B5114C2369D3F810213AB10022C3F864
:102B00001021D3F83C2572B901221A60D3F8202194
:102B100002B910BD0021C3F82011D4F82404BDE887
:102B2000104000F017BF94F81C1204F11400FFF7D6
:102B3000EFFA2369E8E700BF589B002010B5114C5D
:102B40002369D3F810213AB10022C3F81021D3F839
:102B50003C2572B901221A60D3F8202102B910BDB8
:102B60000021C3F82011D4F82404BDE8104000F07F
:102B7000F1BE94F81C1204F11400FFF7C9FA23699E
:102B8000E8E700BF809F00202DE9F8431D4D1E4C53
:102B9000DFF884901D4F284600264FF47A7840F8DD
:102BA000149BC5E90168FFF7A7FAC4E9016820464C
:102BB000174B2B610223D7F8942085F81D3440F879
:102BC000149BD7F89C3085F81E2485F81F3485F8AF
:102BD0002264C5F8246485F82364FFF78DFAD7E9E9
:102BE00009230C4884F822642821C4F8246484F85A
:102BF0002364206184F81D1484F81E2484F81F3493
:102C0000BDE8F883589B0020809F002058C4040032
:102C1000002000400080024030C5040008B50E4B83
:102C20001BB10E48E3F764FB90B90D4B1BB10D4887
:102C3000FFF798FA48B90C4B1BB10C48FFF792FA12
:102C400000B908BDAFF3008008BDAFF30080F2E724
:102C5000AFF30080E9E700BF0000000064640020DB
:102C6000000000006C9B002000000000949F0020EA
:102C70002DE9F0477C4F3D6806460C46904675B1FD
:102C80002F2E09D828F48073032BC8F3002224D0F8
:102C9000042B59D0022B3BD00020BDE8F0872946F9
:102CA0002022724804F057FF714A7249724B0D603E
:102CB0004FF0FF30C2E9000040224D60C3F8802091
:102CC000BFF34F8FBFF36F8F6021C3F8802183F86C
:102CD00006131A6001233B60D2E74FF40037674BBD
:102CE000634853F8265090F900102B0203F47C53EC
:102CF00043F001038D4243EA07030CD090F90160D1
:102D0000B54224D090F90270BD4222D1022603E0E0
:102D10004FF44037E3E70026B10001F1804101F5AF
:102D2000C0418555D1F81005504F524D47F8264007
:102D300020F0031020F47C5003430120AA55C1F871
:102D40001035B040BDE8F0874FF48037C7E7012663
:102D5000E2E790F903C0654549D090F904E0754574
:102D60005BD090F9058045456DD090F906904D45B2
:102D700077D090F907A0AA4501D10726CCE7013109
:102D800023D13F49D1F8101589071ED10026B10083
:102D900001F1804101F5C0418555D1F81005334F4F
:102DA000344D47F8264020F0031020F47C500343B4
:102DB000C1F810350023C1F800310120304BAA556D
:102DC000B040C3F80403BDE8F087013606D12C49B2
:102DD000D1F81415890701D10126D8E7013708D1A8
:102DE0002749D1F818158F0703D10226CFE703260C
:102DF00092E7BCF1FF3F06D12149D1F81C158E079F
:102E000001D10326C3E7BEF1FF3F08D11C49D1F829
:102E10002015890703D10426B9E704267CE7B8F119
:102E2000FF3F06D11649D1F824158F0701D1052699
:102E3000ADE7B9F1FF3F08D11149D1F828158E0748
:102E400003D10626A3E7052666E7BAF1FF3F7FF424
:102E500023AF0B49D1F82C1589077FF41DAF072646
:102E600095E7062658E700BFD8A30020B0A30020AE
:102E7000D0A30020A8A3002000E100E058C4040073
:102E8000006000402F2825D8264A274B52F82020E2
:102E900093F900108A4238D093F901108A4236D053
:102EA00093F902108A4234D093F903108A4232D047
:102EB00093F904108A4230D093F905108A422ED03B
:102EC00093F906108A4206D093F90710914208BF81
:102ED000072101D07047062170B40120134E144C15
:102EE000144D8840C6F808038A00002002F1804291
:102EF00044F82100FF2402F5C0425C546854C2F833
:102F0000100570BCC2F8000170470021E4E7012100
:102F1000E2E70221E0E70321DEE70421DCE7052107
:102F2000DAE700BF58C40400D0A3002000600040CE
:102F3000B0A30020A8A300202DE9F0431B4B1C4F99
:102F4000D3F80463DFF86C80DFF86C9085B0002460
:102F50000123A200A34002F18045334205F5C0459C
:102F60000FD0D5F8003163B1E357013306D052F8E2
:102F700008201AB114F809307BB990470023C5F82E
:102F800000310134082CE3D1BFF34F8F00BF00BFE5
:102F900000BF00BF05B0BDE8F08304AB002143F8DB
:102FA000041D0846009103F053FAE7E70060004073
:102FB000D0A30020B0A30020A8A30020F8B50025CE
:102FC0000446C0E90055856091B108460E4605F0FB
:102FD000D2FC0746411C284600F084F950B1A36892
:102FE000C4E9000703B90370A760314605F0A9FCE6
:102FF0002046F8BD206808B100F05EF90023236088
:10300000C4E901332046F8BD70B504468C424FF048
:103010000000C4E90000A06001D00D680DB9204691
:1030200070BD8E68711C00F05DF950B1A368C4E9F1
:10303000000603B90370A660294605F082FC20460D
:1030400070BD206808B100F037F900232360C4E99F
:103050000133204670BD00BF30B504468BB000235D
:103060000846C4E90033A36001A902F03FFB01A8B0
:1030700005F081FC0546206810B163689D4209D9BE
:10308000691C00F02FF960B1A368C4E900050BB911
:1030900003702068A56001A905F053FC20460BB021
:1030A00030BD206808B100F007F9002320462360F6
:1030B000C4E901330BB030BD10B50446006800F020
:1030C000FBF8204610BD00BF884270B5044609D009
:1030D0000D68006845B908B100F0EEF80023C4E9B6
:1030E00001332360204670BD8E6810B163689E4234
:1030F00009D9711C00F0F6F858B1A368C4E90006BC
:103100000BB903702068A660294605F01AFC20461A
:1031100070BD20680028DFD1E0E700BFF8B50446A5
:10312000056849B915B1284600F0C6F800232360A8
:10313000C4E901332046F8BD08460E4605F01BFCE5
:10314000074615B1636898420BD92846791C00F0F0
:10315000C9F8054660B1A368C4E900070BB903705C
:103160002568A7603146284605F0EBFB2046F8BDF0
:1031700020680028DAD000F09FF8D7E770B50E6815
:1031800004461EB18D685DB9204670BD206808B147
:1031900000F092F800232360C4E90133204670BD9B
:1031A00082680068154410B163689D420BD9691CA0
:1031B00000F098F80028E9D0A268C4E9000512B927
:1031C00002702068A2683146104405F0BAFBA56081
:1031D000DAE700BF70B5044631B108460D4605F088
:1031E000CAFB58B9204670BD206808B100F064F8E9
:1031F00000232360C4E90133204670BDA268236820
:10320000861813B161688E420DD91846711C00F002
:1032100069F803460028E7D0A268C4E9000612B99D
:1032200002702368A2682946981805F08AFBA660F8
:10323000D8E700BFFEE700BF08B501F077FA4FF40A
:103240007A72A0FB0223900A40EA835008BD00BFB7
:10325000014638B54FF47A7200238002890D04F0DC
:10326000BBF9054601F062FA0446E3F731F801F0D4
:103270005DFA001B854200D838BD281ABDE83840E9
:1032800001F078BB10B5044601F0CEFD022804D051
:103290002046BDE8104004F0B7BB01F03FFA2046DD
:1032A00004F0B2FB044601F0DFFA0CB1204610BD79
:1032B00003F006F8FAE700BF10B5044601F0B4FDCC
:1032C00002280AD144B101F029FA204604F0A4FBF7
:1032D000BDE8104001F0C8BA10BD2046BDE810405E
:1032E00004F09ABB38B504460D4601F09DFD022856
:1032F00005D029462046BDE8384005F085BA01F0E2
:103300000DFA2046294605F07FFA044601F0ACFA92
:103310000CB1204638BD02F0D3FFFAE710B50446E1
:1033200001F0FCF9204604F06FFB044601F09CFA22
:103330000CB1204610BD02F0C3FF204610BD00BFF7
:1033400050B110B5044601F0E9F9204604F064FBE1
:10335000BDE8104001F088BA704700BF38B51C4680
:103360009DF8105043B3002908BF1A460123C4E951
:103370000F01226084F8463002F020F8D4E90F13E0
:103380002268A26001FB03F1CB1A134400200A4417
:10339000FF21A063E36084F84410626084F8451064
:1033A00004F1100003F01AFC04F1240003F016FCF1
:1033B00002F00EF884F84C50204638BDF8B50746A8
:1033C00015460E4669B100FB01F05030FFF7A6FF2D
:1033D000044690B3002200F1500380F846200360B9
:1033E00007E05020FFF79AFF044630B384F84660A8
:1033F0002460C4E90F7601F0E1FFD4E90F132268DD
:10340000A26001FB03F1CB1A134400200A44FF2100
:10341000A063E36084F84410626084F8451004F10E
:10342000100003F0DBFB04F1240003F0D7FB01F0F4
:10343000CFFF84F84C502046F8BD00242046F8BD4C
:103440002DE9F04F044685B01D460192884601F0F3
:10345000B5FFA26BE36BA84F4FF000099A424E46AE
:10346000C0F08B80022D00F006810198002800F04A
:103470003081B9F1000F00F0958001F0A9FF01F053
:103480004DF901F09BFF94F84430FF2B08BF84F8FE
:10349000446094F84530FF2B08BF84F8456001F084
:1034A00097FF01A902A801F067FC002840F01881ED
:1034B00001F084FFA26BE36B9A4277D001F088FFA2
:1034C00001F07CFF94F845304FFA83FABAF1000F0F
:1034D0001ADD636AC3B104F1240907E00AF1FF337E
:1034E000DBB24FFA83FA7BB1636A6BB1484601F0F5
:1034F000E9FB0028F2D001F077FC0AF1FF33DBB2E0
:103500004FFA83FA002BEFD1FF2384F8453001F006
:103510005FFF01F053FF94F844304FFA83FABAF199
:10352000000F1ADD2369C3B104F1100907E00AF1A5
:10353000FF33DBB24FFA83FA7BB123696BB14846A4
:1035400001F0C0FB0028F2D001F04EFC0AF1FF337D
:10355000DBB24FFA83FA002BEFD1FF2384F844301B
:1035600001F036FF01F080F901F028FFA26BE36B58
:103570009A424FF00109BFF475AF226CA66B002A86
:1035800040F0FC8025680136002D00F01881A6630C
:10359000636A002B40F08C8001F01AFF012005B017
:1035A000BDE8F08F02A801F0DBFB66E704F110092B
:1035B00001F00EFF4846019901F008FB01F0FEFE04
:1035C00094F845A04FFA8AFABAF1000F1CDD636A3D
:1035D000D3B104F1240B08E00AF1FF3A5FFA8AF351
:1035E0004FFA83FA83B1636A73B1584601F06AFBFC
:1035F0000028F1D00AF1FF3A01F0F6FB5FFA8AF3F6
:103600004FFA83FA002BEED1FF2384F8453001F006
:10361000DFFE01F0D3FE94F844304FFA83FABAF19A
:10362000000F06DC15E00AF1FF33DBB24FFA83FA34
:103630007BB123696BB1484601F044FB0028F2D00E
:1036400001F0D2FB0AF1FF33DBB24FFA83FA002B11
:10365000EFD1FF2384F8443001F0BAFE01F004F901
:10366000002881D14FF080537B6040BFBFF34F8F64
:10367000BFF36F8F78E7226CA66B002A82D0414699
:10368000E06804F044FA236CE26821685B421A4463
:103690008A42E26080F0898062681344E360022D10
:1036A00000F083800136A663636A002B3FF474AF99
:1036B00004F1240001F006FB00283FF46DAF0E4B2F
:1036C0004FF080525A6040BFBFF34F8FBFF36F8FF0
:1036D00062E7009001F07CFE009805B0BDE8F08F35
:1036E00001F06CFE94F845506DB2002D18DD636A50
:1036F000B3B104F1240607E000ED00E0013DEBB2B8
:103700005DB26BB1636A5BB1304601F0DBFA002851
:10371000F4D0013D01F068FBEBB25DB2002BF1D1BA
:10372000FF2384F8453001F053FE01F047FE94F882
:1037300044506DB2002D16DD2369A3B104F11006CB
:1037400005E0013DEBB25DB26BB123695BB1304680
:1037500001F0B8FA0028F4D0013D01F045FBEBB2CE
:103760005DB2002BF1D1FF2384F8443001F030FE2C
:1037700001F07AF8002005B0BDE8F08F41465DBB4E
:10378000A06804F0C4F9A368216C62680B449342FA
:1037900006F10106A360FFF4FAAEA663636A22682D
:1037A000A260002B3FF4F8AE82E7002E7FF4EFAE6C
:1037B0000123A363636A002B3FF4EEAE78E76068F1
:1037C00001F084FBA663636A6560002B7FF470AF31
:1037D00000287FF474AFDFE6E06804F098F9236C0A
:1037E000E26821685B421A448A42E260BFF457AF44
:1037F00052E700BFF8B50C4679B3002501232160DC
:1038000081F84630C1E90F35064601F0D7FDD4E90D
:103810000F322168A56303FB02F39A1A0A440B4492
:10382000FF27C4E90131E26084F8447004F110001C
:1038300084F8457003F0D2F904F1240003F0CEF9C6
:1038400001F0C6FDC4E90055E56084F84C602B46E4
:103850002A4629462046FFF7F3FD2046F8BD00BF63
:103860002DE9F0418C4682B004461746EFF31186ED
:10387000402282F31188806BE26B904221D3022BAD
:1038800005D0002086F3118802B0BDE8F08194F8DD
:103890004550226CD4F838806DB252BB236808F1D1
:1038A0000108002B4FD06B1CC4F8388037D001358D
:1038B0006DB284F84550012086F3118802B0BDE84E
:1038C000F08194F84550226CD4F838806DB2002A0B
:1038D000E4D073B9A06804F01AF9A368216C626897
:1038E0000B44934208F10108A360DCD32368A36072
:1038F000D9E76146E068019304F009F9206CE268B9
:103900002168019B404202448A42E26002D262681E
:103910001044E060022B10D008F10108C3E7636A8D
:10392000002BC8D004F1240001F0CCF90028C2D04B
:10393000002FC0D001203860A4E7B8F1000F08BF05
:103940004FF00108AFE76068019301F0BFFA019BF7
:103950006360A8E738B5EFF31184402383F311883F
:10396000826BC36B93420ED990F8453001325BB243
:1039700082635A1C0BD001335BB280F845300120C2
:1039800084F3118838BD002084F3118838BD436A60
:10399000002BF4D024300D4601F094F90028EED02D
:1039A000002DECD001202860EAE700BF2DE9F047A8
:1039B000044684B08846019201F000FDD4F83890A6
:1039C000B9F1000F40F09380019B002B00F00A81B9
:1039D00002A801F0C5F9B34F4E4604F1240501F0E9
:1039E000F7FC00F09BFE01F0E9FC94F84430FF2B5B
:1039F00008BF84F8446094F84530FF2B08BF84F872
:103A0000456001F0E5FC01A902A801F0B5F9002824
:103A100040F0878001F0D2FCA36B002B40F0E880DF
:103A200001F0D6FC0199284601F0D0F801F0C6FC5F
:103A300094F845304FFA83F9B9F1000F06DC15E030
:103A400009F1FF33DBB24FFA83F97BB1636A6BB1E3
:103A5000284601F037F90028F2D001F0C5F909F144
:103A6000FF33DBB24FFA83F9002BEFD1FF2384F849
:103A7000453001F0ADFC01F0A1FC94F844304FFA60
:103A800083FABAF1000F1ADD2369C3B104F11009FA
:103A900007E00AF1FF33DBB24FFA83FA7BB1236907
:103AA0006BB1484601F00EF90028F2D001F09CF904
:103AB0000AF1FF33DBB24FFA83FA002BEFD1FF2379
:103AC00084F8443001F084FC00F0CEFE00287ED162
:103AD0004FF080537B6040BFBFF34F8FBFF36F8FBA
:103AE00001F06CFCD4F83890B9F1000F76D0226C5C
:103AF00052B1E168636811449942E16024BF2168D2
:103B0000E160404604F003F809F1FF33A363236941
:103B1000002B40F0C98001F05BFC012004B0BDE83F
:103B2000F08701F04BFC94F845304FFA83F9B9F176
:103B3000000F06DC15E009F1FF33DBB24FFA83F921
:103B40007BB1636A6BB1284601F0BCF80028F2D063
:103B500001F04AF909F1FF33DBB24FFA83F9002B88
:103B6000EFD1FF2384F8453001F032FC01F026FC50
:103B700094F844304FFA83FABAF1000F1ADD236942
:103B8000C3B104F1100907E00AF1FF33DBB24FFAC9
:103B900083FA7BB123696BB1484601F093F80028A2
:103BA000F2D001F021F90AF1FF33DBB24FFA83FAC8
:103BB000002BEFD1FF2384F8443001F009FC00F022
:103BC00053FE01F0FBFBA36B63B101F001FC01F0BC
:103BD000F5FBD4F83890B9F1000F88D1019B002B88
:103BE0007FF4FDAE01F0F4FB002004B0BDE8F087E7
:103BF00001F0EEFB01F0E2FB94F845304FFA83F957
:103C0000B9F1000F06DC15E009F1FF33DBB24FFA22
:103C100083F97BB1636A6BB1284601F053F8002841
:103C2000F2D001F0E1F809F1FF33DBB24FFA83F98A
:103C3000002BEFD1FF2384F8453001F0C9FB01F0E0
:103C4000BDFB94F844304FFA83FABAF1000F1ADD45
:103C50002369C3B104F1100907E00AF1FF33DBB2B5
:103C60004FFA83FA7BB123696BB1484601F02AF819
:103C70000028F2D001F0B8F80AF1FF33DBB24FFAB6
:103C800083FA002BEFD1FF2384F8443001F0A0FB2E
:103C900000F0EAFD01F092FBD4F83890B9F1000F82
:103CA0009CD024E700ED00E004F1100001F00AF8D8
:103CB00000283FF430AF054B4FF080525A6040BFB0
:103CC000BFF34F8FBFF36F8F25E700BF00ED00E01C
:103CD0002DE9F043044685B00026019101F06EFB0A
:103CE000A36BB24FB0463546002B40F0F380019BEA
:103CF000002B00F05D81B8F1000F00F0FC8001F0B6
:103D000067FB00F00BFD01F059FB94F84430FF2BEA
:103D100008BF84F8445094F84530FF2B08BF84F85E
:103D2000455001F055FB01A902A801F025F8002833
:103D30006CD101F043FBA36B002B40F0E08001F05D
:103D400047FB2368002B00F03C8104F1240948461E
:103D5000019900F03BFF01F031FB94F845304FFA38
:103D600083F8B8F1000F06DC15E008F1FF33DBB291
:103D70004FFA83F87BB1636A6BB1484600F0A2FF4B
:103D80000028F2D001F030F808F1FF33DBB24FFA2F
:103D900083F8002BEFD1FF2384F8453001F018FBA6
:103DA00001F00CFB94F844304FFA83F8B8F1000F9F
:103DB0001ADD2369C3B104F1100907E008F1FF33EC
:103DC000DBB24FFA83F87BB123696BB1484600F050
:103DD00079FF0028F2D001F007F808F1FF33DBB2D9
:103DE0004FFA83F8002BEFD1FF2384F8443001F021
:103DF000EFFA00F039FD002864D14FF080537B606A
:103E000040BFBFF34F8FBFF36F8F5BE001F0D6FA77
:103E100094F845304FFA83F8B8F1000F1ADD636A61
:103E2000C3B104F1240907E008F1FF33DBB24FFA14
:103E300083F87BB1636A6BB1484600F043FF00280A
:103E4000F2D000F0D1FF08F1FF33DBB24FFA83F874
:103E5000002BEFD1FF2384F8453001F0B9FA01F0CF
:103E6000ADFA94F844304FFA83F8B8F1000F1ADD38
:103E70002369C3B104F1100907E008F1FF33DBB295
:103E80004FFA83F87BB123696BB1484600F01AFF03
:103E90000028F2D000F0A8FF08F1FF33DBB24FFAA0
:103EA00083F8002BEFD1FF2384F8443001F090FA1F
:103EB00000F0DAFC01F082FAA36B002B00F08A809C
:103EC00001F086FA01F07AFAA36B4FF00108002B9B
:103ED0003FF40DAF2268013BA363002A00F09E80EF
:103EE0002369002B40F0898001F072FA01263046E8
:103EF00005B0BDE8F08302A800F032FFFFE601F054
:103F000067FA01F05BFA94F845304FFA83F8B8F19C
:103F1000000F1ADD636AC3B104F1240907E008F158
:103F2000FF33DBB24FFA83F87BB1636A6BB148466B
:103F300000F0C8FE0028F2D000F056FF08F1FF3371
:103F4000DBB24FFA83F8002BEFD1FF2384F8453022
:103F500001F03EFA01F032FA94F844304FFA83F857
:103F6000B8F1000F1ADD2369C3B104F1100907E0AD
:103F700008F1FF33DBB24FFA83F87BB123696BB1F1
:103F8000484600F09FFE0028F2D000F02DFF08F117
:103F9000FF33DBB24FFA83F8002BEFD1FF2384F815
:103FA000443001F015FA00F05FFC8BE700ED00E013
:103FB000009301F00DFA009B1E46304605B0BDE8A7
:103FC000F08301F0FBF9606800F03EFF064601F067
:103FD000FFF9BAE601F0FCF9002E88D001F0EEF905
:103FE000616A19B1236B1968C1F10501606800F0BD
:103FF00099FF002601F0ECF979E704F1100000F0D8
:1040000061FE00283FF470AF064B4FF080525A60BB
:1040100040BFBFF34F8FBFF36F8F65E700F0B8FF6E
:1040200060605DE700ED00E010B5044601F0C6F900
:10403000A46B01F0CDF9204610BD00BF104B5A68AB
:10404000904208D0DA68904208BF012204D090F86C
:10405000463093B170470022002110B403EBC20434
:1040600043F8321090F84630616013B15DF8044BAC
:1040700070475DF8044BFFF763B9FFF761B900BF04
:104080007CAE0020074B1A681AB19A6802B17047DB
:10409000012210B403EBC20443F8321060605DF8F3
:1040A000044B70477CAE002070B505460C461646A2
:1040B00001F084F995F84430FF2B04BF002385F804
:1040C000443095F84530FF2B04BF002385F8453078
:1040D00001F07EF9AB6B2BB93246214605F1240085
:1040E00000F0B0FD01F06AF995F8454064B2002C8B
:1040F00016DD6B6AA3B105F1240605E0013CE3B2CD
:104100005CB26BB16B6A5BB1304600F0DBFD00283E
:10411000F4D0013C00F068FEE3B25CB2002BF1D1B8
:10412000FF2385F8453001F053F901F047F995F880
:10413000444064B2002C16DD2B69A3B105F11006D2
:1041400005E0013CE3B25CB26BB12B695BB1304678
:1041500000F0B8FD0028F4D0013C00F045FEE3B2C9
:104160005CB2002BF1D1FF2385F84430BDE87040EC
:1041700001F02EB92DE9F041044601F01FF9344A4F
:10418000344D1368013313602B68002B2FD0324E4F
:10419000E36A32682AB33148314907680A689F42A6
:1041A00038BF03602F48013203EB83030A6000EB42
:1041B0008300E263211D02F021FD01F009F933685B
:1041C0006BB12A68E36AD26A9A4208D2264B4FF052
:1041D00080525A6040BFBFF34F8FBFF36F8FBDE86F
:1041E000F0812A68D26A9A4298BF2C60D3E72C608B
:1041F0001368012B02D0E36A174ECCE71948DFF8A9
:1042000094801A4F144E02F0E9FC194802F0E6FCC3
:10421000184802F0E3FC184802F0E0FC174802F0EE
:10422000DDFC404602F0DAFC384602F0D7FC1448C8
:1042300002F0D4FC134802F0D1FC134802F0CEFC8B
:10424000124B134AC2F800801F60E36AA3E700BF65
:104250004CA40020DCA30020ACA4002060A400201B
:104260005CA40020E8A3002000ED00E078A400207A
:10427000FCA3002010A4002024A4002038A40020C7
:1042800098A40020C4A40020B0A40020E4A300202F
:10429000E0A3002064A400202DE9F843DDE90964CF
:1042A000002C60D016B93046BDE8F8830D46970063
:1042B000984602233A4684F85130814626633046B8
:1042C000A52103F048FC2A78236B84F83420043FAE
:1042D0002A781F4427F0070702B36B7884F835303B
:1042E0006B78DBB1AB7884F83630AB78B3B1EB7870
:1042F00084F83730EB788BB12B7984F838302B7910
:1043000063B16B7984F839306B793BB1AB7984F860
:104310003A30AB7913B1EB7984F83B30089D042D2A
:1043200028BF04250026E5626564201D84F83B60F3
:10433000A66402F05FFCC5F1050504F1180002F067
:1043400059FCE66442464946A561246184F8506000
:104350006462384600F0F6FF20602046FFF70AFF4F
:104360002046BDE8F8832046BDE8F8832DE9F047F4
:104370009600804630460D469946099FFEF7CEFFCF
:10438000002869D082465420FEF7C8FF0446002862
:104390005BD00023C0F830A03246504684F851303C
:1043A000A52103F0D8FB2A78236B84F83420043E3F
:1043B0002A781E4426F0070A02B36B7884F8353059
:1043C0006B78DBB1AB7884F83630AB78B3B1EB788F
:1043D00084F83730EB788BB12B7984F838302B792F
:1043E00063B16B7984F839306B793BB1AB7984F880
:1043F0003A30AB7913B1EB7984F83B30089D042D4A
:1044000028BF04250026E5626564201D84F83B6012
:10441000A66402F0EFFBC5F1050504F1180002F0F7
:10442000E9FBE664A561246184F8506064624A4651
:104430004146504600F086FF206007B13C602046B0
:10444000FFF798FE0120BDE8F0875046FEF778FFA1
:104450004FF0FF30BDE8F0874FF0FF30F3E700BFCB
:1044600070B504464C4E00F0A9FF002C39D0251D34
:10447000284602F0EDFBA36A1BB104F1180002F01C
:10448000E7FB29464548464D02F0B8FB94F850300A
:10449000012B04BF002384F8503000F099FF2B68F3
:1044A00093B93368A34200D070BD2B68DBB93B4998
:1044B0003C4A09681268914226D03B4B1B682BB3DB
:1044C0003A4B01221A6070BD00F078FF384B1A6831
:1044D000126892B9374B4FF0FF321A6000F078FF44
:1044E000DFE73468C3E7344B4FF080525A6040BF77
:1044F000BFF34F8FBFF36F8F70BD1A682D4BD2681B
:10450000D26852681A60E9E7336070BD274A1360C9
:104510003268336812681B6B9A4236D9274C284997
:1045200022689300981880000858E0B9551EAB0027
:1045300058198000085830BB951EAB0058198000F0
:10454000085800BBD51EAB00581980000858D0B9D8
:10455000151FAB00581980000858A0B9053A930000
:1045600098188000085813449B00CD1808336868D9
:10457000406868600B44984204BF40686860C36844
:104580003360226070BD2A46EDE73068316834310F
:1045900001F094FEC2E700BFDCA30020B0A400201D
:1045A000ACA400204CA4002058A40020DCA40020CF
:1045B000E0A3002090A4002000ED00E060A4002013
:1045C000E8A3002080B170B51B4D2B6883420AD050
:1045D000044600F0F3FE194B62699A4205D0BDE82B
:1045E000704000F0F5BE70BD7047A36A144A934254
:1045F000F5D0002BF3D1261D304602F029FB114ADD
:10460000E36A116810488B4288BF136003EB830391
:1046100000EB8300314602F0F1FA2B68E26ADB6AB4
:104620009A42DCD3094B4FF080525A6040BFBFF32F
:104630004F8FBFF36F8FD2E7DCA30020B0A4002020
:1046400098A4002060A40020E8A3002000ED00E072
:1046500070B584B0002503AA02A901A8CDE90155CF
:1046600001F030FE019C002C46D00298002843D077
:10467000039E20630223B600A521324684F8513000
:1046800003F069FA236B1F4A6263201D84F83850D7
:10469000043E84F83B50E562C4E911551E4402F023
:1046A000A9FA04F1180002F0A5FA26F0070605237E
:1046B000A3612A461449E56430462461646284F8A3
:1046C000505000F03FFE20602046FFF753FD0F4B97
:1046D0001C6000F0DBFD012811D1402383F3118819
:1046E0000B490C4A0C4B4FF0FF340C6010601D60FE
:1046F00000F03EFE04B070BD044B00221A6004B00E
:1047000070BD00BF49444C45F94904008CA4002009
:1047100090A40020ACA40020D8A40020024A136872
:1047200001331360704700BF58A40020014B186884
:10473000704700BFD8A40020024A136818441060D4
:10474000704700BFD8A400202DE9F04F3B4B1B68F9
:1047500083B0002B42D13A4B1F6801371F60002FF6
:104760004AD0384B01931B68BB423BD8364EDFF82A
:10477000EC80DFF8ECA0DFF8EC90002525E0336852
:10478000DB68DC68636804F1040B9F42584651D330
:1047900002F05EFAA36A04F118000BB102F058FAB5
:1047A000E36AD8F8002003EB8300934259460AEBF2
:1047B000800088BFC8F8003002F020FAD9F8003035
:1047C000E26ADB6A9A4228BF012533681B68002B26
:1047D000D5D1019A4FF0FF33136004E01B4A1368F0
:1047E0000133136000251A4B1B68002B0CBF2846B1
:1047F000012003B0BDE8F08F134E164B3168164A06
:1048000018683060196013680133136033681B68DF
:104810003BB90C4B01931A464FF0FF33136013461C
:10482000A1E73368074ADB680192DB685B681360C5
:10483000134698E7019A1360D5E700BF58A40020FB
:10484000D8A4002090A40020E0A3002054A40020BD
:10485000DCA40020E4A3002094A4002060A4002095
:10486000E8A30020DCA300202DE9F04700F0A6FD1E
:10487000354B1A68013A1A601C68002C57D1334B2B
:104880001B68002B53D0DFF8E0A0314E314FDFF82A
:10489000DC90DFF8DC80336813B3F368DC68251D37
:1048A00004F1180002F0D4F9284602F0D1F9E36AC5
:1048B0003A6803EB83009342294609EB800088BFE6
:1048C0003B6002F09BF9D8F80030E26ADB6A9A425A
:1048D0004FF00103DFD3CAF800303368002BDCD17E
:1048E0003CB11D4B1A6812683ABB1C4B4FF0FF32AB
:1048F0001A601B4D2C6844B10126FFF725FF08B153
:10490000CAF80060013CF8D12C60DAF8003073B1CD
:10491000144B4FF080525A6040BFBFF34F8FBFF32C
:104920006F8F012400F054FD2046BDE8F08700247D
:1049300000F04EFD2046BDE8F0871A68074BD268AC
:10494000D26852681A60D4E758A400204CA4002012
:1049500098A4002060A40020E0A3002090A40020E0
:1049600054A4002000ED00E0DCA40020E8A3002017
:10497000DCA3002070B548B9184B4FF080525A6044
:1049800040BFBFF34F8FBFF36F8F70BD144A1549FF
:104990001368154E013313600D6804463068043007
:1049A00002F056F9336864195C600FD20F4B186837
:1049B0003168043102F032F90D4B1A68944238BF65
:1049C0001C60FFF751FF0028D6D070BD094B186856
:1049D0003168043102F022F9F3E700BF00ED00E096
:1049E00058A40020D8A40020DCA30020E0A30020CD
:1049F00090A40020E4A300202DE9F84F3C4E3D4D4B
:104A00003D4CDFF80891DFF80881DFF808B14FF07E
:104A1000805A2368D3B100F0D1FCF368DF68381DF9
:104A200002F016F92B68013B2B602368013B2360E1
:104A300000F0CEFC97F85130002B37D0012BE8D195
:104A40003846FEF77DFC2368002BE4D12B4B1B6816
:104A5000012B06D9CBF804A040BFBFF34F8FBFF3A3
:104A60006F8F00F041FED9F8003033BBD8F800302A
:104A7000DB6A002BCDD1214B1B68012BC9D8204B01
:104A8000204A1B6812689B1A012BC2D91E4A136860
:104A900001331360D9F80030BBB1D8F80030DB6ABD
:104AA0000BB9164B1B68FFF7DFFEB2E7386BFEF75A
:104AB00047FC3846FEF744FCABE7D8F80030DB6A29
:104AC000002BA6D10D4B1B68A3E7D8F80030DB6A9A
:104AD000002BE8D1094B1B68012BE4D8084B186860
:104AE000084B1B68C01A0128DDD900F0DDFCDAE7AD
:104AF000C4A400204CA4002050A40020E8A300205F
:104B000090A40020D8A4002058A4002060A4002075
:104B1000DCA3002000ED00E0274B1B68002B40D1F8
:104B2000264A70B5264C13602268236812681B6BF6
:104B30009A423AD9234D24492A6893009818800054
:104B40000858E0B9561EB30098198000085830BBC9
:104B5000961EB30098198000085800BBD61EB300FB
:104B6000981980000858D0B9161FB3009819800012
:104B70000858A0B9053A93009818800008581344C3
:104B80009B00CE1808337068406870600B449842F0
:104B900004BF40687060C36823602A6070BD3246FD
:104BA000EDE7064B01221A60704720682168343116
:104BB00001F084FBBEE700BF58A40020DCA4002065
:104BC000DCA3002060A40020E8A3002070B5174DEE
:104BD0002B680C4603F1180102F020F8144B1E68F4
:104BE0002868043002F034F8631C17D02B68A4192D
:104BF0005C600BD20F4B18682968043102F00EF884
:104C00000D4B1A68944238BF1C6070BD0B4B18687E
:104C10002968BDE87040043102F000B829680848EE
:104C20000431BDE8704001F0E9BF00BFDCA3002003
:104C3000D8A40020E0A3002090A40020E4A300203A
:104C4000B0A4002070B5194D2B680C46164603F130
:104C5000180101F0D3FF164B5EB11B6828680430C1
:104C600001F0F6FF296813480431BDE8704001F0F7
:104C7000C5BF1E682868043001F0EAFF2B68A4193C
:104C80005C600BD20C4B18682968043101F0C6FF38
:104C90000A4B1A68944238BF1C6070BD084B1868F4
:104CA0002968BDE87040043101F0B8BFDCA30020E2
:104CB000D8A40020B0A40020E0A3002090A40020ED
:104CC000E4A3002038B5C368DC6804F11805284661
:104CD00001F0BEFF1A4B1B682BBB251D284601F0B7
:104CE000B7FF184AE36A116817488B4288BF136000
:104CF00003EB8303294600EB830001F07FFF134B96
:104D0000E26A1B68DB6A9A4282BF114B012018607D
:104D1000104B1A68126898BF00204AB90E4B4FF02A
:104D2000FF321A6038BD29460C4801F067FFE6E7FC
:104D30001A68094BD268D26852681A6038BD00BF41
:104D400058A4002060A40020E8A30020DCA30020D9
:104D5000DCA40020E0A3002090A4002098A4002060
:104D6000034A044B12681B68C0E90023704700BF68
:104D700094A40020D8A40020F8B50D46044600F005
:104D80001DFB2B681649581C0A6813D0DFF854C065
:104D9000D4E90060DCF80070BE4201D090421AD91C
:104DA000121A93420BD800232B60012500F010FB50
:104DB0002846F8BD002500F00BFB2846F8BDDCF8BE
:104DC00000009B1A0A682B60C4E90002002500F06D
:104DD000FFFA2846F8BD012500F0FAFA2846F8BD8A
:104DE000D8A4002094A40020014B01221A6070472F
:104DF000DCA40020084B186860B9084B1B6853B945
:104E0000074A084B10681B68013B984214BF0120F9
:104E1000022070470020704798A40020DCA40020E6
:104E2000B0A400204CA40020054B1B6833B1054BF7
:104E30001B68002B0CBF0220002070470120704728
:104E4000ACA4002058A4002018B3F8B51C4CC36AC9
:104E50002268D26A934214D28269002A04DB226853
:104E6000D26AC2F105028261164D426903EB8303E7
:104E700005EB83039A420DD02368DB6AC3620120ED
:104E8000F8BD2368406CDB6A98422CBF00200120EB
:104E9000F8BD7047061D0746304601F0D9FE22686E
:104EA000094BD06A1A68F862904200D9186000EB8A
:104EB000800005EB8000314601F0A0FE0120F8BD26
:104EC000DCA30020E8A3002060A4002050B138B586
:104ED000C16A836C426C013B9142836400D01BB178
:104EE000002038BD00207047051D0446284601F00B
:104EF000AFFE0A4A636C1168E362C3F105008B429E
:104F0000A061074888BF136003EB830300EB8300B5
:104F1000294601F073FE012038BD00BF60A40020C7
:104F2000E8A3002048B1426CC36A914238BF1146E1
:104F30008B4202D0826C012A00D07047826970B522
:104F4000114DC162002A03EB83034269A8BFC1F17E
:104F5000050105EB8303A8BF81619A4200D070BDB3
:104F6000061D0446304601F073FE084BE06A1A68DD
:104F7000904288BF186000EB800005EB800031464E
:104F8000BDE8704001F03ABEE8A3002060A4002014
:104F9000044B1A681AB119688A6C01328A6418685D
:104FA000704700BFDCA300202DE9F04FAD4EDFF8C5
:104FB000C482AD4D89B033681C68002C00F08E802F
:104FC000DB681C68FFF7AAFBFFF7B0FBD8F80030DE
:104FD000984207465DD38442C8F8000040F20B8136
:104FE0000022E11B2868FFF75FF8FFF73DFC88B956
:104FF0009E4A4FF08053536040BFBFF34F8FBFF3C3
:105000006F8F07E0019B039920469847009B002B78
:1050100080F23881286800226946FEF7C7FC002824
:10502000C9D0009B029C002BECDB636913B1201DEF
:1050300001F00EFEFFF77AFBD8F800309842814667
:1050400043D3009BC8F80090092BE3D8012202FA51
:1050500003F313F4047F69D113F0C70F40F0A1806C
:105060009B06D7D594F82C30002BD3D12046FEF7E1
:1050700067F9CFE7DB68DC68D3F800A004F1040926
:10508000484601F0E5FD636A20469847E369012B35
:1050900036D033681A68002AECD17549C8F8007018
:1050A0000A6832600B60FFF7DFFBB3E7DB68DF689D
:1050B000D3F800B007F1040A504601F0C9FD7B6A3D
:1050C00038469847FB69012B25D033681A68002AB7
:1050D000ECD167490A6832600B60B2E7FFF71EFB4C
:1050E000FFF724FBD8F8003083420746D1D8604B45
:1050F000C8F800701B681A68B2FA82F2520970E7A9
:10510000A36953449A45494622D2636024613068BA
:1051100001F084FDBDE7BB695B449B45514627D246
:105120007B603F61306801F079FDCEE7019B24612F
:1051300003EB09024A45A36162602CD8002B3FF4BF
:1051400069AF4B4B211D186801F068FD286862E7C4
:105150002B68002B9DD00023CDE9043A0694FFF77D
:1051600063FE00231A4604A92868FEF769F990E750
:105170002B68002BA9D00023CDE9043B0697FFF74D
:1051800053FE00231A4604A92868FEF759F99CE744
:105190004B4500D998B13068211D01F03FFD2868CA
:1051A00039E7019BA269246199182CBF01200020D6
:1051B00049456160ECD8A9EB03039A42C1D8636A00
:1051C00020469847E369012B7FF424AF019BA26935
:1051D0002868134400283FF41EAF0022CDE90423C1
:1051E0000694FFF721FE00231A4604A92868FEF75B
:1051F00027F928680FE7FFF737FB3368DB68D3F838
:105200000C9009F1040A504601F022FDD9F81C3037
:10521000012B04D0D9F8243048469847FAE6D9F84B
:105220001830C9F81090E218BA42C9F8042004D91D
:105230005146306801F0F2FCECE73F1BBB421BD843
:105240002B68002BE6D00023CDE90434CDF818906C
:10525000FFF7EAFD00231A4604A92868FEF7F0F8D4
:10526000D8E700BFE0A4002064A7002000ED00E024
:10527000E4A4002010A70020034B5146186801F059
:10528000CDFCC7E7029CD0E6E4A40020F0B5204C9A
:1052900089B000F093F82568FDB100F099F8206816
:1052A000C8B1002407AA06A905A8CDE9054401F064
:1052B00017F8DDE905300221CDE90010079A0293C5
:1052C000144915482346FEF7E7FF144A0346001B1E
:1052D00018BF0120136009B0F0BD114F114E3846C0
:1052E00001F07CFC304601F079FC0F4A0F49009533
:1052F0000F4B17600E600F4A10212020FEF72EF88A
:1053000020600028C9D00C49FEF7BCFEC5E700BFED
:1053100064A7002064C50400A94F040068A700200A
:10532000E8A60020FCA60020E0A40020E4A40020C1
:1053300014A70020E8A400205CC50400402383F3E8
:105340001188FEE730B46FF002034FF08075074C10
:1053500040F8045C40F80C4C40F8081C40F8202C45
:1053600040F8243C30BC4438704700BF3D53040033
:105370000F4C08B5E02384F8223000F077F80D4B8D
:105380000D4A00211960D4F8883043F47003C4F842
:105390008830536843F040435360236943F010035F
:1053A000236100F04FF9402383F31188FEE700BF2B
:1053B00000ED00E06CA7002030EF00E0402383F315
:1053C0001188024A13680133136070476CA70020EC
:1053D000034A1368013B13600BB983F311887047CC
:1053E0006CA7002041DF704712DF704770B51B4B80
:1053F00000251D6082B01B680193019BEFF31186AD
:10540000402383F31188164A164BD2F804451D60D9
:105410001B680093009BFFF789F9241A24F07F444E
:10542000012C0DD844B1FFF78FF9054625B10E4B7D
:105430004FF080525A6040BF86F3118802B070BDB1
:10544000FFF7F2FC0228EED1013CFFF77DF9013CA9
:10545000631C45EA0005F8D1E8E700BF40110140B0
:10546000001001400011014000ED00E00B4B0C4921
:1054700030B41F200B4DC3F8080501220224E020A0
:10548000C3F804232A601A60C3F8444381F8110367
:105490004FF400330B6030BC704700BF0010014078
:1054A00000E100E0081001402DE9F041804684B0A1
:1054B000EFF3108272B6584CA36883B9574B584823
:1054C0000121A160D3F8801001402160C3F8800061
:1054D000D3F8841061604FF0FF31C3F8841002B933
:1054E00062B6504ED6F80475FFF784FC00283DD014
:1054F0004D4A4E49424528BF4246BB1823F07F43E0
:1055000001200025C6F80803C6F840350D600B6879
:1055100001934FF480330199C6F80433BFF34F8FE2
:10552000B8F1000F54D13F4B404D41494FF480300A
:10553000C3F80803002028602D680395039D0860C8
:105540000968029101210298C3F80413D3F80435C5
:105550003249DB1B23F07F45954228BF15464FF4A7
:105560000033012DC1F8803111D827D0A3685BB179
:10557000EFF3108372B6294A2168116061685160A7
:105580000022A26003B962B604B0BDE8F081681ED3
:10559000FFF7D2F8274BDB68DA010FD5264A1368EC
:1055A000DB070BD5254B516803FB05F5A5F57425E5
:1055B000A5F51075AD0A01EB85155560FFF7C4F828
:1055C0000028D3D01E4B4FF080525A6040BFCDE729
:1055D000F1EE103A23F09F03E1EE103AF1EE103AAB
:1055E0000E4B04A84FF480614026C3F88461C3F8D1
:1055F000841100F8045DFFF7F7FE9DF80C1039B92F
:1056000020BFD3F80001D3F804110143F8D08AE792
:10561000FFF7E8FE87E700BF90AE002000E100E062
:10562000FC06FFBD00100140FDFFFF0040110140DE
:1056300000110140F0ED00E0001000E040420F00DA
:1056400000ED00E00748006880F3088862B661B6A4
:10565000BFF34F8FBFF36F8F4FF0E00080F31188DF
:1056600000DF00BF00600200064B19680868B0E860
:10567000F04F80F30988BFF36F8F4FF0000080F385
:1056800011887047DCA30020EFF30980BFF36F8F10
:10569000144B1A681EF0100F08BF20ED108A20E985
:1056A000F04F10604DF8043D4FF0400080F311883A
:1056B000BFF34F8FBFF36F8FFFF72EFA4FF000004D
:1056C00080F3118808BC19680868B0E8F04F1EF034
:1056D000100F08BFB0EC108A80F30988BFF36F8FFA
:1056E000704700BFDCA30020704700BF79B3931E52
:1056F000222B2CD8F0B48AB001AF3C4670B1B0FB7D
:10570000F2F602FB1605EBB2092D94BF3033573386
:10571000DBB2304604F8013B0028F0D1302301E031
:1057200004F8013BBC42FBD00FD94A1E234613F8B4
:10573000010D02F8010FBB42F9D1E41A0C44002319
:10574000084623700AB0F0BC70470C46F7E700200B
:10575000704700BF0A490B4A0B4B9B1A03DD043B01
:10576000C858D050FBDC094809494FF0AD320260FF
:1057700004300439FBD100F055FCE0F769FD00006E
:1057800088C80400006000204864002000F803205E
:1057900000080000FEE7FEE7FEE7FEE7FEE7FEE7A3
:1057A000FEE7FEE7FEE7FEE708B50020E0F78AFD2A
:1057B000EDF75EF90E4B43B10E4B7BB1EDF784FB79
:1057C00000F06CFDFDF72AFAF8E7EDF77DFB00F03D
:1057D00065FDEDF779FB00F061FDF6E7EDF774FB91
:1057E00000F05CFDEDF770FB00F058FDF6E700BF40
:1057F000000000001D2C040000B583B000F0BEFEC8
:10580000FCF786FB0E4B019301234FF480620D4998
:1058100000930D480023FEF7A9FD4FF4407000F0FF
:105820005DFEFEF715FFBFF34F8F0849084BCA68AE
:1058300002F4E0621343CB60BFF34F8F00BFFDE77C
:1058400070A700206CC50400A957040000ED00E01B
:105850000400FA0538B507480C461546E0F7BCFECB
:1058600000B938BD2A4621460248BDE83840E0F775
:105870008BBD00BF64640020FDF704BDFDF702BDD1
:10588000FDF71ABDFDF718BD084A094908B51368A8
:105890001844884202D81060184608BD02F064F827
:1058A0000C2303604FF0FF33184608BD2062002030
:1058B00000F80320114B1A78EAB90178104810B4A7
:1058C0000A464FF0804402F00102C1F34001C4F8DF
:1058D0008015C4F878250268D20706D4E021012299
:1058E00080F80013C0F880210260012205481A7078
:1058F0005DF8044B70470448704700BF8CAE002031
:1059000000E100E00000AD0B0C00AD0B0268074B9E
:105910004FF0804010B400214FF46074C0F8084389
:10592000196002B11A605DF8044B70477CA7002033
:105930004FF080434FF46072C3F80423704700BFF8
:1059400010B54FF0804386B0D3F80443620705D505
:10595000D3F8082103F58473002A4ED1A30603D59A
:105960002A4B1A68002A3FD1600603D5284B1A68D3
:10597000002A2FD1210602D5264B1A680ABBE20560
:1059800002D5254B1A6892B9A3050ED5234B1A6888
:105990005AB100221A601A68214B0592059A1B68B9
:1059A000022006B0BDE81040184706B010BD002226
:1059B0001A601B4A1B68049301201368049A9847D5
:1059C000E2E700201860164A1B6803931368039AE5
:1059D0009847D4E700221A60124A1B6802930120FC
:1059E0001368029A9847C5E7002018600D4A1B68A3
:1059F00001931368019A9847B6E700221A600A4A91
:105A00001B6800931368009A9847A7E714010040A9
:105A1000180100401C01004020010040240100400A
:105A20007CA7002078A7002074A700202DE9F04F64
:105A300004799D4DE6003719BF0005EB070E83B0D2
:105A40009EF81CC0BCF1000F40F0E58091F80CC03E
:105A50000068EA51CEF80430BCF1010F0B7840F237
:105A6000DE801F2B87BF03F01F08DFF840E2984657
:105A70004FF0A04E012707FA08F7CEF808751F2B44
:105A80008BBF03F01F071F46DFF820E24FF0A04E48
:105A900007F5E0774FF001084EF827804F78FF2F89
:105AA00000F0E9801F2F8ABF07F01F09B946DFF811
:105AB000FC81009798BF4FF0A04809F5E07A4FF0BD
:105AC000010E0EFA09FE4FF00309C8F80CE548F87C
:105AD0002A9091F802E0BEF1FF0F00F0D580BEF1F0
:105AE0001F0F91F80EA088BFDFF8C0B1CDF804E019
:105AF0008EBF0EF01F08F0464FF0A04B08F5E0787F
:105B00004FEA8A0A4BF828A006EB040805EB880840
:105B100088F820E091F803E088F81FE0BEF1FF0F5D
:105B20002AD091F80490F046B9F1000F40F0868039
:105B3000BEF11F0F87BF0EF01F0B5C4FF3464FF0F7
:105B4000A0474FF0010A0AFA0BFAC7F808A5BEF100
:105B50001F0F86BF0EF01F08DFF850A14FF0A04ABC
:105B600008F5E07806EB040E4FF0030B05EB8E0E04
:105B70004AF828B08EF81E9091F80DE0C0F808356C
:105B8000009BD1F80880C0F80C351EF1000318BF47
:105B90000123019FC0F81075BCF1020FC0F82485E5
:105BA0007FD0BCF1030F79D0BCF1010F56D0C0F803
:105BB00054358B79C0F8C035002A58D040220723CD
:105BC000C0F80423C0F800354A79000B43B25201F3
:105BD000002BD1B2C0B25BDB5A09920002F16042E5
:105BE00003F16043012702F5614203F5614300F0D0
:105BF0001F0007FA00F083F80013C2F8800110605C
:105C0000344405EB84052A48002201236A772B7768
:105C100003B0BDE8F08F274803B0BDE8F08F1F2B1D
:105C200087BF03F01F08DFF884E098464FF0A04ECE
:105C3000012707FA08F7CEF80C7520E7BEF11F0F11
:105C400087BF0EF01F0B194FF3464FF0A0474FF0E0
:105C5000010A0AFA0BFAC7F80CA578E743F0020329
:105C6000C0F854358B79C0F8C035002AA6D1072377
:105C7000C0F80035C4E791F802E04FF0FF37BEF1FD
:105C8000FF0F00977FF42BAF4FF0FF3701973BE7F3
:105C9000094B00F00F0003441976B1E743F0060307
:105CA00085E743F0040382E780A70020000300504B
:105CB0000000AD0B0500AD0BFCEC00E0F0B4047986
:105CC000294A0368E1000D19AD005659EEB11F0BCA
:105CD0007EB2002E11DB760920360123DFF89CC04E
:105CE00007F01F0703FA07F74CF82670BFF34F8F32
:105CF000BFF36F8F555903683DB1081902EB80005F
:105D00001A4DC3F80853407F10BB081902EB8000FE
:105D100090F82000FF280BD01F288ABF00F01F003A
:105D20004FF0A045124D00F5E070022645F82060C6
:105D3000104800258342C3F8005502D10E4B0120C4
:105D40001860214402EB810200231377F0BC7047F6
:105D500001205861D3F804010028FBD0081902EB98
:105D6000800000254577D0E780A700205201080079
:105D70000003005000F0024004F0024000E100E0A7
:105D80002DE9F04F0479644F4FEAC40C0CEB040387
:105D90009B008646F8180E46417F83B0002940F0EC
:105DA000918057F803909046B9F1000F04D012F09B
:105DB000140F04BF012343770CEB040507EB8505A3
:105DC00096E80F0095F81FA005F10C0BBAF1FF0F34
:105DD0008BE80F0010D0AA7F5346002A76D0BAF184
:105DE0001F0F86BF0AF01F034C494FF0A04101224C
:105DF00002FA03F3C1F8083532686AB102F0604371
:105E0000B3F1005F08D0644407EB840700234448E3
:105E10007B7703B0BDE8F08FB16821B101F060433A
:105E2000B3F1005FEFD1DEF800307568F068C3F8B9
:105E300044250022C3F84855C3F83415C3F8380583
:105E4000C3F81821D3F818210192019A18F0010221
:105E500018BF0122C3F8502518F0020218BF012212
:105E600018F0080FC3F8402504BF01221A61B9F1E8
:105E7000000F0BD02B48402218F0040F14BFC3F8BA
:105E80000823C3F8042303B0BDE8F08FD3F818212A
:105E9000002AFBD0BAF1FF0F2CD0644407EB840733
:105EA000BB7F4BB3BAF11F0F84BF0AF01F0A1B4A16
:105EB0001C4898BF4FF0A042012303FA0AF3C2F82E
:105EC0000C35A6E7184803B0BDE8F08FBAF11F0FF4
:105ED0004FF0010288BF0AF01F0302FA03F388BFE4
:105EE0000E49326898BF4FF0A041C1F80C35002A26
:105EF00084D191E70B488CE7BAF11F0F84BF0AF0F9
:105F00001F0A064A074898BF4FF0A042012303FA30
:105F10000AF3C2F808357CE780A700200003005090
:105F20000A00AD0B0000AD0B0B00AD0B194BD3F805
:105F3000182102B970470021174AC3F81811D3F885
:105F40001811D37F82B0FF2B019101990DD0917F61
:105F500099B11F2B86BF03F01F0310484FF0A040DC
:105F6000012101FA03F3C0F80C35002353771372B3
:105F7000D2E900310A4802B018471F2B86BF03F050
:105F80001F0306484FF0A040012101FA03F3C0F8B7
:105F90000835EAE70030024080A7002000030050E7
:105FA00088A700201B4BD3F8182102B970470021A5
:105FB000194AC3F81811D3F8181192F8433082B077
:105FC000FF2B019101990ED092F84210A9B11F2B1D
:105FD00086BF03F01F0311484FF0A040012101FAD2
:105FE00003F3C0F80C35002382F8413082F82C30DE
:105FF000D2E909310A4802B018471F2B86BF03F0C7
:106000001F0306484FF0A040012101FA03F3C0F836
:106010000835E8E700F0024080A7002000030050A8
:10602000ACA70020604B1B6830B45C1C37D05F4AC3
:10603000082B126800F08F805B4B5C4A1B6812686B
:10604000082B15D0591C23D0584A1268082B12D09F
:10605000574AD2F8883043F47003C2F88830BFF34F
:106060004F8FBFF36F8F534B534A1A6030BC70474A
:10607000002A00F08280032AEAD84FF08043D3F848
:106080000024D20744BF6FF00102C3F80024DFE709
:106090004A4A4B4B12681B78C2F30312D6E7484AB0
:1060A000464B12781B68082AC3F3031301D1032B54
:1060B00053D9424A424B12681B78C2F30312082B91
:1060C000BAD1032AB8D84FF080523E4BD2F804140C
:1060D000C3F82015D2F80814C3F82415D2F80C140C
:1060E000C3F82815D2F81014C3F82C15D2F81414DC
:1060F000C3F83015D2F81814C3F83415D2F81C14AC
:10610000C3F84015D2F82014C3F84415D2F824146B
:10611000C3F84815D2F82814C3F84C15D2F82C143B
:10612000C3F85015D2F83014C3F85415D2F834140B
:10613000C3F86015D2F83814C3F86415D2F83C14CB
:10614000C3F86815D2F84014C3F86C15D2F844248B
:10615000C3F8702570E7032A0CD8134B1B684FF067
:1061600080420021581CC2F80C11C2F81011C2F86C
:1061700038159ED00D4A1268A1E7134C1349144DEF
:1061800025601448144AFB24C1F8184501681268B8
:10619000124C21F00F0102F00F020A434FF400717C
:1061A0000260216050E700BF300100103401001090
:1061B00000ED00E0246200200090D003E80F00F022
:1061C000E00F00F000C000408C56004000F000409E
:1061D00048810300E40E004058020010409602403F
:1061E00070B4284C284B2568284CA3FB05639B0CF6
:1061F00002FB03F254F82000254B1F28A3FB0232B8
:106200004FEA920234D80123002903FA00F114BFA7
:10621000084600204FF0A04401E0013A25D0D4F810
:1062200010350B408342F8D001E0013A1DD0D4F87C
:1062300010350B408342F8D1002002E00130824249
:1062400013D0D4F810650E40B342F7D070B1114AA4
:1062500043F2C823A2FB052503FB00F0AD0900F5BE
:106260007A50B0FBF5F070BC7047002070BC7047EE
:1062700020380123002903FA00F114BF084600204A
:10628000054CCCE72462002083DE1B4358C4040085
:106290004FECC44ED34D62100003005008B5E0F738
:1062A00017F8054B4FF080525A6040BFBFF34F8F35
:1062B000BFF36F8F08BD00BF00ED00E0704700BF67
:1062C000704700BF044B036010B46423034C0C60A0
:1062D00013605DF8044B7047C8A700201CA800207D
:1062E000054B036010B44FF48073044C0C601360D2
:1062F0005DF8044B704700BFACA9002000AA002045
:1063000070B51F4C84B04FF0FF3203A92068FDF731
:106310004DFB0028F7D00398037A4568052B0DD86C
:10632000DFE803F0272A221C1503D0E90361D0E936
:106330000523C06900903046A847039803681BB145
:106340001846FCF7B9FF0398FCF7B6FFDBE7D0E986
:106350000523D0E90301A8470398EFE7D0E9041229
:10636000C068A8470398E9E7D0E90301A847039864
:10637000E4E7A8470398E1E7C068A8470398DDE78A
:1063800004AE00202DE9F0432D4B2E4C5B6885B008
:10639000C3F30803019001AF2068002B44D0002311
:1063A00039461A46FDF75CFA01283AD0DFF89880A2
:1063B000D8F80000002240000421FCF7FFFF064649
:1063C00078B3DFF88890D9F80000FEF749F8FEF7B7
:1063D000F5FF02E03046FDF733F8002203A92068FC
:1063E000FDF7E4FA00230546642203A90028F1D151
:1063F0002068FDF723FE2660FEF7EAFFD9F80000CB
:10640000FEF7E0F8D8F800300D4A20685B00C8F8C5
:1064100000305368C3F30803394653B96422FDF7CB
:106420000FF805B0BDE8F08339466422FDF708F89F
:10643000BAE72B462A46FDF713FA05B0BDE8F0830C
:1064400000ED00E004AE002000AE002008AE002009
:106450002DE9F8439DF8205006460F469146984690
:10646000CDB1A8000C30FCF70DFF044688B1002325
:10647000C0F804900572036006B177B92DB1AA0087
:10648000414604F10C0001F042FB2046FFF77AFF81
:106490000120BDE8F8831020E5E73846FCF7F2FE5E
:1064A00081462060A0B13A46314601F030FB002D14
:1064B000EBD0691EC9B208EB8101A8F1040353F8BF
:1064C000042FB24208BFC3F800909942F7D1D6E733
:1064D0002046FCF7F1FE4846DBE700BF30B540231D
:1064E0000B4D83B004460022184604212B60FCF7B4
:1064F00065FF084B084918600223CDE90031A2B2BC
:10650000002306490648FDF731FF03B030BD00BF48
:1065100000AE002004AE002008AE002074C50400C8
:10652000016304004CDF704711DF704712DF7047D2
:1065300008B50446FFF7F8FF0D4B4FF080414FF0D0
:10654000FF32C3F88020C3F88021C3F88420C3F849
:106550008421C1F81C45BFF34F8F0649064BCA681A
:1065600002F4E0621343CB60BFF34F8F00BFFDE73F
:1065700000E100E000ED00E00400FA054FF0804388
:10658000194AD3F80014194830B41160D3F80054F4
:10659000D3F80024164C17492A43C3F80024D4F832
:1065A0004025026001224FF40030C3F818259A609C
:1065B000C1F88000BFF34F8FBFF36F8F0E4C03F510
:1065C00088334FF0A0454FF480304FF0FF31C3F8CF
:1065D0004803C3F808035A609A60C5F80815C4F860
:1065E000081530BC704700BF0CAE002010AE002074
:1065F00000A0004000E100E00003005008B5572073
:10660000FFF796FF08B54E20FFF792FF00B583B065
:106610000DF10300FFF78AFF9DF80320BAB9114B73
:106620000121C3F800211A461960D2F80031002B6D
:10663000FBD0D2F8080500EE100ABAEECF0A01210D
:1066400000235160C2F8003103B05DF804FB01A8DB
:10665000FFF768FF9DED010ABAEECF0A03B05DF8BF
:1066600004FB00BF00C00040014B1860704700BF32
:106670002862002002381549042822D8DFE800F0FB
:10668000090F151B0300124B0120022208601A603B
:1066900070470F4B0020012208601A6070470C4BB6
:1066A0000020022208601A607047094B0020032274
:1066B00008601A607047064B0020042208601A60C8
:1066C0007047034A00230B60136070471CAE002024
:1066D00018AE00202F2819D8F0B4614B53F82030A1
:1066E000023B82B01D2B00F2B980DFE803F011A459
:1066F000A6A8B7B7B7B7B7B7B7B7B7B7B7B7B7B74A
:10670000B7B7B7B7B7B7B7B7AAACAEB00020704746
:106710000127544B1C680023082CADF8063040F3C9
:1067200098800A2C40F397800D2CB5BF0C250E25C0
:10673000022303234C494D4AC1F8F03501260023BA
:10674000DFF834C14A48C1F80065C1F81435C1F812
:106750001035C2F81435C2F81035C2F82435C2F825
:106760002035C2F83435C2F83035C2F84435C2F8A5
:106770004035C2F85435C2F85035C2F86435C2F815
:106780006035C2F87435C2F870353A4ADCF800302A
:1067900000681268DFF8E4C01B02000300F48050B8
:1067A00003F4E0631204034302F4E0229CF80000C7
:1067B000134343EA00630DF10602C1F81835084699
:1067C000C1F81475C1F81075C1F82C26C1F83066EF
:1067D0000E60D0F80031002BFBD000210123224AAB
:1067E000C0F800114360D2F80431002BFBD0002028
:1067F00001231D49C2F804019360D1F81431002B24
:10680000FBD00023C1F81431BDF80620120448BFA4
:10681000ADF80630144B0022C3F80025BDF8060081
:10682000AC4200B204D035BF2C1B641BE040A0403A
:1068300002B0F0BC704702276BE7032769E7042723
:1068400067E7052765E7062763E7072761E7082766
:106850005FE708256EE70A2501236BE70020E7E7DD
:1068600058C40400286200200070004010700040EE
:106870001CAE002020AE002018AE002014AE002078
:106880002F281BD83C4B53F820301F2B86BF03F01A
:106890001F033A4A4FF0A0420E290FD8DFE801F05B
:1068A000655F59534D474039322B241D160F0800A0
:1068B00003F5E07340F2037142F82310704703F5CB
:1068C000E07340F2036142F82310704703F5E07370
:1068D00040F2035142F82310704703F5E07340F291
:1068E000034142F82310704703F5E07340F203318F
:1068F00042F82310704703F5E07340F2032142F899
:106900002310704703F5E07340F2031142F823109F
:10691000704703F5E0734FF4403142F8231070479D
:1069200003F5E0734FF4003142F82310704703F58C
:10693000E073134942F82310704703F5E0731149DF
:1069400042F82310704703F5E073042142F8231046
:10695000704703F5E0730C2142F82310704703F5EC
:10696000E073032142F82310704703F5E073002120
:1069700042F82310704700BF58C4040000030050C1
:10698000040002000C0003002F2811D80A4B53F812
:1069900020301F2B88BF03F01F034FF001028CBF74
:1069A00006484FF0A04002FA03F311B1C0F80835D1
:1069B0007047C0F80C35704758C4040000030050FD
:1069C0002F2818D80D4B53F820201F2A8ABF0C49B6
:1069D0004FF0A04102F01F02D1F8140501239340AB
:1069E000034214BFD1F80425D1F81025134214BF77
:1069F0000120002070470020704700BF58C40400E9
:106A0000000300502F280DD8074B53F820201F2AD1
:106A100086BF02F01F0205494FF0A04101239340B9
:106A2000C1F80C35704700BF58C404000003005083
:106A30002F280DD8074B53F820201F2A86BF02F0BD
:106A40001F0205494FF0A04101239340C1F80835CA
:106A5000704700BF58C404000003005030B4016008
:106A60000022BFF35B8F4260BFF35B8F01688260DF
:106A7000FF254FF0FF340582C2608274C1F864457F
:106A800030BC7047214B5B6809B90020704710B4D7
:106A9000BFF35B8F4368BFF35B8F994200F104043F
:106AA00016D0BFF35B8F4368BFF35B8F83B9036876
:106AB000D3F86025D3F86405D2430028D3F86805DD
:106AC0004FEAD272A8BF0132002805DBD3F86C353B
:106AD00000205DF8044B7047D3F86C050028F7DA06
:106AE000002AF5D1D3F80035002BF1D1BFF35B8F2D
:106AF00054E8003F002B03D144E80012002AF7D1EC
:106B0000BFF35B8F0CBF01200020E2E700ED00E047
:106B10001F4B5B6809B90020704710B4BFF35B8F4F
:106B20004368BFF35B8F8B4200F1040403D0002065
:106B30005DF8044B70470368D3F86025D3F864050B
:106B4000D2430028D3F868054FEAD272A8BF0132B9
:106B5000002802DBD3F86C35E9E7D3F86C05002890
:106B6000E5DA002AE3D1D3F80035002BDFD1BFF3FB
:106B70005B8F54E8003F8B4203D144E8002000289B
:106B8000F7D1BFF35B8F0CBF01200020D0E700BF1F
:106B900000ED00E008B509490948FFF75FFF094922
:106BA0000948FFF75BFF09490948FFF757FF094903
:106BB0000948BDE80840FFF751BF00BF00C00140D1
:106BC00024AE00200010024038AE00200020024019
:106BD0004CAE002000D0024060AE002000F108035F
:106BE0004FF0FF310022816002604360C0E903334F
:106BF000704700BF00230361704700BF436802680D
:106C000010B49C688C609C684B6001326160996034
:106C10005DF8044B08610260704700BF30B40D6836
:106C20006B1C11D000F1080200E01A4653681C6882
:106C3000AC42FAD904684B60013499608A605160B3
:106C40000861046030BC704702695368F2E700BF16
:106C500042688168036910B4916081685C684A6029
:106C60001A68844208BF5960013A002101611A6024
:106C700018685DF8044B70470B460146184600F053
:106C800065BE000010EE102A22F00041CB0D7F3BC4
:106C9000162B1CDC002B10EE100A21DB19491941C0
:106CA0000A421CD0DFED187A70EE277AF5EEC07A32
:106CB000F1EE10FA13DD002A04DD4FF4000242FA6F
:106CC00003F3184420EA010300EE103A7047B1F1D3
:106CD000FF4F04D330EE000A70479FED0C0A704757
:106CE000DFED097A70EE277AF5EEC07AF1EE10FA50
:106CF000F5DD002AF1DB0029F7EE007A18BFB0EECF
:106D0000670A7047FFFF7F00CAF2497100000080E8
:106D100010EE102A22F00041CB0D7F3B162B1CDC1D
:106D2000002B10EE100A1EDB194919410A4227D028
:106D3000DFED187A70EE277AF5EEC07AF1EE10FAF0
:106D40001EDD002A04DA4FF4000242FA03F318446D
:106D500020EA010300EE103A7047B1F1FF4F0FD364
:106D600030EE000A7047DFED0B7A70EE277AF5EE11
:106D7000C07AF1EE10FA03DD002A02DB9FED060A6D
:106D800070470029FFEE007A18BFB0EE670A70471F
:106D9000FFFF7F00CAF249710000000081F000414E
:106DA00002E000BF83F0004330B54FEA41044FEAF0
:106DB000430594EA050F08BF90EA020F1FBF54EA8B
:106DC000000C55EA020C7FEA645C7FEA655C00F027
:106DD000E2804FEA5454D4EB5555B8BF6D420CDDF8
:106DE0002C4480EA020281EA030382EA000083EA7B
:106DF000010180EA020281EA0303362D88BF30BD1B
:106E000011F0004F4FEA01314FF4801C4CEA113170
:106E100002D0404261EB410113F0004F4FEA0333CF
:106E20004CEA133302D0524263EB430394EA050F5A
:106E300000F0A780A4F10104D5F1200E0DDB02FAC9
:106E40000EFC22FA05F2801841F1000103FA0EF25D
:106E5000801843FA05F359410EE0A5F120050EF123
:106E6000200E012A03FA0EFC28BF4CF0020C43FA54
:106E700005F3C01851EBE37101F0004507D54FF061
:106E8000000EDCF1000C7EEB00006EEB0101B1F5B1
:106E9000801F1BD3B1F5001F0CD349085FEA3000F7
:106EA0004FEA3C0C04F101044FEA445212F5800F02
:106EB00080F09A80BCF1004F08BF5FEA500C50F19F
:106EC000000041EB045141EA050130BD5FEA4C0C82
:106ED000404141EB010111F4801FA4F10104E9D10B
:106EE00091F0000F04BF01460020B1FA81F308BF02
:106EF0002033A3F10B03B3F120020CDA0C3208DDCE
:106F000002F1140CC2F10C0201FA0CF021FA02F1A8
:106F10000CE002F11402D8BFC2F1200C01FA02F118
:106F200020FA0CFCDCBF41EA0C019040E41AA2BF3D
:106F300001EB0451294330BD6FEA04041F3C1CDA05
:106F40000C340EDC04F11404C4F1200220FA04F025
:106F500001FA02F340EA030021FA04F345EA0301CF
:106F600030BDC4F10C04C4F1200220FA02F001FA91
:106F700004F340EA0300294630BD21FA04F0294613
:106F800030BD94F0000F83F4801306BF81F48011AC
:106F90000134013D4EE77FEA645C18BF7FEA655C1F
:106FA00029D094EA050F08BF90EA020F05D054EAF1
:106FB000000C04BF1946104630BD91EA030F1EBFF6
:106FC0000021002030BD5FEA545C05D140004941FA
:106FD00028BF41F0004130BD14F580043CBF01F5ED
:106FE000801130BD01F0004545F0FE4141F47001D3
:106FF0004FF0000030BD7FEA645C1ABF19461046AE
:107000007FEA655C1CBF0B46024650EA013406BFAE
:1070100052EA033591EA030F41F4002130BD00BF6D
:1070200090F0000F04BF0021704730B54FF480642A
:1070300004F132044FF000054FF0000150E700BFAB
:1070400090F0000F04BF0021704730B54FF480640A
:1070500004F1320410F0004548BF40424FF00001F7
:107060003EE700BF42004FEAE2014FEA31014FEA3A
:1070700002701FBF12F07F4393F07F4F81F0605189
:10708000704732F07F4208BF704793F07F4F04BFD4
:1070900041F40021704730B54FF4607401F00045B1
:1070A00021F000411CE700BF50EA010208BF704711
:1070B00030B54FF000050AE050EA010208BF704702
:1070C00030B511F0004502D5404261EB41014FF46B
:1070D000806404F132045FEA915C3FF4D8AE4FF073
:1070E00003025FEADC0C18BF03325FEADC0C18BF56
:1070F000033202EBDC02C2F1200300FA03FC20FAA7
:1071000002F001FA03FE40EA0E0021FA02F11444F3
:10711000BDE600BF70B54FF0FF0C4CF4E06C1CEA0C
:1071200011541DBF1CEA135594EA0C0F95EA0C0F7D
:1071300000F0DEF82C4481EA030621EA4C5123EAF0
:107140004C5350EA013518BF52EA033541F480111F
:1071500043F4801338D0A0FB02CE4FF00005E1FBD2
:1071600002E506F00042E0FB03E54FF00006E1FB1C
:1071700003569CF0000F18BF4EF0010EA4F1FF045F
:10718000B6F5007F64F5407404D25FEA4E0E6D419F
:1071900046EB060642EAC62141EA55514FEAC520B0
:1071A00040EA5E504FEACE2EB4F1FD0C88BFBCF52C
:1071B000E06F1ED8BEF1004F08BF5FEA500E50F1DD
:1071C000000041EB045170BD06F0004646EA0101A3
:1071D00040EA020081EA0301B4EB5C04C2BFD4EBD5
:1071E0000C0541EA045170BD41F480114FF0000ECE
:1071F000013C00F3AB8014F1360FDEBF002001F03C
:10720000004170BDC4F10004203C35DA0C341BDCB5
:1072100004F11404C4F1200500FA05F320FA04F087
:1072200001FA05F240EA020001F0004221F00041BB
:1072300010EBD37021FA04F642EB06015EEA430E2E
:1072400008BF20EAD37070BDC4F10C04C4F120055E
:1072500000FA04F320FA05F001FA04F240EA020011
:1072600001F0004110EBD37041F100015EEA430EE2
:1072700008BF20EAD37070BDC4F1200500FA05F202
:107280004EEA020E20FA04F301FA05F243EA020381
:1072900021FA04F001F0004121FA04F220EA020090
:1072A00000EBD3705EEA430E08BF20EAD37070BDD6
:1072B00094F0000F0FD101F00046400041EB0101B6
:1072C00011F4801F08BF013CF7D041EA060195F098
:1072D000000F18BF704703F00046520043EB030352
:1072E00013F4801F08BF013DF7D043EA060370473F
:1072F00094EA0C0F0CEA135518BF95EA0C0F0CD04A
:1073000050EA410618BF52EA4306D1D181EA03018F
:1073100001F000414FF0000070BD50EA410606BF89
:107320001046194652EA430619D094EA0C0F02D1CE
:1073300050EA013613D195EA0C0F05D152EA033613
:107340001CBF104619460AD181EA030101F0004131
:1073500041F0FE4141F470014FF0000070BD41F07A
:10736000FE4141F4780170BD70B54FF0FF0C4CF454
:10737000E06C1CEA11541DBF1CEA135594EA0C0F73
:1073800095EA0C0F00F0A7F8A4EB050481EA030EC0
:1073900052EA03354FEA013100F088804FEA0333A7
:1073A0004FF0805545EA131343EA12634FEA022275
:1073B00045EA111545EA10654FEA00260EF0004136
:1073C0009D4208BF964244F1FD0404F5407402D288
:1073D0005B084FEA3202B61A65EB03055B084FEA19
:1073E00032024FF480104FF4002CB6EB020E75EB16
:1073F000030E22BFB61A754640EA0C005B084FEA3E
:107400003202B6EB020E75EB030E22BFB61A7546BA
:1074100040EA5C005B084FEA3202B6EB020E75EB05
:10742000030E22BFB61A754640EA9C005B084FEA7D
:107430003202B6EB020E75EB030E22BFB61A75468A
:1074400040EADC0055EA060E18D04FEA051545EA79
:1074500016754FEA06164FEAC30343EA52734FEA22
:10746000C2025FEA1C1CC0D111F4801F0BD141EA9B
:1074700000014FF000004FF0004CB6E711F4801F00
:1074800004BF01430020B4F1FD0C88BFBCF5E06FE0
:107490003FF6AFAEB5EB030C04BFB6EB020C5FEAF0
:1074A000500C50F1000041EB045170BD0EF0004E45
:1074B0004EEA113114EB5C04C2BFD4EB0C0541EA77
:1074C000045170BD41F480114FF0000E013C90E674
:1074D00045EA060E8DE60CEA135594EA0C0F08BF38
:1074E00095EA0C0F3FF43BAF94EA0C0F0AD150EA37
:1074F00001347FF434AF95EA0C0F7FF425AF1046CA
:1075000019462CE795EA0C0F06D152EA03353FF4F1
:10751000FDAE1046194622E750EA410618BF52EA6E
:1075200043067FF4C5AE50EA41047FF40DAF52EA42
:1075300043057FF4EBAE12E74FEA4102B2F1E043BC
:1075400024BFB3F5001CDCF1FE5C0DD901F0004C4A
:107550004FEAC0024CEA5070B2F1004F40EB83009A
:1075600008BF20F00100704711F0804F21D113F1C6
:107570003872BCBF01F00040704741F480114FEAFF
:107580005252C2F11802C2F1200C10FA0CF320FA88
:1075900002F018BF40F001004FEAC1234FEAD323A5
:1075A00003FA0CFC40EA0C0023FA02F34FEA43030F
:1075B000CCE77FEA625307D150EA01331EBF4FF098
:1075C000FE4040F44000704701F0004040F0FE40B3
:1075D00040F40000704700BF53B94AB9002908BF02
:1075E00000281CBF4FF0FF314FF0FF3000F086B98C
:1075F000ADF1080C6DE904CE00F01AF8DDF804E0F6
:10760000DDE9022304B07047430803F05533C01A84
:10761000830803F0333300F03330184400EB1010CC
:1076200000F00F3000EB002000EB0040000E704730
:107630002DE9F047089E04468846002B4BD18A422C
:10764000154667D9B2FA82F24AB1C2F1200701FAAF
:1076500002F320FA07F7954047EA030894404FEAFF
:10766000154E230CB8FBFEF71FFA85FC0EFB17889E
:1076700043EA084307FB0CF1994209D9EB1807F1DB
:10768000FF3080F01B81994240F21881023F2B4469
:107690005B1AA4B2B3FBFEF00EFB103344EA0344C2
:1076A00000FB0CFCA44509D92C1900F1FF3380F034
:1076B0000781A44540F2048102382C4440EA074087
:1076C000A4EB0C0400271EB1D4400023C6E90043FC
:1076D0003946BDE8F0878B4209D9002E00F0EB80D7
:1076E0000027C6E9000138463946BDE8F087B3FAFD
:1076F00083F7002F47D18B4202D3824200F2FA80F7
:10770000841A61EB030301209846002EE0D0C6E9FD
:107710000048DDE702B9FFDEB2FA82F2002A40F04B
:107720008F80491B4FEA154E1FFA85F80127B1FBE0
:10773000FEFC230C0EFB1C1143EA014308FB0CF179
:10774000994207D9EB180CF1FF3002D2994200F2AE
:10775000CD808446591AA3B2B1FBFEF00EFB101483
:1077600043EA044408FB00F8A04507D92C1900F1AE
:10777000FF3302D2A04500F2B6801846A4EB0804FD
:1077800040EA0C409FE7C7F1200CBB4022FA0CFEF8
:107790004EEA030E01FA07F420FA0CF521FA0CF375
:1077A0004FEA1E482543B3FBF8F92C0C08FB1933AC
:1077B0001FFA8EFA44EA034309FB0AF49C4202FAD8
:1077C00007F200FA07F10BD91EEB030309F1FF30B2
:1077D00080F087809C4240F28480A9F102097344C2
:1077E0001B1BADB2B3FBF8F008FB103345EA0344B2
:1077F00000FB0AFAA24508D91EEB040400F1FF338E
:107800006BD2A24569D90238744440EA0940A0FB12
:107810000289A4EB0A044C45C2464B4654D351D0CE
:10782000002E69D0B1EB0A0564EB030404FA0CFCEA
:10783000FD40FC404CEA0505C6E90054002747E737
:10784000C2F1200320FA03F7954001FA02F021FA71
:1078500003F34FEA154E3843010CB3FBFEF71FFA52
:1078600085F80EFB173341EA034107FB08F38B420F
:1078700004FA02F407D9691807F1FF3C2FD28B42B2
:107880002DD9023F2944CB1A81B2B3FBFEF00EFB87
:10789000103341EA034100FB08F38B4207D9691812
:1078A00000F1FF3C17D28B4215D902382944C91A7E
:1078B00040EA07473BE73746304609E70746E7E631
:1078C0001846FBE64145ABD2B8EB020A69EB0E0263
:1078D00001381346A4E76046E9E7184695E767468E
:1078E000D1E781467CE702382C4447E7ACF1020C33
:1078F0002B442FE7384608E73746E9E6704700BFD4
:1079000008B5062000F0C0FF012002F0D3FF000000
:107910001FB51C46094B1B680546D86852B1084B79
:107920000091CDE9013207492B46224600F036F896
:10793000FFF7E6FF044B1A46F2E700BF3C62002067
:1079400080C504008DC50400BBC5040010B5054CFE
:1079500013462CB10A4601460220AFF3008010BD49
:107960002046FCE700000000014B1868704700BF8C
:107970003C62002008B5074B044613B10021AFF369
:107980000080054B1868836A03B19847204602F0CF
:1079900091FF00BF00000000BCC504000EB403B599
:1079A000014603AB054853F8042B0068019300F02F
:1079B000BBF902B05DF804EB03B070473C620020F5
:1079C00070B50D4E0D4CA41BA4100025A54209D185
:1079D0000B4E0C4C02F070FFA41BA4100025A54216
:1079E00005D170BD56F8253098470135EEE756F8B9
:1079F000253098470135F2E70C6400200C64002024
:107A00000C64002044640020024B0146186800F01A
:107A100007B900BF3C620020024B0146186800F025
:107A2000B1B800BF3C62002082B001B901A942B1E7
:107A30004BB113780B601278101C18BF012002B0F4
:107A400070471046FBE76FF00100F8E70000000008
:107A500001F0FF01102A2BDB10F0070F08D010F8FF
:107A6000013B013A8B422DD010F0070F42B3F6D103
:107A7000F0B441EA012141EA014122F007047FF01C
:107A800000070023F0E80256083C85EA010586EA73
:107A9000010685FA47F5A3FA87F586FA47F6A5FAAF
:107AA00087F68EB9EED1F0BC01F0FF0102F00702BB
:107AB00032B110F8013B013A83EA010313B1F8D166
:107AC0000020704701387047002D06BF3546033847
:107AD000073815F0010F07D1013015F4807F02BF80
:107AE000013015F4C03F0130F0BC0138704700BFD1
:107AF00030B50024A24201D1002007E0035D01342B
:107B00000D1915F8015CAB42F4D0581B30BD10B50F
:107B1000431E0A44914200D110BD11F8014B03F8F5
:107B2000014FF7E7884210B501EB020307D8421E68
:107B300099420AD011F8014B02F8014FF8E783424D
:107B4000F5D98118D21AD34200D110BD13F8014DD6
:107B500001F8014DF7E702440346934200D1704714
:107B600003F8011BF9E738B502FB01F4214600F0E8
:107B700057F8054618B122460021FFF7ECFF2846CA
:107B800038BD000038B50546002945D051F8043C01
:107B90000C1F002BB8BFE41802F086F81F4A1368C8
:107BA000104633B9636014602846BDE8384002F0DF
:107BB0007CB8A3420CD921686218934204BF1A68AA
:107BC0005B68636004BF521822600460ECE71346F0
:107BD0005A680AB1A242FAD919685818A0420BD1C2
:107BE00020680144581882421960DDD1106852683B
:107BF0005A6001441960D7E702D90C232B60D3E700
:107C0000206821188A4204BF11685268626004BF6C
:107C1000091821605C60C7E738BD00BF74AE002062
:107C200070B5CD1C25F0030508350C2D38BF0C258B
:107C3000002D064601DBA94203D90C233360002046
:107C400070BD02F031F8214A1468214691B9204CE8
:107C500023681BB9304600F0DFFD2060294630461E
:107C600000F0DAFD431C24D10C233360304602F0CF
:107C70001CF8E4E70B685B1B18D40B2B0FD90B60C7
:107C8000CD50CC18304602F010F804F10B00231D43
:107C900020F00700C31AD3D05A42E250D0E78C42FA
:107CA0004B6816BF636013600C46EBE70C464968EF
:107CB000CCE7C41C24F00304A04205D0211A3046AE
:107CC00000F0AAFD0130CFD02560DBE774AE0020C4
:107CD00078AE00209368013B002B10B4936008DA63
:107CE0009469A34201DB0A2903D15DF8044B00F03B
:107CF000DDBE1368581C1060197008465DF8044B0F
:107D00007047F8B506460F461446D518AC4201D167
:107D1000002007E03A4614F8011B3046FFF7DAFF6F
:107D2000431CF3D1F8BD00002DE9F04F9DB00C4687
:107D300017460393064618B183690BB901F0B8FEE4
:107D40007B4B9C4257D17468A38918075DD5236982
:107D5000002B5AD00023099320238DF8293030239B
:107D60008DF82A304FF0010BB846454615F8013B17
:107D70000BB1252B54D1B8EB070A0BD053463A462A
:107D800021463046FFF7BDFF013000F0C280099B5D
:107D90005344099398F80030002B00F0BA80002378
:107DA0004FF0FF32CDE90523049307938DF853304C
:107DB0001A93A846052218F8011B5E48FFF748FEF3
:107DC000049B78BBD90644BF20228DF853201A07A4
:107DD00044BF2B228DF853202A782A2A2AD0079ACA
:107DE000A84600200A25414611F8013B303B092BEB
:107DF00069D960B324E0504B9C4201D1B468A3E739
:107E00004E4B9C4208BFF4689EE72146304600F086
:107E1000ADFE00289ED04FF0FF301DB0BDE8F08FC2
:107E2000A846A2E7434A801A0BFA00F018430490D0
:107E30004546BEE7039A111D12680391002A01DB33
:107E4000079204E0524243F002030792049398F829
:107E500000302E2B0ED198F801302A2B38D1039BFD
:107E60001A1D1B680392002BB8BF4FF0FF3308F1B7
:107E700002080593324D98F8001003222846FFF7B8
:107E8000E7FD40B14023401B03FA00F0049B03438D
:107E900008F10108049398F800102A488DF828107A
:107EA000062208F10107FFF7D3FD002837D0264B43
:107EB0001BBB039B073323F0070308330393099B82
:107EC0004B44099350E705FB0232012088468AE7BC
:107ED000002308F10108059319460A25404610F8C9
:107EE000012B303A092A03D9002BC3D00591C1E7F1
:107EF00005FB012101238046F0E703AB00932246F6
:107F0000124B04A9304600F0B7F8B0F1FF3F8146AC
:107F1000D5D1A3895B063FF57EAF09987DE703AB1A
:107F200000932246094B04A9304600F05BFBECE7C6
:107F300040C70400CAC5040060C7040020C704008D
:107F4000D0C50400D4C5040079800400037D04007A
:107F50002DE9FF4755EC104B0D9FDDF830A0002DAB
:107F60000E4691461946B8BF22462B4627F02007F9
:107F7000BBBF05F100431D4600232D23B8BF1446A7
:107F8000462F0B7004D0452F00D10136022100E0AE
:107F9000032103AB019302AB00933246534645ECF9
:107FA000104B00F0DDFE472F804602D119F0010F83
:107FB00026D0462F08EB060911D198F80030302B57
:107FC0000AD1002200232046294602F0CBFB18B933
:107FD000C6F10106CAF80060DAF8003099440022C0
:107FE00000232046294602F0BDFB38B93022039B0E
:107FF0004B4505D2591C03911A70F8E7CDF80C9047
:10800000039B0E9AA3EB08034046136004B0BDE83F
:10801000F087F7B500290446BABF49422D232B2328
:10802000092904F8022B437020DD0DF107031F46D8
:108030000A2691FBF6F506FB15113031092D03F8E0
:10804000011C03F1FF32294609DC3031023B02F802
:10805000011CBB42224604D3101A03B0F0BD1346E4
:10806000E7E713F8012B04F8012BF2E7302319445A
:108070008370021DC170EFE72DE9F04F8DB00C4603
:10808000DDF8588016461F46054601F09BFD036843
:108090000493184600F06FFC00230A93D8F80030D0
:1080A0000590073323F0070303F1080294F818A0A2
:1080B000D4F800B0C8F80020D3E90023C4E91223A3
:1080C000D4E9128929F000430793CDF818804FF0C6
:1080D000FF32A74BDDE9060102F076FB70BB4FF0E3
:1080E000FF32A34BDDE9060102F050FB30BB00225A
:1080F00000234046494602F03FFB10B12D2384F88F
:1081000043309C4A9C4BBAF1470F8CBF904698462F
:1081100003232BF00402236122604FF00009009733
:1081200033460BAA2146284600F0E6F9013040F01C
:108130008D804FF0FF300DB0BDE8F08F42464B46CA
:108140004046494602F040FB10B18C4A8C4BDAE7BE
:1081500061684B1C4BF480620AA83ED10623636021
:108160000023CDE9020309AB009349EC108B0DF11C
:1081700023032260CDF804A061682846FFF7E8FEDB
:108180000AF0DF03472B804609D1099BD81C02DB8C
:108190006268934247DDAAF1020A5FFA8AFABAF1ED
:1081A000650F099924D80139524604F1500009910C
:1081B000FFF72FFF0A9A1318012A8146236102DC78
:1081C0002268D10701D5013323619DF82330002BAC
:1081D000A5D02D2384F84330A1E7BAF1670F00F052
:1081E0007781BAF1470FBBD10029B9D10123B6E796
:1081F000BAF1660F19D1002963680CDD216113B94A
:108200002268D20702D501330B442361099BA36581
:108210004FF00009D9E713B92268D00701D502331E
:10822000F3E70123F1E74FF0670ADDE909329342F2
:1082300005DB22682361D107E8D50133E5E7002B90
:10824000D4BFC3F1020301231344DEE723685A05B8
:1082500007D42369424631462846B84701302BD11E
:1082600067E7BAF1650F40F2DC8000220023D4E911
:10827000120102F077FA002833D00123414A314637
:108280002846B84701303FF454AFDDE909239A424C
:1082900002DB2368D8070FD5DDE9042331462846E1
:1082A000B84701303FF445AF4FF0000804F11A0918
:1082B0000A9B013B434509DC23689B0700F10381CE
:1082C000E0680B9B9842B8BF184634E701234A4642
:1082D00031462846B84701303FF42BAF08F101087A
:1082E000E6E7099B002B2BDC0123264A3146284672
:1082F000B84701303FF41DAF099B23B90A9B13B95E
:108300002368D907D8D5DDE9042331462846B84784
:1083100001303FF40EAF4FF0000904F11A0A099B37
:108320005B424B4501DC0A9B94E7012352463146F0
:108330002846B84701303FF4FCAE09F10109EEE7E9
:108340000A9AA36D9A42A8BF1A46002A914607DDF1
:108350001346314642462846B84701303FF4E9AE5D
:1083600004F11A034FF0000B29EAE979069315E0AE
:10837000FFFFEF7FDFC50400DBC50400E7C5040095
:10838000E3C50400EBC504000123069A31462846E4
:10839000B84701303FF4CDAE0BF1010BD4F858A033
:1083A000AAEB09035B45EFDCDDE909239A42D044DF
:1083B00015DB2368DA0712D40A9B0999A3EB0A029A
:1083C000A3EB010A9245A8BF9246BAF1000F0EDC5A
:1083D0004FF000082AEAEA7A04F11A0919E0DDE907
:1083E000042331462846B8470130E5D1A1E653467B
:1083F000424631462846B8470130E9D199E6012383
:108400004A4631462846B84701303FF492AE08F15B
:108410000108DDE909239B1AA3EB0A034345EEDCBF
:108420004AE70A9A012A01DCDB073AD501234246D2
:1084300031462846B84701303FF47BAEDDE90423DE
:1084400031462846B847013008F101083FF471AEC3
:108450000A9B002203F1FF3AD4E91201002302F043
:1084600081F9C8B95346424631462846B8470130DB
:108470000ED15EE60123524631462846B847013008
:108480003FF457AE08F101080A9B013B4345F1DC7C
:108490004B4604F15002DEE64FF0000804F11A0AE0
:1084A000F2E70123DFE701234A4631462846B84771
:1084B00001303FF43EAE08F10108E3680B9A9B1AC5
:1084C0004345F0DCFCE64FF0000804F11909F4E73D
:1084D00000293FF48BAE0023CDE9020309AB0093E2
:1084E00049EC108B2260CDF804A00DF1230328463F
:1084F000FFF72EFD804648E62DE9F04791461F46DE
:108500008A680B69DDF820809342B8BF1346C9F82A
:10851000003091F8432006460C4612B10133C9F8E9
:1085200000302368990642BFD9F800300233C9F8F9
:108530000030256815F0060507D104F1190AE36833
:10854000D9F800209B1AAB4228DC94F8433022680B
:10855000003318BF012392062DD404F1430239469B
:108560003046C047013020D02368E568D9F80020A4
:1085700003F00603042B08BFAD1AA36822690CBFE1
:1085800025EAE57500259342C4BF9B1AED184FF00C
:1085900000091A344D451AD1002008E00123524643
:1085A00039463046C047013003D14FF0FF30BDE8B7
:1085B000F0870135C3E7E1185A1C302081F84300E9
:1085C000224494F8451082F843100233C5E7012392
:1085D000224639463046C0470130E6D009F101094C
:1085E000D8E700002DE9F04301F1430C0C46097E69
:1085F00085B06E291746064698460C9A00F0B3805F
:1086000022D8632936D00AD8002900F0B980582929
:1086100000F0838004F1420584F8421032E06429BE
:1086200001D06929F6D120681368050603F1040119
:108630002AD51B681160002B03DA2D225B4284F8D7
:1086400043206F480A2239E0732900F09D8008D842
:108650006F2920D07029DDD1236843F020032360E7
:1086600003E0752917D07829D4D1782384F84530D0
:10867000644855E01368191D1B68116004F1420538
:1086800084F8423001238CE01B68116010F0400F29
:1086900018BF1BB2CFE713682568181D10602806A5
:1086A00001D51B6802E06806FBD51B8854486F297A
:1086B00014BF0A220822002184F843106568A560CF
:1086C000002DC0F29580216821F004012160002B6B
:1086D0003DD1002D40F08E806546082A0BD12368DD
:1086E000DB0708D5236962689A42DEBF302305F8AC
:1086F000013C05F1FF35ACEB05032361CDF80080AB
:108700003B4603AA21463046FFF7F6FE01304DD125
:108710004FF0FF3005B0BDE8F083394884F84510CC
:10872000136821681D1D1B6815600A060BD5CA0752
:1087300044BF41F0200121601BB9226822F02002D1
:1087400022601022B7E74D0648BF9BB2EFE76546AF
:10875000B3FBF2F102FB1133C35C05F8013D0B469C
:108760000029F5D1B9E7136825686169181D106003
:1087700028061B6801D5196002E06A06FBD519803E
:10878000002323616546B9E71368191D11601D6850
:10879000626800212846FFF75BF908B1401B606062
:1087A00063682361002384F84330A7E723692A46DE
:1087B00039463046C0470130AAD023689B0713D4FE
:1087C000E068039B9842B8BF1846A3E701234A46D6
:1087D00039463046C04701309AD00135E368039AE4
:1087E0009B1AAB42F2DCEBE7002504F11909F5E72F
:1087F000002BACD1037884F8423004F142056CE7D9
:10880000EDC50400FEC50400024B0A460146186887
:1088100001F028BD3C62002038B5064C0023054617
:1088200008462360FDF730F8431C02D1236803B1EA
:108830002B6038BD9CAE00201F2938B504460D467C
:1088400004D9162303604FF0FF3038BD426C12B1DB
:1088500052F821304BB9204600F030F82A46014644
:108860002046BDE8384000F017B8012B0AD0591C4B
:1088700003D1162303600120E7E7002442F82540D6
:10888000284698470020E0E7024B01461868FFF7AA
:10889000D3BF00BF3C62002038B5074C002305461B
:1088A00008461146236001F0EDFF431C02D1236806
:1088B00003B12B6038BD00BF9CAE002001F0D2BFD9
:1088C0000CB430B5174B0C1E9DB01D6808DA8B2315
:1088D0002B604FF0FF301DB0BDE8304002B0704754
:1088E0004FF40273ADF8143014BF04F1FF33234684
:1088F000049307934FF6FF7302900690ADF816307D
:10890000209A21AB02A92846019301F02BFD431CBC
:10891000BCBF8B232B60002CDDD0029B00221A7081
:10892000D9E700BF3C620020C9B2034610F8012B12
:108930001AB18A42F9D118467047002918BF00239E
:10894000F9E7034611F8012B03F8012B002AF9D1AE
:10895000704770B503461A4612F8015B4DB14C1EC4
:1089600001E0AE4205D014F8016F002EF9D1134694
:10897000F1E7181A70BD034613F8012B002AFBD14A
:10898000181A0138704710B56AB10139841810F807
:10899000013B11F8012F934203D1A04201D0002BDB
:1089A000F5D1981A10BD1046FCE770B501390446A0
:1089B00002B970BD234611F8015F03F8015B561E32
:1089C0002DB91444A342F4D003F8015BFAE71C4626
:1089D0003246EDE710B5034601448B4202D01A78C7
:1089E0005C1C0AB9181A10BD2346F6E738B50346D1
:1089F0000D4669B9BDE83840FFF796BF431C0446F1
:108A000029461846FFF790FF0028F7D1204638BDC9
:108A10000024F5E770B503461A4612F8015B3DB134
:108A20004C1E01E0AE4205D014F8016F002EF9D1C2
:108A3000181A70BD1346EFE730B5141E05469BB0FB
:108A4000184605DA8B232B604FF0FF301BB030BD8A
:108A50004FF40273ADF80C3014BF04F1FF3323461A
:108A6000029305934FF6FF7300910491ADF80E3019
:108A700002461E9B6946284601F074FC431CBCBF9D
:108A80008B232B60002CE1D0009B00221A70DDE7C5
:108A900007B5009313460A46014603480068FFF7EE
:108AA000CBFF03B05DF804FB3C620020F8B50E4636
:108AB0001446054618B183690BB900F0F9FF214B44
:108AC0009C422AD16C68A369A360A3891A072ED59A
:108AD000236963B323692068C01A6369F6B28342CD
:108AE000374604DC2146284600F078FF28BBA368FF
:108AF000013BA36023685A1C22601E706369013029
:108B0000834204D0A389DB0719D50A2E17D1214649
:108B1000284600F063FF90B10FE00B4B9C4201D15F
:108B2000AC68D0E7094B9C4208BFEC68CBE7214614
:108B3000284600F01BF80028CCD04FF0FF3738460D
:108B4000F8BD00BF40C7040060C7040020C7040090
:108B500049B1FF2A85BF8A2303600A704FF0FF30B6
:108B600098BF01207047084670470000324B70B52F
:108B70001D6806460C4625B1AB6913B9284600F0BE
:108B800097FF2E4B9C420FD16C68B4F90C309AB20F
:108B900015072CD4D00611D40922326043F04003CB
:108BA000A3814FF0FF303EE0254B9C4201D1AC68E1
:108BB000EBE7244B9C4208BFEC68E6E7510712D56F
:108BC000616B41B104F14403994202D03046FEF793
:108BD000D9FF00236363A38923F02403A381002327
:108BE000636023692360A38943F00803A381236999
:108BF0004BB9A38903F42073B3F5007F03D021465A
:108C0000304601F011F8A28912F001030CD00023C4
:108C1000A36063695B42A361236953B9B4F90C3063
:108C200013F08000BAD170BD920758BF6369A3608A
:108C3000F2E70020F7E700BF3C62002040C70400D5
:108C400060C7040020C704002DE9F74F03690C69D1
:108C5000A3428046C0F28280013C01F114074FEA32
:108C6000840C00F1140657F8245056F8240006EB43
:108C70000C03013507EB0C090193B0FBF5F595B337
:108C80004FF0000A3846B646D34650F8042B93B24C
:108C900005FB03A34FEA134A9BB2ABEB0303120C91
:108CA000DEF800B005FB02A213FA8BF34FEA124A7A
:108CB0001FFA82FBDEF80020CBEB124202EB2342CC
:108CC0009BB243EA024381454FEA224B4EF8043BF4
:108CD000DBD256F80C3033B9019B043B9E421A4656
:108CE00030D3C8F81040404601F0F6F9002825DBE3
:108CF000013530464FF0000C57F8042BD0F800E057
:108D000093B2ACEB0303120C13FA8EF3C2EB1E42C8
:108D100002EB23429BB243EA0243B9454FEA224C9D
:108D200040F8043BE8D256F8242006EB84032AB925
:108D3000043B9E421A460BD3C8F81040284603B0A5
:108D4000BDE8F08F1268043B002ACAD1013CC5E798
:108D50001268043B002AEFD1013CEAE70020EEE76D
:108D60002DE9F04F57EC106B97B0456A0691044619
:108D70000B921293DDF88080CDE900673DB9102099
:108D8000FAF780FA6062C0E901550560C560636A60
:108D9000196851B15A684A60012393408B6020469C
:108DA00000F0B8FF636A00221A603B1EBBBF23F0CD
:108DB0000043019300230122ACBFC8F80030C8F87B
:108DC0000020AF4BDDF8048033EA080314D1129A77
:108DD00042F20F731360009B23B9C8F313000028FD
:108DE00000F04285219BDFF8ACB2002B00F04485F7
:108DF0000BF1030300F03EBDDDE900670022002314
:108E00003046394601F0AEFC814668B1129A012322
:108E10001360219B002B00F024859A4B219A03F1CB
:108E2000FF3B136000F028BD14AA15A947EC106B96
:108E3000204601F0C8F9C8F30A550490002D7CD0F3
:108E4000C7F3130343F07F5BB2464BF4401BA5F21C
:108E5000FF35CDF84C9000228B4B50465946FDF71C
:108E6000A1FF81A3D3E90023FEF754F980A3D3E93E
:108E70000023FDF799FF064628460F46FEF7E0F867
:108E80007DA3D3E90023FEF745F902460B463046A1
:108E90003946FDF789FF06460F4601F0ABFC00227C
:108EA000824600233046394601F066FC48B1504600
:108EB000FEF7C6F832463B4601F054FC08B90AF109
:108EC000FF3ABAF1160F59D8704901EBCA01DDE932
:108ED0000023D1E9000101F06DFC002850D00AF117
:108EE000FF3A00230F93149B5D1BB5F1010849BFA6
:108EF000C5F10103002305934FF0000858BF059307
:108F0000BAF1000F3EDB0023D044CDF838A0079320
:108F1000069B092B00F29080052BC4BF043B0693EF
:108F2000069BA3F10203CCBF00250125032B00F211
:108F30008F80DFE803F07D7F3171DDE914531D443C
:108F400005F23240202813DDC0F14000009B08FAF2
:108F500000F805F2124023FA00F048EA0000FEF79C
:108F60005FF801238246A1F1F87B013D139372E77C
:108F7000009BC0F1200003FA00F0F0E70123B1E705
:108F80000F90B0E7059BA3EB0A030593CAF100031A
:108F9000079300230E93BBE701230A930B9B002B3F
:108FA00059DD02939946666A00227260042202F13A
:108FB00014009842716853D9204600F077FE636A26
:108FC0003060B9F10E0FD3F800B000F2E680002D4A
:108FD00000F0E3809DED007BBAF1000F8DED107B7A
:108FE00074DD2A4A0AF00F0302EBC30393ED007B02
:108FF0004FEA2A16F0068DED087B65D5244BDDE996
:109000001001D3E90823FEF7AFF9CDE9000106F01E
:109010000F0603251E4F4CE001230A930B9B53447C
:1090200003F1010902934B46012BB8BF0123BAE7B4
:109030000023B2E70023F0E70125002306930A95F9
:109040004FF0FF3302939946002212230B92AAE7B6
:1090500001230A93F4E70123029399461A46F5E7A0
:10906000013171605200A2E761436F63A787D23F6D
:10907000B3C8608B288AC63FFB799F501344D33F07
:109080000000F07FECC504000000F83FA8C7040012
:1090900080C7040019C70400F10708D5DDE90801FD
:1090A000D7E90023FEF736F8CDE90801013576103F
:1090B0000837002EF0D1DDE90823DDE90001FEF7D5
:1090C00053F9CDE900011AE00225A3E700F0A080E2
:1090D000CAF100069F4BA04F06F00F0203EBC2033C
:1090E000D3E90023DDE91001FEF714F8CDE9000112
:1090F000361100230225002E7FD1002BE1D10F9BDA
:10910000002B00F08780DDE900670022934B30469A
:10911000394601F031FB00287CD0B9F1000F79D03D
:10912000029B002B35DD0AF1FF33089339460022FC
:109130008B4B3046FDF7EEFFCDE90001029F013574
:109140002846FDF77DFFDDE90023FDF7E3FF002260
:10915000844BFDF729FE0546A1F15076002F5DD125
:109160000022814BDDE90001FDF71CFE2A46334653
:10917000CDE9000101F01EFB002840F088822A465C
:1091800006F10043DDE9000101F0F6FA002840F0A5
:109190007C82DDE91023CDE90023159B002BC0F272
:1091A0005081BAF10E0F00F34C816A4B03EBCA03F6
:1091B00093ED007B0B9B002B8DED027B80F2D88022
:1091C000B9F1000F00F3D48040F05E820022664BBC
:1091D00051EC170BFDF79EFFDDE9002301F0E0FAEB
:1091E0004F464E46002840F0348231230BF10105F2
:1091F0008BF800300AF1010A2FE2F20705D5D7E912
:109200000023FDF787FF013501237610083772E749
:10921000022574E7CDF820A04F4691E74D4B03EBB4
:10922000C70353E902010A9B002B47D002460B46B5
:1092300000204E49FEF798F82A463346FDF7B2FD66
:10924000CDE90C015D46DDE9000101F0D3FA0646E7
:10925000FDF7F6FE02460B46DDE90001FDF7A2FD33
:10926000303605F8016BDDE90C23CDE9000101F092
:1092700083FA002863D1DDE9002300203749FDF798
:1092800091FDDDE90C2301F077FA002840F0B7806A
:10929000A5EB0B039F427FF77CAF0022304BDDE94B
:1092A0000C01FDF737FF0022CDE90C012C4BDDE965
:1092B0000001FDF72FFFCDE90001C4E72A46334640
:1092C000FDF728FFCDE90C010BEB07055E46DDE954
:1092D000000101F08FFA0746FDF7B2FE3037024673
:1092E0000B46DDE90001FDF75DFD06F8017BAE42AE
:1092F000CDE900014FF0000226D11C4BDDE90C0145
:10930000FDF752FD02460B46DDE9000101F052FA7D
:10931000002874D1DDE90C2300201449FDF742FD3B
:1093200002460B46DDE9000101F026FA00283FF471
:1093300030AF15F8013C302B05F1FF3202D0DDF8DB
:1093400020A04AE01546F4E7054BFDF7E3FECDE922
:109350000001BCE7A8C7040080C704000000F03F7C
:109360000000244000001C40000014400000E03FCA
:10937000DDE900675D46DDE9022330463946FDF749
:10938000F3FF01F037FA8046FDF75AFEDDE90223CC
:10939000FDF7C0FE02460B463046394608F130065E
:1093A000FDF700FD05F8016BA5EB0B06B145024684
:1093B0000B4639D1FDF7F8FCDDE9022306460F46DE
:1093C00001F0F8F9C8B9DDE902233046394601F069
:1093D000C9F910B118F0010F0FD10499204600F01F
:1093E00099FC0023129A2B700AF101031360219B50
:1093F000002B00F041821D603EE2CDF820A015F860
:10940000012C392A05F1FF3308D19B450AD1089B6D
:109410000133089330238BF800305B461A78013211
:109420001A708CE71D46EAE700229B4BFDF772FE9F
:109430000022002306460F4601F094F900289AD036
:10944000CBE70A9A002A00F08B80069A012A6EDC8C
:10945000139A002A67D003F23343079F059D059AAC
:1094600001211A4420460592984400F0F3FC064678
:10947000002D0CDDB8F1000F09DD4545059A2B469E
:10948000A8BF4346D21A0592ED1AA8EB0308079B22
:10949000EBB10A9B002B67D08FB131463A4620468C
:1094A00000F078FD049A01460646204600F0DBFCF9
:1094B00004990890204600F02DFC089B0493079B1C
:1094C000DA1B04D00499204600F064FD04900121C9
:1094D000204600F0BFFC0E9B0746002B00F0D08119
:1094E0001A460146204600F055FD069B012B074613
:1094F00040DC009B002B39D1019BC3F31303002BED
:1095000036D1019B23F000431B0D1B052BB1059B9E
:109510000133059308F10108012307930E9B002BEB
:109520002AD1012030E0149BC3F1360395E7079B55
:1095300009F1FF37BB42BFBF079B0797FA1A0E9B83
:10954000BBBF9B180E93DF1B0027B9F1000FB5BFFF
:10955000059B059DA3EB09054B46B8BF00237EE79D
:10956000079F059D0A9E83E7079AABE70023D4E790
:10957000009BD2E7002307933B6907EB830318693D
:1095800000F01AFCC0F12000404410F01F0047D04A
:10959000C0F12003042B3BDD059BC0F11C000344FC
:1095A000059305448044059B002B05DD1A4604996C
:1095B000204600F03DFD0490B8F1000F05DD39466E
:1095C0004246204600F034FD07460F9B53B3394610
:1095D000049800F081FD002824DA00230A2204996F
:1095E000204600F0AEFB0A9B04900AF1FF3A002BE4
:1095F00000F04D81002331460A22204600F0A1FBF5
:10960000029B002B06464FDC069B022B4CDD11E033
:10961000C9D0059A1C331A4405921D449844C2E7E8
:109620000346F6E7B9F1000F38DC069B022B35DD67
:10963000CDF80890029B63B939460522204600F018
:1096400080FB01460746049800F046FD00283FF7DE
:10965000CCAD0B9B5D466FEA030A4FF0000939461B
:10966000204600F057FB002E3FF4B7AEB9F1000FD3
:1096700005D0B14503D04946204600F04BFB3146AA
:10968000204600F047FBA8E600273E46E1E7DDF86C
:1096900020A03E46A9E500BF000024400A9BCDF86B
:1096A0000890002B00F0FA80002D05DD31462A4697
:1096B000204600F0BDFC0646079B002B4CD071688D
:1096C000204600F0F3FA326902320546920006F1B4
:1096D0000C010C30FEF71BFA01222946204600F04F
:1096E000A7FC009BCDF814B003F00103B14607932B
:1096F000064639460498FFF7A7FA4946054600F1A1
:109700003008049800F0E8FC3246009039462046C4
:1097100000F0FCFCC368024603BB014608900498B5
:1097200000F0DAFC089A034611462046089300F040
:10973000F1FA089BA3B9069A92B9079A82B9B8F1CF
:10974000390F29D0009B002B01DD05F13108059B65
:109750005D1C83F8008082E73046C2E70123E3E71F
:10976000009A002A04DB25D1069A1ABB079A0ABB85
:10977000002BECDD01220499204600F059FC39460B
:10978000049000F0A9FC002803DCE0D118F0010FE0
:10979000DDD0B8F1390FD8D1059B059A5D1C39236E
:1097A000137015F8013C392B05F1FF324FD001330E
:1097B000137054E7059A002B02F1010506DDB8F19C
:1097C000390FE9D008F10108059BC2E7029A05F8B4
:1097D000018CA5EB0B03934221D000230A220499AC
:1097E000204600F0AEFAB14504904FF000034FF070
:1097F0000A024946204605D100F0A3FA81460646F2
:10980000059576E700F09DFA3146814600230A224D
:10981000204600F096FA0646F2E74FF000090122D2
:109820000499204600F004FC3946049000F054FCF2
:109830000028B6DC02D118F0010FB2D115F8013CB6
:10984000302B05F1FF327FF40AAF1546F6E793455A
:1098500005D131230AF1010A8BF80030FFE61546E5
:109860009FE7DFF864B007E0219BDFF860B01BB131
:109870000BF10803219A1360584617B0BDE8F08F2A
:10988000069B012B7FF735AE0E9B079349E6029BA3
:10989000002B03DC069B022B3FF7CCAE5D4639461E
:1098A0000498FFF7D1F900F1300805F8018B029A0E
:1098B000A5EB0B039A42B0DD00230A22049920464F
:1098C00000F03FFA0490EAE7EBC5040010C704007B
:1098D0008A892DE9F041054610070C4658D44B689B
:1098E000002B05DC0B6C002B02DC0020BDE8F081B6
:1098F000E66A002EF9D0002312F480522F68216A04
:109900002B6032D0606DA3895A0705D56368C01AF1
:10991000636B0BB1236CC01A00230246E66A216A0E
:109920002846B047431CA38906D129681D2948D879
:10993000294ACA40D60744D500226260D904226968
:10994000226004D5421C01D12B6803B96065616BAC
:109950002F600029C9D004F14403994202D028465F
:10996000FEF710F900206063C0E701232846B047E6
:10997000411CC8D12B68002BC5D01D2B01D0162B44
:1099800001D12F60B1E7A38943F04003A381ADE784
:109990000F69002FA9D093070E6808BF4B690F60AD
:1099A00018BF0023A6EB07088B60B8F1000F9CDD01
:1099B00043463A46216AA66A2846B047002806DC94
:1099C000A38943F04003A3814FF0FF308EE70744A3
:1099D000A8EB0008E9E700BF0100402038B50B699B
:1099E00005460C46DBB118B183690BB900F060F88D
:1099F0000C4B9C4209D16C68B4F90C307BB1214608
:109A00002846BDE83840FFF763BF074B9C4201D1B1
:109A1000AC68F1E7054B9C4208BFEC68ECE700201E
:109A200038BD00BF40C7040060C7040020C7040061
:109A3000002310B50446C0E900338360818143668A
:109A4000C281C0E904338361194608225C30FEF705
:109A500082F8054B6362054BA362054BE362054B3D
:109A60002462236310BD00BF51A5040073A5040048
:109A7000ABA50400CFA50400014900F085B800BFE4
:109A8000DD99040070B54A1E682555430E4605F160
:109A90007401FEF7C5F8044640B10021C0E9001684
:109AA0000C30A06005F16802FEF755F8204670BD45
:109AB000836910B5044633BBC0E912330365124B0A
:109AC000124A1B688262984204BF0123836100F03E
:109AD0001FF86060204600F01BF8A060204600F0F0
:109AE00017F80022E06004216068FFF7A1FF01225F
:109AF0000921A068FFF79CFF02221221E068FFF70E
:109B000097FF0123A36110BDBCC50400799A04002E
:109B1000F8B51B4B1E68B369074613B93046FFF70B
:109B2000C7FF4836D6E90134013B03D5336833B16A
:109B30003668F7E7B4F90C506DB16834F4E70421E6
:109B40003846FFF79FFF30600028F1D10C233B60BF
:109B500004462046F8BD0B4B6566C4E90055A56078
:109B6000C4E90335C4E905550822294604F15C001F
:109B7000FDF7F1FFC4E90D55C4E91255E9E700BF4F
:109B8000BCC504000100FFFF2DE9F843804689466B
:109B900000F14804002614B93046BDE8F883D4E942
:109BA0000175013F01D52468F5E7AB89012B07D981
:109BB000B5F90E30013303D029464046C847064365
:109BC0006835EEE7044B1B68186A044B002808BF91
:109BD0001846F030704700BF3C620020A0620020B1
:109BE00070B50E46B1F90E10002996B014461D4608
:109BF00007DA00232B60B3891A0610D44FF4806370
:109C00000EE06A4600F00AFD0028F2DB019A02F439
:109C10007042A2F500535A425A412A60EEE74023AF
:109C20000020236016B070BD8B8973B59D07064672
:109C30000C4607D504F147032360236101236361C8
:109C400002B070BD01AB6A46FFF7CAFF0099054636
:109C50003046FDF7E5FF48B9B4F90C309A05EFD46A
:109C600023F0030343F00203A381E3E70D4BB36248
:109C7000A389206043F08003A381009B6361019B63
:109C800020615BB1B4F90E10304600F0D9FC28B168
:109C9000A38923F0030343F00103A381A3891D4398
:109CA000A581CDE7799A04007047704770B5456A81
:109CB00004460E463DB91020F9F7E4FA6062C0E9A7
:109CC00001550560C560656AEB6883B1636ADB684E
:109CD00053F82600B8B9012101FA06F56A1D920071
:109CE0002046FDF740FF60B1C0E901650EE021228A
:109CF00004212046FDF737FF636AE860DB68002B2C
:109D0000E4D1002070BD026843F826200023C0E99A
:109D10000333F7E770B5446A06460D463CB9102098
:109D2000F9F7B0FA7062C0E901440460C4603DB163
:109D3000736A6A68DB6853F82210296043F822507E
:109D400070BD2DE9F0410D691F4606460C4601F134
:109D5000140C0023DCF8000081B202FB01710F0C2F
:109D6000000C02FB007089B2013301EB00419D42FF
:109D70004FEA10474CF8041BECDCD7B1A368AB42A8
:109D800012DC616830460131FFF790FF2269023230
:109D900004F10C01804692000C30FDF7B8FE21461C
:109DA0003046FFF7B7FF444604EB850301355F619A
:109DB00025612046BDE8F081020C12040346B2B9C9
:109DC0000304102013F07F4F04BF1B02083013F070
:109DD000704F04BF1B01043013F0404F04BF9B00C1
:109DE0000230002B06DB5B0003D5013070470020FA
:109DF000E8E720207047036813F0070201460BD004
:109E0000DA0723D4980749BF5B089B0801200B6041
:109E10005CBF0B600220704798B2A8B91B0C1020E1
:109E200013F0FF0F04BF1B0A08301A0704BF1B09F9
:109E300004309A0704BF9B080230DA0702D45B089B
:109E400006D001300B6070471046E9E700207047EC
:109E50002020704710B50C460121FFF727FF012293
:109E60004461026110BD2DE9F74F14460A69236968
:109E70009A42B8BF0B468846BCBFA0461C46D8F8DD
:109E80001070D4F81090D8F80830D8F8041007EB08
:109E90000906B342B8BF0131FFF708FF00F114050E
:109EA00005EB860E2B460022734516D304F11402EF
:109EB00008F1140102EB890301EB87070093009B73
:109EC000019293420CD8002E03DD5EF8043D002B76
:109ED0005DD0066103B0BDE8F08F43F8042BE3E7E3
:109EE000B2F800B0BBF1000F23D08946AC464FF06A
:109EF000000859F8044BDCF800A0A3B21FFA8AFA54
:109F00000BFB03A34FEA144ADCF8004043444FEA3A
:109F100014480BFB0A8404EB1344E2469BB243EA69
:109F200004434F454FEA14484AF8043B2BD8CCF879
:109F30000480019BB3F802A00432BAF1000F20D0D4
:109F40002B688946A8464FF0000BB9F800C0B8F856
:109F500002400AFB0C445C44C4469BB243EA0443FF
:109F60004CF8043B59F8043BB8F804B01B0C0AFB4E
:109F700003B303EB14434F454FEA134B05D8C8F81E
:109F8000043004359BE7D446B3E7E046DDE7013E05
:109F900099E700002DE9F843154612F00302064642
:109FA0000F4607D0013A214C002354F82220FFF736
:109FB000C8FE0746AD1035D0746A3CB91020F9F7D9
:109FC00061F97062C0E901440460C460D6F824807D
:109FD000D8F808404CB940F271213046FFF73AFFFB
:109FE0000023C8F80800044603604FF00008EB07A0
:109FF0000AD5394622463046FFF735FF39468146B5
:10A000003046FFF787FE4F466D100BD0206838B9F9
:10A01000224621463046FFF726FF2060C0F8008028
:10A020000446E4E73846BDE8F88300BF70C8040082
:10A030002DE9F0470C464FEA621A236949680AEB9A
:10A040000309A3680746164609F10105AB4232DB56
:10A050003846FFF72BFE0023804600F114011A4614
:10A0600053452BDB20692AEAEA7A04F1140316F03F
:10A070001F0201EB8A0103EB800C25D0C2F1200EF8
:10A0800000201E688A46964030434AF8040B53F875
:10A09000040B9C4520FA0EF014D8486008B109F171
:10A0A0000205013D3846C8F810502146FFF732FE40
:10A0B0004046BDE8F08701315B00C7E741F8232047
:10A0C0000133CDE75146DCE7043953F8042B41F85E
:10A0D000042F9C45F9D8E4E703690A699B1A30B557
:10A0E0000CD19200143014318418114454F8045DDA
:10A0F00051F8042D954203D005D30123184630BDF5
:10A10000A042F3D3FAE74FF0FF33F7E72DE9F0472A
:10A110000D460746114628461446FFF7DDFF061E8A
:10A1200008D131463846FFF7C1FD0123C0E90436A6
:10A13000BDE8F087A4BF23462C4638466168A6BF19
:10A140001D4600260126FFF7B1FD2B69C660266972
:10A1500005F1140904F1140202EB860709EB8308E8
:10A1600000F114054FF0000E52F804AB59F8044BFF
:10A170001EFA8AF1A3B2C91A230CC3EB1A4303EBEC
:10A18000214389B24FEA234EC84541EA034394462E
:10A1900045F8043BE8D8BC4504D355F8043D83B1E9
:10A1A0000661C5E75CF8041B1EFA81F31A1402EB82
:10A1B00011429BB243EA02434FEA224E45F8043B68
:10A1C000E9E7013EE9E72DE9F7430E46012159ECA5
:10A1D000108B1546FFF76AFDC9F30A540746C9F309
:10A1E000130334BB0193B8F1000327D002A840F851
:10A1F000083DFFF700FE0099F0B1019AC0F120037D
:10A2000002FA03F30B43C2407B610192019BBB61E5
:10A21000002B14BF022101213961C4B1A4F23344DF
:10A2200004443460C0F135002860384603B0BDE80E
:10A23000F08343F48013D5E77961E7E701A8FFF7DE
:10A24000DAFD019B7B61012139612030E5E707EBF5
:10A250008103A0F2324030601869FFF7ADFDC0EB1A
:10A260004110E1E7F8B5074614460E4621B91146FC
:10A27000BDE8F840FDF7D4BC22B9FDF783FC2546C4
:10A280002846F8BD00F0FEF9A0420FD2214638461C
:10A29000FDF7C6FC05460028F2D031462246FDF700
:10A2A00036FC31463846FDF76DFCE9E73546E7E711
:10A2B0002DE9F0478E689E4282460C4690469946AC
:10A2C00037D88A8912F4906F31D0256809696F1ADE
:10A2D0006569022305EB450595FBF3F509F10103DB
:10A2E0003B449D4238BF1D46530530D52946FDF7F6
:10A2F00097FC064650B90C23CAF80030A38943F0F6
:10A300004003A3814FF0FF30BDE8F0873A46216952
:10A31000FDF7FDFBA38923F4906343F08003A38141
:10A32000266165613E44ED1B2660A5604E464E45A4
:10A3300000D94E46324641462068FDF7F3FBA3683C
:10A340009B1BA36023681E4426600020DCE72A468E
:10A35000FFF788FF06460028E2D121695046FDF745
:10A3600011FCC8E72DE9F04F9DB0804603938B891F
:10A370001D060C4616460FD50B696BB94021FDF73B
:10A380004FFC2060206128B90C23C8F800304FF042
:10A39000FF30C7E0402363610023099320238DF839
:10A3A000293030238DF82A304FF0010B37463D46D7
:10A3B00015F8013B0BB1252B3ED1B7EB060A0BD0AC
:10A3C0005346324621464046FFF772FF013000F007
:10A3D000A480099B534409933B78002B00F09D8097
:10A3E00000234FF0FF32CDE90523049307938DF846
:10A3F00053301A932F46052217F8011B4F48FDF7DB
:10A4000027FB049BD0B9D90644BF20228DF85320E6
:10A410001A0744BF2B228DF853202A782A2A15D0F8
:10A42000079A2F4600200A25394611F8013B303B98
:10A43000092B4DD9B8B10FE02F46B8E73F4A801A33
:10A440000BFA00F0184304903D46D3E7039A111D20
:10A4500012680391002A01DB079204E0524243F0A4
:10A460000203079204933B782E2B0CD17B782A2B86
:10A4700033D1039B1A1D1B680392002BB8BF4FF00A
:10A48000FF33023705932E4D397803222846FDF716
:10A49000DFFA38B14023401B03FA00F0049B03436A
:10A4A00001370493397827488DF8281006227E1C3E
:10A4B000FDF7CEFA002838D0234B13BB039B07339C
:10A4C00023F0070308330393099B4B4409936DE77B
:10A4D00005FB023201200F46A6E700230137059352
:10A4E00019460A25384610F8012B303A092A03D9B3
:10A4F000002BC8D00591C6E705FB012101230746C3
:10A50000F0E703AB00932246104B04A94046FDF749
:10A51000B3FDB0F1FF3F8146D6D1A3895B063FF57D
:10A5200036AF09981DB0BDE8F08F03AB009322460B
:10A53000064B04A94046FEF755F8EAE7CAC50400F1
:10A54000D0C50400D4C5040079800400B1A2040081
:10A5500010B50C46B1F90E1000F09CF80028ABBF06
:10A56000636DA3891B1823F48053ACBF6365A3817B
:10A5700010BD2DE9F0411F468B89DB0505460C46D1
:10A58000164605D502230022B1F90E1000F068F836
:10A59000A389B4F90E1023F48053A38132463B46BD
:10A5A0002846BDE8F04100F017B810B50C46B1F9E7
:10A5B0000E1000F055F8431CA38915BF606523F405
:10A5C000805343F48053A38118BFA38110BDB1F918
:10A5D0000E1000F013B8000038B5074C05460846C9
:10A5E0001146002222601A46FBF734F9431C02D1BF
:10A5F000236803B12B6038BD9CAE002038B5064CF3
:10A60000002305460846236000F01CF9431C02D1D4
:10A61000236803B12B6038BD9CAE002038B5074CD1
:10A620000023054608461146236000F013F9431C39
:10A6300002D1236803B12B6038BD00BF9CAE00205F
:10A6400038B5064C002305460846236000F012F991
:10A65000431C02D1236803B12B6038BD9CAE00209F
:10A6600038B5074C054608461146002222601A46B6
:10A6700000F010F9431C02D1236803B12B6038BDF0
:10A680009CAE002051F8043C181F002BBCBF0B5897
:10A69000C018704738B5074C0546084611460022D9
:10A6A00022601A4600F0FEF8431C02D1236803B171
:10A6B0002B6038BD9CAE00204FF0FF3C06E000BF91
:10A6C0004FF0010C02E000BF4FF0010C4DF804CD3B
:10A6D0004FEA410C7FEA6C5C4FEA430C18BF7FEAFB
:10A6E0006C5C1BD001B050EA410C0CBF52EA430C29
:10A6F00091EA030F02BF90EA020F0020704710F1A9
:10A70000000F91EA030F58BF994208BF90422CBF37
:10A71000D8176FEAE37040F0010070474FEA410C30
:10A720007FEA6C5C02D150EA013C07D14FEA430C4E
:10A730007FEA6C5CD6D152EA033CD3D05DF8040BBF
:10A74000704700BF8446104662468C4619466346F1
:10A7500000E000BF01B5FFF7B7FF002848BF10F1C8
:10A76000000F01BD4DF808EDFFF7F4FF0CBF01200D
:10A7700000205DF808FB00BF4DF808EDFFF7EAFF89
:10A7800034BF012000205DF808FB00BF4DF808ED44
:10A79000FFF7E0FF94BF012000205DF808FB00BF39
:10A7A0004DF808EDFFF7CEFF94BF012000205DF8C3
:10A7B00008FB00BF4DF808EDFFF7C4FF34BF0120D0
:10A7C00000205DF808FB00BF4FEA410C7FEA6C5C9B
:10A7D00002D150EA013C0AD14FEA430C7FEA6C5C9B
:10A7E00002D152EA033C02D14FF0000070474FF013
:10A7F000010070474FEA410212F5001215D211D53F
:10A800006FF47873B3EB625212D94FEAC12343F06D
:10A81000004343EA505311F0004F23FA02F018BFEF
:10A82000404270474FF00000704750EA013005D1B8
:10A8300011F0004008BF6FF0004070474FF000007B
:10A84000704700BF024B58221A604FF0FF3070472C
:10A850009CAE0020024B58221A604FF0FF30704728
:10A860009CAE0020024B58221A604FF0FF30704718
:10A870009CAE0020024B58221A600020704700BF97
:10A880009CAE0020024B58221A604FF0FF307047F8
:10A890009CAE0020024B58221A604FF0FF307047E8
:10A8A0009CAE0020024B58221A604FF0FF307047D8
:10A8B0009CAE0020FEE700BFF8B500BFF8BC08BCA6
:10A8C0009E467047F8B500BFF8BC08BC9E4670476E
:10A8D00054696E795553422053657269616C00006A
:10A8E00000000000000000003165020089630200E2
:10A8F000796302006D630200F16202003D630200B1
:10A9000011630200D1630200F0FFFFFF00000000AE
:10A910002965020012010002000000409A232980EC
:10A92000000101020301000009020900000100A06A
:10A930003200000030313233343536373839414255
:10A940004344454648656C746563000048542D6E69
:10A9500035323632000000004164616672756974F8
:10A96000000000004D6173732053746F726167655E
:10A9700000000000312E300075736264000000009A
:10A98000050F3900021810050038B60834A909A0CF
:10A99000478BFDA0768815B665000101011C1005E6
:10A9A00000DF60DDD88945C74C9CD2659D9E648AD6
:10A9B0009F00000306B20002000103000000000037
:10A9C00019700200A9700200D57002001D7102000A
:10A9D00029720200FD720200000000000000000069
:10A9E000757D020000000000857D0200957D02005B
:10A9F0002D7E02007D7F02000000000000000000AC
:10AA0000B5740200CD740200D1740200E974020032
:10AA1000B1750200D97702000000000000000000BC
:10AA2000758C0200998C02009D8C0200C18C020082
:10AA3000E98D02006995020000000000000000009E
:10AA40009978020009790200357902005D790200E7
:10AA5000917A0200957A02000000000000000000D8
:10AA60004D860200A5860200C1860200E58602002E
:10AA70003D6D02001D880200000000005F757362DA
:10AA8000645F7164656600003A0000005A000000CF
:10AA90000000000000000000B1D30200ADD40200AD
:10AAA000D96C0300E5860300258703006587030052
:10AAB000B5D30200459F0300656A0300F99E0300B9
:10AAC0007D6603007D68030011690300956403003F
:10AAD00081640300DD520300B5910300E18D0300A2
:10AAE000659603004D990300299A03004153030022
:10AAF000A1520300D1960300119103008D9203002F
:10AB00006194030085670300616703002167030008
:10AB10000D620300A16E0300D5630300E56403002A
:10AB2000CD640300F5630300C56703009D66030061
:10AB3000F5690300CD610300A16B030011650300FB
:10AB40000164030051660300699E0300B19E030087
:10AB5000698E0300B18E0300698E0300B18E03007D
:10AB6000698E0300B18E0300815E03004D64030013
:10AB700021720300D965030009640300518D0300AD
:10AB8000818D0300E58E0300A18D0300B5890300CC
:10AB9000315D0300815B030059570300F559030041
:10ABA000015503008D5803002D560300A5530300E3
:10ABB00064AC0400BCAF040094B104001819111473
:10ABC00013171600FF000000FFFF0100FF01FFFF49
:10ABD000FFFFFFFFFFFFFFFF01FF012A0100000051
:10ABE000FFFF010000000000000200000000000064
:10ABF0000000000000000000000000000000000055
:10AC0000000000FF150100006666E63F8C000100B1
:10AC1000010000FFFF00090A00100E00FFFF000006
:10AC200080250000FF01FF00010000FFFFFFFF0083
:10AC30000000000000000000000000000000000014
:10AC40000000FFFF00000000FF00FF00FF00FF000A
:10AC500000FF010000FF01010000000000000000F3
:10AC6000FFFF000048656C74656320543131340087
:10AC70006170706C79436F6E66696720626F617294
:10AC8000643D25732066773D2573207077725F726F
:10AC900065713D2564207077723D2564206D617873
:10ACA0003D2564207365744F7574707574506F77AB
:10ACB00065723D2564206F63705F6265666F7265C3
:10ACC0003D25646D41206F63705F61667465723D00
:10ACD00025646D41000000006167632E7265736535
:10ACE000742E696E74657276616C20666972656433
:10ACF0002061667465722025752073004F4E000038
:10AD00004F4646006175746F2D4341443A20636895
:10AD1000616E6E656C206275737920616674657210
:10AD200020726574726965732C2061626F72742081
:10AD30005458000054585F52455155455354206CA7
:10AD4000656E3D2575207372633D257520737461B2
:10AD500074653D25640000007374617274547261FF
:10AD60006E736D69742829206661696C65642C2096
:10AD700073746174653D25640000000054585F449D
:10AD80004F4E452061697274696D653D256C752073
:10AD900075732C2073656E742076696120737263FD
:10ADA0003D257500545820686172642074696D6592
:10ADB0006F7574202825752062797465732C206462
:10ADC000696F315F64656C74613D256C752920E2A3
:10ADD000809420726573657474696E672072616413
:10ADE000696F0000434144204952512074696D65E8
:10ADF0006F757420E2809420726573657474696E57
:10AE00006720726164696F005345545F434F4E463B
:10AE100049472072656376207372633D2575206211
:10AE20006F6172643D25732066773D2573206672DD
:10AE300065713D256C752062773D256C75207366C4
:10AE40003D25752063723D2575207077725F7265B0
:10AE5000713D25642073796E633D30782530345818
:10AE6000207072653D2575002D2D2D006175746F64
:10AE70002D43414420257300646973706C6179200F
:10AE80006E616D6520E28692202725732700000001
:10AE9000726164696F205354414E4442590000006E
:10AEA000726164696F20524553554D4520286F6B80
:10AEB0003D25642900000000454E5445525F424F35
:10AEC0004F544C4F414445522072657175657374FF
:10AED000656420E2809420656E746572696E6720F7
:10AEE0005553422073657269616C20444655206257
:10AEF0006F6F746C6F616465720000004F54415F46
:10AF0000424547494E20726563656976656420E273
:10AF1000809420666C617368207772697465722012
:10AF20006E6F7420696D706C656D656E746564001C
:10AF30006672616D65207061727365206572726FF3
:10AF4000722030782530325820287372633D257581
:10AF500029000000494E464F000000004552522093
:10AF6000000000005741524E000000005B25735D59
:10AF70002025730A000000002E2E2E005B424F4F4A
:10AF8000545D2070726F746F636F6C205541525422
:10AF9000207570204020256C752062617564202822
:10AFA00072783D25642074783D2564290A000000EC
:10AFB00076312E342E3000002D00000068656C7450
:10AFC00065635F74313134005B424F4F545D2072D2
:10AFD000657365745F726561736F6E3D25642028CB
:10AFE0002573290A00000000726164696F2E626592
:10AFF00067696E206E73733D25642064696F313D0F
:10B000002564207273743D256420627573793D2533
:10B0100064207370693D2825642C25642C256429DF
:10B0200000000000726164696F2E626567696E20BE
:10B03000285443584F3D252E3166205629202D3E59
:10B040002025640053583132363220696E697420ED
:10B050006661696C210000005B424F4F545D2053D4
:10B06000583132363220696E6974206661696C65C8
:10B070006420E2809420636F6E74696E75696E67F8
:10B0800020776974682057692D46692F636F6E6653
:10B09000696720706F7274616C206F6E6C7900004C
:10B0A0005B494E464F5D2073657444696F3241734E
:10B0B0005266537769746368287472756529202D08
:10B0C0003E2025640A0000005B494E464F5D207318
:10B0D000657443757272656E744C696D6974282568
:10B0E00064206D4129202D3E2025640A00000000C7
:10B0F0005B494E464F5D207365745278426F6F73A3
:10B100007465644761696E4D6F6465287472756516
:10B1100029202D3E2025640A00000000436F6E6642
:10B120006967206661696C210000000044494F3165
:10B1300020495251206174746163686564206F6EA8
:10B14000204750494F25640052582073746172742F
:10B15000206661696C210000424F4F5400000000DE
:10B160005B424F4F545D206669726D776172652056
:10B170002573206F6E202573207265616479202805
:10B180006C6F6F702057445420257573290A000096
:10B190003F000000743131340000000025730000CE
:10B1A0002F73746174655F6E616D65002F737461D8
:10B1B00074655F73746279002F73746174655F6185
:10B1C0006361640000000000000000000000000057
:10B1D000000000000000000000000000000000006F
:10B1E000000000000000000000000000000000005F
:10B1F000000000000000000000000000000000004F
:10B20000000000000000000000000000000000003E
:10B21000000000000000000000000000000000002E
:10B22000000000000000000000000000000000001E
:10B23000000000000000000000000000000000000E
:10B2400000000000000000000000000000000000FE
:10B2500000000000000000000000000000000000EE
:10B2600078000000000000007F00000000000000E7
:10B2700037C000000000000038E0000000000000BF
:10B28000FF30000000000000E7D8000000000000D0
:10B29000386C0000000000001F0F8000000000005C
:10B2A00007E3C0000000000000E0E0000000000034
:10B2B00001C3B0000000000FFF81B0000000003F9C
:10B2C0001E001800000000F3FC0038000000FFDF43
:10B2D000F807F0000001FFB8000FE0000000006771
:10B2E0003E1C000000000CCCFF9F8000001FF99B5B
:10B2F000C1C1E000001F037700FE70000000064C93
:10B30000007FB8000001FCF80001D800007F00E0D9
:10B310000000780000FE0FC00000300000003E007A
:10B320000000000000006000000000000000C000FD
:10B33000000000000000800000000000000000008D
:10B340000000000000000000081800000FCFCFCF61
:10B35000C819F1E01FEFEFEFEC1BF3F018787FF85E
:10B360006FFA1E1818787FF8681A1A181FFFEFD89E
:10B37000681BF7F00FDFCFE86811F7E00018000056
:10B3800000000600000800000000000000000000AF
:10B3900000000000000000000000000000000000AD
:10B3A000000000000000000000000000000000009D
:10B3B000000000000000000000000000000000008D
:10B3C000000000000000000000000000000000007D
:10B3D0000000000000000000000000006F70656EBB
:10B3E000486F70005354414E444259007261646981
:10B3F0006F206F666620E2809420617761697469CE
:10B400006E6720524553554D450000005253534935
:10B4100020202D2D00000000525353492025642088
:10B4200020534E5220252E3166000000252E336613
:10B430004D2053462575204257256C7500000000AD
:10B44000435220342F257520205077722025642008
:10B4500064426D0020205458200000005258200003
:10B460004449414700000000256C753A2530326C94
:10B47000753A2530326C75005570200043524320D8
:10B4800000000000524144494F000000252E336661
:10B49000204D487A00000000462000004257202539
:10B4A0006C75202053462025752020342F257520CB
:10B4B0002025642064426D0073796E632030782506
:10B4C0003034582020707265202575004552524F47
:10B4D000520000000000FFFF00008000000000009C
:10B4E000080008000000000000000000E803000061
:10B4F000FFFFFFFFFFFFFFFFFFFFFFFFFFFFFFFF5C
:10B50000FFFFFFFF0000000000000000F1500300FB
:10B5100009520300F9510300E9510300D951030016
:10B52000C9510300BD510300B5510300D9500300B8
:10B53000B15103007951030065510300F550030038
:10B5400055510300055103004D510300FD50030008
:10B550003952030019520300395103002D510300E1
:10B5600029510300ED500300A1A2030000000000D8
:10B570000338FDD8704700000000D9439A999940DC
:10B580000A0000000000D9439A9999400000A040A9
:10B590000000FA420A0010000000D9430000FA42FD
:10B5A0000907120A0800000022FB12001103210003
:10B5B0001106210322021406110B120B110E120E9A
:10B5C00011141116220B13152111240D211421160B
:10B5D00022152315411341143314521361165216C8
:10B5E0005316631664167416535831323631000000
:10B5F0000000000000000000C9520300CD5203000B
:10B60000D96C0300E58603002587030065870300E6
:10B61000F1610300459F0300656A0300F99E030082
:10B620007D6603007D6803001169030095640300D3
:10B6300081640300DD520300B5910300E18D030036
:10B64000659603004D990300299A030041530300B6
:10B65000A1520300D1960300119103008D920300C3
:10B66000619403008567030061670300216703009D
:10B670000D620300A16E0300D5630300E5640300BF
:10B68000CD640300F5630300C56703009D660300F6
:10B69000F5690300CD610300A16B03001165030090
:10B6A0000164030051660300699E0300B19E03001C
:10B6B000698E0300B18E0300698E0300B18E030012
:10B6C000698E0300B18E0300815E03004D640300A8
:10B6D00021720300D965030009640300518D030042
:10B6E000818D0300E58E0300A18D0300B589030061
:10B6F000315D0300815B030059570300F5590300D6
:10B70000015503008D5803002D560300A553030077
:10B71000FFFFFFFF0000000080010000800100002B
:10B7200012AD101B12AD0000000000000000000070
:10B73000496403006D660300D96C0300E5860300CD
:10B740002587030065870300F1610300459F03001F
:10B75000656A0300F99E03007D6603007D680300AF
:10B76000116903009564030081640300FD9D0300DB
:10B77000B5910300E18D0300659603004D99030028
:10B78000299A03000D9E0300159E0300D196030025
:10B79000119103008D9203006194030085670300FB
:10B7A00061670300216703000D620300A16E0300BF
:10B7B000D5630300E5640300CD640300F563030073
:10B7C000C56703009D660300F5690300CD610300B2
:10B7D000A16B0300116503000164030051660300BF
:10B7E000699E0300B19E0300698E0300B18E0300C1
:10B7F000698E0300B18E0300698E0300B18E0300D1
:10B80000E59D03004D64030021720300D965030028
:10B8100009640300518D0300818D0300E58E030050
:10B82000A18D0300B58903000101000001000100A2
:10B8300000000100010000005000B0001801780174
:10B84000B0021803C8053006300C980C0F06030030
:10B8500000122436480416283A4C081A2C3E0C1EB6
:10B8600030421022344601132537490517293B4D34
:10B87000091B2D3F0D1F3143112335470214263874
:10B880004A06182A3C4E0A1C2E400E20324403154C
:10B8900027394B07192B3D4F0B1D2F410F213345E6
:10B8A0003500420055006B008400AB00D700080152
:10B8B0005601AE011002AC025C0320045805B50627
:10B8C0003C08AC0A640D6B101F170F1E160E1D15D9
:10B8D0000D1C140C1B130B1A120A1911090000007D
:10B8E0000108AC00000000000000000000000000A3
:10B8F00000000000CD9D0300DD9D0300E19E0300DC
:10B90000E59D0300DD9D0300459F0300D59D0300D9
:10B91000F99E0300DD9D0300DD9D0300ED9D030006
:10B92000F59D0300DD9D0300FD9D0300FD9D0300CB
:10B93000FD9D0300E59D0300E59D0300059E0300BA
:10B940000D9E0300159E0300ED9D0300F59D030071
:10B950001D9E03001D9E03002D9E0300359E0300C7
:10B96000359E03003D9E0300499E0300499E03004F
:10B970004D9E0300F59D0300F59D0300DD9D030032
:10B98000559E0300DD9D0300DD9D0300559E0300D1
:10B990005D9E0300619E0300659E0300699E030097
:10B9A000B19E0300619E0300D59E0300619E0300CB
:10B9B000D59E0300619E0300D59E0300E59D030014
:10B9C000559E0300D99E0300DD9D0300353204001F
:10B9D00030211203120330210312213021300312CF
:10B9E000437034072516526152612516340743709F
:10B9F000073470436152162516256152704307348F
:10BA0000340743705261251625165261437034077E
:10BA1000704307341625615261521625073470436E
:10BA20000000000000000000000000000000000016
:10BA3000353204003532040035320400353204005A
:10BA4000353204003532040035320400353204004A
:10BA5000353204003532040035320400353204003A
:10BA600035320400353204003532040091A203005F
:10BA700091A2030095A2030099A2030091A20300E2
:10BA80009DA20300A1A2030000000000000000002E
:10BA9000F1A2030019A30300996A0200D5A20300D2
:10BAA000D9A20300E1A20300E9A203000000000004
:10BAB000003E5B4F5B3E3E6B4F6B3E1C3E7C3E1C34
:10BAC000183C7E3C181C577D571C1C5E7F5E1C007A
:10BAD000183C1800FFE7C3E7FF0018241800FFE731
:10BAE000DBE7FF30483A060E2629792926407F05F4
:10BAF0000507407F05253F5A3CE73C5A7F3E1C1C0A
:10BB000008081C1C3E7F14227F22145F5F005F5FC9
:10BB100006097F017F006689956A606060606094B5
:10BB2000A2FFA29408047E040810207E20100808BA
:10BB30002A1C08081C2A08081E101010100C1E0CC5
:10BB40001E0C30383E3830060E3E0E060000000057
:10BB50000000005F00000007000700147F147F143E
:10BB6000242A7F2A12231308646236495620500083
:10BB700008070300001C2241000041221C002A1C6F
:10BB80007F1C2A08083E080800807030000808085A
:10BB90000808000060600020100804023E5149457A
:10BBA0003E00427F400072494949462141494D3398
:10BBB0001814127F1027454545393C4A49493141FF
:10BBC000211109073649494936464949291E0000CD
:10BBD0001400000040340000000814224114141422
:10BBE0001414004122140802015909063E415D590E
:10BBF0004E7C1211127C7F494949363E4141412217
:10BC00007F4141413E7F494949417F090909013E40
:10BC1000414151737F0808087F00417F4100204067
:10BC2000413F017F081422417F404040407F021C79
:10BC3000027F7F0408107F3E4141413E7F09090990
:10BC4000063E4151215E7F0919294626494949325C
:10BC500003017F01033F4040403F1F2040201F3F22
:10BC60004038403F631408146303047804036159A7
:10BC7000494D43007F4141410204081020004141E9
:10BC8000417F040201020440404040400003070895
:10BC90000020545478407F28444438384444442891
:10BCA000384444287F385454541800087E09021838
:10BCB000A4A49C787F0804047800447D40002040C0
:10BCC000403D007F1028440000417F40007C047804
:10BCD00004787C080404783844444438FC1824244C
:10BCE0001818242418FC7C080404084854545424CC
:10BCF00004043F44243C4040207C1C2040201C3C49
:10BD00004030403C44281028444C9090907C44643F
:10BD1000544C4400083641000000770000004136D2
:10BD2000080002010204023C2623263C1EA1A16158
:10BD3000123A4040207A385454555921555579418A
:10BD40002254547842215554784020545579400C5F
:10BD50001E52721239555555593954545459395542
:10BD60005454580000457C410002457D4200014585
:10BD70007C407D1211127DF0282528F07C54554519
:10BD8000002054547C547C0A097F49324949493285
:10BD90003A4444443A324A4848303A4141217A3A96
:10BDA00042402078009DA0A07D3D4242423D3D4062
:10BDB00040403D3C24FF2424487E4943662B2FFC11
:10BDC0002F2BFF0929F620C0887E090320545479BF
:10BDD000410000447D413048484A32384040227A90
:10BDE000007A0A0A727D0D19317D2629292F28260D
:10BDF0002929292630484D40203808080808080815
:10BE00000808382F10C8ACBA2F102834FA00007B6D
:10BE1000000008142A142222142A14085500550080
:10BE200055AA55AA55AAFF55FF55FF000000FF006F
:10BE3000101010FF00141414FF001010FF00FF106A
:10BE400010F010F0141414FC001414F700FF00009C
:10BE5000FF00FF1414F404FC141417101F10101F1B
:10BE6000101F1414141F00101010F0000000001F09
:10BE7000101010101F10101010F010000000FF1014
:10BE80001010101010101010FF10000000FF140010
:10BE900000FF00FF00001F10170000FC04F4141442
:10BEA0001710171414F404F40000FF00F71414140E
:10BEB00014141414F700F7141414171410101F108E
:10BEC0001F141414F4141010F010F000001F101FB1
:10BED0000000001F14000000FC140000F010F0101F
:10BEE00010FF10FF141414FF141010101F00000096
:10BEF00000F010FFFFFFFFFFF0F0F0F0F0FFFFFF9A
:10BF00000000000000FFFF0F0F0F0F0F38444438F0
:10BF100044FC4A4A4A347E02020606027E027E023F
:10BF200063554941633844443C04407E201E20064A
:10BF3000027E020299A5E7A5991C2A492A1C4C7287
:10BF400001724C304A4D4D303048784830BC625A0E
:10BF5000463D3E494949007E0101017E2A2A2A2A9E
:10BF60002A44445F444440514A444040444A51407A
:10BF70000000FF0103E080FF000008086B6B08363B
:10BF800012362436060F090F0600001818000000AC
:10BF90001010003040FF0101001F01011E00191D9B
:10BFA0001712003C3C3C3C00000000000000000078
:10BFB00000000000B1B30300B51F0400996A02003D
:10BFC000E9A6030035320400EDA60300F1A6030044
:10BFD0007DAA030001A7030015A7030049A90300D8
:10BFE000EDA603002DA7030029A70300ADAC0300B5
:10BFF000D1AB0300F9A7030019AB030051A703005D
:10C0000079A803000000000000000000B1B30300A5
:10C01000B51F0400996A0200E9A60300A9B803004D
:10C02000B5B6030001B8030071BC030051BD0300A5
:10C03000D1BD030049A90300E5B603002DA7030005
:10C0400009B7030049BF030055BE030039C0030010
:10C0500019AB030051A7030079A80300353204008F
:10C06000353204000901809611800A3A81550A365A
:10C0700001082A04000000F02B0400000140218088
:10C080000A13800A29800A00000000000000000056
:10C09000B1B30300B51F0400996A0200E9A60300CA
:10C0A000A9B80300B5B6030001B8030071BC0300D2
:10C0B00051BD0300D1BD030049A90300E5B603004B
:10C0C000A1C5030009B7030049BF030055BE030023
:10C0D00039C0030019AB030051A7030079A803007E
:10C0E00029C7030045C7030000000000000000004E
:10C0F000B1B30300B51F0400996A0200E9A603006A
:10C10000A9B80300B5B6030001B8030071BC030071
:10C1100051BD0300D1BD030049A90300E5B60300EA
:10C1200095C7030009B7030049BF030055BE0300CC
:10C1300039C0030019AB030051A7030079A803001D
:10C1400029C7030045C703000000000000000000ED
:10C15000FDC8030001C9030000000000000000004A
:10C1600095CB030015CA0300996A020009CB0300AE
:10C17000C5CA030039CB030055CA03006C66735F60
:10C1800063616368655F7265616400006C66735F1C
:10C1900063616368655F70726F6700006C66735FF0
:10C1A00063747A5F66696E64000000006C66735F9A
:10C1B00063747A5F657874656E6400006C66735FA3
:10C1C00066696C655F73796E630000006C66735F0F
:10C1D00072656D6F766500006C66735F696E697479
:10C1E000000000007063616368652D3E626C6F63E0
:10C1F0006B203D3D20307866666666666666660042
:10C20000626C6F636B203C206C66732D3E636667C7
:10C210002D3E626C6F636B5F636F756E7400000020
:10C220002F686F6D652F72756E6E65722F2E706C34
:10C230006174666F726D696F2F7061636B616765A2
:10C24000732F6672616D65776F726B2D61726475A5
:10C25000696E6F61646166727569746E726635329B
:10C260002F6C69627261726965732F4164616672D5
:10C270007569745F4C6974746C6546532F7372638F
:10C280002F6C6974746C6566732F6C66732E630013
:10C2900068656164203E3D20322026262068656165
:10C2A00064203C3D206C66732D3E6366672D3E62C4
:10C2B0006C6F636B5F636F756E7400002F0000001E
:10C2C0002E2E0000656E7472792E642E747970655E
:10C2D000203D3D204C46535F545950455F524547E1
:10C2E000000000006E626C6F636B203E3D203220C8
:10C2F0002626206E626C6F636B203C3D206C66735B
:10C300002D3E6366672D3E626C6F636B5F636F7576
:10C310006E7400006C66732D3E6366672D3E6C6F15
:10C320006F6B61686561642025203332203D3D20BC
:10C33000300000006C66732D3E6366672D3E6C6FA7
:10C340006F6B6168656164203E2030006C66732D00
:10C350003E6366672D3E70726F675F73697A652012
:10C3600025206C66732D3E6366672D3E72656164A1
:10C370005F73697A65203D3D203000006C66732D47
:10C380003E6366672D3E626C6F636B5F73697A65AF
:10C390002025206C66732D3E6366672D3E70726F9C
:10C3A000675F73697A65203D3D203000342A6C66F2
:10C3B000735F6E707732283078666666666666668A
:10C3C00066202F20286C66732D3E6366672D3E62C3
:10C3D0006C6F636B5F73697A652D322A342929206B
:10C3E0003C3D206C66732D3E6366672D3E626C6F2C
:10C3F000636B5F73697A65006C6974746C656673EE
:10C400000000000072657300000000006410B71D9A
:10C41000C8206E3BAC30D9269041DC76F4516B6B72
:10C420005861B24D3C7105502083B8ED44930FF034
:10C43000E8A3D6D68CB361CBB0C2649BD4D2D386EA
:10C4400078E20AA01CF2BDBD000000000000000060
:10C450007D1A0400911A0400FF000000FF00000094
:10C4600002000000030000000400000005000000BE
:10C47000060000000700000008000000090000009E
:10C480000A0000000B0000000C0000000D0000007E
:10C490000E0000000F00000010000000110000005E
:10C4A000120000001300000014000000150000003E
:10C4B000160000001700000018000000190000001E
:10C4C0001A0000001B0000001C0000001D000000FE
:10C4D0001E0000001F0000002000000021000000DE
:10C4E00022000000230000002400000025000000BE
:10C4F000260000002700000028000000290000009E
:10C500002A0000002B0000002C0000002D0000007D
:10C510002E0000002F0000000000000000000000BE
:10C52000311F04000D0A00000000000000000000A0
:10C530001D26040069260400D9250400F125040005
:10C54000C1250400D1250400C9250400C526040026
:10C55000E92804001D25040015250400546D7251BE
:10C5600000000000546D7220537663006C6F6F7092
:10C570000000000043616C6C6261636B00000000AE
:10C580002C2066756E6374696F6E3A200061737358
:10C59000657274696F6E2022257322206661696C52
:10C5A00065643A2066696C6520222573222C206C14
:10C5B000696E65202564257325730A00406200209A
:10C5C0004300504F534958002E00232D302B20009C
:10C5D000686C4C0065666745464700494E460069F1
:10C5E0006E66004E414E006E616E0030003031329A
:10C5F00033343536373839414243444546003031CB
:10C600003233343536373839616263646566000029
:10C6100020202020202020202028282828282020F2
:10C62000202020202020202020202020202020200A
:10C630008810101010101010101010101010101082
:10C640000404040404040404040410101010101062
:10C65000104141414141410101010101010101013B
:10C66000010101010101010101010110101010106F
:10C67000104242424242420202020202020202020C
:10C680000202020202020202020202101010102034
:10C69000000000000000000000000000000000009A
:10C6A000000000000000000000000000000000008A
:10C6B000000000000000000000000000000000007A
:10C6C000000000000000000000000000000000006A
:10C6D000000000000000000000000000000000005A
:10C6E000000000000000000000000000000000004A
:10C6F000000000000000000000000000000000003A
:10C700000000000000000000000000000000000029
:10C71000496E66696E697479004E614E00000000D2
:10C720000000000000000000000000000000000009
:10C7300000000000000000000000000000000000F9
:10C7400000000000000000000000000000000000E9
:10C7500000000000000000000000000000000000D9
:10C7600000000000000000000000000000000000C9
:10C7700000000000000000000000000000000000B9
:10C780000080E03779C34143176E05B5B5B89346CD
:10C79000F5F93FE9034F384D321D30F94877825A99
:10C7A0003CBF737FDD4F1575000000000000F03FB7
:10C7B000000000000000244000000000000059407C
:10C7C0000000000000408F40000000000088C340CF
:10C7D00000000000006AF8400000000080842E4144
:10C7E00000000000D01263410000000084D7974190
:10C7F0000000000065CDCD41000000205FA0024296
:10C80000000000E876483742000000A2941A6D420A
:10C81000000040E59C30A2420000901EC4BCD642FD
:10C8200000003426F56B0C430080E03779C34143A8
:10C8300000A0D8855734764300C84E676DC1AB431E
:10C84000003D9160E458E143408CB5781DAF15443C
:10C8500050EFE2D6E41A4B4492D54D06CFF0804417
:10C86000F64AE1C7022DB544B49DD9794378EA442C
:10C8700005000000190000007D000000000000001D
:08C88000D099FD7F01000000CA
:10C88800000000000A00000000000306B2000800D3
:10C8980001000000A800080002000000A000140029
:10C8A800030057494E5553420000000000000000A5
:10C8B80000008400040007002A0044006500760098
:10C8C80069006300650049006E007400650072002D
:10C8D8006600610063006500470055004900440098
:10C8E8007300000050007B00390037003500460017
:10C8F80034003400440039002D003000440030007A
:10C9080038002D0034003300460044002D00380064
:10C918004200330045002D0031003200370043004B
:10C9280041003800410046004600460039004400F6
:10C938007D000000000000000400000010000C0052
:10C94800807300207CAA04000000000000000000A2
:10C9580000000000000000000000000000000000CF
:10C9680000000000000000000000000000000000BF
:10C9780000000000000000000000000000000000AF
:10C98800000000000000000000000000000000009F
:10C998000000000000000000FF00FFFF160000007C
:10C9A8000000C6C25051D53324F4000008081612FE
:10C9B8000010000000000000FFFF00000A01000056
:10C9C800000000000000000000000000000000005F
:10C9D800000000000000000000000000000000004F
:10C9E80000000000000000000000008000000000BF
:10C9F8000D0A526164696F4C696220496E666F0A5C
:10CA080056657273696F6E3A202022372E382E31A0
:10CA18002E30220D0A506C6174666F726D3A2022B6
:10CA28004164616672756974206E52463532220D12
:10CA38000A224F63742020362032303236222022D8
:10CA480031363A35303A3232220000000000000018
:10CA5800011B0400E51A0400B91A0400AD1A040009
:10CA6800800000008000000080000000E00000005E
:10CA7800800000000000000000000000000000002E
:10CA880000000000B51B0400251C0400A91B0400BD
:10CA9800991B0400FFFFFFFF388B002002000000F5
:10CAA800A0AE00200090D0030A00000024AE0020B1
:10CAB80038AE00204CAE002060AE0020406200205E
:10CAC8000000000040C7040060C7040020C704003D
:10CAD800000000000000000000000000000000004E
:10CAE800000000000000000000000000000000003E
:10CAF800000000000000000000000000000000002E
:10CB0800000000000000000000000000000000001D
:10CB1800000000000000000000000000000000000D
:10CB280043000000000000000000000000000000BA
:10CB380000000000000000000000000000000000ED
:10CB4800430000000000000000000000000000009A
:10CB580000000000000000000000000000000000CD
:10CB6800430000000000000000000000000000007A
:10CB780000000000000000000000000000000000AD
:10CB8800430000000000000000000000000000005A
:10CB9800000000000000000000000000000000008D
:10CBA800430000000000000000000000000000003A
:10CBB800000000000000000000000000000000006D
:10CBC800430000000000000000000000000000001A
:10CBD800000000000000000000000000000000004D
:10CBE80043000000000000000000000000000000FA
:10CBF800000000000000000000000000000000002D
:10CC0800518B0400297A0400000000000FC60400BC
:10CC1800C8C50400BBC50400BBC50400BBC50400EF
:10CC2800BBC50400BBC50400BBC50400BBC50400EC
:10CC3800BBC50400BBC50400FFFFFFFFFFFFFFFFEC
:10CC4800FFFFFFFFFFFF0000010041534349490078
:10CC580000000000000000000000000000000000CC
:10CC68000000000000000000000041534349490053
:10CC780000000000000000000000000000000000AC
:10CC88000000000000000000000000000162020037
:10CC98003562020025660200B5D202000DD70200F7
:10CCA800C13D03000D400300D986030011A1030014
:10CCB80065A60300591B040001250400892B040004
:08CCC800956B040011620200EB
:04000003400057550D
:00000001FF
