:020000022000DC
:106000000000042089AE0300C9AE0300CBAE03003C
:10601000CDAE0300CFAE0300D1AE03000000000000
:1060200000000000000000000000000005AE0300BA
:10603000D5AE03000000000025AE0300D9AE03007A
:1060400051B00300DBAE030049830300DD7503009C
:1060500091760300DBAE03008D870300DBAE030007
:10606000DBAE0300DBAE0300DBAE0300DBAE030000
:10607000DBAE0300DBAE0300DBAE0300DBAE0300F0
:10608000DBAE030089AB0300DBAE0300DBAE030035
:10609000DBAE0300DBAE0300DBAE0300DBAE0300D0
:1060A000DBAE0300DBAE0300DBAE0300DBAE0300C0
:1060B000DBAE0300DBAE03000000000000000000C8
:1060C000DBAE0300DBAE0300DBAE03003DB6030036
:1060D000DBAE0300DBAE0300DBAE0300F16C0200BD
:1060E00095830300DBAE0300DBAE0300000000007D
:1060F00000000000DBAE030000000000B5B60300A6
:10610000000000000000000000000000000000008F
:10611000000000000000000000000000000000007F
:10612000000000000000000000000000000000006F
:10613000000000000000000000000000000000005F
:10614000000000000000000000000000000000004F
:10615000000000000000000000000000000000003F
:10616000000000000000000000000000000000002F
:10617000000000000000000000000000000000001F
:10618000000000000000000000000000000000000F
:1061900000000000000000000000000000000000FF
:1061A00000000000000000000000000000000000EF
:1061B00000000000000000000000000000000000DF
:1061C00000000000000000000000000000000000CF
:1061D00000000000000000000000000000000000BF
:1061E00000000000000000000000000000000000AF
:1061F000000000000000000000000000000000009F
:10620000F1EE103A43F08073E1EE103A704700BFB0
:1062100010B5054C237833B9044B13B10448AFF3E0
:1062200000800123237010BDBC630020000000002B
:106230003806040008B5034B1BB103490348AFF30C
:10624000008008BD00000000C06300203806040084
:10625000154B002B08BF134B9D46A3F5803A002138
:106260008B460F461348144A121A16F08DFF0F4B37
:10627000002B00D098470E4B002B00D098470020F1
:10628000002104000D000D48002802D00C48AFF397
:10629000008016F0BBFE2000290014F047FE16F027
:1062A000A1FE00BF00000800000004200000000064
:1062B00000000000BC630020F09C002000000000F3
:1062C000000000000146014800F08EBAF46300208F
:1062D00038B5064B1D783DB100242046013400F04E
:1062E00049FEE0B28542F9D838BD00BFF063002016
:1062F000407DFF2806D010B500F088FD044618B197
:10630000204610BD0020704715F050FB204610BD00
:10631000407DFF280ED000B583B00DF1070100F0DD
:10632000C9FD20B19DF8070003B05DF804FB4FF0F4
:10633000FF30F9E74FF0FF30704700BF407DFF2886
:1063400011D000B583B001220DF1070100F06AFD04
:1063500020B94FF0FF3003B05DF804FB9DF8070053
:1063600003B05DF804FB4FF0FF307047407DFF281D
:1063700001D000F0FFBD7047407DFF2801D000F044
:106380003FBE0020704700BFF8B50646407DFF289D
:106390001CD017465AB10D46144600F011FD29468F
:1063A000224680B1707D00F08FFD241A01D138465D
:1063B000F8BD054415F0FAFA707D00F001FD29469C
:1063C00022460028EED13F1B3846F1E70020F8BDF9
:1063D0000AB32DE9F043524991F81C6191F81D511F
:1063E00091F81E7193B0994614467B1CAA1C8046F6
:1063F000B01C81F81C0181F81D2181F81E3101A813
:106400004222002116F0C0FEB9F1410F05D800204C
:1064100013B0BDE8F083422070478DF806608DF818
:106420000E608DF82660721C40F20126D2B2ADF8E3
:106430001060DFF8F0C08DF81E20242640F6083EDC
:106440006B1C8DF827208DF83120ADF804E08DF815
:1064500016608DF820608DF82460CDF818C00426F1
:106460004FF0060C65F07F0540F209424FF0010E37
:1064700098F81410ADF80C208DF81CE005228DF86A
:106480001F608DF830608DF822C040F207568DF8FD
:1064900025C08DF82A5020464FF0030E63F07F048C
:1064A0004FF0080C02234FF411658DF814108DF88D
:1064B00007308DF808308DF809308DF812308DF8DE
:1064C00021308DF815208DF823208DF82BE08DF8E4
:1064D0002CC04FF00A0EADF82E504FF0400C01A921
:1064E000ADF8286007258DF833308DF840208DF801
:1064F0004140422244F20204ADF838608DF83B304E
:106500008DF83A708DF834E08DF83CC08DF83F502E
:10651000ADF8424016F014FE422013B0BDE8F083FF
:10652000F463002020010524A0F11000FFF750BF04
:1065300070B50368184A5B6882B093428DF8071003
:1065400024D10546407DFF281DD000F039FC0DF117
:10655000070601243146224688B1687D00F0B4FC6C
:10656000241A02D1012002B070BD064415F01EFAB3
:10657000687D00F025FC314622460028EDD1C4F1AB
:10658000010002B070BD002002B070BD01220DF10B
:106590000701984702B070BD89630200437DFF2B5D
:1065A00000D07047094B1A78002AFAD110B500F1D3
:1065B000100442750649204601221A7000F0E0F9E5
:1065C00021460448BDE8104000F0F0B8F063002018
:1065D000DCF30300F4630020407DFF2807D000B502
:1065E00083B000F0EDFB20B103B05DF804FB0020A8
:1065F0007047019015F0DAF9019803B05DF804FBDB
:1066000001B900B1704700B583B0694600F0EEFBF8
:10661000009BB3F5966F02D003B05DF804FB00F069
:106620007DFBF9E730B4084B084A4FF47F4102F193
:106630000805002430324FF47A7099821D60C3E956
:1066400001401A6130BC7047D8630020ECF30300AE
:106650002DE9F0410024484E2546435D4719A3B17A
:1066600003F14002D2B2012A0AD9F42B08D81A0643
:106670000ED44FF0010EA3F55842B2F5006F56D27A
:1066800001354719435D002BEAD12046BDE8F08172
:1066900003F0E002C02A57D003F0F002E02A66D0EF
:1066A00003F0F802F02AEBD103F007024FF0040EDA
:1066B0007B7803F0C00CBCF1800FE1D197F802C0E9
:1066C0000CF0C00803F03F03B8F1800F43EA8213D7
:1066D000D6D10CF03F0CBEF1030F4CEA83132DD042
:1066E000FA7802F0C007802FCAD102F03F0242EAD6
:1066F0008313A3F58032B242C2D8A3F55847B7F549
:10670000006FBDD3B3F5803F05F1040510D31E2CF7
:10671000BBDC6300970A0B44C2F30902A7F52057BC
:10672000A2F5105221F814705A80023495E775448E
:10673000202CAAD021F8143001348EE7A3F5006292
:10674000B2F5784F97D39BE77A7802F0C007802F95
:1067500003F01F0394D102F03F0242EA8313A3F136
:106760008002B2F5F06F8BD24FF0020E83E703F098
:106770000F024FF0030E9BE7FFFF0F0090F8503120
:106780000B2B0CD871B103F1480210B45C1C80F8DB
:10679000504140F822105DF8044B18467047002322
:1067A000184670470B461846704700BF70B5044640
:1067B0000E68B4F81821B4F81A31656936689B1A66
:1067C00008469BB294F81C112A44B04758B1B4F85B
:1067D00018216369104480B2A4F81801588094F815
:1067E0001C211A71012070BD2DE9F043284DDFF8FE
:1067F000B090AC4604468846BCE80F0089B003AFB1
:106800000FC703AE0FCE05F1140E25460FC59EE847
:106810000700DCF800303B806B4636682E8003C3EF
:106820006B4603CB012504F118034FF480766361B6
:10683000A061E16184F8202004F59870C4F81891F3
:106840002022A4F81C61002184F81E5116F09CFC43
:1068500040F20947042240F2EF230E4E0E48C4F8DE
:1068600028010021C4F82C1184F85021A3804FF492
:10687000E131A571C4F82071C4F824610748FFF71D
:106880008DFE404600F038FA284609B0BDE8F08396
:1068900020F4030050F403005CF40300D8630020EC
:1068A0000900000100487047F4630020014B58695B
:1068B000704700BFF46300202DE9F04F89B0F8B1B4
:1068C000032816D02B4C94F8503183424FD94830CE
:1068D00004F5AA7154F82000FFF7BAFEC0B20130E7
:1068E000400040F44070A4F85201234809B0BDE8CC
:1068F000F08F204CD4F82C0150B104F5AA71EBE7CD
:106900001C4CD4F82031A4F854314FF44170EAE71C
:10691000684600F005FA054610B300F1FF3A0DF1A4
:106920000103164FE94653FA8AFAA64604AE97E8E1
:106930000F0019F801CB86E80F000CF00F080DF1DD
:10694000200BD8440BEB1C1C18F8108C1CF8103CC6
:10695000AEF85681D145AEF854310EF1040EE6D1B1
:106960006800C0B20130400040F44070BBE7002036
:10697000BCE700BFF46300204665002040F403003C
:1069800010B504460248FFF7F9FE207110BD00BFA4
:10699000F463002030B5144C236883B013B3186837
:1069A00051B90AF05DFB236893F90400012103B09B
:1069B000BDE8304015F070BB0C4B0093002501235F
:1069C0008DF805308DF8045002AB13E906000AF08B
:1069D000E3FA236893F90400294603B0BDE8304088
:1069E00015F05ABB03B030BD8865002080BA8C0119
:1069F0000448006828B108B500680AF037FB012098
:106A000008BD704788650020084B1B6843B141B939
:106A1000074B4022C3F88020BFF34F8FBFF36F8F27
:106A20007047034B40221A60704700BF8865002002
:106A300000E100E0024B53F8200000B1C06870474D
:106A40008C65002030B4094CBDF8085054F8204043
:106A500044B1246934B10846A44611461A462B466F
:106A600030BC6047002030BC704700BF8C65002000
:106A700030B4084CBDF8085054F8204044B1646963
:106A800034B10846A44611461A462B4630BC60472E
:106A900030BC70478C65002000207047024B18689E
:106AA00008B190F860007047946500202DE9F84324
:106AB000234C2568002D3CD01E462C2303FB00539D
:106AC0001746D3F8209088460446B9F1000F32D01B
:106AD000484617F093F82C2303FB0454D4E90954D7
:106AE000DFF864C0174B08280246494628BF082231
:106AF0004046002D08BF6546002C08BF1C4616F016
:106B00001FFB284617F07AF810280246294628BFAE
:106B10001022384616F014FB204617F06FF80428B0
:106B200002462146304628BF0422BDE8F84316F04D
:106B300007BBBDE8F883DFF814900820CBE700BF5F
:106B40009465002088F4030078F403006CF40300DB
:106B500070B5104E3368D3B12C2404FB00340546C5
:106B600062691AB19047336884F832002C2202FB24
:106B7000053393F8324014B10124204670BD2846F5
:106B800023463A22022101F0E7F8204670BD1C4658
:106B9000204670BD94650020074B1B6853B110B4AC
:106BA0002C2404FB0030C46A038E0C6013805DF853
:106BB000044B7047704700BF9465002008B5202241
:106BC0000023052101F0C8F84FF0FF3008BD00BFD9
:106BD00030B4094C24685CB10D4611462C2202FBEE
:106BE0000044E46924B11A462846234630BC1847BD
:106BF000012030BC704700BF9465002030B4094CC0
:106C0000029A246854B10D462C2101FB0044A4686B
:106C100024B119462846234630BC18474FF0FF30B0
:106C200030BC70479465002030B4094C029A246847
:106C300054B10D462C2101FB0044E46824B11946EF
:106C40002846234630BC18474FF0FF3030BC704711
:106C500094650020044B1B682BB12C2202FB0030F2
:106C6000036903B11847704794650020054B1B6802
:106C70002BB12C2202FB0030836903B1184701209D
:106C8000704700BF9465002005F0DCBB00B5164BD3
:106C900083B04022002483F8272301A90123204642
:106CA0008DF804308DF8054002F0DAFE4FF0804395
:106CB00002A8D3F8385400F8084D14F083F90B4BB0
:106CC000019301A814F0AAF914F0BAF9EB0707D45C
:106CD00000214FF0FF3002F04DFFFFF7F9FAF7E720
:106CE000204605F0AFFBF3E700E100E0896C02000D
:106CF000002005F01DB800BF00B5002383B00322BB
:106D0000CDE9002303490448C82212F0FDFE03B078
:106D10005DF804FB8CF403008D6C020014F0FABFE4
:106D20004FF08052536E1BBA0360136E1BBA436060
:106D3000082070470048704794F4030070B51E4C5B
:106D40002368D3B1012901D0012070BD1578C5F3A6
:106D50004115012D13D0022D0FD15478012C21D0D3
:106D6000022CF1D19388072B07D1144C11462389AB
:106D70002246BDE8704003F035BE002070BD51785A
:106D80002229E1D111465288003218BF01225A75DA
:106D900003F010FE2268D369002BD5D0507D9847B0
:106DA000284670BD9C69002CE7D011462378224606
:106DB000BDE8704003F016BE986500200460002016
:106DC00010B5044602F034FE08B9002010BD02F0F0
:106DD00037FE0028F9D1044B4FF4367202FB04341D
:106DE000207900F0010010BD1C660020064A4FF417
:106DF000367303FB00230833186808609A889B7970
:106E00008B718A80704700BF1C66002008B5044A59
:106E10004FF4367303FB0020103002F055FC08BD20
:106E20001C6600202DE9F8434FF4367404FB00F48F
:106E30001E4E4FF6FF73074604F110054FF6FE7025
:106E4000824288BF1A463544284692B202F066FC58
:106E5000804602F0EDFD10B94046BDE8F88302F02F
:106E6000EFFD81460028F7D13444E378002BF3D0BE
:106E7000284602F041FC3F28EED9E178484603F06D
:106E8000E7FC0028E8D0284602F036FC3F2804D86A
:106E9000E178484603F0ECFCDEE7054AE178484635
:106EA00002EBC712402303F0F3FCD5E71C66002079
:106EB0009C650020034A4FF4367303FB002010301A
:106EC00002F096BC1C6600202DE9F8434FF436759D
:106ED00005FB00F5244F4FF6FF73064605F1240429
:106EE0004FF6FE70824288BF1A463C4492B220465A
:106EF00002F0B8FC8046204602F0E6FB3F2802D8AC
:106F00004046BDE8F88302F093FD0028F8D002F077
:106F100097FD81460028F3D1204602F0D5FB0028DA
:106F2000EED03D444846A97803F092FC0028E7D013
:106F30000E4B402202EBC6161E442046314602F09C
:106F4000EDFB034660B13246A978484603F0A0FC49
:106F50000028D5D1064B1B68DB07D1D500BECFE793
:106F6000A97803F085FCCBE71C6600209C65002017
:106F7000F0ED00E02DE9F041804602F059FD10B936
:106F80000020BDE8F08102F05BFD07460028F7D144
:106F90004FF4367404FB08F4164E04F1240535440E
:106FA000284602F091FB0028EAD026443846B17802
:106FB00003F04EFC0028E3D040220F4B02EBC81830
:106FC00098442846414602F0A9FB044660B1424677
:106FD000B1783846234603F05BFC40B9074B1B6889
:106FE000DB07CDD500BECCE7B17803F041FC2046ED
:106FF000C7E700BF1C6600209C650020F0ED00E0A4
:1070000008B5044A4FF4367303FB0020243002F025
:1070100073FB08BD1C66002070B5204C82B00021B7
:107020004FF4367220460D4616F0AEF8FF234FF4AB
:10703000E132082604F138016371A26001234FF4A4
:107040008072009504F11000A67302F001FB144B4E
:107050001B78C3F38003009304F59C7101234FF464
:10706000807204F1240002F0F3FA04F50E7101209D
:1070700011F08EFF04F522710646012011F088FF01
:1070800006B130B9074B1B68DB0700D500BE02B064
:1070900070BDC4E90756C4E90C05F8E71C6600207A
:1070A000B8600020F0ED00E038B5094C206A256B8F
:1070B00020B112F091FB0023C4E907332DB128461B
:1070C00012F08AFB0023C4E90C33012038BD00BF55
:1070D0001C66002010B50E4C0E482378002202607A
:1070E0000271DA0709D59B070DD521780A48C1F34B
:1070F0008001BDE8104002F063BC103002F040FC9B
:1071000023789B07F1D4044802F03AFCEDE700BF76
:10711000B86000201C660020406600202DE9F04188
:107120004B79022B82B004D00025284602B0BDE87E
:10713000F0818B79022BF7D1364EB3782BB1364BD9
:107140001B68DB07F0D500BEEEE78B7833700C7858
:107150000C4407466378242B4FF009050BD1082A0D
:1071600002D822E0AA4220D323781C441D4463782D
:10717000242BADB2F6D0052B38D0042B15D1637972
:107180000A2B12D1254A94F8008001920223013281
:107190000092384604EB08011A4603F095FA0028DD
:1071A000CDD00E3518FA85F5ADB202F041FC0028BD
:1071B000BBD002F045FC04460028B6D1F378002B82
:1071C000B3D0174802F098FA3F28AED9F17820469C
:1071D00003F03EFB0028A8D0114802F08DFA3F28AA
:1071E000F17811D8204603F043FB9EE7214638464C
:1071F00003F00AFB0028A2D0A378737023781C4404
:107200001D44ADB26378B8E7064A2046402303F038
:107210003FFB8AE71C660020F0ED00E01E660020C0
:107220002C6600209C65002038B5137803F06003BD
:10723000202B01D0002038BD294C938825789D4211
:10724000F8D15378203B032BF4D8DFE803F008157E
:107250001E02012936D0032939D0012038BD012969
:107260000CD00329F9D11F4B002BF6D01E4900206A
:10727000AFF30080012038BD0129EED1114607236C
:10728000194A03F0AFFB012038BD01291AD00329A8
:10729000E3D1164B55881B781548257113F004016E
:1072A0001CBFE94301F0010102F08AFB114B002BE6
:1072B000D3D0C5F3400205F001010020FFF7A0F98B
:1072C000012038BD114603F075FB012038BD0A4B83
:1072D000002BC2D051880020AFF30080BDE700BF73
:1072E0001C6600200000000024660020B86000201A
:1072F0004066002001660200000000002DE9F04712
:107300005F4CE2788A420D4680461F4659D15D4E59
:107310009AB2314604F1100002F0A4FA5A4BC3B1FC
:107320006379FF2B15D0A7B106EB070A04F110090A
:1073300002E056450DD0637916F8012B9A42F8D138
:10734000484602F0D1F90028F3D16179AFF300800B
:10735000EFE74E4B23B14E4802F0C6F9002863D048
:1073600002F066FB002862D1A3789D4202D0012082
:10737000BDE8F087474B13B10020AFF3008002F067
:1073800057FB00282BD1444802F09EF90028EED18B
:10739000002FECD017F03F07E9D1A178404603F069
:1073A00057FA0028E3D0A17840463B463A4603F01E
:1073B0006FFA0028DBD1394B1B68DA070CD500BE09
:1073C000D6E7A3788B42D5D0344B1B68DB0703D5B7
:1073D00000BE0020BDE8F0870020BDE8F08702F085
:1073E0002FFB05460028CED12B4802F06DF900286E
:1073F000C9D0A178284603F02BFA0028C3D0402238
:107400002749254802F08AF9034600282CD028464F
:10741000234AA17803F03CFA0028A8D11F4B1B682F
:10742000D907B0D500BEAEE7AFF3008098E702F011
:1074300007FB0646002897D1E378002B94D0144828
:1074400002F05AF93F288FD9E178304603F000FA6C
:10745000002889D00E4802F04FF93F28304607D85F
:10746000E17803F005FA7FE7A17803F001FA8AE7F3
:107470004023044AE17803F00BFAA37875E700BFD4
:107480001C6600209C650020000000000000000039
:107490002C6600200000000040660020F0ED00E0B7
:1074A000DC650020704700BF01207047704700BFB7
:1074B000704700BF044B0022C3E90022C3E9022247
:1074C000C3E90422704700BF746A0020012070479E
:1074D000044B0022C3E90022C3E90222C3E90422CB
:1074E000704700BF746A00202DE9F0434B79032BED
:1074F00083B004D00024204603B0BDE8F0830B79AC
:10750000C3EBC3041234A4B2944205D9254B1B68C3
:10751000DA07EFD500BEEDE7234A5578002D3ED0BF
:10752000557B002DF2D102F10C054FF4A0770E78B7
:107530008A1992F801C0BCF1210FE7D1AA608946EF
:10754000895D80466E1CA81C1144CDE900061A46D0
:107550004046032303F0B8F80028D7D099F8063046
:10756000A978012B04BF99F80730EB700123AB71A8
:1075700099F80220AB682A70B3F80730AB80002975
:10758000B9D00A4A40463A44402303F081F9002822
:10759000B1D1044B1B68DB07ADD500BEABE7154688
:1075A0008027C4E7F0ED00E0746A0020F468002052
:1075B0002DE9F047137803F01F06012E82B003D0A7
:1075C000002002B0BDE8F087DFF80882978898F8BD
:1075D0000040FFB2BC4200F0B08098F80C40BC42C2
:1075E000EED13746B4464FF0C00E4FF0130A4FF0BD
:1075F000120913F060030C460546164604D1012912
:1076000000F0A4800120DCE7202BD9D15378013B86
:107610000A2BD5D801A252F823F000BFF176020060
:10762000E7760200D1760200C1750200C175020042
:10763000C1750200C1750200C17502009176020099
:10764000697602004976020001291BD00329D9D1AD
:1076500073880C2606FB0786DBB260461946B371B9
:10766000FFF720FF0120ACE70129CBD173880C2262
:1076700002FB07871B0A60461946FB71FFF714FFE0
:1076800000289DD03146284603F094F9012098E760
:10769000012900F086800329B4D1F48871884B4B0E
:1076A000402C4FEA1122204628BF402011F0FF0154
:1076B000734407D0012C05D91C788C4202D10138C3
:1076C00080B2013300906046FFF7D2F9012078E7DD
:1076D000012997D108EB090231462846234603F0D9
:1076E00081F920466DE701298CD108EB0A02F3E706
:1076F000012987D1F3887188344F402B4FEA11223A
:10770000184628BF402011F0FF01774454D0012BC8
:1077100052D9013880B239707B1C00906046FFF767
:1077200091F90444A3B2002B49D1294A1268D20727
:107730007FF546AF00BE184643E74FF0000E774690
:10774000F4464FF0070A4FF0060952E75378062B2C
:107750007FF436AF53881B0A212B12D0222B7FF4E3
:107760002FAF6046FFF766F97B001F4408EB8708E0
:10777000024631462846B8F8043003F033F9204673
:107780001FE77B001F4408EB8708D8F80820002A71
:107790003FF416AF1378314602B0BDE8F04703F06E
:1077A00021B9F388402B3FF60BAF084A31467244AB
:1077B00003F018F9204604E73B460024ADE73A46BB
:1077C0003146284603F00EF90120FAE6F46800205D
:1077D000F0ED00E0746A0020F0B52C4CA6786578D6
:1077E0008E4283B0074610D0A9422CD0A07B657B87
:1077F00088423FD0A94244D0254B1B68DA0702D407
:10780000002003B0F0BD00BEFAE780264FF0400C28
:107810000020A9429BB21AD01E4D3544FAB90093FC
:1078200011462B460222FFF723F92A46A178384653
:10783000402303F02DF80028E3D1154B1B68DB072C
:10784000DED500BEDDE74FF0400C00209BB21149B1
:1078500061444AB91A46FFF729FE0120D1E72A46BA
:107860000221FFF725FEE0E70A460121FFF720FE8F
:107870000120C6E70C344FF4A0764FF4807C012041
:10788000C7E74FF4807C0120E0E700BF746A002066
:10789000F0ED00E0F468002070B5194C82B00021D2
:1078A0000D464FF4EC72204615F06EFC04F13801E1
:1078B0000123802204F11000009501F0C9FE04F1BB
:1078C000B80101238022009504F1240001F0C0FEDC
:1078D00004F59C71012011F05BFB04F5C4710646B0
:1078E000012011F055FB30B9064B1B68DB0700D5B2
:1078F00000BE02B070BDC4E90756C4E90C05F8E744
:107900000C6B0020F0ED00E038B5094C206A256BC7
:1079100020B111F061FF0023C4E907332DB12846DF
:1079200011F05AFF0023C4E90C33012038BD00BF19
:107930000C6B002010B5084C002304F11000C4E9C2
:107940000033C4E9023302F01BF804F12400BDE85F
:10795000104002F015B800BF0C6B00202DE9F04379
:107960004B79012B83B004D00025284603B0BDE835
:10797000F0838B79012B0C46064616D049780429F2
:10798000F2D10025032BEFD1E379002BECD1DFF806
:10799000FC8098F8013013B998F802700FB3384B97
:1079A0001B68DB07E0D500BEDEE7CB79002BDBD11F
:1079B0000B781C449DB2617824290BD1954202D9E1
:1079C000D2E7AA42D0D323781C442B4461782429DF
:1079D0009DB2F6D00429C7D16379012BC4D1A37914
:1079E000D0E7A37888F8003094F8009021794D44CE
:1079F000ADB2A14439B925E099F800308F421D4459
:107A0000ADB299441ED2AA421CD399F80130052B7D
:107A1000F2D149463046019202F0F6FE019A002862
:107A2000BDD099F80230D90914BF88F8013088F820
:107A3000023099F80030217901371D44FFB2ADB210
:107A40009944D9E70F4801F057FE3F288DD998F89F
:107A50000210002002F0FCFE002886D0094801F048
:107A60004BFE3F2898F8021003D8002002F000FFD8
:107A70007BE7054A4023002002F00AFF75E700BFBC
:107A8000F0ED00E01C6B0020CC6A00200C6B0020A5
:107A900000207047F8B53C4DAA788A421F4612D1A3
:107AA0009AB23A4905F1100001F0DCFE384B13B1EF
:107AB0000020AFF30080374801F01EFE3F282CD88D
:107AC00001242046F8BD6B788B4208D0324B1C68ED
:107AD00014F00104F5D000BE00242046F8BD06468F
:107AE00005F1240001F0F0FD40BB2C4801F0ECFD55
:107AF0000028E5D1002FE3D017F03F07E0D16978E7
:107B0000304602F0A5FE04460028D9D069783046F8
:107B10003B463A4602F0BCFED3E7A978002002F0CB
:107B200097FE04460028CBD01A4801F0E5FD3F2817
:107B3000A9781ED8002002F09BFEC2E769780020D9
:107B400002F086FE0028D0D04022154905F124001D
:107B500001F0E4FD034690B1114A6978002002F07B
:107B600097FE0028ACD10C4B1B68DB07BDD500BECF
:107B7000BBE7064A4023002002F08AFEA1E76978AD
:107B800002F076FEB1E700BF0C6B0020CC6A00204B
:107B9000000000001C6B0020F0ED00E0306B0020C6
:107BA0008C6A002030B4114B9C689A6B93F83C505F
:107BB00083F82C10A21A022183F830109A6225B99A
:107BC00042F2050183F83E50998744B13AB11A7BDD
:107BD000D20906D193F82F1030BC02F099BE30BC08
:107BE000704793F82E1030BC02F092BEE46E002075
:107BF00038B5214B214C05461BB1607BFFF736F8A9
:107C0000A8B1A06BA36894F82F101D4A1B1AB3F5F6
:107C1000007F28BF4FF4007328469BB202F038FE65
:107C200020B9184B1B68DB0700D500BE38BDA26821
:107C3000A36B84F83E0042F20771D31A0120A1879A
:107C40000221A36284F82C0084F83010002AEDD0C1
:107C5000002BEBD0237BDB0906D194F82F102846AC
:107C6000BDE8384002F054BE94F82E102846BDE816
:107C7000384002F04DBE00BF6D6C0200E46E002083
:107C8000E46C0020F0ED00E070B5304CE28AA368AF
:107C900052BA92B286B0054612B1B3FBF2F292B27A
:107CA000A66BD4F81110607B9B1BB3F5007F28BF37
:107CB0004FF4007309BA0093B6FBF2F302FB1362B0
:107CC0001944234BFEF79AFF031E20DB94F82E2065
:107CD0000DD011469BB228461D4A02F0D9FDA0B92D
:107CE0001C4B1B68DB0710D500BE06B070BD072417
:107CF000194603A88DF80C508DF8102005938DF8C7
:107D000011308DF80D4002F0B7FB06B070BDA268CF
:107D1000A36B43F602200021D31AA08784F83E10FB
:107D200001200221A36284F82C0084F83010002A7C
:107D3000EBD0002BE9D0237BDB0914BF94F82E1085
:107D400094F82F10284602F0E3FDDEE7E46E0020F1
:107D5000E46C0020F0ED00E010B4054C012084F844
:107D60003C1084F83D2084F83E305DF8044B7047A9
:107D7000E46E002040220021014815F005BA00BF42
:107D8000E46E002040220021014815F0FDB900BF3B
:107D9000E46E00204B79082B01D0002070478B79CE
:107DA000062BFAD1CB79502BF7D1162A06D81C4BCB
:107DB0001B68D907F1D500BE0020704770B5194D7A
:107DC0008B7885F82D300B7882B005F12F0205F104
:107DD0002E0619440223CDE900261A46044602F075
:107DE00073FC48B90E4B1B68DA0702D500BE02B01F
:107DF00070BD002002B070BD204695F82F100A4AD1
:107E000000241F2385F8304002F042FD30B9044BB6
:107E10001B68DB0702D500BE1720E8E71720E6E75E
:107E2000F0ED00E0E46E0020E46C0020012901D0B8
:107E300001207047F0B5137803F07F01022985B067
:107E4000054606D003F06003202B1AD0002005B0B1
:107E5000F0BD5478012CF5D15388002BF6D1434E58
:107E6000918896F83030042BC9B279D096F82E401C
:107E70008C423DD096F82F408C4257D0012005B05F
:107E8000F0BD5378FE2B16D0FF2BDFD15388002B8B
:107E9000DCD1D488A3B2002BD8D1344E1146284669
:107EA00086F83030C6E90D33B48786F83E3002F0EC
:107EB00081FD0120CBE75388002BC7D1D388012B4C
:107EC000C4D12B498DF80F3000294DD00192FEF717
:107ED000E5FD019A0028B9D0431EDBB204AC11467F
:107EE00004F8013D28462246012302F07BFDC5E748
:107EF000022BC3D1B26BB3681E4F9B1AB36206F15B
:107F000020030FCB07C73A46214602F80C39032459
:107F100028460D2386F8304002F0BAFC0028ADD187
:107F2000154B1B68DB0791D500BE90E7002BA5D150
:107F3000214602F0DFFC0028A0D12146284602F0AD
:107F400005FD00289AD1002496F82F10094A86F8DA
:107F5000304028461F2302F09BFC0028E0D08DE72C
:107F600002F0D6FC204672E70B46B7E7E46E00202D
:107F70009D6A0200E46C0020F0ED00E02DE9F04184
:107F8000B44C94F83050012D8EB01E46074645D0B3
:107F900028D3032D05D0022D5FD001200EB0BDE8FF
:107FA000F08194F82E308B42F7D10D2EF5D1E37B82
:107FB000282B00F01A812A2B40F00D81A64B13B11B
:107FC000607BFEF747FE002594F82F10A34A84F843
:107FD00030501F23384602F05BFC002861D094F833
:107FE0003050D8E794F82F508D42D6D11F2B06D1B0
:107FF000DFF868829A4BD8F800209A4271D00423A7
:1080000094F82E1084F83030384602F081FC38465F
:1080100094F82F1002F07CFC0020BFE7B3F5007F3E
:1080200008D9904B1B68D90700D500BE00200EB0C0
:10803000BDE8F081E27BA36B282A00F087802A2A22
:1080400000F08F80217B626B1E44CB09A66336D083
:1080500096422CD3022384F8303094F82E10384600
:1080600002F074FC002898D1A368A26B94F82E60EB
:10807000934202D9217BC9092ED19B1A7A4AA36265
:108080000FCA764D07C52A46314602F80C3903253A
:1080900038460D2384F8305002F0FAFB00287FF4B4
:1080A0007CAF704B1B68DB07C0D500BE76E76D4B1D
:1080B0001B68DA0793D500BE94F830506BE793B293
:1080C000607B664A04F10F01FEF778FD0028C0F2DC
:1080D0009F80A66B626BBBE73146384602F018FC06
:1080E0005BE7C446BCE80F0026460FC69CE80F00BD
:1080F00007C626F8023B1B0C3370D4E90123E17B51
:108100005A4E626201200022282963632662A2621D
:1081100084F82C20A26384F8300000F0AD802A2976
:1081200000F0DF80002B00F0EF80227BD20940F0CE
:10813000EB80B3F5007F00F26F819BB22946474A7E
:10814000384602F0A5FB0028ABD048E7626B1E441E
:108150009642A663BFF47EAFFFF796FD94F83050C9
:1081600019E7E28A52BA92B21AB1A168B1FBF2F2EF
:1081700092B2D4F81110394DB3FBF2FC09BA02FBEC
:108180001C32607B009661442B46FEF74DFD0028B3
:10819000C0F2FB81864230D9361A40B1A36B291850
:1081A00013FA80F332462846A36314F0D4FF002369
:1081B00094F82F508DF818500722194605A88DF80D
:1081C000147007968DF819308DF8152002F054F9C7
:1081D00094F83050DFE6264B002B3FF4F4AE04F168
:1081E0000F01607BAFF30080EDE6224B002B3FF4E4
:1081F000EAAE607BAFF30080E5E6D4E90D231E44D0
:108200009642A663BFF426AF3846FFF7F1FCE6E6D8
:10821000A368A66B94F83C1084F82C509A1B02209B
:10822000A26284F8300021B942F2050084F83E10C1
:10823000A087002B3FF44EAF002A3FF44BAF237BC7
:10824000DB0940F0E58194F82F10384602F060FB1E
:108250003FE700BFE46E0020556C0200E46C002094
:1082600055534243F0ED00E0046F00205553425354
:108270000000000000000000E28A52BA92B20BBB7C
:10828000002A3FF4E7AE94F83C10A362022284F87F
:108290002C2084F8302000297FF4DFAE42F2050163
:1082A0000022A18784F83E20002B3FF4D6AE237B2A
:1082B000DB0940F09A812946384602F029FB94F800
:1082C000305068E6207BC00913D0002A00F080817E
:1082D000B3FBF2F2002A00F0A3812829384694D19A
:1082E0003AE7E28A52BA92B2002BC9D0207BC00989
:1082F000EBD094F83C10A362022284F82C2084F87E
:1083000030200029CAD0D2E7667B252900F22B81D4
:10831000DFE811F0220129012901E50029012901E5
:1083200029012901290129012901290129012901FD
:108330002901290129012901BD002901290129015A
:108340002901290129012901990087002901290111
:10835000710029012901290129014C002901260068
:10836000304604AA05A9FEF717FC059B002B00F078
:108370004481BDF81020002A00F03F81013B1BBA68
:1083800012BAC8E900320820A368002B44D09842F2
:1083900028BF184683B26063A64A94F82E10384668
:1083A00002F076FA00283FF47CAE18E605AD002313
:1083B0000DF10E02304604A96B600593AB60FEF729
:1083C000EBFB049A002A00F01881BDF80E30002B58
:1083D00000F0138112BA082106925BBA0222ADF8AE
:1083E0001E308DF817108DF81C2095E8070088E8DE
:1083F00007000C20C8E7904B03B33046227DE17C98
:10840000AFF30080D0B994F83C302BB943F6022288
:108410000023A28784F83E3001213846FFF7C2FBD3
:10842000DDE5864B53B1E17C3046C1F3400301F0FA
:1084300001020909FEF7CCFB0028E4D0A368002B59
:108440003FF408AEE8E79DF816307D49002203F0BE
:10845000800362F3C7138DF8163003238DF81520BF
:108460008DF817208DF81430002900F0E180304697
:10847000FEF7FCFB9DF8163080F0010060F3C71397
:108480008DF81630059BC8F8003004207CE74FF0CB
:10849000203302250022CDE90522304607A909AA8A
:1084A00008934FF0800C079309930D93CDE90A339D
:1084B0000C931F260DAB8DF816508DF8175005AD97
:1084C0008DF818608DF815C0FEF7F0FA0FCD594EF3
:1084D0000FC60FCD0FC62B683360242054E794F8E5
:1084E0003C2094F83D0094F83E10DFF848C1DFF8D6
:1084F00058E14FF000084FF00003CDE90588CDE9C1
:10850000078862F303038DF81630F0220A23ADF8D2
:1085100024808DF820008DF821108DF814208DF81E
:108520001B3005AD0FCDACE80F002B68ACF8003068
:10853000BEF1000F76D0ACF1100130464FF400725E
:10854000AFF300800028A4F83C8084F83E800FDB65
:1085500000283FF473AF17E73046FEF7F9FA00281A
:108560003FF451AF6AE794F83C30002B7FF454AFEE
:10857000A38E304A3349607BFEF720FB0028FFF6CC
:108580004BAF00283FF45AAFFEE6A36BA2681E442F
:1085900043F602200021931BA08784F83E1001209F
:1085A0000221A663A36284F82C0084F83010002A0C
:1085B0003FF453AD002B3FF450AD237BDB0914D1C6
:1085C00094F82F10384602F0A3F994F83050E2E402
:1085D000012294F83C1084F82C200222A36284F833
:1085E000302000293FF45AAE5EE694F82E1038464B
:1085F00002F08EF994F83050CDE494F83C30002B22
:108600007FF40AAF43F6022284F83E30A28703E7E4
:1086100094F82E10384602F07BF9D4E90D2617E5C0
:108620000222D6E7A4F83CE084F83EE01220ABE654
:1086300001201FE7E46C002000000000D16B020065
:108640006D6C0200F36E00200000000070B5134C4A
:10865000134E84B020464FF4AE72002114F094FD06
:108660004025002304F58E720092CDE901561A468A
:10867000194604F1B000039504F068F92E4404F1A2
:1086800070020023CDE90025CDE90265201D1946C1
:10869000012204F05BF904B070BD00BFA46F00209C
:1086A000246F002010B5054C04F1B00004F07AF9F5
:1086B000201D04F077F9012010BD00BFA46F002039
:1086C00038B5074C2046002500F8B85B01F058F992
:1086D00004F10C0001F054F984F8B150657138BD13
:1086E000A46F00204B79FF2B01D0002070472DE9AB
:1086F000F04FDFF824B19BF8B13083B04BBB9BF84F
:10870000053033BB0B788A460AEB02050AEB0304FB
:1087100089788BF80010A542064614D91AF8032070
:10872000A3189D420FD36278042A0CD00B2A0AD0DA
:10873000052A0BF1B8080BF1B0070BF10C0917D0A3
:108740009D421C4609D8A4EB0A0080B203B0BDE8E4
:10875000F08F002003B0BDE8F08F1A7813449D42DB
:10876000F1D36278042AEED00B2AECD0052AE7D1A7
:108770002146304602F048F8002843D0A378DB09B0
:1087800005D19BF8B1301BB32278A318D8E79BF82A
:108790000530002BF8D14846019301F0F1F8A2789A
:1087A0008BF80520A2889BF804C0019B1849C2F3EE
:1087B0000A02A2F50072B2FA82F2520962F3410C87
:1087C00018468BF804C004F037F92278A318B7E7ED
:1087D000404601F0D5F8A3788BF8B130A3889BF818
:1087E000B020C3F30A03A3F50073B3FA83F35B0964
:1087F00063F34102394630468BF8B02004F064F947
:108800000028C1D1034B1B68DB07A2D500BEA1E73E
:10881000A86F0020F0ED00E0A46F002070B51C4CA4
:1088200094F8B1208A4205461E460FD1B4F8BC2008
:10883000F2B9184B23B1B2B217490020AFF3008050
:108840002846164904F040F9012070BD63798B4237
:1088500001D0002070BD124B1BB1B1B20020AFF3AC
:1088600000801049284604F0E7F848B1012070BDA7
:10887000B2B2D4F8B41004F1B80000F0F3FFD8E7B6
:1088800032462846074904F099F8012070BD00BF20
:10889000A46F002000000000246F0020547000200E
:1088A00000000000A86F0020F8B50E688D88B7782A
:1088B0003544AE420BD23B469F42344603D10BE0D7
:1088C0006378042B05D023781C44A542F8D80020F7
:1088D000F8BDA3789F42F6D1E3789A42F3D1A5423E
:1088E000F5D9237D012B06D9144B1B68DA07EED589
:1088F00000BE0020ECE723790D46DBB1012BE6D169
:108900002278E389617A1344114423442144994233
:1089100004D3DCE70A7811448B42D8D94A78052A77
:10892000F8D101F071FF28B9044B1B68DB07CED5E5
:1089300000BEF8BDA41BEC800120F8BDF0ED00E006
:10894000C28832B9654B1B68DB0700D500BE00202A
:108950007047F0B40378624803EB830403EB4403ED
:10896000C058831803D08E781C7BA64207D95B4B76
:108970001B68D90700D500BE0020F0BC70472EB997
:10898000012C01D90120F8E701268E7001248C60AA
:10899000C1F80E404C7700256FF03F0481F822505B
:1089A0008C766FF003056FF06404CD760C774D4D37
:1089B000C1F81E50082481F82340825CB3F80D40B2
:1089C00014441C441344A342D1D2474F9D78102D28
:1089D0000CD827FA05F0C04310F0010006D1DA7870
:1089E000964203D107E05A78242AEFD01A7813442C
:1089F0009C42F8D8BBE79C42B9D0062D06D0102D7A
:108A000004D0042DB9D1012248730A73CF781A79A2
:108A1000974218D81FB9012AB4D80127CF701A7805
:108A20001A44A2420FD2967806F0FD0CBCF1050F55
:108A30000FD0112E03D10CE05678242EF3D01678E7
:108A400032449442F8D8254B1B68DA0794D500BE0F
:108A500093E7D678B742F2D19442F4D0D1F81240DD
:108A60008CB9062D30D0102D2ED0042D09D1B2F89E
:108A70000560B2F807505C7D05FB06F304FB03F4C8
:108A8000E408C1F812404B6863B9557E012D3FF6EA
:108A900079AFD2F81A3025B9D2F81E209A427FF465
:108AA00071AF4B60114AA2FB03235A0BCBD0631E5C
:108AB0001344B3FBF2F30233B3F5807F28BF4FF4C6
:108AC0008073C1F816305DE7B2F80530B2F80740A0
:108AD00004FB03F42401E408D3E700BFF0ED00E059
:108AE0000071002003010101501001005917B7D196
:108AF0002DE9F84F0B785D4C03EB83050E4603EB35
:108B000045030989E7589146804679B13944CB78C5
:108B100003F00303012B00F09480738933B13B44CD
:108B2000DA7802F00302012A00F091807488B58897
:108B300000233C44B381F38133827382B382F38296
:108B40003D44A278AC4238BF134609D29A4203D1C1
:108B50000CE06378042B06D023781C44A542F8D897
:108B60000020BDE8F88FA3789A42F5D1E3789945C3
:108B7000F2D1A542F4D994F804A0BAF1020F15D8A5
:108B8000E31BF380B9F1000F16D023781C44BAF12F
:108B9000000F4CD04FF0000B06E06378052B28D077
:108BA000042B03D023781C44A542F6D8304B1B6815
:108BB000DA07D5D500BED3E7737F012B12D006F1BB
:108BC0001E03494686F81D90A6F81890A6F81A903C
:108BD0001846302214F0D8FA01463046FFF7B0FEAE
:108BE0000028BDD023781C44BAF1000FD2D1012057
:108BF000B7E7E37803F00303B9F1000F01D0012BCD
:108C000018D0022BACD12146404601F0FDFD28B31F
:108C100006EB4B03E21B1A8122780BF101039A4504
:108C200014444FF0010BBFD8B9F1000FDFD002237D
:108C30007377DCE7A388B269C3F30A039342E2D2F5
:108C40008EE700233381897801F08EFE65E70022EC
:108C500072819978404601F087FE67E7044B1B68F4
:108C6000DB077FF57DAF00BE7BE700BF0071002012
:108C7000F0ED00E010B4064C06480023C4E90033D0
:108C80001946C4F807304E225DF8044B14F07CBA44
:108C9000007100200C7200200120704710B4064CB7
:108CA00006480023C4E900331946C4F807304E22B1
:108CB0005DF8044B14F068BA007100200C720020BB
:108CC0002DE9F0414B790E2B04D04FF000084046BF
:108CD000BDE8F0818B79012BF7D1CB79012BF4D151
:108CE0003E4E33682BB13E4B1B68DB07EDD500BE13
:108CF000EBE714460F461A46314605463760B48006
:108D0000FFF7D2FD0028E0D0F2883368B978134429
:108D10003C44A74293F814C03B4605D308E05A7878
:108D2000042A4DD00B2A4BD01A7813449C42F6D813
:108D3000BCF1000F4ED02B494A88002AD3D1D81B52
:108D40001FFA80F83272A1F802809C4293F802E088
:108D50000A8098BF034605D80BE05A78042A2BD026
:108D60000B2A29D01A7813449C42F6D8DB1B1FFA31
:108D700083F80022BCF1010FA1F804804A77B2D138
:108D800017FA80F017FA83F3984281780AD2827832
:108D90008A4203D118E04278042AF8D002781044BD
:108DA0008342F8D8284600220E49FFF7A1FE00288A
:108DB0008BD0A6F804808AE79A787245D2D0D5E79E
:108DC0009A788A42B0D0B3E7C278012AE6D18342CA
:108DD000EFD1E7E7DB1B1FFA83F8EAE70071002019
:108DE000F0ED00E00C7200202DE9F047167806F057
:108DF0001F04012C8CB004D0002420460CB0BDE828
:108E0000F087DFF8F892B2F804C0D9F80070804615
:108E100015465FFA8CF317B1BA789A422CD0B44F4A
:108E20007C88002CE9D03A7802EB820002EB400209
:108E300059F802E07444A2789A42DDD1C6F3411693
:108E4000F3B2002B00F09C80012B12D15FEA1C2CA6
:108E50000FD16B881B0A022B00F02E81062B00F02D
:108E60001781012B00F0F580A24B1B68DB0700D5B2
:108E700000BE07233B77BFE7C6F34116F4B2002CD0
:108E800047D0012C25D15FEA1C2C26D0B9F806204A
:108E9000BB18B95CDA89114419448B420ED29A7816
:108EA000023A052A06D8DA78624503D107E05A78F3
:108EB000242AF4D01A7813449942F8D849B10023EF
:108EC00089F80930012498E78A4B1B68D90700D537
:108ED00000BE072389F809308EE76B881B0A012B37
:108EE00000F09580022BEFD16B78812B00F0478149
:108EF000862BE9D10129E2D10B46404629467E4A1C
:108F000001F070FD0028DAD1FF2389F80930002430
:108F100073E76B780A2B4AD00B2B3ED10129CED1B7
:108F2000EB88002BF0D1B9F80630FA181179A9B105
:108F3000F85CD189537A0144034413440A449342B0
:108F400005D395E119780B449A4240F29181597802
:108F50000529F7D19978404601F006FD0026A9F8C9
:108F600006606A8865494046FFF79EFC0446002873
:108F7000CAD02946404601F01DFD89F809603CE74A
:108F80006B780A2B27D00B2B7FF46EAF012900F0F2
:108F9000BD8000233B7701242FE7564B1B6813F05D
:108FA00001032FD107221C4689F8092025E7012952
:108FB00085D1EB88012BA7D1B9F80620BF18A3D023
:108FC0000CAAF97802F8301D294601F00BFD044681
:108FD0000028D2D198E70129DBD1EB88012B35D1CC
:108FE000FB889BB31EEB030330D00CAADB7802F89E
:108FF000303D40460B46294601F0F4FC044628B3B8
:109000003E77FAE600BE072389F80930F5E66B786B
:10901000812B00F0D180862B00F0BE80012B7FF4E5
:1090200053AF012900F0CB8002297FF448AF344BC5
:10903000002B3FF444AF99F80A100020AFF30080F2
:10904000B0FA80F489F809006409D6E6FF233B777B
:10905000D2E67B7F0BB187F81DC06C78842C61D879
:10906000822C65D2012C00F00A81812C7FF4FCAEA9
:1090700001298ED1EB883BB1294640463023214A55
:1090800001F0B0FC002884D1FF233B770024B4E634
:109090006B78812B00F0A180862B7FF4E5AE01294F
:1090A0007FF477AF294640460123134A01F09AFC2A
:1090B00000287FF46EAFE7E76B78812BD8D040F2C1
:1090C000B080852B00F09780862B7FF4CDAE0129F0
:1090D0007FF45FAFEB88012BD6D10B464046294683
:1090E000094A01F07FFC00287FF453AFCCE700BFB2
:1090F0000C720020F0ED00E0CDF4030000710020C0
:10910000000000002A720020CEF403006A8839466D
:109110004046FFF7EDFC002898D02946404601F074
:1091200049FC36E7862CD2D065D3872C7FF49CAEE1
:1091300001297FF42EAFEB88002BA5D0B64EE9466F
:1091400006F1300A30687168B268F368CC46ACE862
:109150000F0010365645E146F4D19DF80210002963
:1091600040F09F80832C00F08381872C00F0648185
:10917000822C00F0618108233B7700243DE6012921
:109180007FF49DAE294640460123A44A01F02AFC03
:1091900000287FF494AEB7E601297FF490AEEB8807
:1091A000012B7FF4B1AE294640469D4A01F01AFCDE
:1091B00000287FF484AEA7E601297FF480AEEB8817
:1091C000012B7FF4A1AE294640460123954A01F0C8
:1091D00009FC00287FF473AE96E601297FF4D9AE2E
:1091E0000B464046294607F11C0201F0FBFB002814
:1091F0007FF4CFAE48E701297FF4CBAEEB88022B9A
:109200007FF442AF0CAA302122F8301D4046294697
:1092100001F0E8FB044600283FF436AF00233B771B
:10922000EBE5012B7FF420AE01293FF425AF0229A5
:109230007FF4AFAE7849A1F11E00FFF781FB044631
:1092400060B3794B7A6BBA613BB1734A79783878FD
:10925000AFF3008000287FF49CAE74490023022005
:109260004FF480720880C7E903337B61BA83C4E599
:109270006F4B1B68D8077FF547AE00BE44E6012957
:109280003FF4FAAE02297FF484AE6349A1F11E00D7
:10929000FFF756FB044600287FF47BAE08233B779C
:1092A000ABE59DF8030000287FD1FA88002A3AD068
:1092B0001EEB020337D01EF80220B3F80D005D4EFE
:1092C00010441844134498420FD99A78102A04D8AD
:1092D00026FA02F2D20700F1D5801A781344984298
:1092E000F1D95A78242AF8D1EDE70346832C5AD0D5
:1092F000872C4CD0822C7FF43EAF01218DF80310D7
:109300001A781A44904237D9947804F0FD06052E55
:1093100010D0112C0ED0147822449042F2D95478F7
:10932000242CF8D1EEE7424B1B68D9077FF523AF19
:1093300000BE20E7D478A142EDD1997806291DD04E
:1093400010291BD004297FF416AFB2F80510B2F82B
:1093500007205B7D02FB01F203FB02F3DB08CDF883
:1093600012306A4629464046302301F03BFB044652
:1093700000283FF489AE51E70246DEE7B2F8051057
:10938000B2F8073003FB01F31B01DB08E7E79A782B
:10939000062A06D0102A02D0042A7FF4ECAE997D6A
:1093A000ACE79979AAE71979A8E7019B002BD8D1F6
:1093B000FA88002AB7D01EEB0203B4D01EF802E0F0
:1093C000B3F80D20DFF86CC072449E1873449E42BF
:1093D0000ED99A78102A03D82CFA02F2D20756D462
:1093E0001A7813449E42F2D95A78242AF8D1EEE72B
:1093F00033461A7813449E4264D99A7802F0FD01EC
:10940000052948D0112A46D01A7813449E42F2D931
:109410005A78242AF8D1EEE72A7200200971002038
:10942000CEF403000A710020000000000C7100203F
:10943000F0ED00E05010010001238DF8023001230F
:109440004FF00112029300230392ADF810304FF653
:10945000C0428DF8223040F29B13ADF81A20ADF8CF
:109460001C30404ACDF81E2008238DF8233078E7C1
:10947000FB88002BE3D01EEB0303E0D01B7B8DF8B1
:109480000230DCE7DA7891427FF427AF2EE7DA7812
:109490009142A5D1ADE7DA789042B5D1823C052C56
:1094A0003FF669AE01A252F824F000BF2D950200EC
:1094B00011950200F3940200779102007791020067
:1094C000C99402003346E9E7D3F8151042F210734D
:1094D000B1FBF3F3019100293ED0DDF812208BB9E6
:1094E000931CB3F5807F28BF4FF48073CDF81630FE
:1094F00037E75A7E72BBD3F8221042F21073B1FBE9
:10950000F3F3E7E7013A1A44B2FBF3F30233E8E777
:109510005A7ECAB1053203EB8202D2F80210D3F8A8
:109520001A3042F21072B3FBF2F3D3E75A7E72B1F3
:10953000053203EB8202D2F80220D3F81A1042F26D
:109540001073B2FBF3F3C5E7D3F81E10E7E7D3F8C7
:109550001E20F2E7002301930023ADF81630ADF88A
:109560001830FEE6030101012DE9F84F334C238941
:1095700053B12278324F02EB820502EB45057D594B
:109580002B449F788F420AD02E4B1B68DB0703D5F4
:1095900000BE0020BDE8F88F0020BDE8F88FD4E9B8
:1095A00004369E4205460BD327490023C4E9033302
:1095B000636119B161781046AFF300800120E9E7DB
:1095C00001F046F90028E7D0DFF88090A36999F808
:1095D0000000D4E9042BA2EB0B0808EB00069E4226
:1095E00028BF1E46B04213D9164B1B6813F0010367
:1095F00001D000BE002339462846144A01F048F93C
:109600000028DBD10F4B1B68DA07C5D500BEC1E7C8
:10961000E168A6EB000A59444844524613F090FD15
:109620000BEB0A03D0456361B3B2E4D199F8012092
:1096300042F0020289F80120DDE700BF0C72002031
:1096400000710020F0ED00E0000000000C7100202F
:109650002DE9F041B2F5004F9DF8188030D804464E
:10966000C0681E460F46154618B14FF0FF310FF087
:10967000FDFE206918B14FF0FF310FF0F7FEE288D0
:10968000E068276066F30E02C2F30721002368F347
:10969000C711E2806381A580E171238118B11A4668
:1096A00019460FF09BFA206938B100231A46194673
:1096B0000FF094FA0120BDE8F0810120BDE8F081AF
:1096C0000020BDE8F08100BF03894289808892B202
:1096D0009BB2934236BFC2EB40029B1A9B189BB2CF
:1096E000984228BF18467047028943899BB2981A4E
:1096F000B0FA80F04009704703894289808892B2AD
:109700009BB2934236BFC2EB40029B1A9B189BB29E
:10971000984286BFC01A80B2002070472DE9F843F6
:10972000054600690E46174618B14FF0FF310FF09D
:109730009DFE2B896989A8889BB289B28B4236BF6E
:10974000C1EB40045C1AE418A4B2002C4AD0A04239
:1097500006D283422CBF191A191889B269810446AE
:10976000BC4228BF3C468842A4B203D8091A89B239
:109770008842FBD9EA882B68401AC2F30E0887B2E8
:109780001FFA88F2BC4202FB013125D917FB08F908
:109790001FFA89F94A46304613F0D2FCE21B12FB4D
:1097A00008F206EB090092B2296813F0C9FC6A8935
:1097B000A88892B211198BB29A4215D940001B1A8F
:1097C0009BB228696B8120B100231A4619460FF01D
:1097D00005FA2046BDE8F88302FB04F2304613F098
:1097E000AFFCE4E769898BB240008342E9DBE6E73E
:1097F00038B5054600690C4618B14FF0FF310FF03F
:1098000035FE29896B89AA8889B29BB2994236BFF5
:10981000C3EB4200C81A401880B200B3824209D29A
:1098200091422CBF8B1A8B189BB29A426B8103D842
:109830009B1A9BB29A42FBD9EA882968C2F30E02AE
:10984000204602FB031113F07BFC0124286920B1A0
:1098500000231A4619460FF0C1F9204638BD0446C8
:10986000F4E700BF2DE9F0471446002A4FD0054623
:10987000C0680F4618B14FF0FF310FF0F7FDEA79DD
:109880002E896989AB88D209B6B289B242D18E429B
:1098900036BFC1EB4301711A891989B2994252D27C
:1098A000591A89B28C42E88828BF0C46C0F30E08CA
:1098B000B342304603D8C01A80B29842FBD21B1A7A
:1098C0002A681FFA83F9A14508FB002047D219FB3B
:1098D00008FA1FFA8AFA5246394613F031FCA4EB13
:1098E000090212FB08F207EB0A0192B2286813F092
:1098F00027FCA3199BB2AA88B3424FEA420201D3C4
:10990000934201DB9B1A9BB2E8682B81F8B9204691
:10991000BDE8F087E8889C42C0F30E080FD28E4263
:1099200023D3721A92B2580022448242C0DBCE186E
:10993000361BB6B2B14220D9361AB6B2B8E7E41A2D
:1099400008FB0477B3B9E86800240028DFD00023BF
:109950001A4619460FF042F92046BDE8F08708FB89
:1099600004F2394613F0ECFBC3E75800421A3244C4
:1099700092B2D9E70E461C4698E7B04298DCDBE786
:1099800010B50446C06818B14FF0FF310FF06EFDFE
:10999000206918B14FF0FF310FF068FDE068002337
:1099A0006381238118B11A4619460FF017F920690F
:1099B00020B100231A4619460FF010F9012010BDFE
:1099C00038B5C379B1EBD31F1FD00446C0680D462C
:1099D00018B14FF0FF310FF049FD206918B14FF079
:1099E000FF310FF043FDE379E06865F3C713E371DE
:1099F00020B100231A4619460FF0F0F8206920B173
:109A000000231A4619460FF0E9F8012038BD00BFBF
:109A1000704700BF704700BF0020704700207047AC
:109A2000704700BF704700BF704700BF704700BF5E
:109A3000024B5878003018BF01207047B4720020E4
:109A4000024B1878C0F38000704700BFB47200204A
:109A5000024B1878FF3818BF0120704718610020AA
:109A60002DE9F047374E3378FF2B82B004D0012523
:109A7000284602B0BDE8F087002946D03822884643
:109A800007460021304813F07FFB304B304900255A
:109A900001201D700FF07CFA2E4B1860002834D086
:109AA0002D4C2346626833F80C0B618800950FF04B
:109AB00023F8A16805460FF0B3FE284B1D6075B36F
:109AC000274B23B12748AFF30080274B1860254C64
:109AD000DFF89CA02278DFF8909000252B460EE05E
:109AE000D9F8003013EB45130FD05B686BB1984782
:109AF00022780135EDB2511DA9422B4615DBAA4251
:109B0000EED89B1A0AEB4313EFE7184B1B68DA07F2
:109B100000D500BE0025284602B0BDE8F087134BF3
:109B20001B68DB07F6D500BEA2E741463846377012
:109B300001F050FE05460028F1D0384601F04CFEF9
:109B400096E700BF18610020B4720020B4730020B3
:109B500064720020EC720020BC600020F0720020D3
:109B600000000000607200205C720020F0ED00E058
:109B7000D0F40300B94B1B78FF2B00F0A1812DE935
:109B8000F04F04468BB04FF47A7200238002A10D8F
:109B900013F094F8B24DDFF8E4B2B24E8246671C7F
:109BA000286800F02481002C00F02181BAF1000F18
:109BB00014BF5246012207A90FF0C6FAC0B19DF8A2
:109BC0001D30013B072B00F21481DFE813F0F20097
:109BD000D300CA00BF00B700410014000800089B72
:109BE0000BB10998984728680FF0ECFD0028D6D1F2
:109BF0000BB0BDE8F08F9DF820109B4B01F07F0764
:109C000003EB470303EBD11393F826006FF3000037
:109C100083F8260093F826006FF3820083F826006D
:109C2000002F00F04581914A1B7D12789342C0F0CD
:109C30003381501D9842C0F234819B1A0BEB4313C1
:109C40009F699DF82120099B9DF81C00B847CAE731
:109C5000874A1378002B00F024811378013BDBB294
:109C60001370137803F0FF00002BBCD1DFF8F891DC
:109C70009DF81C8099F8003043F0010389F800300A
:109C800099F8263060F3000389F8263099F82630D9
:109C900060F3820389F8263099F8273060F30003D7
:109CA00089F8273099F8273060F3820389F8273044
:109CB00000F002FF9DF8203003F06002602A00F0FF
:109CC0000681402A00F00A8103F01F03012B00F0F7
:109CD000D581C0F01281022B40F0F9809DF824104C
:109CE00001F07F07082F00F2F2807B00C809019382
:109CF0004B44034400905D481F7D03789F4280F0F1
:109D00000F82336803EB4717002A00F0108257B127
:109D1000786900F0D1FE7B69404608AA0121984786
:109D200000287FF460AF9DF81C00002101F0BEFF09
:109D300080219DF81C0001F0B9FF54E74A4B1B78C5
:109D4000D8077FF550AFFFF771FE4CE7464B1A7806
:109D5000D7077FF548AF1878C0F3C000FFF764FE5F
:109D600041E7414BDB78D9077FF53DAF0898FFF716
:109D700051FE38E73D4F9DF81C903A7800239846F5
:109D800010E0336813EB481300F08080DB6848462E
:109D900098473A7808F101085FFA88F8511D88451C
:109DA000434645DC9045A3EB0203EAD30BEB431398
:109DB000ECE72E4F9DF81C903A78002398460FE070
:109DC000336813EB48135BD0DB68484698473A7812
:109DD00008F101085FFA88F8511D884543460FDCF9
:109DE0009045A3EB0203EBD30BEB4313ECE72246C6
:109DF000E1E6204B1B68DA077FF5F5AE00BEF2E620
:109E000038220021184813F0BFF91B4A4FF0FF33E6
:109E1000C2E90533C2E90033C2E90233D3611384D6
:109E2000136100F03FFE104B9DF820209A70DAE697
:109E3000382200210C4813F0A7F90F4A4FF0FF33E6
:109E4000C2E90533C2E90033C2E90233D3611384A6
:109E5000136100F027FEFFF7E5FDC4E6186100205E
:109E6000F07200205C720020B4720020607200204A
:109E7000B4730020F0ED00E0B8720020D0F40300CD
:109E8000A44B1B68D907CCD500BECAE7A14B1B6801
:109E9000DA07DED500BEDCE7326812EB43137FF44D
:109EA000CFAE9C4B1B68DB077FF5A2AE00BE9FE6E2
:109EB000099B9DF821209DF81C0000F013FE92E6FE
:109EC0007047FCF7F3FC0246002840F0E981914B13
:109ED0001B68DA077FF527AF00BE24E78E4800280D
:109EE0003FF421AF00F0E8FD404608AA0121FCF74D
:109EF00025FF00287FF477AE15E7202A00F0F180D7
:109F0000002AE4D19DF82130092BE0D801A252F8B3
:109F100023F000BF3BA002001BA00200CF9E020066
:109F20005DA00200CF9E0200FD9F0200A99F0200DB
:109F3000CF9E0200939F02003D9F02009DF82230B9
:109F400001931A4699F801309A4200F0548199F829
:109F50000130002B40F05481019B89F80130002B27
:109F600000F04781581EC0B2FCF7A0FC18B143783E
:109F7000022B00F0C181674B1B68DB0700D500BED8
:109F8000644B1B68D80700D500BE002389F8013058
:109F9000C9E60AAA99F8013002F80E3D40460123AD
:109FA00008A900F01FFD1EE6BDF82200030A5A1E94
:109FB000C0B20E2A3FF6B7AE01A151F822F000BFA1
:109FC000B3A202008FA202007FA20200279D02001E
:109FD000279D020061A202008FA20200279D0200BD
:109FE000279D0200279D0200279D0200279D020059
:109FF000279D0200279D0200E3A2020008A800F0AE
:10A0000061FD40469DF8221001F0ECFB99F800300C
:10A0100043F0020389F80030E5E5BDF82230012B5A
:10A020007FF481AE99F8003040466FF3C30308A96E
:10A0300089F8003000F0BEFCD5E599F800309908A9
:10A0400001F00201C3F340130AAA0B4322F80E3DAC
:10A050004046022308A900F0C5FCC4E5BDF8223043
:10A06000012B7FF460AE99F80030404643F00803BE
:10A0700008A989F8003000F09DFCB4E59DF8243073
:10A080000F2B3FF650AE4B44244A1B791778BB4246
:10A0900038D2376817EB43173FF445AE786900F0C4
:10A0A0000BFD7B6908AA01214046984700287FF4F0
:10A0B0009AAD9DF8203013F060077FF434AE9DF820
:10A0C00021300A3B012B3FF62EAE00F0F5FC9DF847
:10A0D00021300A2B00F0FC8008A9404600F06AFC01
:10A0E00081E59DF824300F2B3FF61DAE4B440B4A03
:10A0F0001B791778BB4260D2376817EB43173FF4E0
:10A1000012AE05E67A1D9A42FFF60DAEDB1B0BEB95
:10A110004317C3E7F0ED00E03D6D020060720020E0
:10A12000581DB84239DA002A7FF4FDAD17469DF874
:10A130002130012B03D036D3032B7FF4C8AEBDF8FA
:10A1400022200292AAB9B84A012B10783DD001F022
:10A15000ADFD019B009A4B44134493F8262042F036
:10A16000020283F8262093F8262042F0010283F8A9
:10A170002620002F3FF437AD786900F09DFC7B6905
:10A18000012108AA40469847002000F095FC99F864
:10A190002730D9073FF527AD9EE7FB1A0BEB431796
:10A1A000002AC4D0B4E5019B009A4B4413442033E9
:10A1B0000AAA9B79C3F3400348E77A1D9A42FFF647
:10A1C000B2ADDB1B0BEB4317A2E501F097FD019B42
:10A1D000009A02994B44134493F8262061F34102FC
:10A1E00083F8262093F8262061F3000283F82620C6
:10A1F000BFE7FFF717FC404608A900F0DBFBF2E4DD
:10A200000021404601F000FB404601F09FFB874FD4
:10A2100099F802300293002300943A781C460CE02F
:10A220000BEB4313DB68404698473A780134E4B2BD
:10A23000501D8442234600F3CE809442A3EB0203D8
:10A24000EED2336813EB4413ECD1794B009C1B68BE
:10A25000DB0700D500BE9DF8083089F802307BE6A8
:10A26000FFF7DAFB024600283FF45DAD4046137865
:10A2700008A900F0B7FB00287FF4B5AC53E5BDF8A2
:10A280002410FCF719FB02460028EFD14BE5022B06
:10A290003FF417AEFFF7C2FB024600283FF443AD80
:10A2A0004046538808A900F09DFB00287FF49BAC32
:10A2B00039E5FCF7F7FA024600283FF408AE4046BD
:10A2C000122308A900F08EFB00287FF48CAC2AE54D
:10A2D0000AAA08A902F80E7D4046012300F082FB7D
:10A2E00081E4544B002B3FF41EADFCF723FD0246E6
:10A2F00000283FF418ADD3E7C27999F80030511126
:10A3000061F30413921162F3451389F80030438816
:10A31000CDF81080CDE900A4C318039300F109071C
:10A32000039BBB4237D97B780B2B03BF3B7897F855
:10A3300003A0FF184FF0010A7B78042B43D1039B45
:10A340003A4ACDF814A0DB1B00219BB2029112788F
:10A3500088469A4617E0346814EB481433D05246C6
:10A360003946049823699847082808F1010201D961
:10A37000824543D22D4B5FFA82F81A78CDF80880D7
:10A38000511D88451CDC029B9045A3EB0202E2D3E1
:10A390000BEB4214E3E7DDF81080DDE900A4FFF7E2
:10A3A0003FFB28E70246434604463946224802F06E
:10A3B000B1FA1E4B029A1B78053393422744AFDA59
:10A3C000DDE900A4D7E51A4B1B68DF07DDE900A42F
:10A3D0007FF5D6ADD3E5382200211848009C12F055
:10A3E000D3FE174A4FF0FF33C2E90533D36113841C
:10A3F000C2E90033C2E9023313612CE7DDF814A08F
:10A40000BAF1010F1ED00021CBB2534501F1010179
:10A41000C8D2BA78134459FA83F31A79FF2AD2D1F1
:10A4200083F80480F0E700BF18610020607200200C
:10A43000F0ED00E0356D0200C8720020B47200201B
:10A44000B872002023690A4A0A498B4208BF4FF0BC
:10A45000020A9342D7D17B79012BD4D1BB79012B4E
:10A46000D1D1FB79002B08BF4FF0020ACBE700BF28
:10A470005D7902001D7102002DE9F0434378023B33
:10A4800085B005460E46042B0CD8DFE803F0495D85
:10A49000037E3F00844B1A78D70715D51A7842F00F
:10A4A00004021A70814B18688EB933464FF0FF32A0
:10A4B00029460EF093FB003018BF0120F0B97C4B09
:10A4C0001B68DB0700D500BE05B0BDE8F08304AA19
:10A4D000002342F80C3D29460EF090FD019B43B14C
:10A4E000744B4FF080525A6040BFBFF34F8FBFF3A1
:10A4F0006F8F003018BF01200028E0D03246697805
:10A500002878FFF785FA05B0BDE8F0836A4A13782A
:10A510000133DBB21370654B1868002ED7D1C4E746
:10A52000614B1A786FF300021A701A7800216FF3EA
:10A5300041021A7059701A7861F382021A705B4BEB
:10A540001868002EC3D1B0E75C4FDFF874913978FA
:10A55000DFF87081002423460AE0D8F8003013EBBE
:10A5600044130AD10134E4B24A1DA242234615DB4A
:10A570008C42F2D35B1A09EB4313DB69002BF1D059
:10A580006968287898473978ECE7474B1A78D407F8
:10A590009AD51A786FF382021A7083E7424C2378B7
:10A5A00058072FD5237841496FF3820323702B7806
:10A5B0008DF8043005220023CDF80A30CDF806309E
:10A5C000ADF80E3008688DF80520002E59D004AA89
:10A5D00001A942F8103D0EF011FD009B43B1354B2F
:10A5E0004FF080525A6040BFBFF34F8FBFF36F8F61
:10A5F000003018BF012000284DD12D4B1B68D90712
:10A6000000D500BEE378DA077FF55EAF274A2B78E6
:10A61000696810688DF8043003220023CDF80A30F1
:10A62000CDF80630ADF80E3002918DF80520F6B168
:10A6300004AA01A942F8103D0EF0E0FC009B43B1D2
:10A640001C4B4FF080525A6040BFBFF34F8FBFF397
:10A650006F8F003018BF012000283FF430AF324622
:10A660009DF805109DF80400FFF7D2F92CE733465A
:10A670004FF0FF3201A90EF0B1FA003018BF0120EF
:10A68000EAE733464FF0FF3201A90EF0A7FA003097
:10A6900018BF0120AFE732469DF805109DF8040071
:10A6A000FFF7B6F9AEE700BFB4720020F0720020E9
:10A6B000F0ED00E000ED00E0B473002060720020D7
:10A6C000D0F403005C7200202DE9F84F0A9F002AA5
:10A6D0004CD090464A78052A0C460ED1CE7806F02A
:10A6E0000306B34209D18A7802F07F02082A0DD905
:10A6F000204B1B68DA0700D500BE1E4B1B68DB072A
:10A7000002D40020BDE8F88F00BEFAE7DFF868B099
:10A71000DFF868A09BF8009000250EE06278052A1B
:10A72000EBD1E27802F00302B242E6D1A27802F065
:10A730007F02082ADCD89BF800909AF802100022C9
:10A74000204602F095F80028D2D04846214601F074
:10A750006FF80028D1D0A278D30916BF0B9B3A70AE
:10A760001A702278013545451444D7D10120BDE83F
:10A77000F88F00BFF0ED00E018610020B4720020F7
:10A7800030B51E4D85B0082400230290019303913B
:10A790008DF805402868144682B9134601A94FF088
:10A7A000FF320EF01BFA003018BF0120E0B9144B45
:10A7B0001B68DB0700D500BE05B030BD04AA01A9A7
:10A7C00042F8103D0EF01AFC009B43B10D4B4FF0C8
:10A7D00080525A6040BFBFF34F8FBFF36F8F00307E
:10A7E00018BF01200028E2D022469DF805109DF8F0
:10A7F0000400FFF70DF905B030BD00BFF072002076
:10A80000F0ED00E000ED00E038B58B7803F07F0359
:10A81000082B06D90B4B1B68DB0700D500BE0020B8
:10A8200038BD094A094B0C46204691781D78002214
:10A8300002F01EF80028EDD021462846BDE8384039
:10A8400000F0F6BFF0ED00E0B472002018610020C7
:10A85000CB09263301F07F010348044A03EB410191
:10A860000844116801F0BABFB4720020EC720020F5
:10A87000CB09263301F07F010348044A03EB410171
:10A880000844116801F0D6BFB4720020EC720020B9
:10A8900038B5154C01F07F0504EB450404EBD114E9
:10A8A0002034A079C00706D5104B1B68DA0700D505
:10A8B00000BE002038BDA5790D4845F0010500789F
:10A8C000A57101F0F1F80028F4D1A379074A60F3EB
:10A8D0000003A371A37960F38203A3711368DB07FC
:10A8E000E7D500BE38BD00BFB4720020F0ED00E037
:10A8F00018610020054B01F07F0203EB420303EBDC
:10A90000D11191F8260000F001007047B4720020C8
:10A9100010B50C4B18780C4601F0C8F90A4904F040
:10A920007F0301EB430101EBD41191F8263043F092
:10A93000020381F8263091F8263043F0010381F8B4
:10A94000263010BD18610020B4720020054B01F0C4
:10A950007F0203EB420303EBD11191F82600C0F311
:10A9600040007047B472002010B50F4B18780C46A9
:10A9700001F036F80D4904F07F0301EB430101EBD0
:10A98000D41191F826306FF3410381F8263091F805
:10A9900026306FF3000381F8263091F826306FF3EC
:10A9A000820381F8263010BD18610020B4720020A7
:10A9B000704700BF0A4630B4094C49680546106824
:10A9C000234603C30023C4E9023392F900209A42CC
:10A9D0002846ACBF802119461A4630BCFFF758BF45
:10A9E000F8730020F0B50E462B4C496807463068D6
:10A9F000A260254603C50021E181F588AB4228BF4E
:10AA00002B4683B0A381ADB13BB3002A3DD094F96E
:10AA10000000402B28BF402300282CDB1F4A38466B
:10AA2000FFF736FF98B91E4B1B68DB0712D500BE37
:10AA300003B0F0BD96F90030002BACBF802100219F
:10AA400038462B462A46FFF723FF0028EBD001208B
:10AA500003B0F0BD002003B0F0BD94F90020002A3F
:10AA6000ACBF194680211A463846FFF711FF00286F
:10AA7000D9D00120ECE71146084801931A4612F09C
:10AA80005FFB064A019B8021EEE7054B1B68D90757
:10AA9000E0D500BE1046CBE7F8730020B873002065
:10AAA000F0ED00E0034B0022C3E90022C3E90222DB
:10AAB0001A617047F8730020014B1861704700BF9E
:10AAC000F87300200346064A5968006810B413461C
:10AAD000002403C3C2E902445DF8044B704700BF81
:10AAE000F873002070B5404C2278C909B1EBD21F31
:10AAF00082B0064615D03BB13C4B1B68DA0700D547
:10AB000000BE002002B070BD2146FFF751FF23694F
:10AB1000002B40D02246304603219847012002B046
:10AB200070BD94F90020A068002A08DB0028E8D056
:10AB30001A462F49019312F003FBA068019BE58997
:10AB4000E2881D44ADB21844AA42A060E58101D05C
:10AB50003F2B23D8236923B1234A0221304698474B
:10AB600088B194F9002000239A42ACBF8021194695
:10AB700030461A46FFF78CFE68B91C4B1B68DB0792
:10AB8000BFD500BEBEE70146304601F08FF8304623
:10AB9000802101F08BF8012002B070BDA28994F9E8
:10ABA0000010531B9BB2402B28BF402300290ADB17
:10ABB00095424FF0000112D00D4A3046FFF768FE73
:10ABC0000028DAD0E7E795420BD001461A4608483C
:10ABD000019312F0B5FA8021054A019BEDE70A4680
:10ABE000EBE780210022E8E7F8730020F0ED00E0B9
:10ABF000B873002000B170470FF0AEBF00B17047CE
:10AC00000FF0B4BF0138C3B2042B07D856230D4A46
:10AC100003FB00F013181B79DB0706D40A4B1B68F3
:10AC2000DB0700D500BE00207047CB09363301F0AA
:10AC30007F0103EB4101054B08441044196801F002
:10AC4000CDBD00BF0C740020F0ED00E0BC7500200D
:10AC50000138C3B2042B07D856230A4A03FB00F07D
:10AC600013181B79DB0701D400207047CB0936335A
:10AC700001F07F0103EB4101034B084410441968C4
:10AC800001F0D8BD0C740020BC750020F0B5441E46
:10AC9000E5B2042D83B017D8562505FB04F5174EF1
:10ACA00001F07F0405EB4404344404EBD114303448
:10ACB000A779FF070BD5124B186810F0010001D0DF
:10ACC00000BE002003B0F0BD002003B0F0BD1F4661
:10ACD00013460A460146705DA579009745F00105C7
:10ACE000A57100F0BDFB0028ECD1A37960F300034F
:10ACF000A371A37960F38203A371E3E70C740020CE
:10AD0000F0ED00E02DE9F047764DAF798F4284B049
:10AD100091461E4604465BD0E2234FF0000AA9711B
:10AD20008DF809108DF80830ADF80CA0002E00F059
:10AD3000B380012103AF0DF10808FBF72BFE41465C
:10AD40003A4602232046FBF753FE51462046FBF7C6
:10AD500021FE9DF80C30EB702223D9F800908DF87D
:10AD60000730002E3ED020460121FBF713FE3A4665
:10AD70000DF1070101232046FBF73AFE9DF80C3048
:10AD8000EB704946082300222046FBF731FE20469F
:10AD90000021FBF7FFFD0026102241F2F2032046BE
:10ADA0000121EA71ADF80830ADF80C60FBF7F2FD57
:10ADB0003A46414602232046FBF71AFE314620461A
:10ADC000FBF7E8FD9DF80C30EB7004B0BDE8F087B0
:10ADD000222303AF0DF10808D9F800908DF8073051
:10ADE000002EC0D14FF0FF31E86D0EF03FFB314631
:10ADF0002046FBF709FE20460121FBF7CBFD3A4632
:10AE00000DF1070101232046FBF7F2FD9DF80C3000
:10AE1000EB703246082349462046FBF7E9FD3146F0
:10AE20002046FBF7B7FD20460121FBF7EDFD334639
:10AE300032463146E86D0DF0D1FE102241F2F203A8
:10AE40004FF0FF31E86DEA71ADF80830ADF80C60F5
:10AE50000EF00CFB31462046FBF7D6FD20460121C3
:10AE6000FBF798FD3A46022341462046FBF7C0FD1A
:10AE700031462046FBF78EFD20460121FBF7C4FD3D
:10AE8000334632463146E86D0DF0A8FE9DF80C3091
:10AE9000EB7004B0BDE8F0874FF0FF31E86D0EF0C5
:10AEA000E5FA31462046FBF7AFFD03AF204601210E
:10AEB0000DF10808FBF76EFD3A4602234146204695
:10AEC000FBF796FD31462046FBF764FD2046012145
:10AED000FBF79AFD334632463146E86D0DF07EFEB3
:10AEE00037E700BFC07500202DE9F04F4B781D07F4
:10AEF0000E4685B090460978044662D1DA0600F124
:10AF00004881B26812B1B288002A5AD1E24D03F0EA
:10AF10002006AB7966F07F068B42F6B200F06481C2
:10AF2000E2230027A9718DF809108DF80830ADF8DB
:10AF30000C70B8F1000F00F06C82012120460DF179
:10AF40000C090DF1080AFBF725FD51464A4602237C
:10AF50002046FBF74DFD39462046FBF71BFD9DF8CB
:10AF60000C30EB70F223EE718DF8096000268DF83D
:10AF70000830ADF80C60B8F1000F40F0D980E86DF2
:10AF80004FF0FF310EF072FA41462046FBF73CFDD0
:10AF900020460121FBF7FEFC4A460223514620468B
:10AFA000FBF726FD41462046FBF7F4FC2046012135
:10AFB000FBF72AFD434642464146E86D0DF00EFE82
:10AFC00045E0B54D13F02007AA7946D1914240F0F3
:10AFD000BE800DF10C090DF1080AB37813F0100FC3
:10AFE0000CBF10222022EA2300278DF809208DF8BB
:10AFF0000830ADF80C70B8F1000F00F0FA800121B4
:10B000002046FBF7C7FC02234A4651462046FBF781
:10B01000EFFC39462046FBF7BDFC9DF80C30EB7089
:10B020007378EB71F222012120468DF809308DF8FA
:10B030000820ADF80C70FBF7ADFC51464A460223E0
:10B040002046FBF7D5FC39462046FBF7A3FC9DF8CC
:10B050000C30EB7005B0BDE8F08F914240F0A1805C
:10B060000DF10C090DF1080AB37813F0100F0CBFA5
:10B0700040228022EA2300278DF809208DF808302D
:10B08000ADF80C70B8F1000F00F0E480012120460B
:10B09000FBF780FC514602234A462046FBF7A8FCFA
:10B0A00039462046FBF776FC9DF80C30EB70328871
:10B0B0002B899A422AD0B788F2887388BF1ABFB208
:10B0C0005B099F4228BF1F4617F0FF0740F0088129
:10B0D0003A23AF708DF8097000278DF80830ADF86D
:10B0E0000C70B8F1000F00F0D98001212046FBF769
:10B0F00051FC514602234A462046FBF779FC39466B
:10B100002046FBF747FC9DF80C30EB7033782B7230
:10B1100073786B727378EB71F22200268DF8093028
:10B120008DF80820ADF80C60B8F1000F3FF427AFA0
:10B1300020460121FBF72EFC51464A4602232046B9
:10B14000FBF756FC31462046FBF724FC7FE7E22361
:10B15000A9718DF80910ADF80C708DF80830B8F1B0
:10B16000000F00F0DE80012120460DF10C090DF1E9
:10B17000080AFBF70FFC51464A4602232046FBF71C
:10B1800037FC39462046FBF705FC9DF80C30EB7088
:10B1900023E7434606F10802FFF7B4FD05B0BDE81A
:10B1A000F08FE2230027A9718DF809108DF808307F
:10B1B000ADF80C70B8F1000F00F0D98001212046E5
:10B1C0000DF10C090DF1080AFBF7E4FB51464A4664
:10B1D00002232046FBF70CFC39462046FBF7DAFB3E
:10B1E0009DF80C30EB703FE70DF10C090DF1080AEA
:10B1F000B8E64FF0FF31E86D0EF038F941462046D1
:10B20000FBF702FC01212046FBF7C4FB02234A4660
:10B2100051462046FBF7ECFB41462046FBF7BAFBC4
:10B2200001212046FBF7F0FB434642464146E86DCC
:10B230000DF0D4FC9DF80C30EB707378E86DEB7179
:10B24000F2224FF0FF318DF80930ADF80C808DF807
:10B25000082097E64FF0FF31E86D0EF007F9414600
:10B260002046FBF7D1FB20460121FBF793FB4A4622
:10B27000022351462046FBF7BBFB41462046FBF725
:10B2800089FB20460121FBF7BFFB4346424641466E
:10B29000E86D0DF0A3FC07E7C07500204FF0FF310B
:10B2A000E86D0EF0E3F841462046FBF7ADFB204683
:10B2B0000121FBF76FFB4A46022351462046FBF76C
:10B2C00097FB41462046FBF765FB20460121FBF733
:10B2D0009BFB434642464146E86D0DF07FFC12E77A
:10B2E00012238DF80730D6F808B0B8F1000F64D0FB
:10B2F00020460121FBF74EFB4A460DF107010123D1
:10B300002046FBF775FB9DF80C30EB7059463B4629
:10B3100000222046FBF76CFB00212046FBF73AFB9E
:10B32000D6E64FF0FF31E86D0EF0A0F8414620461A
:10B33000FBF76AFB0DF10C09204601210DF1080A0B
:10B34000FBF728FB4A46022351462046FBF750FBF9
:10B3500041462046FBF71EFB20460121FBF754FB2C
:10B36000434642464146E86D0DF038FC0DE74FF08C
:10B37000FF31E86D0EF07AF841462046FBF744FBBA
:10B380000DF10C09204601210DF1080AFBF702FB23
:10B390004A46022351462046FBF72AFB41462046F7
:10B3A000FBF7F8FA20460121FBF72EFB4346424605
:10B3B0004146E86D0DF012FC12E74FF0FF31E86DE9
:10B3C0000EF054F841462046FBF71EFB20460121B3
:10B3D000FBF7E0FA4A460DF1070101232046FBF78F
:10B3E00007FB9DF80C30EB7042463B465946204621
:10B3F000FBF7FEFA41462046FBF7CCFA2046012136
:10B40000FBF702FB434642464146E86D0DF0E6FB82
:10B410005EE64FF0FF31E86D0EF028F84146204619
:10B42000FBF7F2FA0DF10C09204601210DF1080A93
:10B43000FBF7B0FA4A46022351462046FBF7D8FAFA
:10B4400041462046FBF7A6FA20460121FBF7DCFA2D
:10B45000434642464146E86D0DF0C0FB7FE500BF24
:10B460002DE9F04102F07F0CBDF818E0D20981BB54
:10B47000BCF1000F5ED13E4EA6F160077178B47842
:10B4800082F0010262F345110A466FF3041244F0A0
:10B4900010017270B170B278B360032363F30302DA
:10B4A00000258046A6F804E0B270F5802846FFF734
:10B4B000A1FBBC7AC4BB01252046BD72FFF79EFBF1
:10B4C0002246404631462C46FFF70EFD2046BDE899
:10B4D000F08182F00108BCF1000F2ED0254F01222F
:10B4E0003C4604E00132142A04F10C0418D094F80C
:10B4F0006C508D42F6D102EB420507EB850595F8BD
:10B50000615005F00F066645ECD1C5F34015454581
:10B5100004F16C06BFD00132142A04F10C04E6D108
:10B5200000242046BDE8F0812846FFF767FB20464F
:10B53000BDE8F08182F00108D0E70E4F01243D46BE
:10B5400002E00134142CEBD095F86C608E4205F1CA
:10B550000C05F6D104EB4406B60007EB060C9CF88C
:10B5600061C01CF00F0FECD160363E4486E700BF8F
:10B5700020760020C075002042DF704743DF70470F
:10B5800044DF704712DF7047F0B5334CBFF35B8F79
:10B59000014604F590730125D3E84F2FC3E8405FBF
:10B5A0000028F9D1BFF35B8F12F0FF0F48D10829B3
:10B5B00029D04E01A21954F806C028489388284F74
:10B5C00001F5947601EB810E50F82660D2889A1A24
:10B5D00093B2B6B200EB8E0209B2B34228BF334633
:10B5E000C2F800C707EB8100C2F8043747F82150C2
:10B5F000BFF36F8FBFF34F8F1A4B984218D0043BA5
:10B60000984215D0F0BD154BD3F8C024D1030FD408
:10B6100094F80B1161B11449D4F80001C3F8A007E4
:10B62000C3F8A4270D60BFF36F8FBFF34F8FF0BD3A
:10B630000023BFF35B8F84F82031BFF35B8FF0BD35
:10B640000A4B0B485A68C2F30802003218BF0122A5
:10B65000BDE8F040FFF794B810770020007002407A
:10B6600028700240507002404870024000ED00E037
:10B67000E9B60200174BBFF35B8F01460122D3E806
:10B680004F0FC3E84C2FBCF1000FF8D1BFF35B8F15
:10B6900010F0FF0F14D10A60BFF36F8FBFF34F8F0D
:10B6A0000D4B994203D0043B994200D070470B4B9D
:10B6B000BFF35B8F002283F82021BFF35B8F7047BD
:10B6C000074B08485A68C2F30802003218BF01222B
:10B6D000FFF756B8307800205070024010770020F5
:10B6E00000ED00E075B60200F0B5334CBFF35B8FA0
:10B6F000C1B204F590730126D3E84F2FC3E8406F21
:10B700000028F9D1BFF35B8F12F0FF0F47D1082952
:10B7100028D04D01621954F805E028489388DFF8D5
:10B72000B0C001F5947550F82570D2888D009A1A32
:10B7300093B2BFB26A1800EB8202BB4228BF3B46FD
:10B74000C2F800E76544C2F804374CF82160BFF343
:10B750006F8FBFF34F8F1A4B9D4218D0043B9D4211
:10B7600015D0F0BD154BD3F8C024D1030FD494F8F5
:10B770000B1161B11349D4F80001C3F8A007C3F855
:10B78000A4270E60BFF36F8FBFF34F8FF0BD002370
:10B79000BFF35B8F84F82031BFF35B8FF0BD0A4BA2
:10B7A0000A485A68C2F30802003218BF0122BDE8F5
:10B7B000F040FEF7E5BF00BF1077002000700240A8
:10B7C000507002404870024000ED00E0E9B602000F
:10B7D0002870024001207047014B80225A60704758
:10B7E00000E100E0074BD3F80014D3F80024002058
:10B7F0000A434FF48001C3F80024C3F85801C3F88A
:10B800000413704700700240074B4FF4001229B92F
:10B81000C3F80823054B83F821117047C3F80423AC
:10B82000024B83F82111704700700240107700200E
:10B8300070B48A788C88414EC97802F07F03D509AC
:10B8400005EB430006EB001001F00301C4F30A040A
:10B85000012904812BD0012101FA03F4BDB138483C
:10B8600002339940C0F80413D0F810352343C0F8D0
:10B870001035334B42F48071C3F81825C3F80C150A
:10B88000BFF36F8FBFF34F8F012070BC70472C4800
:10B8900003F10C06B140C0F80413D0F8141503F5F9
:10B8A00094730C43C0F8144540F82350E1E7082B8B
:10B8B00008D0244B186810F00100E6D000BE00202C
:10B8C00070BC7047EDB9B6F818311BB11C4B802223
:10B8D000C3F81C251A4A0023C2F85031D2F80033AD
:10B8E00013F4001308BFC2F85431154B4FF4401243
:10B8F000C3F80423D3F8142542F48072C3F8142546
:10B90000BEE7B6F808210E4B0021C3F82C1112B186
:10B910008022C3F81C250A4AD2F8003313F400131E
:10B9200008BFC2F85431064B074AC3F80423D3F8C2
:10B93000102542F48072C3F81025A1E7107700208B
:10B9400000700240F0ED00E0000820001F4B802254
:10B950002DE9F041C3F88420BFF34F8FBFF36F8F01
:10B9600001241B4D1B4FA0460026A30004F10C022E
:10B97000A11C03F1804303F51C3308FA01F108FA16
:10B9800002F20A43C7F8082328465E6001342022E9
:10B990009E62002111F0F8FB082C05F12005E4D18E
:10B9A0000D4BC7F808332022C7F81C6500217E62C2
:10B9B0000A48BE6411F0E8FBC7F81485C7F8108583
:10B9C000024B80225A60BDE8F08100BF00E100E038
:10B9D000307700200070024000083000107800200E
:10B9E00001F07F02082A70B44FEAD11128D0012358
:10B9F00003FA02F0C043B1B1294C951CAB40C4F826
:10BA00000833D4F81055274B2840C4F8100501EB33
:10BA1000420103EB01110023CB72BFF36F8FBFF321
:10BA20004F8F70BC70471E4C02F10C05AB40C4F840
:10BA30000833D4F814551B4B2840C4F81405E6E726
:10BA4000184B03EB01100024A0F808411448D1B1B1
:10BA50004FF40064C0F80843D0F8104524F4807413
:10BA6000C0F81045B3F81841B3F808510C48EC423F
:10BA70004FF0000608BF4FF40014C0F81C6508BF63
:10BA8000C0F80843C3E74FF48014C0F80843D0F867
:10BA9000144524F48074C0F81445C0F85011E1E74F
:10BAA000007002401077002001F07F004FEAD11CA7
:10BAB000F0B50CEB4005744E2D01771985B0FC7A7A
:10BAC0004CB1724B1C6814F0010401D000BE00247C
:10BAD000204605B0F0BD04F0FF0E7251BB80A7F800
:10BAE00006E0002843D1002B57D0BCF1000F00F036
:10BAF0008E8006EB401100EB8003CD8A8A8A0C8B86
:10BB00000969521B9B0092B203F1804303F51C3379
:10BB1000A24228BF22465E4DC3F8001600B2C3F809
:10BB200004265C4BBFF35B8F05EB80010122D3E859
:10BB30004F4FC3E8472F002FF9D1BFF35B8FE4B21B
:10BB4000002C40F0908045F82020BFF36F8FBFF3AA
:10BB50004F8F514B994202D0043B994219D1BFF308
:10BB60005B8F002386F82031BFF35B8F11E0BCF1BF
:10BB7000000FBED106EB40160123F372BFF36F8FA7
:10BB8000BFF34F8FB37A23B1F37A03F0FF04002B96
:10BB900074D10124204605B0F0BD404AD2F880247B
:10BBA000C2F3C0126245A0D03D4D6A688DF80810FE
:10BBB000C2F3080100314FF4E06218BF012101A86F
:10BBC00003938DF80930ADF80420FEF755FCBFF360
:10BBD0005B8F06F590720123D2E84F1FC2E8403F09
:10BBE0000028F9D1BFF35B8FCCB2002C38D12A4AA0
:10BBF0001360BFF36F8FBFF34F8F1C46BFF35B8F94
:10BC0000204686F82011BFF35B8F05B0F0BD0123FD
:10BC1000204AF372BFF35B8FD2E84F4FC2E8413F37
:10BC20000029F9D1BFF35B8FE4B26CB91D4A1360F0
:10BC3000BFF36F8FBFF34F8FBFF35B8F86F820C1C9
:10BC40001C46BFF35B8F43E7154B16495A681648ED
:10BC5000C2F30802003218BF0122FEF791FD37E758
:10BC60006A680D49F3E70E4B0F485A68C2F30802A1
:10BC7000003218BF0122FEF783FD29E786F80AC0CB
:10BC8000FFF782FC24E700BF10770020F0ED00E012
:10BC90000470024030780020507002400070024072
:10BCA00000ED00E04C70024075B6020011F07F001C
:10BCB00008B512D008280BD00E4B41F48072C90988
:10BCC000C3F8182504D10C4B03EB40139A7A62B9E0
:10BCD000BFF36F8FBFF34F8F08BD064B01225A652C
:10BCE000BFF36F8FBFF34F8F08BD9972FFF74CFC06
:10BCF000EEE700BF007002401077002011F0770FD0
:10BD000012D00A4B41F48072C3F80C15C3F80C250D
:10BD1000CA09C3F8181504BF01F5947143F821202E
:10BD2000BFF36F8FBFF34F8F704700BF00700240AB
:10BD30002DE9F04FA54BA64CD3F8000300238BB0A0
:10BD40001E461F46012520FA03F11A19C9074FEABA
:10BD5000820209D5116839B105FA03F117600E4363
:10BD6000BFF36F8FBFF34F8F0133192BEBD1F20766
:10BD700000F13582974D330508D5944BD3F8A8369A
:10BD800001229BB2A5F8163185F81C21B70206F4F2
:10BD9000800424D58D4BD3F81425D00540F1FC81C7
:10BDA000002C00F0A182D3F80024D20740F19C823D
:10BDB000D3F81035DA0540F1FB8195F81C3107AF57
:10BDC000002B40F0BD82814BD3F8203508933846D4
:10BDD0004FF440730121ADF81C30FEF74DFB04B366
:10BDE0007A4AD2F8004440F201732340C2F800348A
:10BDF000E30500F15682670510D5744B0122C3F8A4
:10BE000008259A65D3F8002312F4001208BFC3F87E
:10BE100054216E4B4FF40012C3F80423A00500F127
:10BE2000358231023DD5694BD3F880C4D3F88414F0
:10BE3000D3F888E4D3F88C74D3F89084D3F894447E
:10BE4000D3F89804D3F89C245FFA8CF35FFA80FC53
:10BE5000D0B25A06C9B25FFA8EFEFFB25FFA88F816
:10BE60005FFA84F901D105291BD00024224668F32A
:10BE7000070263F3070461F30F2469F30F226EF3E3
:10BE800017446CF3174260F31F6267F31F644FF4AB
:10BE9000C063012107A8CDE90842ADF81C30FEF7C8
:10BEA000EBFA4D4B3340002B40F09181DFF82491A9
:10BEB000464F4D46CA4609F5907800241DE02B44B4
:10BEC000DA7A002A00F0D781DA88AAF80420002262
:10BED000DA72D98809914FF4E063012107A88DF83F
:10BEE00020B08DF82120ADF81C30FEF7C5FABBF16B
:10BEF000080F47D001340AF1200A04F10C0326FA96
:10BF000003F3DB075FFA84FBF1D504EB840307EB53
:10BF10008303DAF80020D3F80807630112FA80F2ED
:10BF2000E918CAF80020CA8880B2024492B2082CEC
:10BF3000CA80C4D0BAF808208242C0D1CA88BAF8F0
:10BF400004109142BBD9BBF1000FD0D10122BFF345
:10BF50005B8FD8E84F3FC8E8412F0029F9D1BFF3E4
:10BF60005B8F13F0FF0F40F052821C490A60BFF351
:10BF70006F8FBFF34F8FBFF35B8F85F82031BFF317
:10BF80005B8FB7E7164B3340002B00F002810F4B5D
:10BF9000D3F86C240192C3F86C24BFF36F8FBFF306
:10BFA0004F8F16F4806600F06E81D3F88024D3F8AA
:10BFB000803483F08003C3F3C0130593C2F3C0132E
:10BFC0000493DFF808A00024A84613E000700240A4
:10BFD000409C001010770020FCFB1F004C700240BA
:10BFE00000040001002C00F0F281072E52D0013431
:10BFF00009F120090199E14004EB8403C9070AEB28
:10C00000830308EB4412E6B2ECD5D3F80816D9F84E
:10C010001070C9B20F44C9F81070D08A014489B2B7
:10C02000D182A849D08AB9F8145061188900854294
:10C0300002914FF0010C66F07F0103914FF4E06B29
:10C040004FF0000E614607A840F2B480D18AB9F8DB
:10C050001820C3F800766D1AADB2954228BF154678
:10C06000994AC3F80456BFF35B8FD2E84F3FC2E84A
:10C0700041CF0029F9D1BFF35B8F13F0FF0F40F0E0
:10C08000ED80029BC3F800C0BFF36F8FBFF34F8FEB
:10C09000072EACD1019BDB03454601D4059B43B180
:10C0A000EB7A23B1EB88AA889A4200F271810123CE
:10C0B000AB72019B9F030BD595F82B3023B1EB8C12
:10C0C000AA8C9A4200F28881012385F82A30019BCC
:10C0D0005E030DD595F84B3033B1B5F84630B5F861
:10C0E00044209A4200F27D81012385F84A30019B69
:10C0F0001C030DD595F86B3033B1B5F86630B5F843
:10C1000064209A4200F27E81012385F86A30019B07
:10C11000D8020DD595F88B3033B1B5F88630B5F827
:10C1200084209A4200F23881012385F88A30019BED
:10C1300099020DD595F8AB3033B1B5F8A630B5F806
:10C14000A4209A4200F22D81012385F8AA30019B98
:10C150005A020DD595F8CB3033B1B5F8C630B5F8E5
:10C16000C4209A4200F22281012385F8CA30019B43
:10C170001B020ED595F8EB30002B00F0F380B5F8DC
:10C18000E630B5F8E4209A4240F2EC800720FFF751
:10C19000FBF90BB0BDE8F08FD3F81025D1053FF5C2
:10C1A0000CAE95F821211AB94FF40012C3F80823F8
:10C1B00007AF08E6D38A09939DF80C30ADF81CB0A0
:10C1C0008DF820308DF821E0FEF756F90DE70023B9
:10C1D000BFF35B8F85F82031BFF35B8F66E63B4B87
:10C1E0003B4A3C4D3C4800240127C2F81475C2F874
:10C1F0001075546094625C609C629C60DC62DC60E0
:10C200001C631C615C635C619C639C61DC63DC613E
:10C210001C6454629464C2F85841D2F80034D2F8D5
:10C2200000140B43C2F80034D2F80033C2F80833CC
:10C230002146C2F8040328464FF4927210F0A4FF7E
:10C2400040234FF48072394607A82B832B818DF849
:10C250002040ADF81C20FEF70FF98CE51F4B20485D
:10C260005A680299C2F30802B2EB0E0218BF01220B
:10C27000FEF786FAB9E61B4B1B68D80789D500BEC6
:10C280000BB0BDE8F08FCDE904669AE600220523E5
:10C29000012107A88DF81C208DF81D30FEF7ECF861
:10C2A000BFE50121C2F82C150423002207A88DF850
:10C2B0001C208DF81D30FEF7DFF867057FF5AEAD69
:10C2C0009BE500BF019C0010307800200470024004
:10C2D00000700240107700200514C00100ED00E05E
:10C2E00075B60200F0ED00E04F4BBFF35B8F01220B
:10C2F000D3E84F1FC3E8402F0028F9D1BFF35B8F6D
:10C3000011F0FF0F32D1494BD3F8C004C70352D408
:10C3100095F80B1101F0FF07002967D04449D5F8C3
:10C320000071C3F8A077C3F8A4070A60BFF36F8F4A
:10C33000BFF34F8FD3F81035D8053FF53EAD37E743
:10C34000B5F816310993002285F81C2188234FF493
:10C35000E06238460121ADF81C20ADF82030FEF730
:10C360008BF830E5012385F8EA3012E7314B32488B
:10C370005A68C2F30802003218BF01220821FEF7F2
:10C38000FFF92A4BD3F81035DB053FF516AD0FE763
:10C390000020FFF7F9F88CE60420FFF7F5F8019B81
:10C3A000C6E60520FFF7F0F8019BD1E60620FFF76F
:10C3B000EBF8019BDCE6BFF35B8F85F82011BFF340
:10C3C0005B8FD3F81035DF053FF5F7ACF0E6049945
:10C3D00000293FF40CAE18E60120FFF7D5F8019BC9
:10C3E00076E60220FFF7D0F8019B81E6BFF35B8F72
:10C3F00085F82071BFF35B8FD3F81035D9053FF571
:10C40000DCACD5E60320FFF7BFF8019B80E6094BC3
:10C410000A485A680A49C2F30802003218BF0122CA
:10C42000FEF7AEF966E500BF3078002000700240EC
:10C430004870024000ED00E0E9B6020075B6020067
:10C440004C70024030B5012885B000F09F8057D372
:10C45000022840D1BA4BD3F80435002B40F0D780E6
:10C46000B74AD2F800341C05FBD54FF40063C2F87C
:10C470000034BFF36F8FBFF34F8FB24AB24B1268D5
:10C480001B68082A00F0D780AD4BB04D80240122F4
:10C49000C3F81C45C3F80423C5F88441FDF7D8FA56
:10C4A000002840F0F880AA4D43F204044FF0804386
:10C4B0002268AA4211D0D3F80C14D3F80C24D0036C
:10C4C000F6D5CA07F4D59E4B0122C3F80425BFF365
:10C4D0006F8FBFF34F8F05B030BD04AA002102F863
:10C4E0000C1D1046FFF74EF89DF804000028E2D01E
:10C4F00010460191FFF744F8019A002AD8D0E2E7EC
:10C500008F4BD3F80025002AE5D14FF480014FF47A
:10C510000062C3F80813C3F80024BFF36F8FBFF3A2
:10C520004F8F884B1B68082B00F0B780844B01228B
:10C53000C3F80025BFF36F8FBFF34F8F43F20402A0
:10C5400003F18D5303F57723126803F2DB539A420C
:10C5500000F0CA804FF08043D3F80C24D3F80C3499
:10C56000D90301D5D207B6D443F20402784B12683E
:10C570009A4200F01881774B00221A601B680193E1
:10C580004FF08043012201991A60A4E76C4BD3F865
:10C590000025002A9FD00022C3F80425BFF36F8F27
:10C5A000BFF34F8F69498020C1F88400BFF34F8FDC
:10C5B000BFF36F8FD3F80013C3F80813C3F8002537
:10C5C000BFF36F8FBFF34F8F43F2040103F18D531D
:10C5D00003F57723096803F2DB53994200F0998051
:10C5E00001AB5D4A012111605C4A5168C1F3080149
:10C5F000003118464FF000024FF0020318BF01212E
:10C600008DF804208DF80530FDF736FF63E743F21F
:10C6100004024F4B12689A4200F0B0804FF0804302
:10C62000D3F80C24D3F80C34DB037FF519AFD5070E
:10C630007FF516AF4FE7032B0AD8494A1168002946
:10C6400040F09880474C49F27530106021601060CE
:10C650005A1E022A10D8424A1168002967D1424D59
:10C660003848394B00681B6849F2753414602960FA
:10C67000146008287FF408AF032B3FF605AF3B4951
:10C680003B4B40F2E370402208601A60BFF36F8FAB
:10C69000BFF34F8FF8E66C6005E72B4B1B685A1E03
:10C6A000022A12D82E4B1A68002A40F08E802E499A
:10C6B00049F2753203201A6008601A60214A224B41
:10C6C00012681B68082A7FF431AF032B3FF62EAFA8
:10C6D000234B1A68002A74D1224949F27532C020CE
:10C6E0001A6008601A6021E704AB002203F80C2DE1
:10C6F0001846FEF747FF9DF8041000293FF42AAFC3
:10C7000018460192FEF73CFF019B002B7FF4E3AE3D
:10C710002AE704AB03F80C2D1846FEF733FF9DF80B
:10C720000420002A3FF45DAFFEF728FF5CE70549CF
:10C73000054B0D4A08681B680021116099E700BF8E
:10C7400000700240300100103401001000E100E0F0
:10C75000DBE5B151000100400400004000ED00E0C5
:10C7600000EC064014EC064014ED06400078024050
:10C7700004780240174A0021116069E704AB0022E7
:10C7800003F80C2D1846FEF7FDFE9DF80410002955
:10C790003FF444AF18460192FEF7F2FE019B002BD6
:10C7A0007FF499AE5CE604A8002300F80C3DFEF788
:10C7B000E9FE9DF80430002B3FF4DDAEFEF7DCFE11
:10C7C00089E6044BC0221A60B0E6034B03221A60CC
:10C7D00074E700BF14EC064014ED0640F8B503788A
:10C7E00013F0010405D10678C6F3800626B1204671
:10C7F000F8BD00242046F8BD0F4605464FF0FF3136
:10C8000038460CF033FE2A7812F001040FD12B7851
:10C810005B0704D42B7843F004032B70012400231E
:10C8200038461A4619460CF0D9F92046F8BD344668
:10C83000F5E700BF70B505460E4608464FF0FF31DC
:10C840000CF014FE2878C0F3800444B900240023BF
:10C8500030461A4619460CF0C1F9204670BD2B78B7
:10C8600013F00102F2D12B7862F382032B70EEE712
:10C8700010B4C378848803F00303022BC4F30A04C2
:10C8800026D019D8012B04D0002318465DF8044B9C
:10C890007047022940F2FF3208BF4FF48062A24283
:10C8A000F3D21A4B1B6813F00103EED000BE002335
:10C8B00018465DF8044B7047022914BF40234FF41B
:10C8C0008063A342EDD3012318465DF8044B704703
:10C8D00002290BD012B1B4F5007F11D0A4F10803E6
:10C8E0009BB2182B06D9402CEDD0DAE7B4F5007FC7
:10C8F000D7D1E8E7064A22FA03F3DB07D1D5E2E70E
:10C9000000244021134644710171BEE7F0ED00E0C0
:10C91000010100010A44914216D230B44C78052C32
:10C9200005D00C7821448A42F8D830BC70478C7806
:10C9300004F07F0500EB4505E4092B550C782144F4
:10C940008A42EBD830BC7047704700BF2DE9F041F8
:10C9500082B00678089DBDF82470009361F300064C
:10C960000446294600F8086B012316463A46BDF8EE
:10C970002C80FCF76DFE05B13FB90A9B6360012076
:10C98000A4F8028002B0BDE8F08104F11C0101208E
:10C990000CF0FEFA26B903463046C4E90503ECE77D
:10C9A0000023FAE710B50446406908B10CF014FF03
:10C9B000A06908B10CF010FF012010BDF0B50B46C6
:10C9C0000D4613F8081B83B011F0020F07461846F6
:10C9D00040F2FF130CBF3F241C461646FCF774FEC2
:10C9E000E8B9E6B126421AD12B786978DA073846D9
:10C9F00018D5FEF707F990B12B78697813F0010389
:10CA000013D000233846CDE900331A46FEF73EF92D
:10CA100030B9084B1B68DB0701D500BE00E00020E1
:10CA200003B0F0BDFDF714FFE5E738461A46FDF701
:10CA30002FFFEDE7F0ED00E070B501F1080582B0E1
:10CA4000064628460C46FCF73FFE38B1237861784D
:10CA5000DB07304605D5FEF7D5F830B9002002B027
:10CA600070BDFDF7F5FE0028F8D0284662886168A1
:10CA7000FCF754FE054690B1237862686178D807C8
:10CA800017D50023CDE9003330462B46FEF7FEF8DC
:10CA9000B0B90C4B1B68DB07E0D500BEDFE72078A0
:10CAA000617810F00104304608D1FDF7E1FE204620
:10CAB000D5E730462B46FDF7EBFEE9E7FEF7C8F871
:10CAC0002846CCE7F0ED00E02DE9F0418A890B78AB
:10CAD00082B00C460646E2B9DD07497857D5FEF725
:10CAE00091F800284FD0227863886178D20751D519
:10CAF000002B5DD0626800253046CDE90055FEF779
:10CB0000C5F800284DD1374B1B68DB073BD500BE6D
:10CB10003AE003F0020301F10808002B40460CBF85
:10CB200040274FF40077304D08BF6FF03F05FCF70A
:10CB3000E3FD874227D823786178DB07304634D578
:10CB4000FEF760F8F8B14046FCF7D6FD874233D8CF
:10CB500005EA000265882378617890B2854228BF93
:10CB60000546DA0732D5002D37D062680023CDE9BB
:10CB7000003330462B46FEF789F80028C3D02846FC
:10CB800002E0FEF765F8002002B0BDE8F081FDF795
:10CB90005FFEA6E773B162683046FDF779FE0028B4
:10CBA000B1D0608802B0BDE8F081FDF751FEC9E761
:10CBB0001A46A0E71A46EFE72078617810F00104E2
:10CBC0003046DED1FDF754FE2046DDE73DB1626818
:10CBD00030462B46FDF75CFECFE72A46C6E72A46DD
:10CBE000F6E700BFF0ED00E000FEFFFF002800F0D8
:10CBF000B480002900F0B1802DE9F04F17688DB0A6
:10CC0000002F00F0A58013795C1E1E2C00F2A0807E
:10CC100094680594002C00F09B80D468002C00F0F0
:10CC20009780157D0695002D00F09280158A528A16
:10CC300002959542049200F28B80A3F120028E4669
:10CC4000C3F120050121164601FA02F921FA05F582
:10CC5000C3F1200201FA03F804FA03F324FA02F202
:10CC600049EA0509089304FA06F500230024CDE9F2
:10CC700000344FF0000C2A430797861EE2460992C3
:10CC8000CDF80CC0774636F8022F002594B24D45FA
:10CC900008BF444521D2079BA2FB032352EA0301AC
:10CCA00075D000200021CDE90A01002B73D1DDE908
:10CCB0000A01014311D10598A2FB00BC00FB03CC83
:10CCC0006146DDE9082358460FF0F8FF00234FF6D0
:10CCD000FE728B4208BF824242D20AF1010A5745D6
:10CCE000D1D1DDF80CB0069B079F5B4530D80024FE
:10CCF0005A46DDE9000123460FF0E0FF00214945D7
:10CD000008BF404524D2A7FB002307FB01352B4673
:10CD100052EA03011AD04FF000084FF00009002D2D
:10CD20004BD158EA090113D1059CA2FB040104FB75
:10CD30000311DDE908230FF0C1FF0B460021024675
:10CD400099424FF6FE7008BF904201D390B201E0C5
:10CD50004FF6FF700DB0BDE8F08F4FF6FF707047D3
:10CD6000029B80B28342B8D8049B8342B5D3DDE9ED
:10CD70000001EB43E2438B4208BF8242E8D3039BAE
:10CD8000001969410133CDE900010393A5E7029B36
:10CD9000002BECD0A1E70599A1FB02018B460020F6
:10CDA00005998446E3FB01BC614600293FF47FAF4F
:10CDB00001200021CDE90A0179E70599A1FB02676D
:10CDC0002146059C3846E5FB04010029A9D04FF017
:10CDD00001084FF00009A4E790F90030002B46DB72
:10CDE000C368002B43D0037C002B40D04369002B49
:10CDF0003DD08369002B3AD0037F013B1F2B36D8EF
:10CE0000F0B52A4E87B004460BF0E4FD3368C31A30
:10CE1000002B054629DB264F3B78B3B994F9010076
:10CE2000002807DB01210FF0B3F8A17894F9010085
:10CE30000FF032F9002194F900000FF0A9F8022058
:10CE40000EF0A0FF207C0EF097FF94F900000EF08A
:10CE5000C9FF3B78174A22F813000133217FDBB268
:10CE60008B423B7004D20135356007B0F0BD70478E
:10CE70001046E368227C00938DF804206369A26960
:10CE80000293D4F81EC094F8223003926A468DF8BB
:10CE90001430CDF810C0FFF7A9FE05F59C55064AE1
:10CEA00008350023356010803B70DEE7787800207D
:10CEB00074780020347800201A61002038B5047A94
:10CEC00094B990F90030002B23DBC3680BB3037CCB
:10CED000FBB14369EBB18369DBB1037F013B1F2BDE
:10CEE00017D8154B188838BD457A144821460AF0E2
:10CEF00001FB294611480AF06BFA01210F480AF09C
:10CF000005FB30B9214602220C480AF0A9FA022892
:10CF100002D04FF6FF7038BD08480AF051FA0446B7
:10CF200006480AF04DFA064B03EA0423184380B280
:10CF300000EB8000800938BD1A61002014810020B8
:10CF400000FFFF0008B50EF0E1FEFEE7704700BFEE
:10CF5000704700BF2DE9F0470478089E1F46062C55
:10CF60001AD8DFE814F055015B0160010700650184
:10CF700072011B00438843EA0121B1F5887F4FF01D
:10CF8000000341808380C0F06681114604460EB1E3
:10CF90000520B04700232370BDE8F08790F801C05A
:10CFA000B0F81641B0F802806FEA0C231BB24FF0C4
:10CFB00000094B4544EA01219CB2B6BF41F221036E
:10CFC000630083EA44039CB2230446BF41F2210379
:10CFD00083EA440363009CB2230446BF41F2210369
:10CFE00083EA440363009CB2230446BF41F2210359
:10CFF00083EA440363009CB2230446BF41F2210349
:10D0000083EA440363009CB2230446BF41F2210338
:10D0100083EA440363009CB2230446BF41F2210328
:10D0200083EA440363009BB21C0446BF41F221041F
:10D0300084EA43045C005FFA88FEA4B284EA0E240A
:10D0400024B2002CB8BF41F221031FFA84FEACBF0A
:10D050004FEA4E0383EA4E039CB2230446BF41F2DB
:10D06000210383EA440363009CB2230446BF41F2D8
:10D07000210383EA440363009CB2230446BF41F2C8
:10D08000210383EA440363009CB2230446BF41F2B8
:10D09000210383EA440363009CB2230446BF41F2A8
:10D0A000210383EA440363009CB2230446BF41F298
:10D0B000210383EA440363009CB223044ABF41F284
:10D0C0002103630083EA44034FEA18259BB283EAF5
:10D0D00005231BB2002B9CB2B6BF41F221036300B3
:10D0E00083EA44039CB2230446BF41F2210383EA4E
:10D0F000440363009CB2250446BF41F2210383EA46
:10D10000440363009CB2230446BF41F2210383EA37
:10D11000440363009CB2250446BF41F2210383EA25
:10D12000440363009CB2230446BF41F2210383EA17
:10D13000440363009CB2250446BF41F2210383EA05
:10D14000440363009BB21C044ABF41F221045B000C
:10D1500084EA4303A0F8161180F800909BB2B8F15E
:10D16000000F4AD008F1FF3400F1060E1EFA84FECB
:10D1700041F22105441D14F8019F83EA09230FFAA7
:10D1800083F91FFA89F3B9F1000FACBF5B0085EAA0
:10D1900043039BB213F4004F0CBF5B0085EA4303CB
:10D1A0009BB213F4004F0CBF5B0085EA43039BB2B4
:10D1B00013F4004F0CBF5B0085EA43039BB213F4EA
:10D1C000004F0CBF5B0085EA43039BB213F4004F92
:10D1D0000CBF5B0085EA43039BB213F4004F0CBF06
:10D1E0005B0085EA43039BB213F4004F0CBF5B0066
:10D1F00085EA430374459BB2BDD1994230D0002EDD
:10D200003FF4CAAE334611460120BDE8F047184747
:10D21000AA297FF4C1AE01230370BDE60223417049
:10D220000370BDE8F087032341800370BDE8F087F9
:10D230008288531C02449BB28380917142889A4237
:10D240003FF6AAAE05230370A6E60623A0F8161142
:10D250000370BDE8F0870029F4D0042303709BE637
:10D26000002F3FF499AE1346811D42466046BC46EE
:10D27000BDE8F047604700BF70B5054600F5537044
:10D280000BF014FB05F550700BF010FB05F54D701D
:10D290000BF00CFB05F54A700BF008FB05F10806D6
:10D2A00005F54274183C20460BF000FBA642F9D16C
:10D2B000284670BD2DE9F047DFF8D0A0DFF8B09028
:10D2C0002A4F0023CAE900330AF108040AF542781C
:10D2D0004FF6FF762046494600250BF099FA1834A0
:10D2E00024F80C6C24F80A6C44F8087C04F8045CFC
:10D2F000A045EFD100231E491E48CAF80833CAF8DA
:10D300000C33CAF81033CAF81833CAF820338AF835
:10D3100014538AF81C538AF824530BF079FA1449F1
:10D3200015480BF075FA124914480BF071FA1049C0
:10D3300013480BF06DFA134A13491448CAF85853AE
:10D34000CAF85C53CAF86053CAF86453CAF8685301
:10D350000FF004F806490E480BF05AFA094A0D4935
:10D360000B48BDE8F0470EF0F9BF00BF000080BFDA
:10D37000B0FA0300B07B0020BC7B0020C87B0020FB
:10D38000D47B00200060002079D202008878002041
:10D390007C780020AD880300034B044A01211970FA
:10D3A00013680B4413607047027F0020807D0020CB
:10D3B000704700BF00B583B00023009340F276228F
:10D3C00002236FF07F4109F02DFE03B05DF804FBEE
:10D3D000F8B52948294D06F0F5F807460BF0FAFA9A
:10D3E000FA06064616D52B78254F002B37D0FF219D
:10D3F000214806F0C5FD234B3A68A3FB00308009A5
:10D4000000EB400043086433B61A9E422BD8012437
:10D410002046F8BD2C78E4B97B071AD5184F3B6835
:10D4200003B938600121144806F0AAFD154A3B688B
:10D43000A2FB0020800900EB400040086430F61A8F
:10D440008642E4D904210C4806F044F800233B60EE
:10D4500003E00B4B00241C602C702046F8BD012318
:10D4600038602B70C3E700241421034806F032F81B
:10D470003C602C702046F8BD187F0020907D002075
:10D480008C7D0020D34D621010B5044650300BF057
:10D490000DFA04F118000BF009FA04F10C000BF07E
:10D4A00005FA20460BF002FA204610BD10B54FF4E5
:10D4B000E67104460DF06EFD204610BD00B583B048
:10D4C00003F0F8FC0023009340F2762202236FF071
:10D4D0007F41044809F0A6FDB0FA80F0400903B08E
:10D4E0005DF804FB187F0020F0B5602289B000F1E0
:10D4F00028070021404E04460FF046FE3F493846BB
:10D500000BF086F90FCE25460FC596E8070003C538
:10D510002A800BF05FFA3A4A3A4BA2FB00208009BE
:10D520001B782060E3750EF0F9FBDFED377AB4EE7F
:10D53000E70AF1EE10FA5DDCDFED347AB4EEE70ACB
:10D54000F1EE10FA53D4FDEEC07ACDED017A9DF9DB
:10D5500004302F4AA375D2ED007A2E48B2EE047A39
:10D5600067EE877A0025FDEEE77A17EE903AA38200
:10D57000FFF7A4FC84F85450208303F0B7FC84F830
:10D580005C5084ED160A03F0B7FC234B84F85D0071
:10D5900007CB1B88C4F81A00E384C4F81E10C4F833
:10D5A00022201E4938460BF089F91D4A1D4B12787E
:10D5B0001B7884F8365084F8342084F8353002A87B
:10D5C00003F084FC0698039F049E059D07999DF82F
:10D5D00008209DF80930E064204627646664A5644D
:10D5E000216584F83C2084F83D3009B0F0BD6FF02F
:10D5F0007E03AEE77F23ACE7E87E0020B0FA0300AD
:10D60000D34D6210587C00200000FE420000FEC294
:10D6100020610020F4F6030024610020047F002034
:10D62000887D0020B87E002038B52C4B1B7813B1C4
:10D630002B4B1B7803B138BD0BF0CCF9294B1B6881
:10D64000C01AB0F5FA7FF6D3274B1B7803F0FF041E
:10D65000002BF0D1254D0BF0BDF92B68C01A09281D
:10D66000E9D90BF0B7F921462860214807F0ECF81A
:10D670009FED207AB4EEC70AF1EE10FADBD4FBEE90
:10D680000E7AB4EEE70AF1EE10FAD4DC1A4A1B491E
:10D69000D2ED007A0B6870EE277A0133132BC2EDBE
:10D6A000007A0B60C7DD9FED166ADFED166A164B38
:10D6B0000C6067EE867A0020F4EEE67AF1EE10FA5E
:10D6C00088BFF0EE667AF4EEC77AF1EE10FAB8BFD2
:10D6D000F0EE477A1060C3ED007A38BD597C002027
:10D6E000587C0020CC7E0020027F0020D47E0020C9
:10D6F000187F0020000016C3B07E0020D87E0020D6
:10D70000CDCC4C3D000048C2206100202DE9F04303
:10D7100083B00024DFF8BC90244F254DDFF8B8809B
:10D7200000942346224621462248234E0AF08EF8D2
:10D73000494638460BF06CF82A46414638460EF00A
:10D740000DFE48200DF020FC0923074600930A2215
:10D7500004231A2103F0F8FC3946304605F096FD03
:10D76000164B1749174F33602A4630460EF0F6FD28
:10D77000154B164AC3F802404946C2F802403846E3
:10D780001C705C70A3F8164114705470A2F8164116
:10D790000BF03EF82A46414638460EF0DFFD0C4BB2
:10D7A0001C705C705C6003B0BDE8F083047F0020F7
:10D7B00000600020747D0020187F0020ACF503007D
:10D7C000B1D30200BC7E00205C7C0020947D002050
:10D7D000DC7E0020B0FA0300AD880300F0B5C5B0D0
:10D7E00001AC150A4FF0AA0CE570D51C1E466070FE
:10D7F000A27084F800C0ADB2DAB1002971D017462A
:10D8000002A80FF09DFC07F1040CBA1D05371FFAA2
:10D810008CFC92B2BFB285B9FF210B4604F80C30E4
:10D82000E155002E5BD021463148F8F7ADFD45B0FB
:10D83000F0BD052706224FF0040C23464FF6FF717A
:10D8400041F2210013F801EF81EA0E210FFA81FE67
:10D850001FFA8EF1BEF1000FACBF490080EA410112
:10D8600089B211F4004F0CBF490080EA410189B22E
:10D8700011F4004F0CBF490080EA410189B211F454
:10D88000004F0CBF490080EA410189B211F4004FFA
:10D890000CBF490080EA410189B211F4004F0CBF6E
:10D8A000490080EA410189B211F4004F0CBF4900E0
:10D8B00080EA410189B2A3EB040E11F4004F1FFA74
:10D8C0008EFE0CBF490080EA4101AE4589B2B9D352
:10D8D000CBB2090A04F80C30E155002EA3D145B0B3
:10D8E000F0BD052706224FF0040C002DA5D193E7CB
:10D8F000D8630020F0B50121ADF5057D374805F06E
:10D90000B1FF431EFE2B55D9354B1B78002B42D05F
:10D910000DF5057DF0BD314805F092FFBDEEC00A62
:10D920002E4810EE103A1DB205F06AFFF2EE047AAE
:10D9300020EE270A2B4ABDEEC00A5068158210EE71
:10D94000103A01301BB2538250608DF80A3102A99F
:10D950001F122246EBB20DF58770C5F307258DF82F
:10D9600008318DF80C318DF80B718DF809518DF857
:10D970000D510FF0E5FBA21D92B2012342A9042034
:10D980000096FFF72BFF0BF025F8154B164A1B7876
:10D990001060002BBCD103F08DFA0023009340F2FD
:10D9A000762202236FF07F410C4809F03BFB0DF516
:10D9B000057DF0BD0246044602A9084806F018F8A5
:10D9C00006460028A7D0074A0549D36809780133DD
:10D9D000D3600029DFD00DF5057DF0BD187F002054
:10D9E000887D0020E87E0020CC7E00200EB410B59B
:10D9F000B5B037AB044653F8042B019302A8C821F5
:10DA000010F04EF900280BDB022C0ED0084A094B0F
:10DA1000012C18BF1A460849084802AB09F07CFFE0
:10DA200035B0BDE8104003B07047054AF3E700BFCA
:10DA300074FA030064FA03007CFA0300D863002040
:10DA40006CFA0300F0B52DED028B044687B0417AE5
:10DA50003B48002208F032FB38BB94F90A500646D6
:10DA6000162D3748A8BF162508F0AAFB29463448CA
:10DA7000BDEEC08A04F0D4FC07463148D7B108F0A7
:10DA80009FFB304B94F90A201B680092BDEEC00A40
:10DA9000162202928DED048A0397019530468DED92
:10DAA000050A294A2949FFF7A1FF002007B0BDEC6C
:10DAB000028BF0BD08F084FB8DED048ABDEEC00A38
:10DAC000204B94F90A201B680092162138460291D7
:10DAD0001D4A1E49039701958DED050AFFF786FF44
:10DAE000B4F80B101648C9B2442208F01DFB0028F8
:10DAF000DBD1617B124808F07BFB0028D5D11048B0
:10DB000008F06CFF0028D0D101240094214641F296
:10DB1000210341F60F520A4808F0BEFE0028C4D186
:10DB20000146074808F0F0FF0028BED1044808F07D
:10DB3000DFFF0028B9D1064B20461C70B6E700BFB6
:10DB4000187F0020047F002078F7030080F703008F
:10DB5000897D00202DE9F04383B003F0B1F910B9BD
:10DB600003B0BDE8F0832A4A2A4B14781B782A4A6E
:10DB70002A4E92F800803778DDB203F09FF9814693
:10DB80000AF028FF002CEBD0002FE9D1B8F1000FEC
:10DB9000E6D1234CA7884F4503D0A4F80490206019
:10DBA000DEE7002FDCD023684FF47A72C31A02FB41
:10DBB00007F29A42D4D81B4B1B68C01AB0F5FA7F03
:10DBC000CED3002DCCD1184807F01CFE02200AF05D
:10DBD0000DFF33785BB903F06DF90023009340F239
:10DBE000762202236FF07F410F4809F01BFA0AF0FA
:10DBF000F1FE0E490E4D2060002600230E600D49F7
:10DC00002B603A46184603B0BDE8F043FFF7EEBE7E
:10DC1000597C0020027F0020587C0020887D002055
:10DC200034610020CC7E0020187F0020B07E0020D0
:10DC3000D87E0020E8F70300F0B5C5B001ACAA25F6
:10DC40000123607025706380002900F019810B7832
:10DC500023710621072605256FEA002000B200285F
:10DC6000B8BF41F2210387B2ACBF7B0083EA470310
:10DC700098B2030446BF41F2210383EA4003430004
:10DC800098B2070446BF41F2210383EA40034300F0
:10DC900098B2030446BF41F2210383EA40034300E4
:10DCA00098B2070446BF41F2210383EA40034300D0
:10DCB00098B2030446BF41F2210383EA40034300C4
:10DCC00098B2070446BF41F2210383EA40034300B0
:10DCD00098B203044ABF41F22103430083EA4003A0
:10DCE0009BB283F480731BB2002B98B2B6BF41F293
:10DCF0002103430083EA400398B2070446BF41F280
:10DD0000210383EA4003430098B2030446BF41F273
:10DD1000210383EA4003430098B2070446BF41F25F
:10DD2000210383EA4003430098B2030446BF41F253
:10DD3000210383EA4003430098B2070446BF41F23F
:10DD4000210383EA4003430098B2030446BF41F233
:10DD5000210383EA4003430098B2070446BF41F21F
:10DD6000210383EA4003430098B2030446BF41F213
:10DD7000210383EA4003430098B2070446BF41F2FF
:10DD8000210383EA4003430098B2030446BF41F2F3
:10DD9000210383EA4003430098B2070446BF41F2DF
:10DDA000210383EA4003430098B2030446BF41F2D3
:10DDB000210383EA4003430098B2070446BF41F2BF
:10DDC000210383EA4003430098B2030446BF41F2B3
:10DDD000210383EA4003430098B207044ABF41F29B
:10DDE0002103430083EA400320799BB283EA0023A6
:10DDF0001BB2002B98B2B6BF41F22103430083EA65
:10DE0000400398B2030446BF41F2210383EA400372
:10DE1000430098B2070446BF41F2210383EA40035E
:10DE2000430098B2030446BF41F2210383EA400352
:10DE3000430098B2070446BF41F2210383EA40033E
:10DE4000430098B2030446BF41F2210383EA400332
:10DE5000430098B2070446BF41F2210383EA40031E
:10DE600043009BB2180446BF41F2210080EA4303FD
:10DE70005B009BB2180A635560542AB945B0F0BDE7
:10DE8000052106260425E7E6324621460248F8F732
:10DE90007BFA45B0F0BD00BFD863002030B5012843
:10DEA00083B005460C4603D10C4AD3680133D360D6
:10DEB00023462A460A490220FFF798FD02A9A4F149
:10DEC0000203B4FA84F2B3FA83F301F8015D520954
:10DED0005B09FE20FFF7B0FE03B030BDE87E0020F6
:10DEE00040FA03002DE9F04F5A4C2478E9B00F4670
:10DEF00016461D46F4B9431E332B1BD8DFE803F04A
:10DF0000BA1A1A1A1A1A1A1A1A1A1A1A1A1A1ABA31
:10DF1000BA1A1A1A1A1A1A1A1A1A1A1A1A1A1ABA21
:10DF20001ABA1A1A1A1A1A1A1A1A1A1A1A1A1ABA11
:10DF3000BA1A1ABA482801F054861AD9742802F07D
:10DF4000478440F27683942801F01C8140F25C847F
:10DF5000982800F09182FF2800F08E82962840F0E9
:10DF6000298646F6FF039BB225AC5B003A4A00F0D7
:10DF700057BC302801F0558640F29481402801F0CA
:10DF8000118600F21B85312801F0DC80342840F036
:10DF90001186042E40F094813048314B3C78314A50
:10DFA0000470787818703049B878304B1070FE786B
:10DFB00038682F4A0E7025AC0121C4E90020197081
:10DFC00022460DF19B004FF6FF7341F2210112F83A
:10DFD000016F83EA06231EB2B3B2002EACBF5B0012
:10DFE00081EA43039BB21E0454BF5B0081EA4303F2
:10DFF0009BB21F0454BF5B0081EA43039BB21E0423
:10E0000054BF5B0081EA43039BB21F0454BF5B0013
:10E0100081EA43039BB21E0454BF5B0081EA4303C1
:10E020009BB21F0454BF5B0081EA43039BB21E04F2
:10E0300054BF5B0081EA430382429BB2C7D11A0AF4
:10E0400023726272002D02F09A821E200AF0CEFC2A
:10E0500023E100BF597C0020AA9701003D61002008
:10E060001C6100203C6100207C7D0020037F00209B
:10E07000AA35040040F2FF1325AC9BB25B00884A2E
:10E0800022601E044FF00B02227146BF41F22102B2
:10E0900082EA43035B009AB2100446BF41F22103B7
:10E0A00083EA420353009AB2110446BF41F22103AE
:10E0B00083EA420353009AB2130446BF41F221039C
:10E0C00083EA420353009AB2170446BF41F2210388
:10E0D00083EA420353009AB2160446BF41F2210379
:10E0E00083EA420353009AB210044ABF41F221036B
:10E0F000530083EA4203A2789BB283EA02231BB255
:10E10000002B9AB2B6BF41F22103530083EA4203C7
:10E110009AB2110446BF41F2210383EA420353003D
:10E120009AB2130446BF41F2210383EA420353002B
:10E130009AB2170446BF41F2210383EA4203530017
:10E140009AB2160446BF41F2210383EA4203530008
:10E150009AB2100446BF41F2210383EA42035300FE
:10E160009AB2110446BF41F2210383EA42035300ED
:10E170009AB213044ABF41F22103530083EA4203D7
:10E18000E2789BB283EA02231BB2002B9AB2B6BF9D
:10E1900041F22103530083EA42039AB2170446BFB7
:10E1A00041F2210383EA420353009AB2160446BFA8
:10E1B00041F2210383EA420353009AB2100446BF9E
:10E1C00041F2210383EA420353009AB2110446BF8D
:10E1D00041F2210383EA420353009AB2130446BF7B
:10E1E00041F2210383EA420353009AB2170446BF67
:10E1F00041F2210383EA420353009AB216044ABF54
:10E2000041F22103530083EA42039BB283F430635B
:10E210001BB2002B9AB2C0F2268153009AB21604A8
:10E2200046BF41F2210383EA420353009AB210042D
:10E2300046BF41F2210383EA420353009AB211041C
:10E2400046BF41F2210383EA420353009AB213040A
:10E2500046BF41F2210383EA420353009AB21704F6
:10E2600046BF41F2210383EA420353009AB21604E7
:10E2700046BF41F2210383EA420353009BB21804D4
:10E2800046BF41F2210282EA43035B009BB21A0AB5
:10E290006371A271002D00F0C48169B0BDE8F08FF8
:10E2A000AAFE0100112801F0AA8300F2C38501280B
:10E2B00001F01C82102840F07D840E2E01F0608554
:10E2C00040F2FF1325AC9BB25B006A4A22601F0438
:10E2D0004FF0060222714ABF41F221025B0082EA3E
:10E2E00043039AB2170446BF41F2210383EA420373
:10E2F00053009AB2160446BF41F2210383EA420357
:10E3000053009AB2100446BF41F2210383EA42034C
:10E3100053009AB2110446BF41F2210383EA42033B
:10E3200053009AB2130446BF41F2210383EA420329
:10E3300053009AB217044ABF41F22103530083EA03
:10E340004203A2789BB283EA02231BB2002B9AB24B
:10E35000B6BF41F22103530083EA42039AB2160486
:10E3600046BF41F2210383EA420353009AB21004EC
:10E3700046BF41F2210383EA420353009AB21104DB
:10E3800046BF41F2210383EA420353009AB21304C9
:10E3900046BF41F2210383EA420353009AB21704B5
:10E3A00046BF41F2210383EA420353009AB21604A6
:10E3B00046BF41F2210383EA420353009AB210049C
:10E3C0004ABF41F22103530083EA4203E2789BB241
:10E3D00083EA02231BB2002B9AB2B6BF41F221039B
:10E3E000530083EA42039AB2110446BF41F221036B
:10E3F00083EA420353009AB2130446BF41F2210359
:10E4000083EA420353009AB2170446BF41F2210344
:10E4100083EA420353009AB2160446BF41F2210335
:10E4200083EA420353009AB2100446BF41F221032B
:10E4300083EA420353009AB2110446BF41F221031A
:10E4400083EA420353009AB213044ABF41F2210304
:10E45000530083EA42039BB283F4C0631BB2002BD8
:10E460009AB2BFF6DAAE41F2210383EA42039AB2CE
:10E47000D5E600BFAAFE0100FF2325AC9BB24FF6F4
:10E48000AA725B0022601A0446BF41F2210282EAAE
:10E4900043035B009AB2170446BF41F2210383EAAB
:10E4A000420353009AB2160446BF41F2210383EAA5
:10E4B000420353009AB2100446BF41F2210383EA9B
:10E4C000420353009AB2110446BF41F2210383EA8A
:10E4D000420353009AB2130446BF41F2210383EA78
:10E4E000420353009AB217044ABF41F2210353007A
:10E4F00083EA4203A2789BB283EA02231BB2002B79
:10E500009AB2B6BF41F22103530083EA42039AB2A2
:10E51000160446BF41F2210383EA420353009AB234
:10E52000100446BF41F2210383EA420353009AB22A
:10E53000110446BF41F2210383EA420353009AB219
:10E54000130446BF41F2210383EA420353009AB207
:10E55000170446BF41F2210383EA420353009AB2F3
:10E56000160446BF41F2210383EA420353009AB2E4
:10E5700010044ABF41F22103530083EA4203E278C8
:10E580009BB283EA02231BB2002B9AB2B6BF41F2C0
:10E590002103530083EA42039AB2110446BF41F2B9
:10E5A000210383EA420353009AB2130446BF41F2A7
:10E5B000210383EA420353009AB2170446BF41F293
:10E5C000210383EA420353009AB2160446BF41F284
:10E5D000210383EA420353009AB2100446BF41F27A
:10E5E000210383EA420353009AB2110446BF41F269
:10E5F000210383EA420353009BB21A0446BF41F24F
:10E60000210282EA43035B009BB21A0A2371627102
:10E61000002D7FF442AE214606227A48F7F7B4FE79
:10E620003BE6214607227748F7F7AEFE69B0BDE822
:10E63000F08F612801F0378200F291834A2800F0C0
:10E640008986602840F0B6826FF4C04325AC46F25C
:10E65000AA02002B22609AB2C1F2388453009AB207
:10E66000130446BF41F2210383EA420353009AB2E6
:10E67000170446BF41F2210383EA420353009AB2D2
:10E68000160446BF41F2210383EA420353009AB2C3
:10E69000100446BF41F2210383EA420353009AB2B9
:10E6A000110446BF41F2210383EA420353009AB2A8
:10E6B000130446BF41F2210383EA420353009AB296
:10E6C00017044ABF41F22103530083EA4203A278B0
:10E6D0009BB283EA02231BB2002B9AB2B6BF41F26F
:10E6E0002103530083EA42039AB2160446BF41F263
:10E6F000210383EA420353009AB2100446BF41F259
:10E70000210383EA420353009AB2110446BF41F247
:10E71000210383EA420353009AB2130446BF41F235
:10E72000210383EA420353009AB2170446BF41F221
:10E73000210383EA420353009AB2160446BF41F212
:10E74000210383EA420353009AB210044ABF41F204
:10E750002103530083EA4203E2789BB283EA022357
:10E760001BB2002B9AB2B6BF41F22103530083EAD9
:10E7700042039AB2110446BF41F2210383EA4203E5
:10E7800053009AB2130446BF41F2210383EA4203C5
:10E7900053009AB2170446BF41F2210383EA4203B1
:10E7A00053009AB2160446BF41F2210383EA4203A2
:10E7B00053009AB2100446BF41F2210383EA420398
:10E7C00053009AB2110446BF41F2210383EA420387
:10E7D00053009BB21A0446BF41F2210282EA43036E
:10E7E0005B009BB21A0A237162713DB92146062271
:10E7F0000448F7F7C9FD0348F7F7B8FDC8200AF049
:10E80000F5F84AE5D8630020902800F09386922816
:10E8100040F0D08146F6FF439BB2674A25AC5B00CF
:10E82000226019044FF00102227101F11782934016
:10E830009AB2130446BF41F2210383EA4203530014
:10E840009AB2170446BF41F2210383EA4203530000
:10E850009AB2160446BF41F2210383EA42035300F1
:10E860009AB2100446BF41F2210383EA42035300E7
:10E870009AB2110446BF41F2210383EA42035300D6
:10E880009AB213044ABF41F22103530083EA4203C0
:10E89000A2789BB283EA02231BB2002B9AB2B6BFC6
:10E8A00041F22103530083EA42039AB2170446BFA0
:10E8B00041F2210383EA420353009AB2160446BF91
:10E8C00041F2210383EA420353009AB2100446BF87
:10E8D00041F2210383EA420353009AB2110446BF76
:10E8E00041F2210383EA420353009AB2130446BF64
:10E8F00041F2210383EA420353009AB2170446BF50
:10E9000041F2210383EA420353009AB216044ABF3C
:10E9100041F22103530083EA4203E2789BB283EA87
:10E9200002231BB2002B9AB2B6BF41F2210353005F
:10E9300083EA42039AB2100446BF41F2210383EAFC
:10E94000420353009AB2110446BF41F2210383EA05
:10E95000420353009AB2130446BF41F2210383EAF3
:10E96000420353009AB2170446BF41F2210383EADF
:10E97000420353009AB2160446BF41F2210383EAD0
:10E98000420353009AB2100446BF41F2210383EAC6
:10E99000420353009AB211044ABF41F221035300CB
:10E9A00083EA42039BB283F480731BB2002B9AB2BA
:10E9B000BFF633AC57E500BFAA930100412800F031
:10E9C000F980422840F0F680754E764A764800235A
:10E9D0003370137006F016FF002801F07F820022CA
:10E9E00010467249FFF702F801226FF48C4325AC00
:10E9F000002B6F49216099B2BBBF41F2210383EA2A
:10EA000041034B001BB29BB21E0446BF41F22101E1
:10EA100081EA43035B0099B2080446BF41F2210337
:10EA200083EA41034B0099B20B0446BF41F2210334
:10EA300083EA41034B0099B20F0446BF41F2210320
:10EA400083EA41034B0099B20E0446BF41F2210311
:10EA500083EA41034B0099B2080446BF41F2210307
:10EA600083EA41034B0099B20B044ABF41F22103F0
:10EA70004B0083EA4103A17822719BB283EA012310
:10EA80001BB2002B99B2B6BF41F221034B0083EABF
:10EA9000410399B20F0446BF41F2210383EA4103C7
:10EAA0004B0099B20E0446BF41F2210383EA4103B1
:10EAB0004B0099B2080446BF41F2210383EA4103A7
:10EAC0004B0099B20B0446BF41F2210383EA410394
:10EAD0004B0099B20F0446BF41F2210383EA410380
:10EAE0004B0099B20E0446BF41F2210383EA410371
:10EAF0004B0099B208044ABF41F221034B0083EA5C
:10EB00004103E1789BB283EA01231BB2002B99B247
:10EB1000B6BF41F221034B0083EA410399B20B04D3
:10EB200046BF41F2210383EA41034B0099B20F042F
:10EB300046BF41F2210383EA41034B0099B20E0420
:10EB400046BF41F2210383EA41034B0099B2080416
:10EB500046BF41F2210383EA41034B0099B20B0403
:10EB600046BF41F2210383EA41034B0099B20F04EF
:10EB700046BF41F2210383EA41034B0099B20E04E0
:10EB80004ABF41F221034B0083EA41039BB283EA6F
:10EB900002231BB2002B9AB2BFF63FAB63E400BF67
:10EBA000887D0020897D0020187F0020B0F90300B7
:10EBB000AA46010040F2FF1325AC9BB25B00994AC4
:10EBC00022601F044FF0020222714ABF41F221026B
:10EBD0005B0082EA43039AB2160446BF41F2210366
:10EBE00083EA420353009AB2100446BF41F2210364
:10EBF00083EA420353009AB2110446BF41F2210353
:10EC000083EA420353009AB2130446BF41F2210340
:10EC100083EA420353009AB2170446BF41F221032C
:10EC200083EA420353009AB216044ABF41F2210319
:10EC3000530083EA4203A2789BB283EA02231BB209
:10EC4000002B9AB2B6BF41F22103530083EA42037C
:10EC50009AB2100446BF41F2210383EA42035300F3
:10EC60009AB2110446BF41F2210383EA42035300E2
:10EC70009AB2130446BF41F2210383EA42035300D0
:10EC80009AB2170446BF41F2210383EA42035300BC
:10EC90009AB2160446BF41F2210383EA42035300AD
:10ECA0009AB2100446BF41F2210383EA42035300A3
:10ECB0009AB211044ABF41F22103530083EA42038E
:10ECC000E2789BB283EA02231BB2002B9AB2B6BF52
:10ECD00041F22103530083EA42039AB2130446BF70
:10ECE00041F2210383EA420353009AB2170446BF5C
:10ECF00041F2210383EA420353009AB2160446BF4D
:10ED000041F2210383EA420353009AB2100446BF42
:10ED100041F2210383EA420353009AB2110446BF31
:10ED200041F2210383EA420353009AB2130446BF1F
:10ED300041F2210383EA420353009AB217044ABF07
:10ED400041F22103530083EA42039BB283F4007330
:10ED50001BB2002B9AB2BFF660AAFFF784BB7028E3
:10ED600000F0D58272287FF425AF09F033FE2E4BD8
:10ED70002E491A68CDF8990025AC00232160237133
:10ED8000C4F80930C4F80D30C4F8112021462AAE69
:10ED90004FF6FF7341F2210011F8012F83EA02239D
:10EDA0001AB293B2002AACBF5B0080EA43039BB265
:10EDB0001F0454BF5B0080EA43039BB21A0454BF94
:10EDC0005B0080EA43039BB21F0454BF5B0080EAF0
:10EDD00043039BB21A0454BF5B0080EA43039BB217
:10EDE0001F0454BF5B0080EA43039BB21A0454BF64
:10EDF0005B0080EA43039BB21F0454BF5B0080EAC0
:10EE00004303B1429BB2C7D11A0A6375A275002DA4
:10EE10007FF443AA214617220548F7F7B5FAFFF712
:10EE20003CBA00BFAAFE0100107F0020AA731100A7
:10EE3000D8630020202800F0058222287FF4BAAE93
:10EE4000A04BA14AD3ED007A2592B2EE047A67EE88
:10EE5000877A25ACFDEEE77A17EE903A1BB21912CD
:10EE60008DF835108DF83430BDF83430A3806FF450
:10EE70000C53002B9AB2BBBF41F2210383EA420339
:10EE800053001BB29BB21F0446BF41F2210282EA2B
:10EE900043035B009AB2160446BF41F2210383EAA2
:10EEA000420353009AB2100446BF41F2210383EAA1
:10EEB000420353009AB2110446BF41F2210383EA90
:10EEC000420353009AB2130446BF41F2210383EA7E
:10EED000420353009AB2170446BF41F2210383EA6A
:10EEE000420353009AB216044ABF41F22103530071
:10EEF00083EA4203A2789BB283EA02231BB2002B6F
:10EF00009AB2B6BF41F22103530083EA42039AB298
:10EF1000100446BF41F2210383EA420353009AB230
:10EF2000110446BF41F2210383EA420353009AB21F
:10EF3000130446BF41F2210383EA420353009AB20D
:10EF4000170446BF41F2210383EA420353009AB2F9
:10EF5000160446BF41F2210383EA420353009AB2EA
:10EF6000100446BF41F2210383EA420353009AB2E0
:10EF700011044ABF41F22103530083EA4203E278BD
:10EF80009BB283EA02231BB2002B9AB2B6BF41F2B6
:10EF90002103530083EA42039AB2130446BF41F2AD
:10EFA000210383EA420353009AB2170446BF41F299
:10EFB000210383EA420353009AB2160446BF41F28A
:10EFC000210383EA420353009AB2100446BF41F280
:10EFD000210383EA420353009AB2110446BF41F26F
:10EFE000210383EA420353009AB2130446BF41F25D
:10EFF000210383EA420353009AB217044ABF41F245
:10F000002103530083EA420322799BB283EA02235D
:10F010001BB2002B9AB2B6BF41F22103530083EA20
:10F0200042039AB2160446BF41F2210383EA420327
:10F0300053009AB2100446BF41F2210383EA42030F
:10F0400053009AB2110446BF41F2210383EA4203FE
:10F0500053009AB2130446BF41F2210383EA4203EC
:10F0600053009AB2170446BF41F2210383EA4203D8
:10F0700053009AB2160446BF41F2210383EA4203C9
:10F0800053009AB210044ABF41F22103530083EAAD
:10F09000420362799BB283EA02231BB2002B9AB22D
:10F0A000B6BF41F22103530083EA42039AB211042E
:10F0B00046BF41F2210383EA420353009AB213048C
:10F0C00004E000BF20610020AA23020046BF41F2F5
:10F0D000210383EA420353009AB2170446BF41F268
:10F0E000210383EA420353009AB2160446BF41F259
:10F0F000210383EA420353009AB2100446BF41F24F
:10F10000210383EA420353009AB2110446BF41F23D
:10F11000210383EA420353009BB21A0446BF41F223
:10F12000210282EA43035B009BB21A0AA371E271D7
:10F13000002D7FF4B2A8214608227F48F7F724F972
:10F14000FFF7ABB87D4B1C7854B901F0B3FE0094C7
:10F15000022340F276226FF07F41794807F062FF88
:10F160006FF44C5325AC002B43F2AA3222609AB2C2
:10F17000BBBF41F2210383EA420353001BB29BB29F
:10F18000FFF781B9212200210DA80DF0FDFF012319
:10F190008DF834300DAE0FCE25AC6A4F276026AF08
:10F1A0000FC70FCE0FC733683B7021462EAE4FF608
:10F1B000FF7341F2210011F8012F83EA02231AB2F2
:10F1C00093B2002AACBF5B0080EA43039BB21F04EA
:10F1D00054BF5B0080EA43039BB21A0454BF5B0038
:10F1E00080EA43039BB21F0454BF5B0080EA4303E1
:10F1F0009BB21A0454BF5B0080EA43039BB21F0416
:10F2000054BF5B0080EA43039BB21A0454BF5B0007
:10F2100080EA43039BB21F0454BF5B0080EA4303B0
:10F220008E429BB2C7D11A0A84F8253084F8262072
:10F23000002D7FF432A8214627223F48F7F7A4F893
:10F24000FFF72BB80DA80DACFEF74EF90FCC3E4ED4
:10F25000DFF8FCC00FC694E8070003C626F818299B
:10F260000FCE25AC26AFC4F800C00FC796E8070044
:10F2700003C70DF1B10621463A804FF6FF7341F204
:10F28000210011F8012F83EA02231AB293B2002A57
:10F29000ACBF5B0080EA43039BB21A0454BF5B001F
:10F2A00080EA43039BB21F0454BF5B0080EA430320
:10F2B0009BB21A0454BF5B0080EA43039BB21F0455
:10F2C00054BF5B0080EA43039BB21A0454BF5B0047
:10F2D00080EA43039BB21F0454BF5B0080EA4303F0
:10F2E0009BB21A0454BF5B0080EA4303B1429BB255
:10F2F000C7D11A0AA377E27725B9214620220E4802
:10F30000F7F742F817A809F0D1FAFEF7C6BF0F4B7E
:10F310001C6820460EF072FCA5F10206B6FA86F6CD
:10F320007609B5FA85F382B2214600965B09712011
:10F33000FEF754FAFEF7B1BFD8630020887D0020A5
:10F34000187F0020AA952100E87E0020047F00207D
:10F35000AA211A00002E00F001863C78704B7148FB
:10F36000714A7249002C14BF012400241C7008BF8C
:10F37000024625AC0020FEF739FB6D4B23606FF48D
:10F3800096430022002B22719AB2C0F222845300CD
:10F390009BB21A0446BF41F2210282EA43035B009A
:10F3A0009AB2170446BF41F2210383EA4203530095
:10F3B0009AB2160446BF41F2210383EA4203530086
:10F3C0009AB2100446BF41F2210383EA420353007C
:10F3D0009AB2110446BF41F2210383EA420353006B
:10F3E0009AB2130446BF41F2210383EA4203530059
:10F3F0009AB217044ABF41F22103530083EA420341
:10F40000A2789BB283EA02231BB2002B9AB2B6BF4A
:10F4100041F22103530083EA42039AB2160446BF25
:10F4200041F2210383EA420353009AB2100446BF1B
:10F4300041F2210383EA420353009AB2110446BF0A
:10F4400041F2210383EA420353009AB2130446BFF8
:10F4500041F2210383EA420353009AB2170446BFE4
:10F4600041F2210383EA420353009AB2160446BFD5
:10F4700041F2210383EA420353009AB210044ABFC7
:10F4800041F22103530083EA4203E2789BB283EA0C
:10F4900002231BB2002B9AB2B6BF41F221035300E4
:10F4A00083EA42039AB2110446BF41F2210383EA80
:10F4B000420353009AB2130446BF41F2210383EA88
:10F4C000420353009AB2170446BF41F2210383EA74
:10F4D000420353009AB2160446BF41F2210383EA65
:10F4E000420353009AB2100446BF41F2210383EA5B
:10F4F000420353009AB2110446BF41F2210383EA4A
:10F50000420353009AB213044ABF41F2210353004D
:10F5100083EA42039AB217043EF5A5AFFEF77DBE1B
:10F52000B87E002010F803000CF803007CF90300FB
:10F53000AA4B01006B490120FEF758FA25AC46F6AC
:10F54000FF63694A22609BB25B00032222711A04A6
:10F5500046BF41F2210282EA43035B009AB21704DC
:10F5600046BF41F2210383EA420353009AB21604D4
:10F5700046BF41F2210383EA420353009AB21004CA
:10F5800046BF41F2210383EA420353009AB21104B9
:10F5900046BF41F2210383EA420353009AB21304A7
:10F5A00046BF41F2210383EA420353009AB2170493
:10F5B0004ABF41F22103530083EA4203A2789BB27F
:10F5C00083EA02231BB2002B9AB2B6BF41F2210399
:10F5D000530083EA42039AB2160446BF41F2210364
:10F5E00083EA420353009AB2100446BF41F221035A
:10F5F00083EA420353009AB2110446BF41F2210349
:10F6000083EA420353009AB2130446BF41F2210336
:10F6100083EA420353009AB2170446BF41F2210322
:10F6200083EA420353009AB2160446BF41F2210313
:10F6300083EA420353009AB210044ABF41F2210305
:10F64000530083EA4203E2789BB283EA02231BB2AF
:10F65000002B9AB2B6BF41F22103530083EA420362
:10F660009AB2110446BF41F2210383EA42035300D8
:10F670009AB2130446BF41F2210383EA42035300C6
:10F680009AB2170446BF41F2210383EA42035300B2
:10F690009AB2160446BF41F2210383EA42035300A3
:10F6A0009AB2100446BF41F2210383EA4203530099
:10F6B0009AB2110446BF41F2210383EA4203530088
:10F6C0009AB213044ABF41F22103530083EA420372
:10F6D0009BB283F440731BB2002B9AB2BEF69DAD71
:10F6E000FEF7C1BE0CFA0300AA910100DFF8D4B204
:10F6F0009BF80030002B00F0B882731EFE2B00F246
:10F700006984FDF765FE002840F06486A74BA84990
:10F710001B7801220A70002B40F0B687DFF8A88220
:10F7200025ACA448DFF8A4A206F06CF84FF000095D
:10F73000012009F05BF901F0BBFB88F80090DAF8D2
:10F7400000300893012124200CF022FC0121242008
:10F750000CF0A2FC39464B463246964807F03CFC7A
:10F760002B4607460090324648469349FEF73EF93D
:10F77000002F00F07E853A4690490220FEF736F9C8
:10F780008B4B8C4883F8009003F0E8FF0121242084
:10F790000CF0FEFB494624200CF07EFC40F2FF13E7
:10F7A0009BB25A00864B236016044FF0040323716A
:10F7B00046BF41F2210383EA420353009AB2100488
:10F7C00046BF41F2210383EA420353009AB2110477
:10F7D00046BF41F2210383EA420353009AB2130465
:10F7E00046BF41F2210383EA420353009AB2170451
:10F7F00046BF41F2210383EA420353009AB2160442
:10F8000046BF41F2210383EA420353009AB2100437
:10F810004ABF41F22103530083EA4203A2789BB21C
:10F8200083EA02231BB2002B9AB2B6BF41F2210336
:10F83000530083EA42039AB2110446BF41F2210306
:10F8400083EA420353009AB2130446BF41F22103F4
:10F8500083EA420353009AB2170446BF41F22103E0
:10F8600083EA420353009AB2160446BF41F22103D1
:10F8700083EA420353009AB2100446BF41F22103C7
:10F8800083EA420353009AB2110446BF41F22103B6
:10F8900083EA420353009AB213044ABF41F22103A0
:10F8A000530083EA4203E2789BB283EA02231BB24D
:10F8B000002B9AB2B6BF41F22103530083EA420300
:10F8C0009AB2170446BF41F2210383EA4203530070
:10F8D0009AB2160446BF41F2210383EA4203530061
:10F8E0009AB2100446BF41F2210383EA4203530057
:10F8F0009AB2110446BF41F2210383EA4203530046
:10F900009AB2130446BF41F2210383EA4203530033
:10F910009AB2170446BF41F2210383EA420353001F
:10F920009AB216044ABF41F22103530083EA42030C
:10F930009BB283F480631BB2002B9AB2B6BF41F234
:10F940002103530083EA42039AB2100446BF41F2F6
:10F95000210383EA420353009AB2110446BF41F2E5
:10F96000210383EA420353009AB2130446BF41F2D3
:10F97000210383EA420353009AB2170446BF41F2BF
:10F98000210383EA420353009AB2160446BF41F2B0
:10F99000210383EA420353009AB210044ABF41F2A2
:10F9A0002103530083EA42039BB211E0B87E00209A
:10F9B000587C0020187F002044F8030068F80300FA
:10F9C000AAFE0100897D0020027F0020807D0020AA
:10F9D000190400F1DB855B009BB21A0A6371A27106
:10F9E00025B921460722AA48F6F7CEFCA94B1B7879
:10F9F000002B7EF452ACFDF761FDFEF74EBCA64B2A
:10FA0000A64F0FCB25AC26AE276007C62146338014
:10FA100041F221000DF1A5064FF6FF7311F8012FF9
:10FA200083EA02231AB293B2002AACBF5B0080EAD9
:10FA300043039BB21F0454BF5B0080EA43039BB2A5
:10FA40001A0454BF5B0080EA43039BB21F0454BFF7
:10FA50005B0080EA43039BB21A0454BF5B0080EA58
:10FA600043039BB21F0454BF5B0080EA43039BB275
:10FA70001A0454BF5B0080EA43039BB21F0454BFC7
:10FA80005B0080EA4303B1429BB2C7D11A0AA37458
:10FA9000E274002D7EF401AC214614227C48F6F776
:10FAA00073FCFEF7FABB25AC0026314626700BA886
:10FAB000DFF81C8207F0DEFE31460DA807F0DAFE03
:10FAC000D8F800300C9AC4F8012013F00107744EE6
:10FAD00036D17449304608F09BFE724906F10C009D
:10FAE00008F096FE6F4906F1180008F091FE06F145
:10FAF000280086F8247007F0A1FE06F1300007F018
:10FB00009DFE06F1380007F099FE06F1400007F06F
:10FB100095FE06F1480007F091FE624906F150009B
:10FB200008F076FE012330465F4A6049A6F85C7013
:10FB300086F85E7086F85F70C8F800300CF00EFC36
:10FB4000B6F85C3063711B0A5948A37120210EF08E
:10FB50006FF8C6B2E671002E40F0F681082609273C
:10FB6000202153480EF064F8C0B2202840F20081F2
:10FB70002023A35598461A46E0194D490DF0E0FAA6
:10FB80004744BFB2A5F10200B0FA80F04009B5FACF
:10FB900085F300903A4621465B096220FDF71EFE80
:10FBA000FEF77BBB01F088F9424805F02BFE394B8C
:10FBB0004149012225AC00201A70FDF717FF3F4B89
:10FBC00023606FF488430022002B22719AB2BFF6A3
:10FBD000DEAB41F2210383EA42031BB29BB2FFF783
:10FBE000D8BB172E324639464FF0000628BF1722E1
:10FBF0000DA8CDE90D66CDE90F66CDE911660DF0D2
:10FC00009FFA0DAA30462E49FDF7F0FE25AC6FF4A1
:10FC100092432C4A2260B34226719AB2BFF6B7AB28
:10FC2000D7E7FDF7D5FB0646002853D025AC264B79
:10FC300023606FF44853002B4FF0010222719AB2F7
:10FC4000BBBF41F2210383EA420353001BB29BB2C4
:10FC50001A0403D45B009AB2FEF7EBBD41F2210215
:10FC600082EA43039AB2FEF7E4BD40F2FF139BB26F
:10FC700025AC5A00154B23600623237113044ABF99
:10FC800041F22103530083EA42039AB2FEF72ABBF2
:10FC9000D8630020887D002024610020AA120E0075
:10FCA000F87B0020B0FA03000060002089D4020035
:10FCB00078F90300187F0020A0F90300AA4401008E
:10FCC00088F90300AA490100AA320100AAFE010036
:10FCD000F47B0020AB48DFF8F88205F093FD0120AB
:10FCE00008F084FEA84B88F800601B78002B00F019
:10FCF0004682A64AA64B1178A64A1878269633461D
:10FD000061F307031178A44A60F30F2312789D482A
:10FD100025AC61F3174362F31F63236021464FF460
:10FD2000C073C4E9023303F029FD002800F02C82DF
:10FD300000239A4988F800300722FE232160A28020
:10FD4000A3711DB921469648F6F71EFB954B1C780A
:10FD5000002C7EF4A2AA01F0ADF80094022340F238
:10FD600076226FF07F41874807F05CF9FEF795BA7D
:10FD7000A05500283FF406AF02461FFA80F8FBE6C4
:10FD8000894C38687968BA68884E234607C3BA89AF
:10FD90001A80617B3368B4F80B2094F90A00676815
:10FDA0000791617A0692227A029726680196CDE938
:10FDB0000410039200932A467D4B7E490020FDF7F4
:10FDC00015FE7D4B6F4800221A7005F01BFD0028C0
:10FDD0007FF44BAFD4ED007A9FED780A6948F8EED6
:10FDE000677A27EE800A02F0E9FA00287FF43DAF37
:10FDF000D4ED017A9FED720A6248F8EE677A27EE39
:10FE0000800A06F0DFF800287FF42FAF217A5D48E2
:10FE100006F036F800287FF428AF2046FDF712FEE2
:10FE200000283FF422AF94E80F0025AC654E266011
:10FE300026AE07C6224633800DF1A5004FF6FF73AC
:10FE400041F2210112F8016F83EA06231EB2B3B218
:10FE5000002EACBF5B0081EA43039BB21E0454BF7B
:10FE60005B0081EA43039BB21F0454BF5B0081EA3D
:10FE700043039BB21E0454BF5B0081EA43039BB261
:10FE80001F0454BF5B0081EA43039BB21E0454BFAE
:10FE90005B0081EA43039BB21F0454BF5B0081EA0D
:10FEA00043039BB21E0454BF5B0081EA43039042AC
:10FEB0009BB2C7D11A0AA374E274002D7FF446AF37
:10FEC000214614223648F6F75FFA3FE741F2210354
:10FED00083EA4203C3F30D02FEF7C2BB324C9FED2F
:10FEE000370AD4ED007A2748F8EE677A27EE800AC1
:10FEF00002F064FA00287EF472ADD4ED017A9FED31
:10FF0000300A2048F8EE677A27EE800A06F05AF8A1
:10FF100000287EF464AD217A1A4805F0B1FF00286C
:10FF20007EF45DAD2046FDF78DFD00283EF457AD13
:10FF30003478002C00F06581012223490020FDF770
:10FF400055FD0022FEF751BD32462049B6B227A822
:10FF500006F109070DF0F4F8083601E640F2FF1348
:10FF60009BB225AC5A000D4B236011044FF00203E5
:10FF700023714ABF41F22103530083EA42039AB23C
:10FF8000FEF72ABE187F0020037F00203D6100207D
:10FF90001C6100203C6100207C7D0020AAFE010045
:10FFA000D8630020887D002024610020047F002089
:10FFB00078F7030018F90300897D0020BD378635E6
:10FFC0006F12833AAA120E00B0F9030078F9030009
:10FFD000027F002040F2FF1325AC9BB25A00A94BD0
:10FFE000236010044FF00503237146BF41F2210343
:10FFF00083EA420353009AB2110446BF41F221033F
:020000023000CC
:1000000083EA420353009AB2130446BF41F221032C
:1000100083EA420353009AB2170446BF41F2210318
:1000200083EA420353009AB2160446BF41F2210309
:1000300083EA420353009AB2100446BF41F22103FF
:1000400083EA420353009AB211044ABF41F22103EA
:10005000530083EA4203A2789BB283EA02231BB2D5
:10006000002B9AB2B6BF41F22103530083EA420348
:100070009AB2130446BF41F2210383EA42035300BC
:100080009AB2170446BF41F2210383EA42035300A8
:100090009AB2160446BF41F2210383EA4203530099
:1000A0009AB2100446BF41F2210383EA420353008F
:1000B0009AB2110446BF41F2210383EA420353007E
:1000C0009AB2130446BF41F2210383EA420353006C
:1000D0009AB217044ABF41F22103530083EA420354
:1000E000E2789BB283EA02231BB2002B9AB2B6BF1E
:1000F00041F22103530083EA42039AB2160446BF39
:1001000041F2210383EA420353009AB2100446BF2E
:1001100041F2210383EA420353009AB2110446BF1D
:1001200041F2210383EA420353009AB2130446BF0B
:1001300041F2210383EA420353009AB2170446BFF7
:1001400041F2210383EA420353009AB2160446BFE8
:1001500041F2210383EA420353009AB210044ABFDA
:1001600041F22103530083EA42039BB283F4A0636C
:100170001BB2002B9AB2BEF650A8FEF774B94248E3
:1001800003F090FB25ACD0E5064608F023FCDFF831
:10019000F890074608E0484603F014FA030686B2D2
:1001A00008D4012008F022FC08F014FCC01BB0F5B4
:1001B000FA7FF0D316F0800733D134490120FDF7E0
:1001C00015FC314805F01EFB052008F00FFC304BF4
:1001D0002D481F7005F016FB002800F01E8200233A
:1001E000284988F800300722FE232160A280A371ED
:1001F000002D7FF4FBAB21462648F6F7C5F8FFF744
:10020000F5BB00F057FE0094022340F276226FF017
:100210007F411D4806F006FF00283FF48DAEFEF733
:10022000DEBB4FF4C071184803F054F9C6F3002642
:100230004AF6D00343EA46239B009BB283F4015362
:1002400083F002031B019BB283F4014383F0080394
:100250000021114A26711F0488F8001022607FF5E2
:10026000BAAB41F2210242EA43031BB29BB2FFF751
:10027000B4BB08F0AFFB98F800308146D3B941F227
:10028000931711E0AAFE0100187F0020F4F8030084
:10029000897D0020D8630020AA320100022008F0E6
:1002A000A5FB98F800302BB908F094FBA0EB0900EF
:1002B000B842F3D9404898F8007003F04FFA012192
:1002C00024200BF065FE002124200BF0E5FE3B4AC4
:1002D000002388F80030137008F07CFB384BFFB225
:1002E0001860002F00F05981364A33489368314630
:1002F0000133936003F044FE010A020C030E8DF8F3
:1003000035108DF834008DF837308DF836200D9A81
:100310002D4B0646C4E9003221460DF19B004FF6F5
:10032000FF7341F2210211F8017F83EA07231FB214
:10033000BBB2002FACBF5B0082EA43039BB21F0439
:1003400054BF5B0082EA43039BB21F0454BF5B00AF
:1003500082EA43039BB21F0454BF5B0082EA43035B
:100360009BB21F0454BF5B0082EA43039BB21F048D
:1003700054BF5B0082EA43039BB21F0454BF5B007F
:1003800082EA43039BB21F0454BF5B0082EA43032B
:1003900088429BB2C7D11A0A2372627225B92146DC
:1003A0000A220A48F5F7F0FF2B463246084900209A
:1003B000FDF71CFBFFF71ABB187F0020587C0020BC
:1003C000CC7E0020E87E0020AA020400D863002032
:1003D0008CF8030040F2FF1325AC9BB25A00A34BEC
:1003E000236011044FF00E03237146BF41F2210335
:1003F00083EA420353009AB2130446BF41F2210339
:1004000083EA420353009AB2170446BF41F2210324
:1004100083EA420353009AB2160446BF41F2210315
:1004200083EA420353009AB2100446BF41F221030B
:1004300083EA420353009AB2110446BF41F22103FA
:1004400083EA420353009AB213044ABF41F22103E4
:10045000530083EA4203A2789BB283EA02231BB2D1
:10046000002B9AB2B6BF41F22103530083EA420344
:100470009AB2170446BF41F2210383EA42035300B4
:100480009AB2160446BF41F2210383EA42035300A5
:100490009AB2100446BF41F2210383EA420353009B
:1004A0009AB2110446BF41F2210383EA420353008A
:1004B0009AB2130446BF41F2210383EA4203530078
:1004C0009AB2170446BF41F2210383EA4203530064
:1004D0009AB216044ABF41F22103530083EA420351
:1004E000E2789BB283EA02231BB2002B9AB2B6BF1A
:1004F00041F22103530083EA42039AB2100446BF3B
:1005000041F2210383EA420353009AB2110446BF29
:1005100041F2210383EA420353009AB2130446BF17
:1005200041F2210383EA420353009AB2170446BF03
:1005300041F2210383EA420353009AB2160446BFF4
:1005400041F2210383EA420353009AB2100446BFEA
:1005500041F2210383EA420353009AB211044ABFD5
:1005600041F22103530083EA42039BB283F46063A8
:100570001BB2002B9AB2BDF650AEFDF774BF2146F8
:100580000A223B48F5F700FFFDF75FBD41F221026B
:1005900082EA43039BB2FFF720BA089ADAF80030E8
:1005A00034499B1A02203246FDF720FA324805F002
:1005B00029F9052008F01AFA2F488BF8007005F089
:1005C00021F900287FF4EAA82C4E9FED2D0AD6EDE4
:1005D000007A2948F8EE677A27EE800A01F0EEFEED
:1005E00000287FF4DBA8D6ED017A9FED260A224889
:1005F000F8EE677A27EE800A05F0E4FC00287FF425
:10060000CDA8317A1C4805F03BFC00287FF4C6A831
:100610003046FDF717FAFFF7C1B8184E9FED180ADC
:10062000D6ED007A1448F8EE677A27EE800A01F0DA
:10063000C5FE00287FF4D3ADD6ED017A9FED110AF7
:100640000D48F8EE677A27EE800A05F0BBFC00281B
:100650007FF4C5AD317A084805F012FC00287FF41C
:10066000BEAD3046FDF7EEF9B9E500BFAAFE0100C8
:10067000D8630020B4F80300187F00202461002014
:10068000BD3786356F12833A0223CDE90837FCF770
:100690009FFE074600287FD1584B594A1878147896
:1006A000584B594ADFF8848111781A7888F800701D
:1006B0003B4664F3070360F30F2325AC61F3174354
:1006C00062F31F632360514867604FF4C073214693
:1006D000C4E9023303F052F8002873D1074608F04A
:1006E00079F9DFF828A1814608E0504602F06AFF58
:1006F000020687B208D4022008F078F908F06AF9F7
:10070000A0EB0900C728F0D94FF4C0713F4802F0B0
:10071000E1FE002388F800303B0619D5F80554D5D2
:100720003B4BDB68D9012ED53A4B1A68D2072AD544
:100730005B689B09384AA2FB03121209962101FB50
:10074000123303F1320008F051F9089B012B36D126
:1007500032490120FDF74AF9A5F1020C3048B5FAFB
:1007600085F2DCF100034FF000014FF00E0501703F
:100770004FEA521243EB0C032146FE202570FDF791
:100780005BFAFFF733B909F09FFB264BA0FB03018F
:10079000830A43EA8153CDE7A91E4B42B5FA85F29D
:1007A0004FF00E001E4D8DF834004B4100245209CD
:1007B0000DA9FE202C70FDF73FFAFDF76EBD012359
:1007C000089364E788F80070C2E7099FFEF7A9BFA5
:1007D000A81E414241410022B5FA85F35B09009110
:1007E000FF201146FCF7FAFF0F490020FDF7FEF845
:1007F000642008F0FBF8FCF7A5FB00BF1C6100209B
:100800003D6100207C7D00203C610020187F00209D
:10081000F0ED00E0001000E0B5814E1B14F803007D
:10082000587C002040420F00C8F90300027F0020DE
:100830002DE9F04104460E461746984608F0CAF8DE
:10084000044D434628603A4631462046BDE8F04113
:10085000FDF748BB847D0020F0B501218DB0242038
:100860000BF096FB002124200BF016FCB24C01216A
:1008700023200BF08DFB002123200BF00DFC2046E4
:100880004FF46121F5F78AFE08F0A4F840F6B73678
:10089000054608E008F09EF8401BB0424FF00A0001
:1008A00006D808F0A3F82046F5F796FE0028F1D008
:1008B000C82008F09BF8A149A14E06A807F0A8FFA0
:1008C00006A909A807F0CAFF9E4909A808F050F830
:1008D0009D4908F04DF801469C4807F0EFFF09A834
:1008E00007F0E4FF06A807F0E1FF994B9949924809
:1008F000002207F011F8FCF729FB00F0E3FA08F0FA
:1009000069F80121306022200BF042FB01212220F6
:100910000BF0C2FB012115200BF03AFB0121152041
:100920000BF0BAFB00F0C2FA00F0E8FA8A4800F0D7
:10093000E7FA09241E201D2103220423CDE9031018
:10094000CDE9014200931A220A2384490020FDF7D1
:100950004DF8002508220A232146CDE90125009300
:10096000072212239FED7E1ADFED7E0A9FED7E0A9D
:100970007E4802F075F96EA3D3E900230446009087
:100980007B492846FDF732F8002C7FD06A4C02E004
:100990000A2008F02BF82046F5F7EEFC0028F7D0E7
:1009A0000023012209A9FE2008248DF82440FDF728
:1009B00043F97049604806F097FF6F4B00221A70A8
:1009C0006E4F3D6815F0010536D16D4C6D492046DE
:1009D00007F01EFF6B4904F10C0007F019FF69498D
:1009E00004F1180007F014FF04F1280084F82450E3
:1009F00006F024FF04F1300006F020FF04F1380077
:100A000006F01CFF04F1400006F018FF04F1480056
:100A100006F014FF5B4904F1500007F0F9FE0123D2
:100A20002046594A5949A4F85C5084F85E5084F82D
:100A30005F503B600BF092FC5549564807F068FF49
:100A400041F2873401E007F0D1FF07F0C3FF3368BC
:100A5000C31AA3424FF03200F5D94F4B01221A704E
:100A600007F0B8FF4D4B00F5EA403030186007F052
:100A7000B1FF4B4B354A18601E2312684949009359
:100A80002D48494B06F048FF0DB0F0BD0121374815
:100A900006F02EF945490246274806F03DFF9FED36
:100AA000440A324805F064FB8C220346414922483F
:100AB00006F032FF012211462C4805F019FE3E498E
:100AC00002461D4806F028FF012309AA40F6B50199
:100AD00026488DF8244004F07DFF60B99DF824403D
:100AE000224844F00104012309AA40F6B5018DF81B
:100AF000244004F067FF024630490F4806F00CFF1F
:100B00002F4B1A4800221A7004F07CFE002859D09E
:100B1000062409A900230122FE208DF82440FDF7B8
:100B20008BF84FF47A7007F061FFFAE7AFF30080BB
:100B3000000000C0CCCCFC3FD863002088FA030042
:100B4000E47E002090FA030058FC0300047F00209C
:100B50004CFC030094FA0300E4800020B4FA030084
:100B60006666E63F0000FA420000D943187F002085
:100B7000F0FA030010FB0300597C0020F47B0020F6
:100B8000F87B0020B0FA03000060002089D4020046
:100B900078F90300BC7E0020AC7E0020B47E0020EB
:100BA000D07E00201CFC030078F7030058FB0300F4
:100BB00000000C4380FB0300A8FB0300D4FB0300F0
:100BC000897D00202A4C9FED2B0AD4ED007A2A481B
:100BD000F8EE677A27EE800A01F0F0FB002897D143
:100BE000D4ED017A9FED250A2348F8EE677A27EEC7
:100BF000800A05F0E7F900288AD1217A1E4805F01D
:100C00003FF90546002883D12046FCF71BFF00284A
:100C10003FF47EAF1A49184805F00AF928460A221F
:100C20001849FCF7E3FE184B1B7813B9FCF746FC98
:100C3000A8B1164B01241C7007F0CCFE144B1860B1
:100C400007F0C8FE134B2146586023201C705C70CF
:100C50000BF09EF9214623200BF01EFAB0E64FF46C
:100C60007A7007F0C3FE4FF47A7007F0BFFEF6E724
:100C700024610020BD378635187F00206F12833A2B
:100C800099D3020000FC0300887D0020597C0020DD
:100C900034610020DC7E0020F0B5704C226887B003
:100CA000BAB16F4BDB68DD0104D56E4B1968C8071C
:100CB00000F1898009F008F96B4B2268A0FB030161
:100CC000830A43EA8153694908689B1A984238BFEE
:100CD0000B60634BDB68D90103D5624B1A68D207FE
:100CE00040D409F0F1F8604BA0FB0301830A43EA0A
:100CF0008153236007F06EFE5D4B1A78002A34D1D1
:100D00005C4B1A781AB15C4A1278002A5ED05B4DAF
:100D10005B4F5C4E09E02846F5F710FB0097C1B227
:100D2000334600225848FCF715F92846F5F7E0FA53
:100D300004460028EFD1FCF777FCFCF70BFF00F02E
:100D4000C3F8FCF705F95148514D524EFCF744F8F1
:100D500007F040FE2B7800F5EA4030303060C3B930
:100D600007B0F0BD5B689B09C3E75A685978821ADF
:100D700021BB4EF65F218A42C2D9012458605C70C3
:100D8000012123200BF004F9214623200BF084F9E4
:100D9000B6E7414F07F01EFE3B68C01AB0F57A6F08
:100DA00018D22B78002BDBD007F014FE3368C01A62
:100DB00000281CDB00232B7007B0F0BD312A9FD91F
:100DC00000245C70DCE75B689B097CE71A70FCF729
:100DD00091FD9CE707F0FEFD2B783860012B2FD0AA
:100DE000022B28D02D4A012314602B70DCE72B4CFA
:100DF00007F0F0FD2368C31AB3F5FA6FB0D907F016
:100E0000E9FD2B782060012B1FD0022BA8D007F022
:100E1000E1FD03A8224907F0FBFC224B1B680BB144
:100E200007F0D8FD1948FCF749F800F05FF803A86F
:100E300007F03CFD94E7194A032314602B70B3E7D5
:100E4000164A022314602B70AEE71048FCF736F800
:100E5000044600F04BF8144B1C8381E7147F0020FC
:100E6000F0ED00E0001000E040420F00107F002095
:100E7000DC7E0020027F0020587C0020D863002008
:100E80009DDE020031080300947D0020F4F603008B
:100E9000AC7E0020B47E0020D07E0020C87E0020E2
:100EA000B0FA0300847D0020E87E0020704700BF78
:100EB000704700BF704700BF704700BF00207047F9
:100EC00000207047704700BF704700BF70B4064DE8
:100ED00006460FCD34460FC495E8030084E80300AE
:100EE000304670BC704700BF60FC03009FED010AF4
:100EF000704700BF0000C07F00207047704700BFF0
:100F0000437C03B1704730B5012285B042740321A0
:100F1000FF22019304468DF803208DF806208DF8FA
:100F20000510827B417B8DF800204FF080451A46EA
:100F300002958DF80110057BC37369460374039312
:100F40008DF802500AF0FAF8A37B1F2B86BF03F03E
:100F50001F030C4A4FF0A04203F5E07340F2013149
:100F600042F82310637B1F2B86BF03F01F03054944
:100F70004FF0A04103F5E07340F2033241F8232023
:100F800005B030BD0003005010B504460AF01EFA4B
:100F90000023637410BD00BF10B483B002AB03E93B
:100FA00006009DF805309DF80410026813F1FF3328
:100FB00018BF012300240229C2F800451C4603740F
:100FC000C17332D003292DD0012925D0224B00999D
:100FD000B3FBF1F3B3F5007FC2F854451FD2FF2BEA
:100FE0000FD87F2B24D83F2B25D81F2B26D80F2B8B
:100FF00027D8072B02D819498A4225D04FF0004143
:1010000001E04FF080610723C2F82415C2F80035D3
:1010100003B05DF8044B704743F00204D6E74FF08D
:101020000071F0E743F00604D0E743F00404CDE795
:101030004FF00061E7E74FF08051E4E74FF00051D7
:10104000E1E74FF08041DEE7042B34BF4FF0A051C1
:101050004FF02061D7E700BF0090D00300F00240BE
:1010600003680022C3F80025704700BF002B3AD068
:101070002DE9F047814684B00D4617461E464FF6CF
:10108000FF784FF0000A4645344628BF4446002DFD
:1010900014BF2346002300950297361B01938FB19E
:1010A00000226946484603940AF0F2F905B1254446
:1010B0002744002EE7D104B0BDE8F087CDE9005504
:1010C0000295361B002269464846CDF80CA00AF06E
:1010D000DFF94DB94645344628BF4446002EEDD1D0
:1010E00004B0BDE8F08770472544002ECBD1E2E77D
:1010F00010B586B006AB012403F8111D002202A929
:101100000293CDE9034305940AF0C2F99DF8070064
:1011100006B010BD30B4094A094B546FD068916FC6
:101120001C7300220124074D1C7198735973DA73E4
:101130001A741D605A749A6030BC70474C020400E7
:10114000E480002000F002402DE9F047154D089E94
:10115000AC4607468A4691469846BCE80F003C4696
:101160004FF0000E44F804EB0FC49CE807001C3558
:1011700084E807000FCD07F13004C7E908A9C7F8D4
:101180002880FE620FC42B6823603020C7F844E03B
:1011900009F0FAFE044601F0CFF83C603846BDE89D
:1011A000F08700BF78FC030010B5044600680368B0
:1011B0005B6C98472068216A036882689B6898473F
:1011C0002068216A03680269DB689847004B10BDFC
:1011D00040610020006803689B6C18472DE9F04FC0
:1011E000057C83B00446407C0D9F0C9E0196ED0863
:1011F00005EBD0053D442846894690469B4609F0BC
:10120000C5FE0646284609F0C1FE8246207C082815
:101210005FFA89F35FFA88F132D843EA0102638901
:1012200032704B4506F1010034D03A46A1890BF0EB
:10123000ABFF206803685B6B98472068216A0368EE
:10124000C268DB689847206803682A4631469D6B70
:101250005346A8472068216A03680269DB689847FB
:1012600020680368DB6B984723894B4517D03046CD
:1012700009F08EFE504603B0BDE8F04F09F088BE7D
:1012800043EA182263897170D2B24B4506F102001D
:101290003270CAD159463A460BF052FFC9E7217C59
:1012A00001983A460AEBD1010BF04AFFDFE700BF95
:1012B0002DE9F04790F804C084B004460F46154667
:1012C0001E46BCF1000F00F0B580437C5AB2002AE4
:1012D000B8BF0732D210013A52B2002A0DF1080805
:1012E000C0F2BC80B0F80AE04146D000013A52B2E8
:1012F0004EFA00FCB2F1FF3F01F801CBA0F108006B
:10130000F4D194F810C04FEADC0C0CF1FF3252B269
:10131000501C09D00139D000013A27FA00F052B22E
:1013200001F8010F501CF6D10CEBD30707EB0609AF
:10133000484609F02BFE824647B1013FFFB2013714
:1013400041463A460BF0FCFE0AEB070032462946BE
:101350000BF0F6FEE36A20680133036866D05B6A2F
:10136000984705460BE0206803685B6D9847206846
:1013700003685B6A9847E369401B984264D220681F
:10138000E16A03681B6998470028ECD1484609F0D8
:10139000FDFD0646206803685B6B98472068216A5C
:1013A0000368C268DB689847206803684A469D6BFB
:1013B00051463346A8472068216A03680269DB6802
:1013C000984720680368DB6B9847E36A206801331D
:1013D00003683FD01B6A01219847206803685B6A55
:1013E000984705460BE0206803685B6D98472068C6
:1013F00003685B6A9847E369401B98420DD22068F6
:10140000E16A03681B6998470028ECD1636923B13E
:10141000E27C914501D9B05C9847504609F0B8FD8F
:10142000304604B0BDE8F04709F0B2BDDB693221B7
:101430009847ABE74189CDE900C313463A46FFF729
:10144000CDFE04B0BDE8F087504604B0BDE8F047DB
:1014500009F09EBDDB6901219847D7E7414650E777
:101460002DE9F04F83B004460C9F807C9DF83850E6
:101470000095D51905EBD00528469DF834A00193B9
:1014800016468B4609F082FD80465EB106F1FF39B3
:101490005FFA89F909F1010959464A460BF050FEF5
:1014A00008EB0900A27CA18907EBD2020BF06CFECD
:1014B000BAF1000F1DD0E26A2068013203687FD0C4
:1014C0005B6A984781460DE0206803685B6D98472A
:1014D000206803685B6A9847E369A0EB09009842BB
:1014E00080F088802068E16A03681B6998470028BB
:1014F000EAD1284609F04AFD8146206803685B6B03
:1015000098472068216A0368C268DB6898472068AA
:1015100003682A46D3F838B041464B46D84720687E
:10152000216A03680269DB68984720680368DB6BFF
:101530009847BAF1000F21D0E26A206801320368AF
:1015400061D01B6A01219847206803685B6A98474D
:1015500082460CE0206803685B6D9847206803684A
:101560005B6A9847E369A0EB0A00984252D2206870
:10157000E16A03681B6998470028EBD163691BB3D4
:10158000E27C954220D919F802009847A17C06EB2D
:10159000D10105463A46494401980BF0D1FD404639
:1015A00009F0F6FC484609F0F3FCFDB9009BE3B1F5
:1015B000A569DDB120462B4603B0BDE8F04F1847C2
:1015C000DB693221984794E7A17C019806EBD101B1
:1015D0003A4649440BF0B4FD404609F0D9FC484670
:1015E00009F0D6FC009B002BE2D11D46284603B033
:1015F000BDE8F08F404609F0CBFC6FF4307528460B
:1016000003B0BDE8F08FDB69012198476369002BC7
:10161000B6D1D9E7A17C019806EBD10149443A46FD
:101620000BF08EFD404609F0B3FC484609F0B0FCD3
:101630006FF43075284603B0BDE8F08F90F811C004
:101640002DE9F04F04464FFA8CF00028B8BF073060
:10165000C010013883B040B200289DF830509DF88A
:101660003460174698460CDBC30001AA013840B22B
:1016700041FA03FEB0F1FF3F02F801EBA3F10803CA
:10168000F4D14FEADC0B0BEB080A504609F07EFC64
:101690008146BBF1000F09D001AB13F8012B00F814
:1016A000012BA0EB0901C9B28B45F6D84246394659
:1016B0000BF046FDDDB1E26A20680132036870D0AC
:1016C0005B6A984707460BE0206803685B6D9847A4
:1016D000206803685B6A9847E369C01B984271D22F
:1016E0002068E16A03681B6998470028ECD15046DE
:1016F00009F04CFC0746206803685B6B984720683C
:10170000216A0368C268DB6898472068036852460C
:10171000D3F8388049463B46C0472068216A0368B1
:101720000269DB68984720680368DB6B984705B35C
:10173000E26A2068013203684DD01B6A0121984794
:10174000206803685B6A984705460BE020680368D9
:101750005B6D9847206803685B6A9847E369401BA4
:1017600098423FD22068E16A03681B6998470028C5
:10177000ECD16369CBB1E27C924516D9B85C98474D
:101780000546484609F004FC384609F001FCADB9AD
:101790009EB1A56995B120462B4603B0BDE8F04F38
:1017A0001847DB6932219847A1E7484609F0F0FB6A
:1017B000384609F0EDFB002EEBD13546284603B044
:1017C000BDE8F08F484609F0E3FB6FF4307528461A
:1017D00003B0BDE8F08FDB69012198476369002BF6
:1017E000C9D1E2E7484609F0D3FB384609F0D0FBFF
:1017F0006FF43075284603B0BDE8F08F2DE9F04F47
:1018000083B00446DDF830809DF834909DF838B000
:10181000019102EB0806304615469A4609F0B6FBE0
:1018200007463DB1013DEDB2013501992A460BF065
:1018300087FC7819424651460BF082FCB9F1000F43
:101840001BD0E26A20680132036875D05B6A984752
:1018500005460BE0206803685B6D984720680368C5
:101860005B6A9847E369401B984277D22068E16A37
:1018700003681B6998470028ECD1304609F086FBC5
:101880000546206803685B6B98472068216A0368F7
:10189000C268DB689847206803683246D3F838800E
:1018A00039462B46C0472068216A03680269DB6815
:1018B000984720680368DB6B9847B9F1000F21D087
:1018C000E26A20680132036851D01B6A01219847FF
:1018D000206803685B6A984780460CE020680368CC
:1018E0005B6D9847206803685B6A9847E369A0EBE3
:1018F0000800984242D22068E16A03681B69984751
:101900000028EBD16369DBB1E27C964218D9A85C70
:1019100098470646384609F03BFB284609F038FB55
:10192000C6B9BBF1000F14D0A6699EB1204633465C
:1019300003B0BDE8F04F1847DB69322198479CE7B8
:10194000384609F025FB284609F022FBBBF1000FC1
:10195000EAD15E46304603B0BDE8F08F384609F064
:1019600017FB6FF43076304603B0BDE8F08FDB69CB
:10197000012198476369002BC6D1E1E7384609F099
:1019800007FB284609F004FB6FF43076304603B0BD
:10199000BDE8F08F2DE9F043457C6BB2002BB8BF5A
:1019A0000733DB10013B5BB2002B83B004460CDB3A
:1019B000C689DA0001A9013B46FA02F05BB201F8E0
:1019C000010B581CA2F10802F5D1A77CED0805EB2C
:1019D000D7070137384609F0D9FA064645B101AABA
:1019E00012F8013B00F8013B831BDBB29D42F7D8A4
:1019F000A27CA189D20801320BF0C6FBE36A206801
:101A00000133036800F089805B6A984780460CE0E8
:101A1000206803685B6D9847206803685B6A984795
:101A2000E369A0EB080098427BD22068E16A036872
:101A30001B6998470028EBD1384609F0A7FA814680
:101A4000206803685B6B98472068216A0368C26856
:101A5000DB689847206803683A46D3F838803146F7
:101A60004B46C0472068216A03680269DB689847D3
:101A700020680368DB6B9847E36A206801330368DA
:101A80003AD01B6A01219847206803685B6A98472F
:101A900080460CE0206803685B6D98472068036807
:101AA0005B6A9847E369A0EB0800984242D220683D
:101AB000E16A03681B6998470028EBD163690BB39F
:101AC000E27C97421ED919F802009847A37C09EBE3
:101AD000D303074630465D5D09F05AFA484609F0DF
:101AE00057FA2FB967691FB12846B8470027E08029
:101AF000384603B0BDE8F083DB690121984763698C
:101B0000002BDDD1A37C09EBD30330465D5D09F0EA
:101B10003FFA484609F03CFAE4E7DB69322198478E
:101B20008AE7304609F034FA6FF43077384603B06C
:101B3000BDE8F083304609F02BFA484609F028FA50
:101B40006FF43077384603B0BDE8F0832DE9F04FED
:101B500085B01546109A9DF8444001948A46044683
:101B6000AF180293002B40F0FD80837C07EBD30776
:101B7000384609F00BFA0646002D00F0CB8046EA05
:101B80000A035A0740F011810B2D40F20E81002DFF
:101B900014BF2B46012303934FEAD30B721CAAF107
:101BA000080C31460023FCE9028901335FFA83FE09
:101BB0001046F345E1E8028900F1070002F108024E
:101BC000F1D8039901F0F8038B4206EB03023BD0F6
:101BD00003F1010C5FFA8CFC1AF80310F15465450F
:101BE00002F1010030D9991CC9B21AF80C005070EA
:101BF0008D4202F1020027D9D81C1AF80110917009
:101C0000C1B28D4202F103001ED9181D1AF801104D
:101C1000D170C1B28D4202F1040015D9581D1AF8D5
:101C200001101171C1B28D4202F105000CD90633C9
:101C3000DBB21AF8011051719D4202F1060003D97E
:101C40001AF803309371D01D029B002B62D0109ABA
:101C50000E990BF075FA019B002B65D1384609F0FF
:101C600095F98046206803685B6B98472068216A75
:101C70000368C268DB689847206803683A46D3F86F
:101C8000389031464346C8472068216A0368026994
:101C9000DB68984720680368DB6B9847019B13B3A8
:101CA000E26A20680132036800F08B801B6A012120
:101CB0009847206803685B6A984781460CE0206873
:101CC00003685B6D9847206803685B6A9847E3691F
:101CD000A0EB090098427BD22068E16A03681B6987
:101CE00098470028EBD16369002B48D0E27CBA42C8
:101CF00045D218F8020098470746029B002B42D0B5
:101D0000304609F045F9404609F042F9384605B039
:101D1000BDE8F08F109BA27CA18903EBD2020BF0EF
:101D200033FA019B002B99D0E26A206801320368E4
:101D300021D05B6A984780460CE0206803685B6DA1
:101D40009847206803685B6A9847E369A0EB08003E
:101D5000984221D22068E16A03681B6998470028ED
:101D6000EBD17BE7384609F011F90646002D7FF4E8
:101D700006AF30466BE7DB69322198476EE7029B7E
:101D80000027002BBCD1A17C05EBD1014144DDE94A
:101D90000F020BF0D5F9B3E7304609F0F9F86FF40C
:101DA0003077384605B0BDE8F08F0AF1FF3A30468B
:101DB0001AF8013F00F8013B831BDBB29D42F7D8C4
:101DC00042E7DB69012198476369002B8ED1D6E792
:101DD0006FF4307791E700BF2DE9F041067986B0C6
:101DE00005460C46002E3FD0477C78B20028B8BF8D
:101DF0000730C010013840B2002804A93EDBB5F816
:101E000008800E464FEAC00C013840B248FA0CFE7A
:101E1000B0F1FF3F06F801EBACF1080CF4D195F8F6
:101E200010E04FEADE0E0EF1FF3040B2B0F1FF3F9E
:101E30000BD0013E4FEAC00C013840B224FA0CFC32
:101E4000B0F1FF3F06F801CFF4D100240126029241
:101E500001930EEBD7022846039600942346FFF722
:101E600075FE06B0BDE8F0810189CDE90032334648
:101E70002246FFF7B3F906B0BDE8F0810E46CEE783
:101E800090F811C02DE9F04305464FFA8CF0002878
:101E9000B8BF0730C010013887B040B200289DF8A5
:101EA00038E09DF83C600DF114090CDB4F46C4008E
:101EB000013840B241FA04F8B0F1FF3F07F8018B56
:101EC000A4F10804F4D10020CDE9023E0192009073
:101ED00003464FEADC0249462846FFF737FE20B9A1
:101EE0001EB1AB690BB12846984707B0BDE8F08337
:101EF0002DE9F04F8BB0072B9DF858509DF850807E
:101F00009DF8547005959DF85CB000F22F81B8F1F2
:101F1000070F00F22B814345C0F028811E4603794C
:101F20009146002204460D468DF81F20002B00F03C
:101F30000681427C53B2002BB8BF0733DB10013B54
:101F40005BB2002B08A9C0F20F81B0F808A08E4642
:101F5000D800013B5BB24AFA00FCB3F1FF3F0EF838
:101F600001CBA0F10800F4D194F810C04FEADC0CCA
:101F70000CF1FF335BB2581C0AD00EF1FF3ED800C3
:101F8000013B25FA00F05BB20EF8010F581CF6D1A8
:101F900001200DF11F0A0023CDE902000CEBD20253
:101FA000CDE9003A2046FFF7D1FDFF22731CC8F1AE
:101FB000080802FA03F342FA08F843EA08039DF816
:101FC0001F60DB43DBB289EA0602134203D1BBF197
:101FD000000F00F0A18026EA030603EA090923792D
:101FE00046EA09068DF81E60002B00F0B280627C84
:101FF00053B2002BB8BF0733DB10013B5BB2002BA1
:1020000008A9C0F2B680B4F80A8008464FEAC30CAB
:10201000013B5BB248FA0CFEB3F1FF3F00F801EB65
:10202000ACF1080CF4D194F810C04FEADC0C0CF1C0
:10203000FF335BB2B3F1FF3F0BD001384FEAC30E61
:10204000013B5BB225FA0EFEB3F1FF3F00F801EF52
:10205000F4D1002001230CEBD2020DF11E0CCDE9CE
:1020600000C0CDE902332046FFF770FD2068036809
:102070009B6A98474FF47A7909FB07F983464FF03A
:1020800000080127206803689B6A9847A0EB0B00B3
:1020900048454FD223798DF81F80002B40D0617CBA
:1020A0004BB2002BB8BF0733DB10013B5BB2002BF8
:1020B0003EDBB4F808C0DA0008A8013B5BB24CFA7A
:1020C00002FEB3F1FF3F00F801EBA2F10802F4D1E8
:1020D000227CD208531E5BB2B3F1FF3F0BD0013814
:1020E0004FEAC30C013B5BB225FA0CFCB3F1FF3F96
:1020F00000F801CFF4D102EBD102CDE90277CDE9AE
:10210000008A002308A92046FFF720FD9DF81F3014
:10211000059A73401A42B5D100200BB0BDE8F08F8C
:1021200021892A46CDE900A72046FFF757F8EDE7B9
:1021300008A8CDE76FF00F000BB0BDE8F08F0122CB
:102140000DF11F0A0189CDE900A22A46FFF746F8E2
:102150002BE761890093012301932A460DF11E03A9
:102160002046FFF73BF881E78E46FDE66FF00A0058
:10217000D3E7084657E700BFF8B5446C24B906E03A
:10218000914205D0183402D02278002AF8D1F8BD47
:102190000646043400F1300500F1440755F8041BED
:1021A000002904DB306822680368DB689847AF4287
:1021B00004F10404F2D1F8BD21B1034B880143F0CE
:1021C00001031847704700BF10FD03000846704721
:1021D000704700BF006AFEF793BE00BF006AFEF7BB
:1021E000D3BE00BF72B1F8B54C1E0746A6185D1EDF
:1021F00014F8011F386AFEF77BFFB44205F8010F9F
:10220000F6D1F8BD704700BF09F0D0BB4B1C02D01F
:10221000C8B205F0F3BB704708461146421C03D014
:102220001A46C0B205F0B0BC704700BF006AFEF7A6
:1022300017BF00BF00F1240393E80600006AFEF711
:10224000ABBE00BF08461146421C02D01A4609F038
:102250004FBB0020704700BF08B50A4BDB68D901AF
:1022600003D5094B1A68D20708D407F02DFE074B97
:10227000A0FB0323900A40EA835008BD58688009F8
:1022800008BD00BFF0ED00E0001000E040420F008C
:1022900006F0A0BB084606F0A9BB00BF4B1C02D04D
:1022A000084606F019BA704708461146421C02D08B
:1022B0001A4606F007B970474B1C02D0084609F0D1
:1022C00007BF0020704700BF4B1C084602D01146D4
:1022D00009F0E2BE704700BF4B1C084602D0114611
:1022E00009F056BE704700BF10B53021044608F013
:1022F00051FE204610BD00BF90F82C2002B9704757
:1023000002680449126C8A4202D1006AFEF73CBEA0
:10231000104700BFDD21030090F82C2002B9704760
:1023200002680449126B8A4202D1006AFEF7E8BDD6
:10233000104700BFD521030030B585B0012500232B
:1023400003210422CDE9012100952A4619460446BD
:1023500005F018F807480849084A2060002320467D
:1023600084F8295084F82C50C4E9081284F82830E5
:1023700005B030BDB0FC0300E480002080841E0066
:102380004AB116290B466FF00800A8BF16238342F6
:10239000B8BF034613700931C9B21F298CBF6FF053
:1023A0000C000020704700BF704700BF10B54FF40D
:1023B000E671044608F0EEFD204610BD9FED167A4A
:1023C000B4EEC70AF1EE10FA23D49FED147AB4EEFE
:1023D000C70AF1EE10FA1CDC38B5D0ED587A70EE71
:1023E000677AB3EE047AF0EEE77AF4EEC77AF1EEAC
:1023F00010FA054610EE104A06DA00EE104A28469A
:10240000BDE8384004F0BABC02F04CFA0028F4D021
:1024100038BD6FF00B007047000016430000704499
:1024200030B50368154A9B6D934283B005460C4650
:1024300019D10931CBB21F2B1CD8D5F86831104AFD
:10244000002B08BF134603EB410013F8112090F94D
:10245000011000241309284602F00F02009404F032
:1024600059FC03B030BD002298470028F9D104F18F
:102470000901E2E76FF00C00F3E700BF81230300DE
:1024800048FD0300F0B52DED028B85B005689DF881
:10249000346080F85461C0ED540AD5F81051494EAB
:1024A0009DF930708DF80C10B5428DED020A8DF853
:1024B0000D208DF80E308DF80F705BD1044602F0C0
:1024C00001FD18B105B0BDEC028BF0BD23683E4A9A
:1024D000DB6B9DED028A93425AD1DFED3C7AB4EE7C
:1024E000E78AF1EE10FA5ED4DFED397AB4EEE78ACE
:1024F000F1EE10FA57DCD4ED587A78EE677AB3EE45
:10250000047AF0EEE77AF4EEC77AF1EE10FA37DAF1
:10251000B0EE480A204604F031FC0028D2D1012157
:10252000204602F031FA0028CCD1236829495A6D9F
:102530009DF90F508A4232D19B6D274A934235D183
:1025400005F10903DAB21F2A39D8D4F868212349E2
:10255000002A08BF0A4602EB430112F8132091F942
:10256000011000251309204602F00F02009504F027
:10257000D1FBA7E702A9A84705B0BDEC028BF0BDCF
:10258000B0EE480A204602F08DF90028C0D099E745
:10259000B0EE480A20469847002893D1BFE7294665
:1025A000204690478EE76FF00B008BE702462946E6
:1025B00020469847002885D105F10903C5E76FF04B
:1025C0000C007FE70D270300BD2303000000164326
:1025D00000007044212403008123030048FD030010
:1025E00030B52DED028B91ED010A83B00D46044606
:1025F00002F04AFC18B103B0BDEC028B30BD236879
:102600003C4ADB6B95ED008A934254D1DFED3A7A78
:10261000B4EEE78AF1EE10FA5DD4DFED387AB4EE6D
:10262000E78AF1EE10FA56DCD4ED587A78EE677A44
:10263000B3EE047AF0EEE77AF4EEC77AF1EE10FA30
:1026400031DAB0EE480A204604F098FB0028D2D1D7
:102650000121204602F098F90028CCD123682849AE
:102660005A6D95F908508A4238D19B6D254A93429C
:1026700028D105F10903DAB21F2A37D8D4F8682126
:102680002149002A08BF0A4602EB430112F8132031
:1026900091F9011000251309204602F00F02009560
:1026A00004F038FBA7E7B0EE480A204602F0FAF83B
:1026B0000028C6D09FE7B0EE480A20469847002879
:1026C00099D1C5E70246294620469847002892D16D
:1026D00005F10903D2E76FF00B008CE7294620468D
:1026E00003B0BDEC028BBDE8304010476FF00C002A
:1026F00081E700BFBD2303000000164300007044C3
:10270000212403008123030048FD030030B52DED93
:10271000028B0C4683B08B794A790979054602F021
:10272000D1FB18B103B0BDEC028B30BD2B683C4A25
:10273000DB6B94ED008A934254D1DFED3A7AB4EE2C
:10274000E78AF1EE10FA5DD4DFED377AB4EEE78A6E
:10275000F1EE10FA56DCD5ED587A78EE677AB3EEE2
:10276000047AF0EEE77AF4EEC77AF1EE10FA31DA95
:10277000B0EE480A284604F001FB0028D2D101211E
:10278000284602F001F90028CCD12B6827495A6D60
:1027900094F907408A4238D19B6D254A934228D14B
:1027A00004F10903DAB21F2A37D8D5F86821214984
:1027B000002A08BF0A4602EB430112F8132091F9E0
:1027C000011000241309284602F00F02009404F0BF
:1027D000A1FAA7E7B0EE480A284602F063F80028FD
:1027E000C6D09FE7B0EE480A28469847002899D1FE
:1027F000C5E70246214628469847002892D104F1B1
:102800000903D2E76FF00B008CE72146284603B09E
:10281000BDEC028BBDE8304010476FF00C0081E743
:10282000BD23030000001643000070442124030070
:102830008123030048FD030030B52DED028B0C46CB
:1028400083B091ED031AD4ED020A498A94ED010A8E
:10285000054602F093FA18B103B0BDEC028B30BD0F
:102860002B683C4ADB6B94ED008A934254D1DFED38
:102870003A7AB4EEE78AF1EE10FA5DD4DFED377AFA
:10288000B4EEE78AF1EE10FA56DCD5ED587A78EE20
:10289000677AB3EE047AF0EEE77AF4EEC77AF1EEF7
:1028A00010FA31DAB0EE480A284604F067FA002838
:1028B000D2D10121284602F067F80028CCD12B683C
:1028C00027495A6D94F910408A4238D19B6D254AA8
:1028D000934228D104F10903DAB21F2A37D8D5F878
:1028E00068212149002A08BF0A4602EB430112F879
:1028F000132091F9011000241309284602F00F0259
:10290000009404F007FAA7E7B0EE480A284601F061
:10291000C9FF0028C6D09FE7B0EE480A284698476E
:10292000002899D1C5E70246214628469847002845
:1029300092D104F10903D2E76FF00B008CE7214636
:10294000284603B0BDEC028BBDE8304010476FF065
:102950000C0081E7BD230300000016430000704413
:10296000212403008123030048FD0300F0B52DED71
:10297000028B04464F4B056880ED541A16460F46ED
:1029800084F8546193E80700D5F808514A4E87B09F
:1029900003ABB54283E807008DF81470CDED040A4F
:1029A0008DED030A5DD1B0EE600A204602F06CFAAC
:1029B00018B107B0BDEC028BF0BD23683F4ADB6B5A
:1029C0009DED038A93425BD1DFED3D7AB4EEE78A59
:1029D000F1EE10FA5FD4DFED3B7AB4EEE78AF1EE68
:1029E00010FA58DCD4ED587A78EE677AB3EE047AB0
:1029F000F0EEE77AF4EEC77AF1EE10FA38DAB0EEDC
:102A0000480A204604F0BAF90028D2D10121204614
:102A100001F0BAFF0028CCD123682B495A6D9DF9EB
:102A200014508A4233D19B6D284A934236D105F126
:102A30000903DAB21F2A3AD8D4F868212449002AB7
:102A400008BF0A4602EB430112F8132091F9011066
:102A500000251309204602F00F02009504F05AF9F0
:102A6000A7E719462046A84707B0BDEC028BF0BD8A
:102A7000B0EE480A204601F015FF0028BFD098E7C5
:102A8000B0EE480A20469847002892D1BEE7294672
:102A9000204690478DE76FF00B008AE702462946F3
:102AA00020469847002884D105F10903C4E76FF058
:102AB0000C007EE718FD0300E1250300BD230300A1
:102AC000000016430000704421240300812303000A
:102AD00048FD03002DE9F041594DDFF880C12DED8F
:102AE000028B06468E46174698460FCD88B003AC3B
:102AF0000FC4336886ED542A86F85481D3F8003128
:102B00002A6822606345F0EE607ACDED040A8DF804
:102B10001CE08DED051ACDED061AADF81E708DED99
:102B2000030A63D1F0EE410A3946B0EE611AB0EE05
:102B3000670A304602F022F920B108B0BDEC028BE2
:102B4000BDE8F08133683F4ADB6B9DED038A934219
:102B50005CD1DFED3D7AB4EEE78AF1EE10FA60D495
:102B6000DFED3A7AB4EEE78AF1EE10FA59DCD6EDF1
:102B7000587A78EE677AB3EE047AF0EEE77AF4EEFC
:102B8000C77AF1EE10FA39DAB0EE480A304604F0AE
:102B9000F5F80028D1D10121304601F0F5FE0028DA
:102BA000CBD133682A495A6D9DF91C408A4234D1F1
:102BB0009B6D284A934237D104F10903DAB21F2AE8
:102BC0003BD8D6F868212449002A08BF0A4602EB00
:102BD000430112F8132091F9011000241309304623
:102BE00002F00F02009404F095F8A6E703A930461E
:102BF000984708B0BDEC028BBDE8F081B0EE480A02
:102C0000304601F04FFE0028BED096E7B0EE480AED
:102C100030469847002890D1BDE72146304690477E
:102C20008BE76FF00B0088E7024621463046984755
:102C3000002882D104F10903C3E76FF00C007CE7A0
:102C400024FD0300BD230300000016430000704470
:102C5000212403008123030048FD030039280300D9
:102C60002DE9F0412DED028B614DDFF8A0C186B05A
:102C700004468E4616461F4695E80F009DF8408094
:102C8000256884ED541A84F85481D5F8F88002AD93
:102C900085E80F00E0459DF93820BDF83C308DF8FF
:102CA00010E08DF811608DF812708DED020ACDEDF7
:102CB000030A8DF81320ADF8143070D13A4631462E
:102CC000204601F0FFFF20B106B0BDEC028BBDE84D
:102CD000F08123689DF81010D3F8F0302046984713
:102CE0000028F1D123689DED030AD3F8EC3020468B
:102CF00098470028E8D123683E4ADB6B9DED028AA5
:102D000093425CD1DFED3C7AB4EEE78AF1EE10FA43
:102D10005ED4DFED3A7AB4EEE78AF1EE10FA57DCD2
:102D2000D4ED587A78EE677AB3EE047AF0EEE77A6B
:102D3000F4EEC77AF1EE10FA39DAB0EE480A20461E
:102D400004F01CF80028BFD10121204601F01CFE30
:102D50000028B9D123682A495A6D9DF913508A4237
:102D600032D19B6D274A934235D105F10903DAB27E
:102D70001F2A3AD8D4F868212349002A08BF0A46F6
:102D800002EB430112F8132091F9011000251309F9
:102D9000204602F00F02009503F0BCFF94E729469D
:102DA0002046C04706B0BDEC028BBDE8F081B0EE16
:102DB000480A204601F076FD0028BED084E7B0EE38
:102DC000480A20469847BDE72946204690477BE7BA
:102DD0006FF00B0078E70246294620469847002806
:102DE0007FF472AF05F10903C4E76FF00C006BE7E5
:102DF00038FD0300BD2303000000164300007044AB
:102E0000212403008123030048FD0300112E030049
:102E100030B52DED028B0C4683B08B898A7A497AC6
:102E2000054601F04FFF18B103B0BDEC028B30BD79
:102E30002B68217AD3F8F030284698470028F3D140
:102E40002B6894ED010AD3F8EC3028469847002807
:102E5000EAD12B683C4ADB6B94ED008A934254D153
:102E6000DFED3A7AB4EEE78AF1EE10FA5CD4DFEDEA
:102E7000387AB4EEE78AF1EE10FA55DCD5ED587ADF
:102E800078EE677AB3EE047AF0EEE77AF4EEC77A7A
:102E9000F1EE10FA31DAB0EE480A284603F06EFF80
:102EA0000028C1D10121284601F06EFD0028BBD1C8
:102EB0002B6828495A6D94F90B408A422CD19B6D9E
:102EC000254A934233D104F10903DAB21F2A38D8D4
:102ED000D5F868212149002A08BF0A4602EB4301C0
:102EE00012F8132091F9011000241309284602F06A
:102EF0000F02009403F00EFF96E7B0EE480A284652
:102F000001F0D0FC0028C6D08EE7B0EE480A284673
:102F10009847002888D1C5E72146284603B0BDEC74
:102F2000028BBDE8304010476FF00B007CE7024693
:102F300021462846984700287FF476AF04F109031C
:102F4000C6E76FF00C006FE7BD23030000001643D7
:102F500000007044212403008123030048FD030086
:102F6000F0B52DED028B01298BB0044600F0EE8008
:102F7000C0F0868002297DD10368B04AD3F814518D
:102F8000954240F00D81AE49AE4AC0F8501105920D
:102F90000A2100224FF483758DF81B10ADF81850EC
:102FA00080F85421D3F81021A74901238A428DF8D3
:102FB0001A3040F011811A46062101F083FF0028E3
:102FC0005AD12368A14ADB6B9DED058A934240F0FC
:102FD0002081DFED9F7AB4EEE78AF1EE10FA00F17E
:102FE0001D81DFED9C7AB4EEE78AF1EE10FA00F372
:102FF0001581D4ED587A78EE677AB3EE047AF0EE64
:10300000E77AF4EEC77AF1EE10FA80F2F480B0EECF
:10301000480A204603F0B2FE70BB0121204601F0B1
:10302000B3FC48BB23688C495A6D9DF91B508A42FA
:1030300040F088809B6D894A934240F0F28005F110
:103040000903DAB21F2A00F2F680D4F86821844915
:10305000002A08BF0A4602EB430112F8132091F937
:10306000011000251309204602F00F02009503F01D
:1030700051FE01E06FF013000BB0BDEC028BF0BD10
:103080000768784BD7F804519D4240F09680764E01
:10309000DFF8ACC1C4F850C10FCE05AD0FC5002399
:1030A00084F85431D7F80031704A9FED711A3168B5
:1030B000296093428DED081A40F091801021F1EEC5
:1030C000040A9FED6C0A204601F058FE0028D3D177
:1030D00023685E4ADB6B9DED058A934240F0948045
:1030E000DFED5B7AB4EEE78AF1EE10FA00F196803C
:1030F000DFED587AB4EEE78AF1EE10FA00F38E8035
:10310000D4ED587A78EE677AB3EE047AF0EEE77A87
:10311000F4EEC77AF1EE10FA65DAB0EE480A20460E
:1031200003F02CFE0028A7D10121204601F02CFC41
:103130000028A1D1236848495A6D9DF924508A423C
:103140003FF478AF29462046904795E706684A4BFA
:10315000D6F8FC509D4213D1484B394FC4F85071FA
:103160000FCB002705AD84F8547185E80F00D6F821
:10317000F8302946204698470BB0BDEC028BF0BDD5
:103180000A21082200238DE80E009FED3D1ADFED95
:103190003D0A9FED3D0A122307220921A8476BE74C
:1031A00000210A220123CDE90021DFED350A9FED40
:1031B000360A1A460621A8475EE700239FED302A0B
:1031C000DFED2B1ADFED2B0A9FED2F0A10220A21CB
:1031D000B1EE041AA8474FE705A990474CE705A9A7
:1031E0002046984748E7B0EE480A204601F05AFBCF
:1031F000002892D040E7B0EE480A204601F052FB8A
:1032000000283FF404AF37E7B0EE480A204698475D
:1032100088E7B0EE480A20469847FDE66FF00B00BD
:103220002AE7024629462046984700287FF424AF23
:1032300005F1090309E76FF00C001DE78524030081
:10324000CDCCCC3F0000D9430D270300BD230300A4
:103250000000164300007044212403008123030072
:1032600048FD0300D52A030024FD0300392803008C
:1032700033331C439A999940612C030038FD0300B5
:10328000CDCCCC3F0000FA420000D94310B5044633
:1032900001F0EAF9034A044B2260C4F85831204691
:1032A00010BD00BF98FD030088FD030070B5074BFB
:1032B00005460FCB84B02E686C4684E80F00D6F824
:1032C000A03021462846984704B070BDB0FE0300E8
:1032D00010B582B0036800220092DC6940F27222CD
:1032E00002236FF07F41A04702B010BD82B0F0B45E
:1032F000012904A880E80C009DF81E209DF81F30CD
:103300003AD00FD3022904D06FF01300F0BC02B002
:1033100070479DF81130032B00F2BF80DFE803F007
:10332000B2ACA876BDF81C109DED046ADFED5C5AC6
:1033300007EE902ADB0006EE901AB8EEE77A07EE69
:10334000903A099BF8EEE66ADB0076EE876AF8EEC3
:10335000E77A07EE103A76EEA77AB8EE477A66EE8D
:10336000256A37EE877AF0BCC7EE267A02B0FCEE0B
:10337000E77A17EE900A70479DF81010DDED056AA8
:103380009DF8204042F21070884007EE100AF2EEDD
:10339000047AB8EE477A66EEA76A481FC7EE267A27
:1033A000C0B2022835BF1925112500260826FCEEDB
:1033B000E77A17EE900A24BB8C00E4B2099F07EB72
:1033C0004303C1EB4301002A06EB81030CBF142128
:1033D00000211944BDF81C209DF81860631E09B235
:1033E0000029A8BF5B18083293FBF4F39BB206FBDD
:1033F000032305EB8303F0BC00FB03F0800802B05D
:10340000704701F13E04A400E4B2D7E7099B03EB47
:1034100043039BB22349A1FB0321490901EB81022C
:1034200001EB410102EB8202A3EB011352009BB2BC
:1034300092B213B1023313449AB29DF81C101A4B86
:103440009FED1A7AC1EBC10001EBC00102EB410212
:1034500092B203FB02F307EE903AF8EE677AF0BC03
:1034600067EE877A02B0FCEEE77A17EE900A7047B3
:10347000099B5B009BB2CDE7099B03EB4303C3F3BE
:103480004F03C7E7099B0A4A03EB43035B0004337E
:10349000A2FB0323C3F38F03BCE76FF0090035E7FA
:1034A0006F12833AABAAAAAA00127A00AD37063B84
:1034B000CDCCCCCC07EE901A9FED057AF8EE677A6A
:1034C00067EE877AFCEEE77A17EE900A704700BF46
:1034D0006F12833D036889B2D3F8F430184700BFF8
:1034E0000368D3F8E4301847D0F86C01704700BF88
:1034F00000F00E03062B0BD0082B0CD00A2B0CD09F
:103500000138C0B2FD288CBF6FF001000020704769
:103510006FF430707047024870470248704700BF30
:103520003EFDFFFF3DFDFFFF704700BFA9B110B595
:103530000C4602F0EDFA01280CD005D3032806D181
:1035400002232370002010BD0020207010BD6FF0FA
:10355000130010BD2070002010BD6FF002007047F6
:1035600008B50221D0F86C01FEF706FE4FF0FF30DF
:1035700008BD00BF30B504460D4683B0D0F86C01DD
:1035800094F86411FEF7F8FD25B12946204602F0B3
:1035900095FA48B901220023D4F86C01D121CDE974
:1035A00000221A46FEF74AF803B030BD00B583B0DA
:1035B0008AB200231146009302F044FA03B05DF88A
:1035C00004FB00BF00B585B004AA002322F8043D27
:1035D0000123D0F86C011221CDE900330223FEF75C
:1035E0004FFCBDF80C0040BA80B205B05DF804FB9A
:1035F0002DE9F04186B000240646FF270225D0F8C9
:103600006C010394CDE901572346224640F6E201BE
:103610000094FEF76DFCD6F86C0123462246CDE9F6
:103620000274CDE9004540F6E501FEF761FC6FF05C
:103630007F41304602F03CF9D6F86C3118680368D7
:103640000A21DB6998472546274601230DF1170219
:1036500040F6190130468DF8177002F0BBF99DF85D
:10366000170000F00100A04001342843082CC5B227
:10367000EBD133684FF0FF08022430461B699847AE
:10368000D6F86C0103970097CDE901480023012289
:1036900040F6E201FEF72CFCD6F86C010397CDE969
:1036A000014800970023012240F6E501FEF720FCC7
:1036B000284606B0BDE8F08138B590F838100229E8
:1036C000044626D0032903D06FF01805284638BDDC
:1036D00090F86411D0F86C01FEF74EFD00212046F1
:1036E00002F0D0F8054630B1F0E7D4F86C31186834
:1036F00003685B6D9847D4F86C311868D96A036821
:103700001B6998470028F0D1002384F838302846F8
:1037100038BDD0F86C01FEF72FFDD4F8A811204673
:1037200002F0C6F80023054684F83830EFE700BF02
:1037300010B5D0F86C310446186803681B699847C7
:10374000C1B22046BDE8104003F0CCBC10B54FF428
:10375000E671044607F01EFC204610BD10B5036854
:1037600044F2FF31D3F8F4300446984700B110BD5D
:10377000236820461B69BDE810401847F0B583B0A8
:103780000E46054602F0C4F9012836D12B682846BA
:103790001B699847044610B1204603B0F0BD0221D2
:1037A000D5F86C01FEF7E8FCB168284603F084FC0C
:1037B000F1680746284603F07FFC009482B2234656
:1037C000B9B2284602F03EF904460028E4D12B683D
:1037D00044F2FF31D3F8F4302846984704460028D5
:1037E000DAD17068F478B378727831780190009407
:1037F000284602F075F80446CEE76FF01304CBE7D5
:1038000010B5044602F084F9012802D0BBEE040A88
:1038100010BD204602F0C4FA000A030654BFC0B22D
:1038200060F0FF0008F07EFF0022044B08F0E4FF88
:1038300009F0F4F900EE100A10BD00BF0000D03FFF
:1038400008B502F0ADFAC0B208F06CFF0022044BDC
:1038500008F0D2FF09F0E2F900EE100A08BD00BF3F
:103860000000E0BF10B584B0044602F051F9012811
:1038700003D194F87431012B10D004AA002322F84C
:10388000043D0123D4F86C011321CDE90033022358
:10389000FEF7F6FA9DF80C0004B010BDD4F8A001B4
:1038A00004B010BDF0B52B4B2B4F04460FCB256851
:1038B000D5F8946087B002ADBE4285E80F003FD1D5
:1038C000204602F025F9012841D1236820461B69D2
:1038D0009847054610B1284607B0F0BD0221D4F83C
:1038E0006C01FEF749FC0499204603F0E5FB0599BD
:1038F0000646204603F0E0FB009582B22B46B1B2AB
:10390000204602F09FF805460028E4D1236844F2DF
:10391000FF31D3F8F4302046984705460028DAD125
:1039200003989DF80B50019000959DF80A309DF882
:1039300009209DF80810204601F0D2FF0546CAE78D
:1039400029462046B0470546284607B0F0BD6FF02F
:103950001305C0E7B0FE03007D370300F0B5036830
:1039600083B01B6905469847044610B1204603B052
:10397000F0BD95F87431012B0AD02B682846D3F896
:10398000F43044F2FF3198470446204603B0F0BDBE
:10399000284602F0BDF801280646EED102AA0346E9
:1039A00002F8024D40F60211284602F00BF80446D8
:1039B0000028DBD102AF334607F8010D40F6441171
:1039C0003A46284602F006F804460028CED19DF873
:1039D0000740334644F002043A4640F64411284674
:1039E0008DF8074001F0EEFF04460028BED1C4E781
:1039F0002DE9F041044684B0D0F86C0116460F461C
:103A0000FDF7C8FF2368324AD3F884309342054655
:103A10005AD104AA002322F8043D0123D4F86C01F2
:103A20001221CDE900330223FEF72AFABDF80C007B
:103A300040BA80B26FF430739D423CD0A5BB4306C0
:103A400036D400F0300020280CBF6FF006084FF08D
:103A50000008204602F05CF804AA002322F8043D86
:103A60000123D4F86C011321CDE900330223FEF7C2
:103A700007FA9DF80D309DF80C2016B1B24228BF10
:103A80003246D2B23946204601F0C8FF054658B941
:103A900023682046D3F8F43044F2FF319847B8F158
:103AA000000F14BF45460546284604B0BDE8F08126
:103AB0006FF00608CDE710F4007F18BF6FF0050522
:103AC000284604B0BDE8F08120469847B2E700BF21
:103AD000C535030010B584B0044602F019F801287A
:103AE00003D06FF0130004B010BD22681349D2F860
:103AF00084208A421ED104AA0346002122F8041D14
:103B0000D4F86C011221CDE900330223FEF7B8F995
:103B1000BDF80C0040BA80B2C30508D410F0800F85
:103B20000CBF4FF0FF306FF00E0004B010BD044822
:103B300004B010BD20469047EEE700BFC535030036
:103B400042FDFFFF2DE9F0410F46016884B009698D
:103B5000044616461D46884728BB6DB92368454D67
:103B6000DB6F002E14BF3146FF212046984700EB43
:103B70008000A5FB0035AD0907EE905A9FED3E7A17
:103B80002368F8EE677A002267EE877A0092FCEEEF
:103B9000E77AD3F81C8017EE901A022340F27222C3
:103BA0002046C04710B104B0BDE8F081D4F86C31B4
:103BB000186803685B6A984780460FE0D4F86C3158
:103BC000186803685B6D9847D4F86C31186803680F
:103BD0005B6A9847A0EB0800854232D3D4F86C3179
:103BE0001868596A03681B6998470028E6D023685B
:103BF00020461B6998470346002836D123681F4A90
:103C0000D3F8843093422DD104AA002322F8043D36
:103C10000123D4F86C011221CDE900330223FEF711
:103C20002FF9BDF80C0040BA80B2626B23681042D5
:103C300012D11B6B324639462046984704B0BDE886
:103C4000F081236820461B699847034618B16FF43A
:103C500030729342A7D12368DB6A204698476FF001
:103C60000500A0E720469847DFE76FF430729342E3
:103C700099D1C3E7D34D621000008042C5350300DF
:103C8000F0B50368484AD3F89430934285B00446AF
:103C90005CD10E4601F03CFF012852D1236820463A
:103CA0001B699847054610B1284605B0F0BD0221B2
:103CB000D4F86C01FEF760FAB168204603F0FCF915
:103CC000F1680746204603F0F7F9009582B22B46CB
:103CD000B9B2204601F0B6FE05460028E4D12368BB
:103CE00044F2FF31D3F8F4302046984705460028C7
:103CF000DAD17568F078B37872783178CDE900055B
:103D0000204601F0EDFD054635B1CDE7D4F86C3124
:103D1000186803685B6D9847D4F86C311868596A65
:103D200003681B6998470028F0D023681F4AD3F81E
:103D30009830934220462CD101F0EAFE0128034638
:103D400007D06FF01305284605B0F0BD984705462B
:103D5000DAE722681649D2F884208A4220D104AAE0
:103D6000002122F8041DD4F86C011221CDE90033A2
:103D70000223FEF785F8BDF80C0040BA80B2C305F7
:103D80000CD410F0800F0CBF4FF0FF356FF00E0514
:103D90008AE798470546284605B0F0BD054D83E7FC
:103DA00020469047EBE700BF7D370300D53A03007C
:103DB000C535030042FDFFFF2DE9F0470F460168BE
:103DC00084B0096904461646984688470546D8B91E
:103DD00094F87131042B06D9072E40F2C48094F870
:103DE0007331012B50D0FF2E50D823683146DB6F42
:103DF00020469847824620684346456A32463946FF
:103E00002046A847054618B1284604B0BDE8F0870B
:103E1000204601F07DFED4F86C31564EDFF85C810F
:103E20008146186803685B6A98470AEB8A0AA6FB12
:103E30000A36B6090746053607E0D4F86C3118682B
:103E4000596A03681B69984718BBD4F86C31186825
:103E500003685B6D9847D4F86C31186803685B6A37
:103E60009847C01B8642E8D2236843499A6A8A422F
:103E700058D1D3F8F43044F2FF3120469847002857
:103E800049D06FF00405BFE7FD2EACD96FF00305F4
:103E9000BAE7B9F1030F226851D1D2F88430434513
:103EA00045D10123D4F86C01ADF80C50CDE90033B5
:103EB00003AA02231221FDF7E3FFBDF80C0040BA6C
:103EC00080B210F00103226839D1D2F88420424533
:103ED00030D1ADF80C300123D4F86C0103AACDE940
:103EE000003312210223FDF7CBFFBDF80C305BBA83
:103EF0005A04AAD5D4F8C811204601F00F0101F0E8
:103F0000B9FB0028A1D1236844F2FF31D3F8F43083
:103F10002046984799E7236820461B6998476FF029
:103F2000040571E7204690476FF004056CE72046D2
:103F30009847C6E720469047430486D5DAE7936A58
:103F40000D498B4212D1D2F8F43044F2FF312046B1
:103F50009847054600287FF457AF236820461B6921
:103F60009847054650E76FF01D054DE720469847F6
:103F7000054649E7D34D62105D370300C5350300A0
:103F80002DE9F04F8FB00F46054601F0C1FD08AE98
:103F90000DF1100C0024012874600894B46004949E
:103FA000ACF8044056D00346A0B1032800F02181AC
:103FB000022840F0DD8095ED607A9FEDC96ADFED63
:103FC000C97AB8EE477A2346C6EE076AA346CDED16
:103FD000086A1AE0D5ED607A9FEDC16A95F88B21E9
:103FE000B8EE677AD5ED617AC6EE076A12F0FB0289
:103FF000F8EE677ACDED086A40F0B6800123B5F897
:10400000902195F88CB1ADF810202968B64AD1F806
:10401000788090454FF0000400F0AF80A64622461D
:104020008DF813308DF812B08DF814409CE8030021
:104030008DF828E00A9B0190ADF80810CDED097AC3
:10404000039700931146284696E80C00C0470FB02E
:10405000BDE8F08F95F871E1BEF1040F7FD9BEF194
:10406000070F08BF4FF0080E2A6895F8733195F8CE
:10407000749195F872A1D2F878809B4A95F87011E6
:104080008DF82010003318BF0123A9F1010B1AF19C
:104090000004B5F87611ADF81010BBFA8BFB18BF11
:1040A000012490454FEA5B1BD5ED5E7A40F09F807E
:1040B000CDED097A8DF828E096E807000EAD05E908
:1040C00007009DF82C508DF812B042F21072AA40F1
:1040D00006EE902AB2EE047AF8EE666A27EE877A48
:1040E0008DF81330C6EE877A8DF814409CE80300F3
:1040F0006A1FD2B2022A069035BF1921112100226F
:104100000822FCEEE77A17EE900ABAF1000F00F0F1
:10411000968005F13E04A400E4B207EB4303B9F135
:10412000010FC5EB430302EB830314BF14220022EB
:104130001344BDF818501AB2631E002AA8BF9B187A
:1041400005F1080293FBF4F39BB20EFB032E01EB87
:104150008E0E00FB0EF080080FB0BDE8F08F0EF160
:10416000040E5FFA8EFE7FE7022A08BF022346E7AD
:104170006FF013000FB0BDE8F08FCDED097A8DF828
:10418000284096E807008DF813308DF814408DF81C
:1041900012B00EAC04E907009CE8030080B207EE01
:1041A000900AFF00F8EEE76A07EE907A07EE10BA81
:1041B000F8EE677AB8EEC77A76EEA77A1BB2DB0024
:1041C00077EE877A07EE103ADDED0B6A9FED476ACE
:1041D000B8EEC77A66EE866A37EE877AC7EE267A39
:1041E000FCEEE77A17EE900A0FB0BDE8F08F0122DF
:1041F00016E729683C4BD1F8788095F8AD118DF819
:10420000201095F8AC118DF8211095F8B3118DF8A8
:104210002210984595F8AE118DF8101058D196E8F7
:1042200007000EAB03E907009CE803009DF82D3062
:104230000690032B49D8DFE803F03E393605AC0081
:10424000E4B26AE707EB4707BFB2294AA2FB07328D
:10425000520902EB820302EB4202A7EB021703EBC7
:1042600083035A00BFB292B217B102373A4492B2F6
:104270009DF818101F4B9FED207AC1EBC10001EB98
:10428000C00102EB410292B203FB02F307EE903A47
:10429000F8EE677A67EE877AFCEEE77A17EE900A17
:1042A0000FB0BDE8F08F7F00BFB2CEE707EB470746
:1042B000C7F34F07C9E707EB47077F000F4B0437EA
:1042C000A3FB0737C7F38F07BFE76FF0090043E78A
:1042D0002346A346A646DFED037A0222A0E600BFEE
:1042E00000007A4900000000ED3203006F12833AAB
:1042F000ABAAAAAA00127A00AD37063BCDCCCCCC33
:104300002DE9F0410229C8B00E46174604465DD09B
:10431000032956D15368FF2B00F2748101F0F8FB9A
:104320000128054600F0E080002800F0B280022855
:1043300000F0E980032840F06881002344F2010284
:1043400000931146204601F07DFB00283BD1024638
:104350000146204601F000FDA8BB032D00F0EA80D5
:1043600003463A793968204601F044FB58BB23687C
:1043700044F2FF31D3F8F43020469847054610BB8D
:1043800008AA012340F6890120468DF8205001F04B
:1043900021FBC0B9204601F0BBFB012800F04B8196
:1043A0009DF8200040F004008DF8200008AA0123A9
:1043B00040F68901204601F005FB20B984F83860F9
:1043C00001E06FF0180048B0BDE8F08190F874315A
:1043D000012B00F08280236820461B699847002843
:1043E000F1D13A686FF07F439A4203D0BB6843F43F
:1043F0000073BB607968204602F05EFEB96805462E
:10440000204602F059FE002382B2A9B20093204652
:1044100001F018FB0028D6D102460146204601F0E3
:104420009BFC0028CFD1236844F2FF31D3F8F4304D
:10443000204698470028C6D1204601F069FB012894
:1044400000F0E980002840F0E08094F88E01B4F894
:10445000901194F8882194F88B3194F88CC194F8D9
:104460008DE1002840F0D48094F8A081CDF808E0D8
:104470000025CDE90308CDE900C5204601F012FC76
:104480003B685A1C04BF6FF07F433B60C4F8A831FF
:1044900094E797F804C094F88E0194F88B3194F85F
:1044A0008821B4F890110195CDF810C094F88DC111
:1044B000039094F88C010090CDF808C0204601F0DC
:1044C000F1FB00287FF47FAF00900346012240F209
:1044D0000121204601F0B6FA37E7D368002B3FF4FC
:1044E0007AAFC0F8A03176E794F8740194F8A4C1CB
:1044F0003B7994F87321B4F87611CDE9000C20468D
:1045000001F0A6FBDDE77968D4F88031C800642BA0
:1045100080B241F6705E43F20F7C40F2E1430090BE
:1045200040F62F12C9B204BF73466246204601F01E
:10453000E5FBC6E7204600F0CBFF00287FF443AF41
:1045400094F8AE31C3F10403002B0ADD0546204682
:1045500001F06AF894F8AE310135C3F10403AB42BF
:10456000F5DC0025FF22002108A808F00DFEC4F8A4
:10457000C051C4F8C451C4F8C851D7E9001204F5B9
:10458000E27004F5E07307AFCDE90130009708ABA6
:104590002046079500F0E6FC00287FF414AF0346A0
:1045A00008A93A78204601F025FA00287FF40BAFDD
:1045B0003B68D4F8C4018DF8193001218DF818102A
:1045C0008DF81A0006AA032340F28531204601F037
:1045D000F9F900287FF4F7AE94F8C431102B1F4688
:1045E00028BF1027002B3FF4C2AE054602E0BD42B3
:1045F0003FF4BDAEE9B2204601F03CF80135002899
:10460000F5D0E0E66FF00300DDE64FF0FF30DAE6CC
:104610004FF0FF082AE794F8740194F8A45194F835
:10462000A03194F87321B4F87611CDE90005204645
:1046300001F00EFB24E7D4ED5E7ADFED096A9FED11
:10464000097A9DF8200077EEE67AF0EEE77AF4EE4C
:10465000C77AF1EE10FA3FF6A3AE00F0FB00A3E636
:104660000000FA436F12833AF8B504460F4602F091
:10467000FDFC3948394B0069C4F85031002240F242
:104680000163A4F8AC31C4F8AF0100230320C4F8DF
:104690006021C4F87821C4F89421314921600122B5
:1046A00084F84D3184F85431C4F8583184F85C31C1
:1046B000C4F86831C4F8703184F87431A4F87631E4
:1046C000C4F88031C4F88431C4F88831A4F88C313E
:1046D00084F88E31A4F89031C4F8983184F89C3174
:1046E00084F89D3184F89E31C4F8A03184F8A43157
:1046F000C4F8A83184F8640184F8AE0184F87C2100
:10470000FF2584F8B3310220042122610822A5602C
:10471000606120254020A161E26180214FF4807218
:10472000C4F8B431C4F8B831A4F8BC31C4F8C0310D
:10473000C4F8C431C4F8C831C4E909501023C4E92D
:104740000B12084E23624FF40073C4F86C7166605C
:1047500063632046F8BD00BFB0FE0300CDCCCC3F64
:10476000D0FE03000024743F10B4032ABDF80440B7
:1047700013D8092980F8AC2112D85A1E032A80F8D0
:10478000AD1110D8B4F5007F80F8AE310ED2A0F88C
:10479000BC4100205DF8044B70476FF00900F9E759
:1047A0006FF00700F6E76FF00A00F3E76FF06900BB
:1047B000F0E700BF70B5D0F86C31044618680D46BC
:1047C000996A036882689B689847D4F86C311868C6
:1047D000996A0368C268DB689847D4F86C31186836
:1047E00003680121DB699847D4F86C311868996A2D
:1047F00003680269DB68984715B90025284670BD33
:10480000D4F86C31186803685B6A9847064611E073
:10481000D4F86C31186803685B6A9847801BB0F560
:104820007A7F4FF00A01E9D2D4F86C311868036836
:10483000DB699847236800215B6920469847054655
:104840000028E5D1D9E700BF00B585B0B9B904AA01
:10485000012302F8011DD0F86C011521CDE90033C8
:10486000FDF70EFB9DF80F3000EE103AB8EE400A4F
:10487000FEEE007A20EE270A05B05DF804FB01F099
:104880008FFAC0B207F04EFF0022054B07F0B4FFCD
:1048900008F0C4F900EE100A05B05DF804FB00BF93
:1048A0000000E0BF30B5FDEEC07A2DED048B17EEB1
:1048B000903A85B0A3F2863200211A2A0546ADF857
:1048C00008100BD84EF6E113ADF80830284602A9BF
:1048D00001F00EF905B0BDEC048B30BDA3F25F32E0
:1048E000072A04D84DF6D733ADF80830EEE7A3F227
:1048F0000B32082A08D9A3F5EB72282A09D848F206
:104900007513ADF80830E1E74CF2C153ADF808304B
:10491000DCE7A3F5D7730A2B31D9B1EE049AB0EED8
:10492000408A30EE490AF5EE008A20EE280A07F0A8
:1049300061FD38EE098AFCEEC07A28EE280ACDED3A
:10494000017A07F011FD9DF80440FCEEC07AE20701
:10495000CDED017A9DF8043001D4013CE4B2D907D1
:104960005CBF0133DBB2284603A98DF80C408DF8FB
:104970000D3001F0BDF805B0BDEC048B30BD46F63E
:104980006B73ADF80830A1E7F0B583B002AC00233B
:1049900004F8013D0F462246012340F6D8010646A1
:1049A00001F018F878B99DF8075077B925F01E0581
:1049B00045F0080522463046012340F6D8018DF81F
:1049C000075000F0FFFF03B0F0BD45F01E05F1E712
:1049D000F0B583B002AC002304F8013D0F46224637
:1049E000012340F23671064600F0F4FF80B99DF8CD
:1049F0000750012F0CBF05F0FB0545F004052246CA
:104A00003046012340F236718DF8075000F0DAFF8E
:104A100003B0F0BDF0B585B0044601F079F8F0B907
:104A2000D4F88031D4F86C11B3F5966F46D0FF26D8
:104A30000225B3F5167F4FF0030303900093084659
:104A4000CDE901564FF0040347D0082240F2D1616E
:104A5000FDF74EFA024630B1104605B0F0BD002217
:104A6000104605B0F0BDD4F86C010423CDE9026214
:104A7000CDE9005540F69B01FDF73AFA02460028C1
:104A8000EAD10427D4F86C010392CDE90156102233
:104A900000973B4640F6B801FDF72AFA0246002887
:104AA000DAD1D4F86C010623CDE90262CDE90075B4
:104AB00040F2AC61FDF71CFA0246CDE70423FF2566
:104AC000022402460390CDE901450846009340F6D2
:104AD000B801FDF70DFA0246BEE7182240F2D16197
:104AE000FDF706FA02460028B6D10423D4F86C017B
:104AF0000392CDE901561A46009540F69B01FDF759
:104B0000F7F902460028A7D10427D4F86C010392D4
:104B1000CDE9015600973B4640F6B801FDF7E8F9AC
:104B20000246002898D1D4F86C010623CDE9026230
:104B3000CDE90075502240F2AC61FDF7D9F902468B
:104B40008AE700BF2DE9F041044684B0D0F86C013B
:104B50008846FCF729FBD4F86C311868596AD0E90B
:104B600000329B689847D4F86C311868D96AD0E94C
:104B700000329B689847D4F86C314F4A1021197461
:104B8000D4F86C1108234B74D4F86C118B74D4F8DE
:104B90006C110123CB74D4F86C111D200881D4F85A
:104BA0006C110D204881D4F86C1100258D81D4F84A
:104BB0006C11C020C881D4F86C110B71D4F86C3121
:104BC0005A61D4F858710A26237B002B46D16B46D4
:104BD00010224FF44871D4F86C01CDE90055CDE9AD
:104BE0000255FDF7F9F869460622384609F00EF835
:104BF0000A21F8B994ED540AB5EEC00AF1EE10FAA4
:104C000006DD41F28831204601F09AFF054668B979
:104C10004146204602F0C0F8054620BB94F85431C6
:104C2000002B40D1204601F0FDFE0546284604B089
:104C3000BDE8F081D4F86C3118680368DB699847E7
:104C4000731E13F0FF06BFD1D4F86C01FCF7C2FA53
:104C50006FF00105284604B0BDE8F081012120462F
:104C6000FFF7A8FDB3E7236820461B699847204655
:104C700001F0B4F8114B9D42D8D18306D6D59FEDF3
:104C8000100A41F2883184ED540A204601F058FFA1
:104C900005460028CAD14146204602F07DF8054667
:104CA0000028C3D1BAE7204601F0B8FE05462846E1
:104CB00004B0BDE8F08100BFF13403003DFDFFFF0B
:104CC00000000000F0B52A4DC0F878511D460623BB
:104CD000284E80F85C310F460023FF2183B0C0F8D6
:104CE0007061C0F8A011A0F87651C0F8983180F832
:104CF0007431012104461646FFF724FF08B103B0C2
:104D0000F0BD02463946204601F0D8F90028F6D118
:104D100031464422204601F007FA0028EFD12368EB
:104D200029461B6E204698470028E8D19FED120ABD
:104D3000204601F01DFA0028E1D10121204601F0B2
:104D4000D7FF0028DBD10123009341F60F5241F237
:104D500021030221204601F09FFD0028CFD12368C6
:104D60001B6D0146204603B0BDE8F040184700BF68
:104D70000000FA43090300010000704270B545F2DB
:104D800055332DED048B4CF6CC42C0F880311A23FC
:104D90003A4EC0F8842180F889310922062384B074
:104DA0000D46A0F89011C0F8946180F88A2180F82F
:104DB0008B3100210446B0EE408AF0EE608AB0EEFE
:104DC000419AFFF7BFFE18B104B0BDEC048B70BD73
:104DD0002368B0EE480A1B6C204698470028F3D1A0
:104DE0002368B0EE680A5B6C204698470028EBD138
:104DF000B0EE490A204601F01DFC0028E4D19FEDE9
:104E0000200A204601F0B4F90028DDD123682946A4
:104E10001B6E204698470028D6D11A4A2368908AEC
:104E2000DB6D04A9022221F8040D204698470028D2
:104E3000CAD1236801469B6C204698470028C3D1FD
:104E400023680146DB6C204698470028BCD1FF212F
:104E5000204601F09FFD0028B6D10125009541F2C2
:104E6000210341F60F520221204601F015FD0028D2
:104E7000AAD12946204601F03BFFA5E733331C4366
:104E800000007042B0FE030010B502212DED028B30
:104E90000446B0EE408AFFF755FE10B1BDEC028B20
:104EA00010BD2368B0EE480A1B6C204698470028C6
:104EB000F4D1BDEC028B20460121BDE8104001F089
:104EC00017BF00BF70B50D4686B080F8B33103211F
:104ED00004461646FFF736FE08B106B070BD9FEDDA
:104EE0001F0A204601F044F90028F6D1012120468E
:104EF00001F0FEFE0028F0D1CDE90300CDE901006C
:104F00000090034602460146204600F0CBFE0028F2
:104F1000E3D10B22236884F88901C4F8840184F862
:104F20008A211B6C9FED0E0A204698470028D4D199
:104F3000032E0DD8092D84F8AC610CD803224FF450
:104F4000807384F8AD5184F8AE21A4F8BC31C4E775
:104F50006FF00900C1E76FF00700BEE70000704284
:104F60000000FA3E2DE9F04FADF52B7D1C46059073
:104F70000892D2B18D18013D0139601EFF231A112C
:104F800011F8016F82EA531282EAD3025E4002F006
:104F9000010282EAD312370942EA430347EA0616BE
:104FA0008D42DBB200F8016FE9D1DDF820C0CE48B8
:104FB00062464FF6FF7E0025102747F25B562146DA
:104FC000C0E9016E0770961C6746C56002F0D2F812
:104FD000E319C0F30722E255294658704FF41872BE
:104FE000F300A55512A81E46099308F0CDF8032139
:104FF000BE480B9502F00CF90BAB0093B21D12AB3F
:105000002146BA4802F008F92946FF22204608F056
:10501000BBF8059B93F8ACC1BCF1030F00F04C82C8
:10502000B34BDDF82C800FCB0EAF3E4607C626F8FB
:10503000023BBCF1020F4FEA134333709CBFAD4BF0
:1050400013F80C50B8F1000F00F0398200218A46A5
:1050500008464FF001096FEA0A0303F0070317F847
:1050600000C0CA4309FA03F34FEAD10E4FEADA0649
:1050700002F007025BB2BCF1000F12D00DF1480C38
:105080000AF1010A1CF80EC014F906E04CFA02F20B
:1050900012F0010F43EA0E020ABF2EEA0303A255E3
:1050A000A3550130A84200F0B38101318845D2D127
:1050B0000AF10702D208214612A8CDF82CA008F068
:1050C0003FF8059B93F8AE31C3EBC30203EBC2027A
:1050D000520092B29446BAF1000F00F0878000228D
:1050E000013292B202FB02F15145F9D30FFA8AF173
:1050F0004FEA420E00294FEA520204911FFA8EFE37
:10510000079273DD0020CDF808A0039007464FF00A
:105110000109E2464FEADA026FEA0A03A15CCDF820
:1051200018A003F0070309FA03F321EA03010AF1C7
:105130000103A154DA10DB43A15C03F0070309FA71
:1051400003F321EA0303A354049B6FF00208302BFE
:10515000A8EB0A08A8BF30230AF1020BDDF81CA057
:105160009C460026C0F3CF0212A9A8EB06038D5C73
:105170000BEB0601C910C24303F0070302F007025C
:1051800045FA02F209FA03F365565BB212F0010F19
:1051900025EA030208BF62547044029A18BF2B43E9
:1051A00080B218BF635490420AEB070309D39FB241
:1051B000039BBE4503F101039DBF9FB23846039791
:1051C0003846013633B26345CCDB049BDDF818A0CA
:1051D000303B1BB20CF1020CE244002B04931FFA8B
:1051E0008AFA97DC059B93F8AE31D446059A9DF870
:1051F000207092F8AC51B2F8BC0192F8B36192F809
:10520000AD118DF83070EA0042EA8602061146EAD6
:10521000411642EAD1026FF0710101FB03C142F075
:1052200002028DF83260304E8DF831202F270201B6
:105230004FF0FF0C08200B910021D2B23070C6E96C
:10524000017CF160002B00F0ED80DFF8B09002915E
:105250000E4609F1280AA9F127080EAF0125013BE6
:105260005B1A22F00C0242EA83030CA904221E48B6
:105270008DF8333001F07EFF4FF0000B8DF83400D5
:1052800002211A48A7F808B0C7E900BB01F0C0FF27
:105290003B4628220CA9CDF800B0144801F0BCFF11
:1052A0003B4628220CA9CDF800B0104801F0B4FF0D
:1052B000F208F343A15C104803F0070305FA03F377
:1052C00021EA0301731CA154DA10DB43A15C03F053
:1052D000070305FA03F321EA030306F1020CA354C2
:1052E0006FEA0C0C0CE000BFFC800020F88000206E
:1052F000C8FF0300ECFF0300EFFF030017000400EA
:105300004378C21CD908A2EB0802324417F801E026
:10531000D208DB430CF0070103F007034EFA03F356
:1053200005FA01F114F902E013F0010F49B24EEA57
:10533000010300F101000ABF2EEA0101A354A154A8
:1053400048450CF1FF3CDBD106F14A0C5D486FEAA1
:105350000C0C437800F12302D908A2EB0802324476
:1053600017F801E0D208DB430CF0070103F0070354
:105370004EFA03F305FA01F114F902E013F0010FFC
:1053800049B24EEA010300F101000ABF2EEA010111
:10539000A354A15450450CF1FF3CDAD16FF02A0E12
:1053A000DDF814C00396AEEB060E06F12A0B0020C2
:1053B0000CEBD00200EB0B0192F8AF61C908AEEB29
:1053C0000003C24303F0070302F0070246FA02F2A9
:1053D00005FA03F3665612F0010F5BB246EA0302C8
:1053E00000F101000ABF26EA030362546354202837
:1053F000DED1059B029A039E93F8AE3101327236DC
:1054000093420292B6B20AD99DF83320029926E758
:10541000013141454FF000007FF41DAE48E6059A8A
:1054200092F8AC51099A063292B2032D06D8DFE801
:1054300005F03934310202EB420292B2224DA5FB53
:105440000210400902F12F0400EB800100EB400044
:10545000A2EB0012A5FB045401EB8101B69803EB0B
:105460005413490092B203608BB212B102321A4453
:1054700093B2059A92F8AE11722212FB0133B599DC
:10548000DA1D0B60B49BD20800201A600DF52B7D4D
:10549000BDE8F08F520092B2D0E702EB4202C2F3B5
:1054A0004F02CBE702EB4202520008490432A1FB53
:1054B0000212C2F38F02C1E7DDF82CA002E6C24659
:1054C0004246F8E517000400ABAAAAAACDCCCCCC82
:1054D00070B4524D524B8BB0064603930FCD05ACC2
:1054E0000FC42A6896F8AD3196F8B31122600AAA63
:1054F00002EB430300294FF0060243F63611ADF8E4
:1055000010104848A6F8B62114BF0821342149F2EA
:105510008E5233F8143CB3FBF1F33C2B0290ADF800
:105520000420A6F8B43109D02ED9B92B68D01DD8E3
:10553000562B48D0632B46D03E2B20D1B6F8BC3139
:105540000AAA02EB931203F03F0112F81C2CA6F8F2
:10555000B821B3F5C07F4FF03802A6F8BA11A6F80B
:10556000B6210CD200200BB070BC7047B3F5C37FDE
:105570003AD040F29312934236D0C62B40D06FF00F
:1055800069000BB070BC70471C2B06D016D9232BBA
:1055900003D02F2B01D01E2BF1D1B6F8BC310AAAB3
:1055A00002EB9311B3F5C07F03F03F0211F81C1C0E
:1055B000A6F8B811A6F8BA21D4D3E0E70A2BECD0AC
:1055C000162BDCD1E9E7B6F8BC310AAA02EBD312FC
:1055D000002012F8202CA6F8B82103F07F03A6F8CB
:1055E000BA310BB070BC7047B6F8BC31A6F8BA310E
:1055F0004FF484720020A6F8B8210BB070BC70473D
:10560000B6F8BC310AAA02EB1322DBB212F8242C42
:10561000A6F8B821A6F8BA31A4E700BFD8FF030066
:10562000212D30334144474810B4B0F8B631B0F8BA
:10563000BA21B0F8B44103F001015B0819B1B0F828
:10564000B8114B409BB29A4282EA030107D0A142B3
:10565000F1D8A0F8B6315DF8044B08467047A34274
:1056600001D91346E7E7A0F8B631194608465DF8B8
:10567000044B7047D0F8C431002B00F08680F0B5A1
:10568000B0F8B631B0F8BA41B0F8B45183B003F015
:1056900001025B081AB1B0F8B82153409BB29C429A
:1056A00084EA030269D0AA42F1D8013A92B214B254
:1056B000B4EB550FA0F8B63190F8B331A8BF521B28
:1056C00005F00105A8BF14B20135002B59D11A23EA
:1056D00003FB05F54FF4D043D0ED587A9FED357AB2
:1056E000D0F8C86190F8AE2167EE877A9642FCEE5A
:1056F000E77A17EE907A03FB1473A3EB452504D2E7
:10570000921BD30758BF05F5807501EB410604468F
:105710002A0E280C760004230F464FEA152C8DF82C
:1057200004208DF8050006F28A310DEB03022046B5
:105730008DF807508DF806C000F044F9D8B937BB92
:105740007320054606F562718DF8010000260223DC
:105750006A4620468DF8006000F034F958B904F527
:10576000E0710EC94D1B013A0133C4F8C051C4F8B1
:10577000C421C4F8C83103B0F0BDAB4212D92346EE
:1057800085E7AD004FF48053A6E71846704794F8BC
:10579000AE31BB4208D8D4F8C001312807D885B251
:1057A000C0B2CFE71A4680E772200546CAE732202A
:1057B0000546C7E700008049014801F025BD00BF4C
:1057C000F880002030B5012185B00446D0F86C0186
:1057D000FCF7D2FC04AA042302F8013D0023D4F80C
:1057E0006C018421CDE900330123FBF727FFD4F8B6
:1057F0006C310546186803680121DB699847284623
:1058000005B030BD30B5044685B00121D0F86C013B
:1058100094F84D51FCF7B0FC0023D4F86C011A4603
:10582000CDE900331946FBF709FF04AA0123D4F898
:105830006C0102F8045D8021CDE90033FBF7FEFE28
:1058400005B030BD30B5044685B00D46D0F86C01CA
:105850000121FCF791FC0023D4F86C011A46CDE934
:1058600000331946FBF7EAFE04AA0123D4F86C01C1
:1058700002F8045D8021CDE90033FBF7DFFE05B0BF
:1058800030BD00BF30B585B001230D0C0C0A8DF87A
:105890000E10D0F86C018DF80C50CDE9003303AA3E
:1058A000032383218DF80D40FBF7C8FE05B030BD02
:1058B00030B585B000220123D0F86C018DF80E10B0
:1058C0000D0C01920C0A009303AA032382218DF888
:1058D0000C508DF80D40FBF7B1FE05B030BD00BF98
:1058E000F0B585B0DDED0B7A9FED277A9DF8286045
:1058F000F8EE677A054667EE877A95F87041FCEE18
:10590000E77AFF2917EE900A4FEA10478DF80C70DE
:105910004FF002078DF80E0004F10D044FEA10203D
:105920008DF8087018BF8DF80810FF2A8DF809400F
:105930008DF80D0018BF8DF809200A20FF2B4FF0BD
:105940000104ADF80A0002AA18BF8DF80A30D5F894
:105950006C01FF2E4FF00703CDE900444FF08801A2
:1059600018BF8DF80B60FBF769FE034640B9D5F808
:105970006C011A46CDE90044C521FBF75FFE0346E2
:10598000184605B0F0BD00BF6F12833D10B500246E
:1059900084B061F3070463F30F249DF81830D0F846
:1059A0006C0162F3174404AA63F31F64012342F8F5
:1059B000044D9521CDE900330423FBF73FFE04B0ED
:1059C00010BD00BF08B5D0F86C01FBF771FC0020DA
:1059D00008BD00BF38B504461D46D0F86C0113461B
:1059E0002A46FCF7F9F9D4F86C01BDE83840FBF71A
:1059F000D1BF00BF10B586B00124D0F86C018DF87E
:105A0000153000920B46CDE9014402220E2405A96F
:105A10008DF81440FBF7F2FE06B010BD10B586B04D
:105A20000124D0F86C018DF8153000920B46CDE9B9
:105A3000014402221E2405A98DF81440FBF710FD35
:105A400006B010BD70B51D4684B00123D0F86C01BE
:105A5000BDF820408DF80910CDE900330823D94066
:105A60008DF8081022FA03F18DF80F408DF80B2005
:105A700025FA03F68DF80A10240A19460DEB0302E5
:105A80008DF80D508DF80C608DF80E40FBF7D6FDAB
:105A900004B070BD30B5022385B001220C460D0A5A
:105AA000D0F86C018DF80D40CDE90022194603AA0B
:105AB0008DF80C50FBF7C2FD05B030BD70B584B059
:105AC00001230E0E0D0C0C0A8DF80F10D0F86C018E
:105AD0008DF80C60CDE9003303AA042386218DF8EC
:105AE0000D508DF80E40FBF7A9FD04B070BD00BF4E
:105AF00000B5012383B00A46D0F86C019821CDE9A6
:105B000000330223FBF79AFD03B05DF804FB00BFEE
:105B100000B585B004AAFF2302F8013D0123D0F8A7
:105B20006C011121CDE90033FCF7AAF99DF80F00B3
:105B300005B05DF804FB00BF30B585B001230D460C
:105B400004468DF80D20D0F86C018DF80C50CDE98D
:105B5000003303AA02238E21FBF770FD08B984F8F5
:105B60009C5105B030BD00BF30B585B090F87C4188
:105B70009DF820509CB190F8704190ED5E6A01252F
:105B800005FA04F407EE904AF8EE677AB3EE007A6D
:105B9000C7EE866AF4EEC76AF1EE10FA18DB80F8F9
:105BA0007251002461F3070462F30F2463F3174476
:105BB00004AA65F31F64012342F8044DD0F86C0178
:105BC0008B21CDE900330423FBF738FD05B030BD50
:105BD000002580F87251E4E770B584B0D0F86C010C
:105BE000089C8DF80B208DF80C3001220B0CCDE9B0
:105BF00000228DF808300A0A08238DF80A108DF863
:105C00000920260C250A0DEB03028B218DF80F408D
:105C10008DF80D608DF80E50FBF710FD04B070BDCF
:105C200030B585B001238DF80F200D0C0C0A8DF8CE
:105C30000E10D0F86C018DF80C50CDE9003303AA9A
:105C400004238B218DF80D40FBF7F8FC05B030BD27
:105C50002DE9F04385B00C469DF834509DF8308016
:105C6000294616461F468146FEF7B2FEB0B901230B
:105C7000D9F86C018DF80940CDE90033240A0623D8
:105C800002AA8C218DF808408DF80A808DF80B70DF
:105C90008DF80C608DF80D50FBF7D0FC05B0BDE819
:105CA000F08300BF70B586B00C0A8DF80E2001227B
:105CB0008DF81330D0F86C019DF828309DF83060D5
:105CC0008DF80D10CDE900229DF82C209DF8345060
:105CD0008DF80C408DF80F309DF838408DF810206D
:105CE000092303AA8C218DF814608DF811508DF8CA
:105CF0001240FBF7A3FC06B070BD00BF70B584B0C6
:105D00000546BDF820408DF808108DF80A20194688
:105D1000120A01238DF809200A0AD0F86C018DF8C7
:105D20000C10260A8DF80B20CDE9003302AA8C2135
:105D30008DF80E408DF80D60FBF780FC044638B9F5
:105D4000D5F86C0106230DF10902F021FBF7B0FA3A
:105D5000204604B070BD00BF00B585B001238DF8AA
:105D60000C108DF80D20D0F86C0103AACDE900339A
:105D70008F210223FBF762FC05B05DF804FB00BF36
:105D800000B585B004AA012302F8041DD0F86C0107
:105D90009621CDE90033FBF751FC05B05DF804FB1B
:105DA00010B5012384B0002403AAD0F86C01ADF82B
:105DB0000C40CDE90033142103238DF80E40FCF78D
:105DC0005FF89DF80D309DF80C209DF80E001B0229
:105DD00043EA0243184304B010BD00BF00B585B0CC
:105DE00004AA002322F8043D0123D0F86C011721F6
:105DF000CDE900330223FCF743F89DF80C009DF831
:105E00000D3043EA002005B05DF804FB00B585B015
:105E100004AA002322F8043D0123D0F86C010721D5
:105E2000CDE900330223FBF709FC05B05DF804FB64
:105E30002DE9F041D0F86C311C680F46596A23688F
:105E400005469A6D5E6920469047D5F86C311B680F
:105E500001463A462046B4465B69BDE8F0416047DA
:105E600070B5D0F86C311C68596A236820469A6D69
:105E70009D6990472B4601462046BDE87040184773
:105E800030B583B00D460446FFF742FE012814D119
:105E90006B1F072B0ED894F8720194F8713194F8A7
:105EA0005C2184F87051294600902046FFF75CFE83
:105EB00003B030BD6FF00800FAE76FF01300F7E7AA
:105EC00010B52DED028B82B0B0EE408A0446FFF78C
:105ED0001FFE80BBB5EEC08AF1EE10FA25D4DFEDCF
:105EE000177AB4EEE78AF1EE10FA21D4DFED147AD6
:105EF000B4EEE78AF1EE10FA1ADC9FED120A28EEF2
:105F0000008AFCEEC87A17EE900AC4F8840194F86F
:105F1000893194F88A21D4F8801100902046FFF747
:105F20005BFE02B0BDEC028B10BD40F27520ECE7C9
:105F30006FF06500F5E76FF01300F2E79A99193FEB
:105F4000000048436F1283442DE9F04102680F4D71
:105F5000D2F8E440AC4215D1D0F86C311D680E4641
:105F6000596A2B6804469A6D5F6928469047D4F8B1
:105F70006C311B68014632462846BC465B69BDE869
:105F8000F04160472346BDE8F0411847315E030009
:105F900002680B49D2F8E8208A420FD170B5D0F8D8
:105FA0006C311C68596A236820469A6D9D69904738
:105FB0002B4601462046BDE870401847104700BFF9
:105FC000615E030030B52DED028B85B0B0EE408AE6
:105FD0000446FFF79DFD012868D1B5EEC08AF1EEB9
:105FE00010FA49D4DFED337AB4EEE78AF1EE10FA15
:105FF00042DCDFED317AB6EE007AE8EE077AFCEEAD
:10600000E77ACDED037A9DF80C300F2B3AD00AD900
:106010003E2B43D022D97D2B38D0FA2B2CD1062011
:1060200084F85C0109E0052B34D01FD9072BF7D089
:106030000A2B21D1092084F85C0194F8725194F85C
:10604000713194F8701184ED5E8A02460095204605
:10605000FFF78AFD05B0BDEC028B30BD142B21D0BB
:106060001F2B09D1032084F85C01E6E7032B03D141
:10607000002084F85C01E0E76FF0070005B0BDEC9C
:10608000028B30BD022084F85C01D6E7052084F83D
:106090005C01D2E7082084F85C01CEE7042084F894
:1060A0005C01CAE70A2084F85C01C6E76FF01300C0
:1060B000D0E700BF0000FF430AD7233C70B582B091
:1060C0000D4616460446FFF723FD012828D1281F58
:1060D000C3B2042B21D86EB984F8713194F87201DF
:1060E00094F85C2194F8701100902046FFF73CFD75
:1060F00002B070BD042810D8DFE800F00B07070FCE
:106100000300072384F87131E8E784F871512B46C6
:10611000E4E7002384F87131E0E76FF00900E7E776
:106120006FF01300E4E700BF2DE9F04182B00E46A6
:1061300017468046FFF7ECFC012815D126F00F0525
:1061400007F00F0445EA171544EA061440460223F7
:1061500001AA4FF4E8618DF804508DF80540FFF76F
:1061600031FC02B0BDE8F0816FF01300F9E700BF29
:10617000B5EEC00AF1EE10FA1BD4DFED0F7AB4EEE3
:10618000E70AF1EE10FA14DC00B5DFED0C7A20EE30
:10619000270A83B0FCEEC07A02AA17EE901A0123F8
:1061A00002F8011D40F6E701FFF70CFC03B05DF8B3
:1061B00004FB6FF01000704700000C43CDCCCC3EC8
:1061C00000B583B002AA002302F8013D40F6E701C2
:1061D0000123FFF7FFFB9DF8073000EE103AB8EE01
:1061E000400AF0EE047A20EE270A03B05DF804FBC3
:1061F000F0B587B00D460446FFF78AFC012833D07E
:10620000002843D194F88C01ABB28342A8BF034667
:10621000A9B21F2BA4F8901116DD072294F88E5115
:1062200084F8882194F88B3194F88D71ADB994F885
:10623000A0C100900026CDE9035C0297204601969C
:10624000FFF730FD07B0F0BD172BDAB208DC0F2ADC
:1062500008D8002A18BF0422E0E74FF0FF0CE8E757
:106260000622DBE70522D9E794F8A41194F874011B
:1062700094F8A03194F873210191A9B2A4F8761191
:1062800000902046FFF7E4FC07B0F0BD4FF0FF3070
:10629000D8E700BF10B52DED028B82B0B0EE408A7A
:1062A0000446FFF735FC90B3032822D002284FD1D3
:1062B000DFED297AB4EEE78AF1EE10FA45D4DFED8E
:1062C000277AB4EEE78AF1EE10FA3EDC9FED247AED
:1062D000C7EE087A16222046FCEEE77A17EE901AEF
:1062E000C4ED607AFFF79CFC38B302B0BDEC028BC2
:1062F00010BDDFED1C7AB4EEE78AF1EE10FA24D47B
:10630000DFED197AB4EEE78AF1EE10FA1DDC9FEDAD
:10631000147AD4F8840194F8893194F88A21C7EE6C
:10632000087AFCEEE77AC4ED607A17EE901A0090D6
:106330002046FFF751FC0028D7D1204602B0BDEC23
:10634000028BBDE81040FEF765BB6FF06400CCE740
:106350006FF01300C9E700BFCDCCCC3D9A99193F2F
:1063600000007A4923DBF93E355EFA3E70B52DED2B
:10637000028B88B003AC84E80E0003689DED048AAC
:10638000D3F8D4309DF838600DF11F0105469847C9
:10639000044658B9032E9DF81F3015D0B34212D0D1
:1063A0002B6828461B69984728B10446204608B048
:1063B000BDEC028B70BD2B683146D3F8D030284637
:1063C00098470028F1D13346002B5AD0012B14D026
:1063D000022BEBD14FF4807300939DF80D209DF8B4
:1063E0000C1003232846FEF7BFF904460028DDD130
:1063F0009DF80E3085F8B331D8E72B684B4AD3F8B7
:10640000F0309DF80C40934279D12846FFF780FB8D
:1064100001287FD1631F072B00F2828095F872015B
:1064200085F8704195F8713195F85C21009021460E
:106430002846FFF799FB0446002CB7D12B68B0EE35
:10644000480AD3F8EC302846984704460028ADD1D6
:1064500028469DF81440FFF75BFB01285AD1231F03
:10646000DBB2042B5FD895F8720195F85C2195F8A2
:10647000701185F8713100902846FFF775FB0446CE
:1064800094E72B689DED030A1B6C28469847044649
:1064900000288BD12B68264A5B6C934234D1284666
:1064A000FFF736FBB0BBB5EEC08AF1EE10FA23D48D
:1064B000DFED207AB4EEE78AF1EE10FA2DD4DFEDAD
:1064C0001E7AB4EEE78AF1EE10FA26DCDFED1B7AD5
:1064D00028EE278AFCEEC87A17EE900AC5F88401E8
:1064E00095F8893195F88A21D5F8801100902846D1
:1064F000FFF772FB044659E740F27520EEE72146AC
:1065000028469847044697E7B0EE480A2846984739
:1065100004464BE76FF0130448E76FF0650445E766
:106520006FF0080442E76FF009043FE7815E030063
:10653000C15E03009A99193F000048436F128344DB
:1065400000B52DED028B85B00DF1100C0CE90E009D
:106550009DF820309DED028A032B2DD04FF0FF30A7
:106560001BBBDDED017A9FED2F7AF4EEC77AF1EED9
:1065700010FA4BD4DFED2C6AF4EEE67AF1EE10FA65
:1065800044DCB4EEC78AF1EE10FA42D4DFED277A8C
:10659000B4EEE78AF1EE10FACCBF6FF06500002090
:1065A00005B0BDEC028B5DF804FB012B10D005B0EB
:1065B000BDEC028B5DF804FB036808A9D3F8D43066
:1065C00098470028F3D19DF82030002BEDD1C8E783
:1065D0009DF80430053B072B21D8B5EEC08AF1EEBB
:1065E00010FA19D4DFED127AB4EEE78AF1EE10FA60
:1065F00012DC9DF80C30043B042B94BF00206FF09C
:10660000090005B0BDEC028B5DF804FB6FF064007F
:10661000CDE76FF06500CAE76FF00700C7E76FF0DE
:106620000800C4E79A99193F0000964300004843C8
:106630000000FF43F0B52DED028B93B0B0EE408A21
:106640000746FFF765FA002848D1274C05460FCCCE
:1066500002AE0FC694E8030046F8040B383C3170D4
:106660000FCC08AE0FC60FCCB2EE040A28EE008A9B
:106670000FC6BCEEC88A94E8030018EE103A86E80C
:1066800003009BB2284608AA32F8021B8B421ED395
:1066900001301428F8D107EE903A9FED147AF8EE05
:1066A000E77AF4EEC77AF1EE10FA1AD8092387F8E0
:1066B0008931D7F8840197F88A21D7F880110090A2
:1066C0003846FFF789FA13B0BDEC028BF0BD12AB70
:1066D000184410F8403C87F88931EAE76FF013005E
:1066E000F1E76FF06700EEE76800040000F0914505
:1066F00030B583B0002902AB14BF9625942503F86A
:10670000055D80F89E11154640F6AC011A4601233E
:106710000446FFF757F900B90DB903B030BD084B77
:106720001B6CADF80430204601AA1C0C40F29F21DE
:1067300003238DF80640FFF745F903B030BD00BFD5
:106740004000040030B583B00C460546FFF7E0F981
:1067500008B1032826D1042C27D8DFE804F013174A
:106760001B1F03000B2485F88A41D5F8842195F876
:106770008931D5F88011009228462246FFF72CFA7D
:1067800003B030BD002385F88A31EEE7082485F890
:106790008A41EAE7092485F88A41E6E70A2485F870
:1067A0008A41E2E76FF01300EAE76FF06900E7E77C
:1067B000F0B589B00E4614460546FFF7A9F970BB3F
:1067C000082C32D8E4B2324623464FF4D86128462A
:1067D000FFF7F8F858BBB5F89011E400E4B2A14215
:1067E0000B46A8BF23461F2B85F88C413DDD0722B1
:1067F00095F88E0185F8882195F88B3195F88D7183
:10680000002842D195F8A0C102970026CDE9030CDB
:10681000009428460196FFF745FA09B0F0BD01281B
:1068200007D003282DD1042C28D06FF0680009B0C0
:10683000F0BD012CF9D828463478FFF769F9012812
:106840001FD124F00F032401284644F0040443F030
:10685000040507AA02234FF4E8618DF81C508DF857
:106860001D40FFF7AFF809B0F0BD172BDAB20FDC0F
:106870000F2A0FD8002A18BF0422B9E73368C5F8D9
:10688000AF316FF0130009B0F0BD4FF0FF0CBBE764
:106890000622ADE70522ABE72DE9F04188B00D46B1
:1068A00016461F4604469DF83880FFF731F9002848
:1068B0003FD1012D59D062D3022D51D1B8F1000F33
:1068C00061D0062084F88B0194F88E31B4F89011D1
:1068D00094F8882194F88CC194F88DE1002B4BD169
:1068E00094F8A081CDF808E00025CDE90338CDF873
:1068F00000C0034601952046FFF7D4F968BB350A6E
:1069000007AA022340F2BC6120468DF81D608DF875
:106910001C50FFF757F800BB07AA204602233C0A89
:1069200040F2BE618DF81D708DF81C40FFF74AF8EB
:1069300013E001282BD194F8A42194F8740194F861
:10694000A031B4F8761101922A1C18BF012284F8F4
:10695000732100902046FFF77BF908B0BDE8F08175
:106960006FF42F7008B0BDE8F081B8F1000FA9D026
:10697000042084F88B01A7E74FF0FF08B2E701205D
:1069800084F88B01A0E784F88B5128469CE74FF0F0
:10699000FF30E2E7F0B587B00D460446FFF7B8F8E0
:1069A000C8B994F88DC194F88C7194F88B3194F82F
:1069B0008821B4F89011019001260495CDE902C612
:1069C00000972046FFF76EF918B984F88E61C4F875
:1069D000A05107B0F0BD6FF01300FAE710B582B018
:1069E0000446FFF795F8012814D194F8A43194F8DF
:1069F0007321B4F876110193002300932046FF23FE
:106A0000FFF726F920B9FF2384F87401C4F8A031F8
:106A100002B010BD6FF01300FAE700BF0021FFF7CE
:106A2000AFB900BF0121FFF7ABB900BFF0B589B026
:106A30000D460446FFF76CF8002855D1DDB994F8EF
:106A40008E0184F88D51B4F8901194F8882194F84F
:106A50008B3194F88C6160B994F8A0710096002590
:106A6000CDE90307CDE901552046FFF71BF909B031
:106A7000F0BDFF27F2E7012384F88D3107AA4FF418
:106A8000D7612046FEF7A6FF0028F0D19DF81C50E4
:106A900025F0010545F00105FF2607AA02234FF462
:106AA000D76120468DF81C508DF81D60FEF78AFFD7
:106AB0000028DCD194F88E01B4F8901194F8882164
:106AC00094F88B3194F88C7194F88DC108B994F8CE
:106AD000A061CDF808C00025CDE903060097204647
:106AE0000195FFF7DFF8C2E76FF01300BFE700BFC3
:106AF00010B50446FFF70CF801280ABF84F87C01A2
:106B00006FF01300002010BD30B583B00D46044671
:106B1000FEF7FEFF012810D194F8740194F8A0311B
:106B200094F87321B4F8761184F8A451CDE90005E6
:106B30002046FFF78DF803B030BD6FF01300FAE781
:106B400030B52DED028B036885B05B6904460D46B8
:106B50000021B0EE408A98472046FFF73FF98306B0
:106B600054D49FED597AF0EEC87AF4EEC77AF1EE7C
:106B700010FA4FD9DFED557A78EE677AF0EEE77AC2
:106B8000F4EEC77AF1EE10FA26D800238DF80C3017
:106B900007EE905A9FED4E7AC4F89851F8EE677A56
:106BA000012367EE877AD4F86C01FCEEE77ACDE931
:106BB000003317EE901A04230D0C0C0A8DF80F10F9
:106BC00003AA97218DF80D508DF80E40FAF736FD87
:106BD00005B0BDEC028B30BDDFED3E7A78EE677A12
:106BE000F0EEE77AF4EEC77AF1EE10FA1AD9DFED9B
:106BF0003A7A78EE677AF0EEE77AF4EEC77AF1EE59
:106C000010FA13D802238DF80C30C1E72046FFF7A5
:106C1000FDF8A6E720460121FDF7CCFD05B0BDEC4F
:106C2000028B30BD01238DF80C30B1E7DFED2B7AFC
:106C300078EE677AF0EEE77AF4EEC77AF1EE10FAC2
:106C40000ED9DFED277A78EE677AF0EEE77AF4EE88
:106C5000C77AF1EE10FA07D804238DF80C3097E7C5
:106C600003238DF80C3093E7DFED1E7A78EE677A18
:106C7000F0EEE77AF4EEC77AF1EE10FA03D80523C6
:106C80008DF80C3084E7F0EE087A78EE677AF0EE53
:106C9000E77AF4EEC77AF1EE10FA03D806238DF8FE
:106CA0000C3075E7DFED107A78EE677AF0EEE77A70
:106CB000F4EEC77AF1EE10FA03D807238DF80C3002
:106CC00066E70A4884E700BF6F12833ACDCCCC3F19
:106CD0006F12833D9A99D93F6666E63FCDCC0C4052
:106CE0009A991940CDCC2C403333534041FDFFFFDE
:106CF00010B584B0D0F86C4180F89D1104AA01232E
:106D000002F8011D2046CDE900339D21FAF796FCDB
:106D100004B010BD2DE9F04784B004AC002504F8A0
:106D2000015D8946164698462246012340F6E70152
:106D300005469DF83070FEF74DFE10B104B0BDE879
:106D4000F0874FF0010A43463A463146CDF800A09D
:106D50002846FEF71BFE0028F0D15FFA89F10422D5
:106D60002846FEF7E9FE0028E8D153462246284689
:106D700040F6E701FEF726FEE0E700BFDFED057A0B
:106D800080ED580A20EE270AFCEEC07A17EE901A22
:106D9000FEF794BE000080492DE9F041037B84B0EA
:106DA00006460C4623B100221146FEF7D5FF00BB74
:106DB00004AFD6F86C0107F8084D01243A46CDE936
:106DC000004423468A21FAF739FC90B996F84D31F0
:106DD000D6F86C010194002B14BF302520252346E2
:106DE00000943A4693218DF80850FAF727FC0346A1
:106DF00010B104B0BDE8F08196F87021D6F86C01AE
:106E0000ADF80C300D3203218DF80E308DF80920CD
:106E10008DF80810CDE900440A2507233A46882159
:106E2000ADF80A50FAF70AFC80460028E1D1336831
:106E300044F2FF31D3F8F43030469847CDF8008063
:106E400005464346424641463046FEF7FBFD284391
:106E500000B20028CDD1D6F86C112346CDE9004010
:106E60003A4608467F2489218DF80840FAF7E6FB68
:106E70000028BED1D6F86C31186803680521DB699B
:106E8000984705E0D6F86C31186803685B6D984741
:106E9000D6F86C311868D96A03681B6998470028CE
:106EA000F0D1D6F86C01FAF775FDA2E76FF0180083
:106EB000704700BF6FF01800704700BF6FF01800F8
:106EC000704700BF6FF01800704700BF6FF01800E8
:106ED000704700BF6FF01800704700BF6FF01800D8
:106EE000704700BF6FF01800704700BF6FF01800C8
:106EF000704700BF6FF01800704700BF84B004A84F
:106F000000E90E006FF0180004B070476FF0180031
:106F1000704700BFBBEE090A704700BF82B08DE822
:106F20000C00002002B07047002070476FF018007E
:106F3000704700BF6FF01800704700BF0020704717
:106F4000704700BF704700BF2DE9F0410368D3F8D8
:106F5000E0300F46904698470468416A236805462A
:106F60009A6D5E69204690472B680146B8F1000F84
:106F700006D13A462046B4469B69BDE8F0416047D9
:106F80003A462046B4465B69BDE8F041604700BF21
:106F900070B50368D3F8E03098470468416A236805
:106FA00020469A6D9D6990472B4601462046BDE8D4
:106FB00070401847704700BF6FF01800704700BF5F
:106FC0000368044A5B69934202D16FF0180070476E
:106FD00000211847C56E030030B585B005680192E1
:106FE0000022CDE90222D5F8D8500C4A00919542F2
:106FF0008DF8083003D16FF0180005B030BD6A4637
:1070000003210446A8470028F7D12368044AD3F88F
:10701000DC309342EFD020469847EEE7B96F03008B
:10702000BD6E030070B505680E4ED5F8D85084B01B
:10703000B5420192089A0091CDE9023203D16FF076
:10704000180004B070BD6A4602210446A847002813
:10705000F7D12368044AD3F8DC309342EFD02046BE
:107060009847EEE7B96F0300BD6E030070B5114B92
:1070700003600446012600210D46067328221030C5
:1070800006F082F8A563294604F13C004FF48072B3
:1070900006F07AF84FF07E53C4F83C51C4F84051E2
:1070A00084F84451C4F8485184F84C51A660636098
:1070B000204670BD8C000400002370B41E460125DC
:1070C00005FA03F20A4200EB830403F1010303D043
:1070D00022691F2A18BF1643202BF1D1304670BCFD
:1070E000704700BF38B590F84C316BB9D0F83C51BF
:1070F000D0F84821D0F8404141EA45010A40A24277
:10710000C0F83C112BD038BD90F83A5090F8393087
:10711000054401249C4095F93C2064B2D1B922EA8F
:107120000402D2B285F83C20591CC9B2082980F863
:107130003910E8D10446104600F002F994F83A30CC
:10714000E1180022013381F83C0084F83A3084F8D9
:10715000392038BD2243D2B285F83C20E4E7012231
:1071600080F83A3080F83B3080F8393080F84C2194
:1071700038BD00BF2DE9F8435FEAC20906468468BE
:1071800020D0002588462F460FE031784B1E24FA88
:1071900003F313F0010F18BF736805F101054FEAFF
:1071A000440418BF5C404D450DD06B07EDD1337CD6
:1071B00018F807000137B3B93178A1F108039840F6
:1071C0004440E3E70178F068737C604013B100F05D
:1071D000B7F831784FF0FF33C1F1200123FA01F104
:1071E0000840BDE8F883082100F0AAF8E4E700BFF2
:1071F000044B002208211970C3E90122DA601A74D5
:107200005A747047FC800020002202704270704760
:107210000023417003707047002900F08A80002B22
:1072200000F087802DE9F04F83B0002A7FD04FF027
:10723000000890F801A0C346C146CDE900120AE05B
:10724000072C057050D0019A08F10108D1449045EF
:107250001FFA89F950D04FEAD805009A0678575D91
:107260003549364A6FEA080404F007042741BAF1A9
:10727000020F18BF964607F001074FEA960508BFB0
:107280008E46C7F1010C5EF825504FEA8C0C6FEA70
:10729000060E5FFA8CFC0EF0030E0CEBCE0C25FAFA
:1072A0000CF54FF0020204FB0AFC05F00F0404FA8F
:1072B0000CF412FB06764BEA040B06F03F0508F0CF
:1072C0000704BDD106F00F06072C0670BBD11C4683
:1072D0004FEA1B2504F8025B83F801B090F801A087
:1072E00023464FF0000BAEE7BAF1030FEFD14FEAA0
:1072F0001B441C700133EAE718F0070F0BD0BAF1FA
:10730000030F03D14FEA1B421A7001334FEA1B22CD
:1073100083F801B01A700C9B2BB10020C3F80090C9
:1073200003B0BDE8F08F184603B0BDE8F08F91467A
:10733000F1E74FF0FF307047700104008001040056
:1073400099B10022F0B405464F1E1046012606FAF8
:1073500002F32B40BC1AD3400132A340D4B2A14265
:1073600040EA0300F3D8F0BC70470846704700BFFE
:10737000704700BF704700BF704700BF08467047A6
:10738000704700BFF0B4094C094F2568049EC360E4
:10739000C0E901120599069A076000230661C0E959
:1073A0000512C36105B92060F0BC70471081002050
:1073B000C8010400704700BF203000F0FFBA00BFD2
:1073C000203000F0E9BA00BF203000F001BB00BF60
:1073D00038B5437F0BB9002038BD00F50A7420464C
:1073E0000D4600F0FFFA0028F5D12046294600F0AE
:1073F000BBFA012038BD00BF2DE9F0475AB306465D
:10740000DFF8588033681B684D1E434517464FF020
:10741000000400F50A7915F801AF16D1737F13B98E
:107420002046BDE8F087484600F0DCFA0028F7D196
:107430005146484600F098FA0134A742F0D033682C
:1074400015F801AF1B684345E8D0514630469847D0
:107450000028F1D1E4E71446E2E700BFD17303004E
:107460000AB910467047F8B5054600F120073846BE
:1074700014460E4600F08AFA2B69C3F888652A691B
:10748000012313622A69C2F834752A69C2F83845A3
:107490002A6913602B6902E0D3F824211AB9D3F8C2
:1074A0004C21002AF8D00022C3F84C212B6902E0BD
:1074B000D3F824211AB9D3F85C21002AF8D000228D
:1074C000C3F85C212B6901225A612A69D2F8043180
:1074D000002BFBD00021C2F804112B69D3F8242122
:1074E00012B1C3F824112B69D3F83C05C5F820026A
:1074F000C0B2F8BD10B5044600F50A7084F8301427
:1075000000F044FA0123637710BD00BFF8B50446CC
:10751000026990F8300400236377C2F88805226975
:10752000C2F80431236901271F62236904F50A7632
:10753000C3F8446530460D4600F040FA2369C3F8AD
:10754000480523699F60236902E0D3F824211AB912
:10755000D3F85021002AF8D00022C3F85021304639
:1075600000F02CFA236940BB0022C3F86021236994
:1075700015B9D3F824212AB301225A612269D2F81D
:107580000431002BFBD00023C2F804312369D3F867
:10759000240168B10022C3F824212369D3F8C4046C
:1075A000C3F8C404022803D0042814BF0420032015
:1075B000F8BDD3F82421002AD6D1D3F86021002ABF
:1075C000F7D0D1E70122DA612269D2F84831002BE5
:1075D000FBD00023C2F84831D8E700BF70B52A4C71
:1075E0006369D3F86421002A3BD1D3F86821EAB952
:1075F000D3F804216AB1227F0021C3F8041142B1FB
:10760000D4F83824D3F83C05C4F820020AB19047D6
:107610006369D3F8242142B10022C3F82421D3F8AE
:10762000D024C3F8D02401225A6170BD0022C3F8CF
:107630006821164822770123637700F0A7F9D4F870
:10764000343403B1984763691048C3F844050023F4
:10765000637700F0B3F963690122C3F848055A6300
:10766000C6E7002204F12006C3F864210125304654
:10767000257700F08BF963694FF40072C3F8346525
:10768000C3F838251D63B0E7148100203C83002037
:1076900070B52A4C6369D3F86421002A3BD1D3F832
:1076A0006821EAB9D3F804216AB1227F0021C3F826
:1076B000041142B1D4F83824D3F83C05C4F82002B0
:1076C0000AB190476369D3F8242142B10022C3F87C
:1076D0002421D3F8D024C3F8D02401225A6170BDEC
:1076E0000022C3F86821164822770123637700F04F
:1076F0004DF9D4F8343403B1984763691048C3F89E
:1077000044050023637700F059F963690122C3F847
:1077100048055A63C6E7002204F12006C3F8642135
:1077200001253046257700F031F963694FF4007286
:10773000C3F83465C3F838251D63B0E750850020D1
:10774000788700202DE9F8431A4DDFF878901A4C1D
:107750001A4F284600264FF47A7840F8209BC5E956
:10776000016800F0F5F805F50A7000F0F1F8032360
:107770002B767B6B6B76C4E901682046104BBA6BA5
:1077800040F8209BAA76C5E904336E7700F0E0F854
:1077900004F50A7000F0DCF8D7E9181204204FF065
:1077A0004023667720766176A276C4E90433BDE88B
:1077B000F88300BF14810020508500204C02040093
:1077C000003000403002040008B50121232004F0FD
:1077D000DFFB232004F09EFC0121242004F0D8FBD1
:1077E000242004F097FC0121222004F0D1FB012188
:1077F0002220BDE8084004F04FBC00BF2DE9F8434B
:1078000080460F46051D00F10709002615F8011BEB
:107810000A22384600F038F82E210446384600F097
:107820002FF84D4520440644F0D198F8071038460B
:107830000A2200F029F83044BDE8F883024A0260C9
:1078400000224260704700BF1403040010B40024FB
:1078500061F3070462F30F249DF80410044A63F3F4
:10786000174461F31F64C0E900245DF8044B7047BE
:1078700014030400014AC0E9002170471403040006
:1078800003681B68184700BFF0B506688BB01AB9CB
:10789000336898470BB0F0BD0AAF0B46D2B2002157
:1078A000022A07F8041D05462CBF14460A24184670
:1078B000B0FBF4F204FB1201CBB2092903F1300151
:1078C0008ABF3733CBB2DBB2104607F8013D002A3E
:1078D000EED1384606F092F97368024639462846DA
:1078E00098470BB0F0BD00BF036870B505460C4665
:1078F0005E6849B1084606F081F9214602462846ED
:10790000B0472B685E680446284602220149B0470A
:10791000204470BD180304000EB430B5C2B045A9B0
:10792000054651F8042B01910B4602A84FF48071D3
:1079300006F0B6F92B68044602A95B682846224681
:107940009847204642B0BDE8304003B0704700BFC2
:1079500008B54FF40072002105F016FC0022C0F8B3
:107960000022C0F8042208BDD0F8002210B4531C35
:10797000D0F80442C3F308039C4218BF81545DF859
:10798000044B18BFC0F80032704700BF0023C0F896
:107990000032C0F804327047D0F80432D0F8002228
:1079A000934207D05A1CC35CC2F30802C0F80422F9
:1079B000184670474FF0FF30704700BFD0F80032D4
:1079C000D0F80402181A48BF00F50070704700BFD5
:1079D000D0F80432D0F80022934214BFC05C4FF0BC
:1079E000FF307047D0F80032D0F804020133C3F3FF
:1079F0000803181AB0FA80F040097047114B124A78
:107A00001968BFF35B8F4968BFF35B8F914200D069
:107A100070470E4AD2F80015C9070FD530B40C4C88
:107A2000012500204FF0FF312560C2F8000530BC71
:107A3000C2F860151868044904F0DCBB18680249F4
:107A400004F0D8BB8C890020546F6E650020024082
:107A5000042002402F2901D90020704770B5434E01
:107A60003368BFF35B8F0C465B684149BFF35B8FA4
:107A70008B4288B0054606D0306804F075FB10B91B
:107A8000002008B070BD3268394BBFF35B8F52687D
:107A9000BFF35B8F9A4259D0364A374B52F82420B5
:107AA000698AEC7DC3F860254FF0FF32C3F8642586
:107AB0000120C3F86825C3F86C250722C3F8000528
:107AC000C3F80C250022C3F80425C3F8081505F1F6
:107AD0001401C3F81025C3F80042C3F80023C3F80B
:107AE0002015C3F84015C3F82405C3F84405A96858
:107AF000C3F828152149EE682C8AC3F84865C3F8F5
:107B00002C25C3F84C25C3F814450A600B68019373
:107B1000019B4A6004311A4B0968029102991A606C
:107B20001968039103995A605968049104999A60FD
:107B3000996805910599DA60D968069106991A61E4
:107B400010331B680793079B08B070BD0A4BD3F82E
:107B50000025D207A0D50B4A0120106000214FF06C
:107B6000FF32C3F80015C3F8602595E78C89002023
:107B7000546F6E654C020400002002400421024054
:107B80000C210240042002402DE9F843A1F1140425
:107B900046F294139C4215D8144606460D469AB9EF
:107BA0004FF000084FF00009634C64492368BFF3AD
:107BB0005B8F5B68BFF35B8F8B421CD0206804F047
:107BC000D3FAC0B9BDE8F883B2F57A7F09D202FBD7
:107BD00001F3B3F57A7F04D24FF001084FF00009AA
:107BE000E2E74FF47A720023A4FB050105F066F882
:107BF00080468946D8E72268504BBFF35B8F5268B6
:107C0000BFF35B8F9A42DDD14D4BD3F80025D207ED
:107C100009D54C4A0120106000214FF0FF32C3F813
:107C20000015C3F8602558EA09034749B1FBF5F18F
:107C300089B230D1454F464B7982C7E900896FF050
:107C40007F486FF07F4943EA5103C7E902894FF645
:107C5000FF70BB82082204233882BA75FB75314657
:107C60003A48FFF7F7FE0028ACD023683349BFF34A
:107C70005B8F5B68BFF35B8F8B4204D0206804F09E
:107C800073FA00289ED0BB7D03F1804303F50833CF
:107C900001221A6096E742464B4600205B084FEAF5
:107CA000320252EA030500F10100F7D1252889DCF0
:107CB0002748264FB9F1000F40EA510008BFB8F13C
:107CC000010FB882C7E9008979822CD04046494625
:107CD000002349084FEA300050EA010203F1010392
:107CE000F7D11C4A5B00A2FB03235B0801259D40E2
:107CF00018F1FF3049F1FF312A46002304F0DEFF7E
:107D000072B96A084FF00C0C6B1E9B1A0130013AD5
:107D10001021FB603882BA6087F816C0F9759EE7BB
:107D20004FF0080CF0E7C7E9022301210C221023D1
:107D30003982BA75FB7592E78C890020546F6E65A5
:107D4000002002400420024048E801009089002001
:107D50000080FFFFABAAAAAA024A034B92681A60EE
:107D6000704700BFA86100208C89002090F8230490
:107D7000704700BF38B590F91D34002B04460DDB69
:107D80005A0920320121234803F01F0301FA03F3AB
:107D900040F82230BFF34F8FBFF36F8F23694FF44A
:107DA0008872C3F8082322690023C2F8443122698B
:107DB000C2F858312269012353602269D36001E07F
:107DC00003F0F4FD2369D3F85821002AF8D0D3F842
:107DD0004421002AF4D00025C3F8005522694FF051
:107DE000FF33C2F80C352269C2F814352269C2F893
:107DF0000835226904F11400C2F81035FFF7C6FDFA
:107E0000D4F8240401F0E8FCC4F8245484F8235482
:107E100038BD00BF00E100E01430FFF7CFBD00BF68
:107E20001430FFF7D5BD00BF1430FFF7B5BD00BF5C
:107E300008B5D0F8240401F0C5FC002814BF4FF4A5
:107E40000070002008BD00BF90F8233403B97047CC
:107E500010B54FF0FF310446D0F8240401F006FBC2
:107E60000023D4F824041A461946BDE8104000F057
:107E7000B5BE00BF10B50368104A5B6882B093427C
:107E80008DF8071013D104464FF0FF31D0F82404C9
:107E900001F0ECFA22699DF8073084F81D320123C5
:107EA000C2F8483522691846936002B010BD01221D
:107EB0000DF10701984702B010BD00BFC17E03005D
:107EC0002DE9F0472AB317468846064600F21D2AD8
:107ED00000254FF001097C1BB4F5007F28BF4FF44B
:107EE00000744FF0FF31D6F8240401F0BFFA08EB1C
:107EF00005012246504605F023F93369C3F8484589
:107F000033692544AF42C3F80890E4D82846BDE859
:107F1000F08715462846BDE8F08700BF70B50468B5
:107F20007D4A246A944240F0B68090F823240346A8
:107F3000002A40F0AF800D46016990F81F04C1F897
:107F40000C05196993F81E04C1F8140593F822145E
:107F5000012900F0AF801969C1F86C25B5F5966F5D
:107F600045D9B5F5166F40F29B80B5F5965F40F2A6
:107F7000AF80B5F5165F40F2AD80B5F5615F40F2B8
:107F8000AB80B5F5964F40F2A980B5F5E14F40F2D0
:107F9000A78047F61222954240F2A480B5F5164F0D
:107FA00040F2A3804DF6C022954240F2A180B5F583
:107FB000614F40F2A080B5F5963F40F29F80B5F545
:107FC000E13F40F2A080B5F5613F40F29980534A0D
:107FD000954240F29E80B5F5E12F40F29780B5F5CD
:107FE000612F8CBF4FF080524FF0706201E04FF470
:107FF0009E221969C1F824251A690821C2F80015C2
:108000001A6903F21D21C2F844151A690021C2F849
:1080100020111A6903F50771C2F834151A69012194
:10802000C2F838151A6911601A694FF48870C2F8DD
:10803000040393F91D24002A35DB5409603402F04F
:108040001F02374801FA02F240F8242093F91D2458
:10805000002A28DB0244602182F8001393F91D24D2
:10806000002A07DB2E4802F01F0401215209A1401B
:1080700040F822100322002101201C4600F06CFD74
:1080800000231A461946C4F8240400F0A7FD012372
:1080900084F8233470BD23460022BDE870401847A1
:1080A0004FF41D22A5E71F4902F00F021144602280
:1080B0000A76D3E71A6993F82004C2F810051A6902
:1080C00093F82104C2F808051A69C2F86C1545E74F
:1080D000154A8EE7154A8CE7154A8AE7154A88E75C
:1080E000154A86E74FF4000283E74FF41D0280E74C
:1080F0004FF465027DE74FF46B027AE70F4A78E7A9
:108100004FF06C7275E74FF0EB7272E74FF0E86278
:108110006FE74FF080626CE74181030090D003006D
:1081200000E100E0FCEC00E000B01300005027008C
:1081300000F03A0000A04E0000C0750000903A0127
:1081400090F82334002B5BD110B5036990F81F44DD
:10815000C3F80C45036990F81E44C3F8144590F821
:108160002234012B036900F0A080C3F86C25B1F51F
:10817000966F46D9B1F5166F40F2A680B1F5965FBD
:1081800040F2AC80B1F5165F40F2AA80B1F5615FB4
:1081900040F2A880B1F5964F40F2A680B1F5E14FCC
:1081A00040F2A48047F61223994240F2A180B1F533
:1081B000164F40F2A0804DF6C023994240F29E80B7
:1081C000B1F5614F40F29D80B1F5963F40F29C8041
:1081D000B1F5E13F40F29A80B1F5613F40F29980FC
:1081E000504B994240F29B80B1F5E12F40F29480D0
:1081F000B1F5612F8CBF4FF080534FF0706302E0F8
:1082000070474FF49E230269C2F82435036908229F
:10821000C3F80025036900F21D22C3F84425036951
:108220000022C3F82021036900F50772C3F8342542
:1082300003690122C3F8382503691A6003694FF402
:108240008871C3F8041390F91D34002B3FDB5C09DF
:10825000603403F01F03344902FA03F341F8243079
:1082600090F91D34002B32DB0B44602283F800238D
:1082700090F91D34002B07DB2B4903F01F0401226A
:108280005B09A24041F8232004460322002101207B
:1082900000F062FC00231A461946C4F8240400F0DA
:1082A0009DFC012384F8233410BD90F82044C3F8CA
:1082B0001045036990F82144C3F80845036942F06A
:1082C0000102C3F86C2552E74FF41D239BE7174AC0
:1082D00003F00F031A4460231376C9E7144B92E7A7
:1082E000144B90E7144B8EE7144B8CE7144B8AE742
:1082F0004FF4000387E74FF41D0384E74FF4650351
:1083000081E74FF46B037EE70E4B7CE74FF0EB7396
:1083100079E74FF06C7376E74FF0E86373E74FF05F
:10832000806370E790D0030000E100E0FCEC00E027
:1083300000B013000050270000F03A0000A04E00EB
:1083400000C0750000903A0110B5114C2369D3F8B4
:1083500010213AB10022C3F81021D3F83C2572B99C
:1083600001221A60D3F8202102B910BD0021C3F800
:108370002011D4F82404BDE8104000F0B9BE94F8F0
:108380001C1204F11400FFF7EFFA2369E8E700BFBD
:10839000A889002010B5114C2369D3F810213AB1F7
:1083A0000022C3F81021D3F83C2572B901221A60CB
:1083B000D3F8202102B910BD0021C3F82011D4F850
:1083C0002404BDE8104000F093BE94F81C1204F1A0
:1083D0001400FFF7C9FA2369E8E700BFD08D002039
:1083E0002DE9F8431C4D1D4CDFF880901C4F2846AA
:1083F00000264FF47A7840F8149BC5E90168FFF72E
:10840000A7FAC4E901682046164B2B610223FA6BD8
:1084100085F81D3440F8149B3B6C85F81E2485F8C4
:108420001F3485F82264C5F8246485F82364FFF7B7
:108430008FFA0D483A6ABB6984F822642821C4F88F
:10844000246484F82364206184F81D1484F81E24B5
:1084500084F81F34BDE8F883A8890020D08D00205F
:108460004C0204000020004000800240240304006D
:1084700008B50E4B1BB10E48EDF73AFF90B90D4B06
:108480001BB10D48FFF79AFA48B90C4B1BB10C48C9
:10849000FFF794FA00B908BDAFF3008008BDAFF351
:1084A0000080F2E7AFF30080E9E700BF00000000C2
:1084B000D863002000000000BC89002000000000FC
:1084C000E48D00202DE9F0477C4F3D6806460C46C0
:1084D000904675B12F2E09D828F48073032BC8F36A
:1084E000002224D0042B59D0022B3BD00020BDE821
:1084F000F08729462022724804F046FE714A7249EC
:10850000724B0D604FF0FF30C2E9000040224D6019
:10851000C3F88020BFF34F8FBFF36F8F6021C3F884
:10852000802183F806131A6001233B60D2E74FF4E1
:108530000037674B634853F8265090F900102B0220
:1085400003F47C5343F001038D4243EA07030CD04C
:1085500090F90160B54224D090F90270BD4222D159
:10856000022603E04FF44037E3E70026B10001F1B3
:10857000804101F5C0418555D1F81005504F524D4D
:1085800047F8264020F0031020F47C5003430120DC
:10859000AA55C1F81035B040BDE8F0874FF48037D8
:1085A000C7E70126E2E790F903C0654549D090F995
:1085B00004E075455BD090F9058045456DD090F994
:1085C00006904D4577D090F907A0AA4501D107261E
:1085D000CCE7013123D13F49D1F8101589071ED1CD
:1085E0000026B10001F1804101F5C0418555D1F867
:1085F0001005334F344D47F8264020F0031020F487
:108600007C500343C1F810350023C1F8003101202C
:10861000304BAA55B040C3F80403BDE8F0870136DB
:1086200006D12C49D1F81415890701D10126D8E7C4
:10863000013708D12749D1F818158F0703D1022631
:10864000CFE7032692E7BCF1FF3F06D12149D1F8DD
:108650001C158E0701D10326C3E7BEF1FF3F08D1E9
:108660001C49D1F82015890703D10426B9E704264F
:108670007CE7B8F1FF3F06D11649D1F824158F07E2
:1086800001D10526ADE7B9F1FF3F08D11149D1F875
:1086900028158E0703D10626A3E7052666E7BAF15B
:1086A000FF3F7FF423AF0B49D1F82C1589077FF4E6
:1086B0001DAF072695E7062658E700BF2892002041
:1086C0000092002020920020F891002000E100E0BC
:1086D0004C020400006000402F2825D8264A274B72
:1086E00052F8202093F900108A4238D093F90110F3
:1086F0008A4236D093F902108A4234D093F903109B
:108700008A4232D093F904108A4230D093F905108E
:108710008A422ED093F906108A4206D093F90710A8
:10872000914208BF072101D07047062170B4012093
:10873000134E144C144D8840C6F808038A000020DC
:1087400002F1804244F82100FF2402F5C0425C544B
:108750006854C2F8100570BCC2F8000170470021CF
:10876000E4E70121E2E70221E0E70321DEE704215B
:10877000DCE70521DAE700BF4C020400209200206C
:108780000060004000920020F89100202DE9F043A5
:108790001B4B1C4FD3F80463DFF86C80DFF86C9040
:1087A00085B000240123A200A34002F1804533429A
:1087B00005F5C0450FD0D5F8003163B1E35701335B
:1087C00006D052F808201AB114F809307BB9904746
:1087D0000023C5F800310134082CE3D1BFF34F8FDB
:1087E00000BF00BF00BF00BF05B0BDE8F08304AB11
:1087F000002143F8041D0846009103F0B1F9E7E7B2
:10880000006000402092002000920020F89100209B
:10881000F8B500250446C0E90055856091B10846C9
:108820000E4605F0EBF90746411C284600F028F9F2
:1088300050B1A368C4E9000703B90370A7603146CB
:1088400005F0D4F92046F8BD206808B100F002F91F
:1088500000232360C4E901332046F8BD70B5044607
:108860008C424FF00000C4E90000A06001D00D6808
:108870000DB9204670BD8E68711C00F001F950B131
:10888000A368C4E9000603B90370A660294605F091
:10889000ADF9204670BD206808B100F0DBF8002378
:1088A0002360C4E90133204670BD00BF10B5044603
:1088B000006800F0CFF8204610BD00BF884270B5B8
:1088C000044609D00D68006845B908B100F0C2F847
:1088D0000023C4E901332360204670BD8E6810B1C7
:1088E00063689E4209D9711C00F0CAF858B1A368A8
:1088F000C4E900060BB903702068A660294605F09C
:1089000075F9204670BD20680028DFD1E0E700BF80
:10891000F8B50446056849B915B1284600F09AF83B
:1089200000232360C4E901332046F8BD08460E4603
:1089300005F064F9074615B1636898420BD92846DB
:10894000791C00F09DF8054660B1A368C4E90007F2
:108950000BB903702568A7603146284605F046F933
:108960002046F8BD20680028DAD000F073F8D7E779
:1089700070B5044631B108460D4605F03FF958B9C7
:10898000204670BD206808B100F064F80023236021
:10899000C4E90133204670BDA2682368861813B16C
:1089A00061688E420DD91846711C00F069F80346C3
:1089B0000028E7D0A268C4E9000612B90270236853
:1089C000A2682946981805F011F9A660D8E700BFFB
:1089D000FEE700BF08B501F077FA4FF47A72A0FB0A
:1089E0000223900A40EA835008BD00BF014638B513
:1089F0004FF47A7200238002890D04F05FF9054676
:108A000001F062FA0446EDF763FC01F05DFA001B29
:108A1000854200D838BD281ABDE8384001F078BB3F
:108A200010B5044601F0CEFD022804D02046BDE872
:108A3000104004F00FBB01F03FFA204604F00AFB9F
:108A4000044601F0DFFA0CB1204610BD02F0C0FF71
:108A5000FAE700BF10B5044601F0B4FD02280AD1C0
:108A600044B101F029FA204604F0FCFABDE81040B8
:108A700001F0C8BA10BD2046BDE8104004F0F2BABB
:108A800038B504460D4601F09DFD022805D0294663
:108A90002046BDE8384005F091B801F00DFA2046B7
:108AA000294605F08BF8044601F0ACFA0CB12046DB
:108AB00038BD02F08DFFFAE710B5044601F0FCF96D
:108AC000204604F0C7FA044601F09CFA0CB1204697
:108AD00010BD02F07DFF204610BD00BF50B110B5A3
:108AE000044601F0E9F9204604F0BCFABDE8104064
:108AF00001F088BA704700BF38B51C469DF8105089
:108B000043B3002908BF1A460123C4E90F012260BC
:108B100084F8463002F020F8D4E90F132268A260EE
:108B200001FB03F1CB1A134400200A44FF21A06388
:108B3000E36084F84410626084F8451004F110008A
:108B400003F0BEFB04F1240003F0BAFB02F00EF8C0
:108B500084F84C50204638BDF8B5074615460E46F9
:108B600069B100FB01F05030FFF7A6FF044690B357
:108B7000002200F1500380F84620036007E05020F7
:108B8000FFF79AFF044630B384F846602460C4E9D6
:108B90000F7601F0E1FFD4E90F132268A26001FB18
:108BA00003F1CB1A134400200A44FF21A063E360C1
:108BB00084F84410626084F8451004F1100003F05A
:108BC0007FFB04F1240003F07BFB01F0CFFF84F86E
:108BD0004C502046F8BD00242046F8BD2DE9F04F4A
:108BE000044685B01D460192884601F0B5FFA26B90
:108BF000E36BA84F4FF000099A424E46C0F08B80BD
:108C0000022D00F006810198002800F03081B9F1B2
:108C1000000F00F0958001F0A9FF01F04DF901F07F
:108C20009BFF94F84430FF2B08BF84F8446094F80D
:108C30004530FF2B08BF84F8456001F097FF01A97C
:108C400002A801F067FC002840F0188101F084FFC1
:108C5000A26BE36B9A4277D001F088FF01F07CFFB2
:108C600094F845304FFA83FABAF1000F1ADD636ABF
:108C7000C3B104F1240907E00AF1FF33DBB24FFA74
:108C800083FA7BB1636A6BB1484601F0E9FB0028C7
:108C9000F2D001F077FC0AF1FF33DBB24FFA83FA2E
:108CA000002BEFD1FF2384F8453001F05FFF01F086
:108CB00053FF94F844304FFA83FABAF1000F1ADDEB
:108CC0002369C3B104F1100907E00AF1FF33DBB2F5
:108CD0004FFA83FA7BB123696BB1484601F0C0FBC0
:108CE0000028F2D001F04EFC0AF1FF33DBB24FFA5C
:108CF00083FA002BEFD1FF2384F8443001F036FFD4
:108D000001F080F901F028FFA26BE36B9A424FF06B
:108D10000109BFF475AF226CA66B002A40F0FC80FD
:108D200025680136002D00F01881A663636A002BC8
:108D300040F08C8001F01AFF012005B0BDE8F08FF3
:108D400002A801F0DBFB66E704F1100901F00EFF59
:108D50004846019901F008FB01F0FEFE94F845A099
:108D60004FFA8AFABAF1000F1CDD636AD3B104F13D
:108D7000240B08E00AF1FF3A5FFA8AF34FFA83FA0C
:108D800083B1636A73B1584601F06AFB0028F1D0E1
:108D90000AF1FF3A01F0F6FB5FFA8AF34FFA83FA21
:108DA000002BEED1FF2384F8453001F0DFFE01F007
:108DB000D3FE94F844304FFA83FABAF1000F06DC80
:108DC00015E00AF1FF33DBB24FFA83FA7BB1236976
:108DD0006BB1484601F044FB0028F2D001F0D2FB11
:108DE0000AF1FF33DBB24FFA83FA002BEFD1FF23F6
:108DF00084F8443001F0BAFE01F004F9002881D172
:108E00004FF080537B6040BFBFF34F8FBFF36F8F36
:108E100078E7226CA66B002A82D04146E06804F015
:108E20008FF9236CE26821685B421A448A42E2604F
:108E300080F0898062681344E360022D00F0838033
:108E40000136A663636A002B3FF474AF04F124007B
:108E500001F006FB00283FF46DAF0E4B4FF080523F
:108E60005A6040BFBFF34F8FBFF36F8F62E7009030
:108E700001F07CFE009805B0BDE8F08F01F06CFEBB
:108E800094F845506DB2002D18DD636AB3B104F15A
:108E9000240607E000ED00E0013DEBB25DB26BB1EE
:108EA000636A5BB1304601F0DBFA0028F4D0013D83
:108EB00001F068FBEBB25DB2002BF1D1FF2384F827
:108EC000453001F053FE01F047FE94F844506DB276
:108ED000002D16DD2369A3B104F1100605E0013D64
:108EE000EBB25DB26BB123695BB1304601F0B8FA09
:108EF0000028F4D0013D01F045FBEBB25DB2002B40
:108F0000F1D1FF2384F8443001F030FE01F07AF80B
:108F1000002005B0BDE8F08F41465DBBA06804F0BD
:108F20000FF9A368216C62680B44934206F10106B5
:108F3000A360FFF4FAAEA663636A2268A260002B06
:108F40003FF4F8AE82E7002E7FF4EFAE0123A36377
:108F5000636A002B3FF4EEAE78E7606801F084FBB3
:108F6000A663636A6560002B7FF470AF00287FF40E
:108F700074AFDFE6E06804F0E3F8236CE268216890
:108F80005B421A448A42E260BFF457AF52E700BF27
:108F9000F8B50C4679B300250123216081F84630ED
:108FA000C1E90F35064601F0D7FDD4E90F3221683B
:108FB000A56303FB02F39A1A0A440B44FF27C4E992
:108FC0000131E26084F8447004F1100084F84570C7
:108FD00003F076F904F1240003F072F901F0C6FD04
:108FE000C4E90055E56084F84C602B462A462946C2
:108FF0002046FFF7F3FD2046F8BD00BF2DE9F04104
:109000008C4682B004461746EFF31186402282F365
:109010001188806BE26B904221D3022B05D0002097
:1090200086F3118802B0BDE8F08194F84550226CB7
:10903000D4F838806DB252BB236808F10108002BC8
:109040004FD06B1CC4F8388037D001356DB284F82E
:109050004550012086F3118802B0BDE8F08194F8F4
:109060004550226CD4F838806DB2002AE4D073B930
:10907000A06804F065F8A368216C62680B44934211
:1090800008F10108A360DCD32368A360D9E7614637
:10909000E068019304F054F8206CE2682168019BB9
:1090A000404202448A42E26002D262681044E060B8
:1090B000022B10D008F10108C3E7636A002BC8D067
:1090C00004F1240001F0CCF90028C2D0002FC0D058
:1090D00001203860A4E7B8F1000F08BF4FF0010885
:1090E000AFE76068019301F0BFFA019B6360A8E7F6
:1090F00038B5EFF31184402383F31188826BC36B7F
:1091000093420ED990F8453001325BB282635A1C0B
:109110000BD001335BB280F84530012084F3118815
:1091200038BD002084F3118838BD436A002BF4D089
:1091300024300D4601F094F90028EED0002DECD03B
:1091400001202860EAE700BF2DE9F047044684B01B
:109150008846019201F000FDD4F83890B9F1000F73
:1091600040F09380019B002B00F00A8102A801F0DF
:10917000C5F9B34F4E4604F1240501F0F7FC00F0A9
:109180009BFE01F0E9FC94F84430FF2B08BF84F803
:10919000446094F84530FF2B08BF84F8456001F027
:1091A000E5FC01A902A801F0B5F9002840F087808C
:1091B00001F0D2FCA36B002B40F0E88001F0D6FC5C
:1091C0000199284601F0D0F801F0C6FC94F845302A
:1091D0004FFA83F9B9F1000F06DC15E009F1FF330E
:1091E000DBB24FFA83F97BB1636A6BB1284601F0B9
:1091F00037F90028F2D001F0C5F909F1FF33DBB2ED
:109200004FFA83F9002BEFD1FF2384F8453001F0AA
:10921000ADFC01F0A1FC94F844304FFA83FABAF1A6
:10922000000F1ADD2369C3B104F1100907E00AF148
:10923000FF33DBB24FFA83FA7BB123696BB1484647
:1092400001F00EF90028F2D001F09CF90AF1FF3389
:10925000DBB24FFA83FA002BEFD1FF2384F84430BE
:1092600001F084FC00F0CEFE00287ED14FF0805348
:109270007B6040BFBFF34F8FBFF36F8F01F06CFC7B
:10928000D4F83890B9F1000F76D0226C52B1E16871
:10929000636811449942E16024BF2168E16040465F
:1092A00003F04EFF09F1FF33A3632369002B40F065
:1092B000C98001F05BFC012004B0BDE8F08701F03B
:1092C0004BFC94F845304FFA83F9B9F1000F06DCF6
:1092D00015E009F1FF33DBB24FFA83F97BB1636A22
:1092E0006BB1284601F0BCF80028F2D001F04AF931
:1092F00009F1FF33DBB24FFA83F9002BEFD1FF23E3
:1093000084F8453001F032FC01F026FC94F844303A
:109310004FFA83FABAF1000F1ADD2369C3B104F1E1
:10932000100907E00AF1FF33DBB24FFA83FA7BB191
:1093300023696BB1484601F093F80028F2D001F0A0
:1093400021F90AF1FF33DBB24FFA83FA002BEFD198
:10935000FF2384F8443001F009FC00F053FE01F0D3
:10936000FBFBA36B63B101F001FC01F0F5FBD4F84A
:109370003890B9F1000F88D1019B002B7FF4FDAE2E
:1093800001F0F4FB002004B0BDE8F08701F0EEFB33
:1093900001F0E2FB94F845304FFA83F9B9F1000F80
:1093A00006DC15E009F1FF33DBB24FFA83F97BB13C
:1093B000636A6BB1284601F053F80028F2D001F03F
:1093C000E1F809F1FF33DBB24FFA83F9002BEFD15B
:1093D000FF2384F8453001F0C9FB01F0BDFB94F890
:1093E00044304FFA83FABAF1000F1ADD2369C3B192
:1093F00004F1100907E00AF1FF33DBB24FFA83FAF8
:109400007BB123696BB1484601F02AF80028F2D0FD
:1094100001F0B8F80AF1FF33DBB24FFA83FA002B00
:10942000EFD1FF2384F8443001F0A0FB00F0EAFD07
:1094300001F092FBD4F83890B9F1000F9CD024E7EA
:1094400000ED00E004F1100001F00AF800283FF4FC
:1094500030AF054B4FF080525A6040BFBFF34F8F83
:10946000BFF36F8F25E700BF00ED00E02DE9F0436B
:10947000044685B00026019101F06EFBA36BB24F4C
:10948000B0463546002B40F0F380019B002B00F0E6
:109490005D81B8F1000F00F0FC8001F067FB00F087
:1094A0000BFD01F059FB94F84430FF2B08BF84F802
:1094B000445094F84530FF2B08BF84F8455001F024
:1094C00055FB01A902A801F025F800286CD101F094
:1094D00043FBA36B002B40F0E08001F047FB2368C7
:1094E000002B00F03C8104F124094846019900F06A
:1094F0003BFF01F031FB94F845304FFA83F8B8F1A7
:10950000000F06DC15E008F1FF33DBB24FFA83F8F9
:109510007BB1636A6BB1484600F0A2FF0028F2D02D
:1095200001F030F808F1FF33DBB24FFA83F8002B7B
:10953000EFD1FF2384F8453001F018FB01F00CFB5C
:1095400094F844304FFA83F8B8F1000F1ADD23691C
:10955000C3B104F1100907E008F1FF33DBB24FFAA1
:1095600083F87BB123696BB1484600F079FF00288E
:10957000F2D001F007F808F1FF33DBB24FFA83F8BD
:10958000002BEFD1FF2384F8443001F0EFFA00F014
:1095900039FD002864D14FF080537B6040BFBFF39A
:1095A0004F8FBFF36F8F5BE001F0D6FA94F8453030
:1095B0004FFA83F8B8F1000F1ADD636AC3B104F102
:1095C000240907E008F1FF33DBB24FFA83F87BB1DF
:1095D000636A6BB1484600F043FF0028F2D000F008
:1095E000D1FF08F1FF33DBB24FFA83F8002BEFD144
:1095F000FF2384F8453001F0B9FA01F0ADFA94F890
:1096000044304FFA83F8B8F1000F1ADD2369C3B173
:1096100004F1100907E008F1FF33DBB24FFA83F8D9
:109620007BB123696BB1484600F01AFF0028F2D0E5
:1096300000F0A8FF08F1FF33DBB24FFA83F8002BEC
:10964000EFD1FF2384F8443001F090FA00F0DAFC07
:1096500001F082FAA36B002B00F08A8001F086FAF9
:1096600001F07AFAA36B4FF00108002B3FF40DAF25
:109670002268013BA363002A00F09E802369002B2F
:1096800040F0898001F072FA0126304605B0BDE84D
:10969000F08302A800F032FFFFE601F067FA01F064
:1096A0005BFA94F845304FFA83F8B8F1000F1ADDF1
:1096B000636AC3B104F1240907E008F1FF33DBB2A8
:1096C0004FFA83F87BB1636A6BB1484600F0C8FE7D
:1096D0000028F2D000F056FF08F1FF33DBB24FFA5A
:1096E00083F8002BEFD1FF2384F8453001F03EFAD8
:1096F00001F032FA94F844304FFA83F8B8F1000FD1
:109700001ADD2369C3B104F1100907E008F1FF3342
:10971000DBB24FFA83F87BB123696BB1484600F0A6
:109720009FFE0028F2D000F02DFF08F1FF33DBB2DE
:109730004FFA83F8002BEFD1FF2384F8443001F077
:1097400015FA00F05FFC8BE700ED00E0009301F0FC
:109750000DFA009B1E46304605B0BDE8F08301F0CF
:10976000FBF9606800F03EFF064601F0FFF9BAE63B
:1097700001F0FCF9002E88D001F0EEF9616A19B110
:10978000236B1968C1F10501606800F099FF00269C
:1097900001F0ECF979E704F1100000F061FE002817
:1097A0003FF470AF064B4FF080525A6040BFBFF39A
:1097B0004F8FBFF36F8F65E700F0B8FF60605DE724
:1097C00000ED00E010B5044601F0C6F9A46B01F00D
:1097D000CDF9204610BD00BF104B5A68904208D00A
:1097E000DA68904208BF012204D090F8463093B165
:1097F00070470022002110B403EBC20443F832107A
:1098000090F84630616013B15DF8044B70475DF825
:10981000044BFFF763B9FFF761B900BFCC9C002090
:10982000074B1A681AB19A6802B17047012210B446
:1098300003EBC20443F8321060605DF8044B7047DC
:10984000CC9C002070B505460C46164601F084F904
:1098500095F84430FF2B04BF002385F8443095F879
:109860004530FF2B04BF002385F8453001F07EF919
:10987000AB6B2BB93246214605F1240000F0B0FD58
:1098800001F06AF995F8454064B2002C16DD6B6A68
:10989000A3B105F1240605E0013CE3B25CB26BB173
:1098A0006B6A5BB1304600F0DBFD0028F4D0013C70
:1098B00000F068FEE3B25CB2002BF1D1FF2385F823
:1098C000453001F053F901F047F995F8444064B28E
:1098D000002C16DD2B69A3B105F1100605E0013C53
:1098E000E3B25CB26BB12B695BB1304600F0B8FDFE
:1098F0000028F4D0013C00F045FEE3B25CB2002B3E
:10990000F1D1FF2385F84430BDE8704001F02EB955
:109910002DE9F041044601F01FF9344A344D136833
:10992000013313602B68002B2FD0324EE36A32686C
:109930002AB33148314907680A689F4238BF03603B
:109940002F48013203EB83030A6000EB8300E263DC
:10995000211D02F0C5FC01F009F933686BB12A68DA
:10996000E36AD26A9A4208D2264B4FF080525A607C
:1099700040BFBFF34F8FBFF36F8FBDE8F0812A6800
:10998000D26A9A4298BF2C60D3E72C601368012BEF
:1099900002D0E36A174ECCE71948DFF894801A4FDB
:1099A000144E02F08DFC194802F08AFC184802F0AF
:1099B00087FC184802F084FC174802F081FC4046FE
:1099C00002F07EFC384602F07BFC144802F078FC82
:1099D000134802F075FC134802F072FC124B134A54
:1099E000C2F800801F60E36AA3E700BF9C920020DA
:1099F0002C920020FC920020B0920020AC9200201B
:109A00003892002000ED00E0C89200204C92002027
:109A1000609200207492002088920020E89200203A
:109A200014930020009300203492002030920020F4
:109A3000B49200202DE9F843DDE90964002C60D0E0
:109A400016B93046BDE8F8830D46970098460223C4
:109A50003A4684F85130814626633046A52103F00A
:109A600093FB2A78236B84F83420043F2A781F4420
:109A700027F0070702B36B7884F835306B78DBB1D9
:109A8000AB7884F83630AB78B3B1EB7884F8373004
:109A9000EB788BB12B7984F838302B7963B16B7903
:109AA00084F839306B793BB1AB7984F83A30AB79D3
:109AB00013B1EB7984F83B30089D042D28BF0425B1
:109AC0000026E5626564201D84F83B60A66402F010
:109AD00003FCC5F1050504F1180002F0FDFBE66486
:109AE00042464946A561246184F850606462384664
:109AF00000F0F6FF20602046FFF70AFF2046BDE891
:109B0000F8832046BDE8F8832DE9F04796008046AB
:109B100030460D469946099FFEF7CEFF002869D0D2
:109B200082465420FEF7C8FF044600285BD000237D
:109B3000C0F830A03246504684F85130A52103F0D9
:109B400023FB2A78236B84F83420043E2A781E44B1
:109B500026F0070A02B36B7884F835306B78DBB1F6
:109B6000AB7884F83630AB78B3B1EB7884F8373023
:109B7000EB788BB12B7984F838302B7963B16B7922
:109B800084F839306B793BB1AB7984F83A30AB79F2
:109B900013B1EB7984F83B30089D042D28BF0425D0
:109BA0000026E5626564201D84F83B60A66402F02F
:109BB00093FBC5F1050504F1180002F08DFBE66486
:109BC000A561246184F8506064624A46414650466B
:109BD00000F086FF206007B13C602046FFF798FE4A
:109BE0000120BDE8F0875046FEF778FF4FF0FF30C8
:109BF000BDE8F0874FF0FF30F3E700BF70B50446D3
:109C00004C4E00F0A9FF002C39D0251D284602F04B
:109C100091FBA36A1BB104F1180002F08BFB2946EB
:109C20004548464D02F05CFB94F85030012B04BFD0
:109C3000002384F8503000F099FF2B6893B9336803
:109C4000A34200D070BD2B68DBB93B493C4A096890
:109C50001268914226D03B4B1B682BB33A4B012232
:109C60001A6070BD00F078FF384B1A68126892B91C
:109C7000374B4FF0FF321A6000F078FFDFE73468AF
:109C8000C3E7344B4FF080525A6040BFBFF34F8F51
:109C9000BFF36F8F70BD1A682D4BD268D2685268BF
:109CA0001A60E9E7336070BD274A13603268336891
:109CB00012681B6B9A4236D9274C284922689300B8
:109CC000981880000858E0B9551EAB00581980005C
:109CD000085830BB951EAB0058198000085800BBCF
:109CE000D51EAB00581980000858D0B9151FAB001D
:109CF000581980000858A0B9053A930098188000B8
:109D0000085813449B00CD180833686840686860A1
:109D10000B44984204BF40686860C36833602260A7
:109D200070BD2A46EDE730683168343101F04EFEEF
:109D3000C2E700BF2C92002000930020FC9200207C
:109D40009C920020A89200202C93002030920020AA
:109D5000E092002000ED00E0B09200203892002058
:109D600080B170B51B4D2B6883420AD0044600F0C9
:109D7000F3FE194B62699A4205D0BDE8704000F0CD
:109D8000F5BE70BD7047A36A144A9342F5D0002B0C
:109D9000F3D1261D304602F0CDFA114AE36A11686C
:109DA00010488B4288BF136003EB830300EB8300F2
:109DB000314602F095FA2B68E26ADB6A9A42DCD3FC
:109DC000094B4FF080525A6040BFBFF34F8FBFF333
:109DD0006F8FD2E72C92002000930020E8920020A1
:109DE000B09200203892002000ED00E070B584B001
:109DF000002503AA02A901A8CDE9015501F0EAFD59
:109E0000019C002C46D00298002843D0039E20637A
:109E10000223B600A521324684F8513003F0B4F98C
:109E2000236B1F4A6263201D84F83850043E84F877
:109E30003B50E562C4E911551E4402F04DFA04F1AD
:109E4000180002F049FA26F007060523A3612A4606
:109E50001449E56430462461646284F8505000F08F
:109E60003FFE20602046FFF753FD0F4B1C6000F0C3
:109E7000DBFD012811D1402383F311880B490C4AE3
:109E80000C4B4FF0FF340C6010601D6000F03EFE84
:109E900004B070BD044B00221A6004B070BD00BF56
:109EA00049444C4595A10300DC920020E09200203B
:109EB000FC92002028930020024A136801331360AB
:109EC000704700BFA8920020014B1868704700BF80
:109ED00028930020024A136818441060704700BF9E
:109EE000289300202DE9F04F3B4B1B6883B0002BDB
:109EF00042D13A4B1F6801371F60002F4AD0384BC0
:109F000001931B68BB423BD8364EDFF8EC80DFF88C
:109F1000ECA0DFF8EC90002525E03368DB68DC6816
:109F2000636804F1040B9F42584651D302F002FAD1
:109F3000A36A04F118000BB102F0FCF9E36AD8F847
:109F4000002003EB8300934259460AEB800088BF50
:109F5000C8F8003002F0C4F9D9F80030E26ADB6AD0
:109F60009A4228BF012533681B68002BD5D1019A7E
:109F70004FF0FF33136004E01B4A13680133136092
:109F800000251A4B1B68002B0CBF2846012003B08C
:109F9000BDE8F08F134E164B3168164A18683060D2
:109FA000196013680133136033681B683BB90C4BAD
:109FB00001931A464FF0FF3313601346A1E733684D
:109FC000074ADB680192DB685B681360134698E719
:109FD000019A1360D5E700BFA892002028930020C3
:109FE000E092002030920020A49200202C930020C8
:109FF00034920020E4920020B09200203892002099
:10A000002C9200202DE9F04700F0A6FD354B1A6890
:10A01000013A1A601C68002C57D1334B1B68002B87
:10A0200053D0DFF8E0A0314E314FDFF8DC90DFF89D
:10A03000DC80336813B3F368DC68251D04F1180075
:10A0400002F078F9284602F075F9E36A3A6803EB02
:10A0500083009342294609EB800088BF3B6002F0F1
:10A060003FF9D8F80030E26ADB6A9A424FF0010308
:10A07000DFD3CAF800303368002BDCD13CB11D4B74
:10A080001A6812683ABB1C4B4FF0FF321A601B4D26
:10A090002C6844B10126FFF725FF08B1CAF800601B
:10A0A000013CF8D12C60DAF8003073B1144B4FF05A
:10A0B00080525A6040BFBFF34F8FBFF36F8F0124B0
:10A0C00000F054FD2046BDE8F087002400F04EFD6E
:10A0D0002046BDE8F0871A68074BD268D2685268FC
:10A0E0001A60D4E7A89200209C920020E8920020F9
:10A0F000B092002030920020E0920020A492002034
:10A1000000ED00E02C930020389200202C920020DB
:10A1100070B548B9184B4FF080525A6040BFBFF33A
:10A120004F8FBFF36F8F70BD144A15491368154EDA
:10A13000013313600D6804463068043002F0FAF809
:10A14000336864195C600FD20F4B186831680431B2
:10A1500002F0D6F80D4B1A68944238BF1C60FFF726
:10A1600051FF0028D6D070BD094B18683168043102
:10A1700002F0C6F8F3E700BF00ED00E0A89200206F
:10A18000289300202C92002030920020E0920020A2
:10A19000349200202DE9F84F3C4E3D4D3D4CDFF808
:10A1A0000891DFF80881DFF808B14FF0805A236882
:10A1B000D3B100F0D1FCF368DF68381D02F0BAF8C3
:10A1C0002B68013B2B602368013B236000F0CEFC31
:10A1D00097F85130002B37D0012BE8D13846FEF7E5
:10A1E0007DFC2368002BE4D12B4B1B68012B06D987
:10A1F000CBF804A040BFBFF34F8FBFF36F8F00F0C9
:10A2000041FED9F8003033BBD8F80030DB6A002BB0
:10A21000CDD1214B1B68012BC9D8204B204A1B688C
:10A2200012689B1A012BC2D91E4A136801331360AE
:10A23000D9F80030BBB1D8F80030DB6A0BB9164B47
:10A240001B68FFF7DFFEB2E7386BFEF747FC3846C6
:10A25000FEF744FCABE7D8F80030DB6A002BA6D150
:10A260000D4B1B68A3E7D8F80030DB6A002BE8D160
:10A27000094B1B68012BE4D8084B1868084B1B6876
:10A28000C01A0128DDD900F0DDFCDAE714930020C4
:10A290009C920020A092002038920020E0920020A2
:10A2A00028930020A8920020B09200202C92002039
:10A2B00000ED00E0274B1B68002B40D1264A70B50B
:10A2C000264C13602268236812681B6B9A423AD9A5
:10A2D000234D24492A689300981880000858E0B953
:10A2E000561EB30098198000085830BB961EB30064
:10A2F00098198000085800BBD61EB300981980003A
:10A300000858D0B9161FB300981980000858A0B992
:10A31000053A930098188000085813449B00CE1803
:10A3200008337068406870600B44984204BF40680E
:10A330007060C36823602A6070BD3246EDE7064B4B
:10A3400001221A60704720682168343101F03EFB19
:10A35000BEE700BFA89200202C9300202C92002082
:10A36000B09200203892002070B5174D2B680C4633
:10A3700003F1180101F0C4FF144B1E682868043073
:10A3800001F0D8FF631C17D02B68A4195C600BD2B6
:10A390000F4B18682968043101F0B2FF0D4B1A68A1
:10A3A000944238BF1C6070BD0B4B18682968BDE82B
:10A3B0007040043101F0A4BF296808480431BDE8A9
:10A3C000704001F08DBF00BF2C9200202893002028
:10A3D00030920020E0920020349200200093002070
:10A3E00070B5194D2B680C46164603F1180101F0A3
:10A3F00077FF164B5EB11B682868043001F09AFFA6
:10A40000296813480431BDE8704001F069BF1E6837
:10A410002868043001F08EFF2B68A4195C600BD211
:10A420000C4B18682968043101F06AFF0A4B1A685E
:10A43000944238BF1C6070BD084B18682968BDE89D
:10A440007040043101F05CBF2C9200202893002062
:10A450000093002030920020E092002034920020EF
:10A4600038B5C368DC6804F11805284601F062FFBE
:10A470001A4B1B682BBB251D284601F05BFF184AB1
:10A48000E36A116817488B4288BF136003EB8303AC
:10A49000294600EB830001F023FF134BE26A1B689F
:10A4A000DB6A9A4282BF114B01201860104B1A6878
:10A4B000126898BF00204AB90E4B4FF0FF321A6065
:10A4C00038BD29460C4801F00BFFE6E71A68094B36
:10A4D000D268D26852681A6038BD00BFA8920020C6
:10A4E000B0920020389200202C9200202C93002063
:10A4F00030920020E0920020E8920020034A044BB2
:10A5000012681B68C0E90023704700BFE492002076
:10A5100028930020F8B50D46044600F01DFB2B687B
:10A520001649581C0A6813D0DFF854C0D4E90060FB
:10A53000DCF80070BE4201D090421AD9121A934240
:10A540000BD800232B60012500F010FB2846F8BD36
:10A55000002500F00BFB2846F8BDDCF800009B1A34
:10A560000A682B60C4E90002002500F0FFFA2846C3
:10A57000F8BD012500F0FAFA2846F8BD289300201E
:10A58000E4920020014B01221A6070472C930020B6
:10A59000084B186860B9084B1B6853B9074A084B49
:10A5A00010681B68013B984214BF012002207047CD
:10A5B00000207047E89200202C9300200093002098
:10A5C0009C920020054B1B6833B1054B1B68002B88
:10A5D0000CBF02200020704701207047FC92002031
:10A5E000A892002018B3F8B51C4CC36A2268D26A3E
:10A5F000934214D28269002A04DB2268D26AC2F133
:10A6000005028261164D426903EB830305EB830368
:10A610009A420DD02368DB6AC3620120F8BD23682B
:10A62000406CDB6A98422CBF00200120F8BD7047C7
:10A63000061D0746304601F07DFE2268094BD06AB0
:10A640001A68F862904200D9186000EB800005EBB0
:10A650008000314601F044FE0120F8BD2C9200201C
:10A6600038920020B092002050B138B5C16A836C96
:10A67000426C013B9142836400D01BB1002038BD85
:10A6800000207047051D0446284601F053FE0A4A83
:10A69000636C1168E362C3F105008B42A061074857
:10A6A00088BF136003EB830300EB8300294601F0AE
:10A6B00017FE012038BD00BFB09200203892002064
:10A6C00048B1426CC36A914238BF11468B4202D0F6
:10A6D000826C012A00D07047826970B5114DC16249
:10A6E000002A03EB83034269A8BFC1F1050105EB12
:10A6F0008303A8BF81619A4200D070BD061D044645
:10A70000304601F017FE084BE06A1A68904288BF95
:10A71000186000EB800005EB80003146BDE870401A
:10A7200001F0DEBD38920020B0920020044B1A6880
:10A730001AB119688A6C01328A641868704700BFC0
:10A740002C9200202DE9F04FAD4EDFF8C482AD4DC4
:10A7500089B033681C68002C00F08E80DB681C68B0
:10A76000FFF7AAFBFFF7B0FBD8F800309842074686
:10A770005DD38442C8F8000040F20B810022E11B47
:10A780002868FFF75FF8FFF73DFC88B99E4A4FF055
:10A790008053536040BFBFF34F8FBFF36F8F07E00D
:10A7A000019B039920469847009B002B80F238813B
:10A7B000286800226946FEF7C7FC0028C9D0009B24
:10A7C000029C002BECDB636913B1201D01F0B2FD8C
:10A7D000FFF77AFBD8F800309842814643D3009BBC
:10A7E000C8F80090092BE3D8012202FA03F313F40E
:10A7F000047F69D113F0C70F40F0A1809B06D7D525
:10A8000094F82C30002BD3D12046FEF767F9CFE720
:10A81000DB68DC68D3F800A004F10409484601F0C5
:10A8200089FD636A20469847E369012B36D0336877
:10A830001A68002AECD17549C8F800700A683260BD
:10A840000B60FFF7DFFBB3E7DB68DF68D3F800B02E
:10A8500007F1040A504601F06DFD7B6A38469847BF
:10A86000FB69012B25D033681A68002AECD16749AF
:10A870000A6832600B60B2E7FFF71EFBFFF724FBAC
:10A88000D8F8003083420746D1D8604BC8F8007032
:10A890001B681A68B2FA82F2520970E7A36953443E
:10A8A0009A45494622D263602461306801F028FD50
:10A8B000BDE7BB695B449B45514627D27B603F6146
:10A8C000306801F01DFDCEE7019B246103EB090216
:10A8D0004A45A36162602CD8002B3FF469AF4B4B13
:10A8E000211D186801F00CFD286862E72B68002B19
:10A8F0009DD00023CDE9043A0694FFF763FE0023C0
:10A900001A4604A92868FEF769F990E72B68002B1E
:10A91000A9D00023CDE9043B0697FFF753FE00239F
:10A920001A4604A92868FEF759F99CE74B4500D957
:10A9300098B13068211D01F0E3FC286839E7019BDC
:10A94000A269246199182CBF01200020494561604B
:10A95000ECD8A9EB03039A42C1D8636A2046984712
:10A96000E369012B7FF424AF019BA269286813449B
:10A9700000283FF41EAF0022CDE904230694FFF720
:10A9800021FE00231A4604A92868FEF727F9286843
:10A990000FE7FFF737FB3368DB68D3F80C9009F15A
:10A9A000040A504601F0C6FCD9F81C30012B04D033
:10A9B000D9F8243048469847FAE6D9F81830C9F84B
:10A9C0001090E218BA42C9F8042004D95146306800
:10A9D00001F096FCECE73F1BBB421BD82B68002B19
:10A9E000E6D00023CDE90434CDF81890FFF7EAFD56
:10A9F00000231A4604A92868FEF7F0F8D8E700BF3C
:10AA000030930020B495002000ED00E03493002046
:10AA100060950020034B5146186801F071FCC7E7B0
:10AA2000029CD0E634930020F0B5204C89B000F0B1
:10AA300093F82568FDB100F099F82068C8B10024AA
:10AA400007AA06A905A8CDE9054400F0D1FFDDE974
:10AA500005300221CDE90010079A029314491548E8
:10AA60002346FEF7E7FF144A0346001B18BF0120E8
:10AA7000136009B0F0BD114F114E384601F020FCB3
:10AA8000304601F01DFC0F4A0F4900950F4B17602F
:10AA90000E600F4A10212020FEF72EF820600028BB
:10AAA000C9D00C49FEF7BCFEC5E700BFB495002035
:10AAB0005803040045A70300B895002038950020EE
:10AAC0004C950020309300203493002064950020A2
:10AAD0003893002050030400402383F31188FEE7DD
:10AAE00030B46FF002034FF08075074C40F8045CFF
:10AAF00040F80C4C40F8081C40F8202C40F8243C4E
:10AB000030BC4438704700BFD9AA03000F4C08B5C9
:10AB1000E02384F8223000F077F80D4B0D4A002135
:10AB20001960D4F8883043F47003C4F8883053684F
:10AB300043F040435360236943F01003236100F066
:10AB40004FF9402383F31188FEE700BF00ED00E0DA
:10AB5000BC95002030EF00E0402383F31188024AC7
:10AB60001368013313607047BC950020034A1368D3
:10AB7000013B13600BB983F311887047BC9500202B
:10AB800041DF704712DF704770B51B4B00251D6019
:10AB900082B01B680193019BEFF31186402383F37E
:10ABA0001188164A164BD2F804451D601B680093A5
:10ABB000009BFFF789F9241A24F07F44012C0DD85B
:10ABC00044B1FFF78FF9054625B10E4B4FF0805287
:10ABD0005A6040BF86F3118802B070BDFFF7F2FCE7
:10ABE0000228EED1013CFFF77DF9013C631C45EAE8
:10ABF0000005F8D1E8E700BF401101400010014016
:10AC00000011014000ED00E00B4B0C4930B41F2057
:10AC10000B4DC3F8080501220224E020C3F80423E9
:10AC20002A601A60C3F8444381F811034FF40033DB
:10AC30000B6030BC704700BF0010014000E100E035
:10AC4000081001402DE9F041804684B0EFF31082F6
:10AC500072B6584CA36883B9574B58480121A1607C
:10AC6000D3F8801001402160C3F88000D3F884102D
:10AC700061604FF0FF31C3F8841002B962B6504EE4
:10AC8000D6F80475FFF784FC00283DD04D4A4E49A4
:10AC9000424528BF4246BB1823F07F4301200025D0
:10ACA000C6F80803C6F840350D600B6801934FF4F1
:10ACB00080330199C6F80433BFF34F8FB8F1000F0A
:10ACC00054D13F4B404D41494FF48030C3F8080305
:10ACD000002028602D680395039D08600968029193
:10ACE00001210298C3F80413D3F804353249DB1B61
:10ACF00023F07F45954228BF15464FF40033012DC0
:10AD0000C1F8803111D827D0A3685BB1EFF310836D
:10AD100072B6294A21681160616851600022A26000
:10AD200003B962B604B0BDE8F081681EFFF7D2F83F
:10AD3000274BDB68DA010FD5264A1368DB070BD5F2
:10AD4000254B516803FB05F5A5F57425A5F5107590
:10AD5000AD0A01EB85155560FFF7C4F80028D3D084
:10AD60001E4B4FF080525A6040BFCDE7F1EE103AD3
:10AD700023F09F03E1EE103AF1EE103A0E4B04A8D7
:10AD80004FF480614026C3F88461C3F8841100F851
:10AD9000045DFFF7F7FE9DF80C1039B920BFD3F81A
:10ADA0000001D3F804110143F8D08AE7FFF7E8FE69
:10ADB00087E700BFE09C002000E100E0FC06FFBD4B
:10ADC00000100140FDFFFF00401101400011014053
:10ADD000F0ED00E0001000E040420F0000ED00E068
:10ADE0000748006880F3088862B661B6BFF34F8FEA
:10ADF000BFF36F8F4FF0E00080F3118800DF00BFDA
:10AE000000600200064B19680868B0E8F04F80F354
:10AE10000988BFF36F8F4FF0000080F311887047EF
:10AE20002C920020EFF30980BFF36F8F144B1A6848
:10AE30001EF0100F08BF20ED108A20E9F04F1060BF
:10AE40004DF8043D4FF0400080F31188BFF34F8F61
:10AE5000BFF36F8FFFF72EFA4FF0000080F31188D9
:10AE600008BC19680868B0E8F04F1EF0100F08BF62
:10AE7000B0EC108A80F30988BFF36F8F704700BF72
:10AE80002C920020704700BF0A490B4A0B4B9B1ABB
:10AE900003DD043BC858D050FBDC094809494FF09A
:10AEA000AD32026004300439FBD100F043FCEBF713
:10AEB000CFF900004406040000600020BC630020BD
:10AEC00000F8032000080000FEE7FEE7FEE7FEE7CB
:10AED000FEE7FEE7FEE7FEE7FEE7FEE708B5002037
:10AEE000EBF7F0F9F5F7B8FC0E4B43B10E4B7BB125
:10AEF000F5F7D2FE00F05AFDFDF7BAFAF8E7F5F7DC
:10AF0000CBFE00F053FDF5F7C7FE00F04FFDF6E76E
:10AF1000F5F7C2FE00F04AFDF5F7BEFE00F046FD73
:10AF2000F6E700BF000000007184030000B583B0A5
:10AF300000F0ACFEFCF748FC0E4B019301234FF4EC
:10AF400080620D4900930D480023FEF7DDFD4FF4AC
:10AF5000407000F04BFEFEF749FFBFF34F8F0849EA
:10AF6000084BCA6802F4E0621343CB60BFF34F8F13
:10AF700000BFFDE7C095002060030400DDAE0300C4
:10AF800000ED00E00400FA05FDF74ABDFDF748BDFD
:10AF9000FDF760BDFDF75EBD084A094908B51368B5
:10AFA0001844884202D81060184608BD02F014F810
:10AFB0000C2303604FF0FF33184608BD9C6100204E
:10AFC00000F80320114B1A78EAB90178104810B440
:10AFD0000A464FF0804402F00102C1F34001C4F878
:10AFE0008015C4F878250268D20706D4E021012232
:10AFF00080F80013C0F880210260012205481A7011
:10B000005DF8044B70470448704700BFDC9C00208B
:10B0100000E100E00000AD0B0C00AD0B0268074B37
:10B020004FF0804010B400214FF46074C0F8084322
:10B03000196002B11A605DF8044B7047CC9500208E
:10B040004FF080434FF46072C3F80423704700BF91
:10B0500010B54FF0804386B0D3F80443620705D59E
:10B06000D3F8082103F58473002A4ED1A30603D533
:10B070002A4B1A68002A3FD1600603D5284B1A686C
:10B08000002A2FD1210602D5264B1A680ABBE205F9
:10B0900002D5254B1A6892B9A3050ED5234B1A6821
:10B0A0005AB100221A601A68214B0592059A1B6852
:10B0B000022006B0BDE81040184706B010BD0022BF
:10B0C0001A601B4A1B68049301201368049A98476E
:10B0D000E2E700201860164A1B6803931368039A7E
:10B0E0009847D4E700221A60124A1B680293012095
:10B0F0001368029A9847C5E7002018600D4A1B683C
:10B1000001931368019A9847B6E700221A600A4A29
:10B110001B6800931368009A9847A7E71401004042
:10B12000180100401C0100402001004024010040A3
:10B13000CC950020C8950020C49500202DE9F04F43
:10B1400004799D4DE6003719BF0005EB070E83B06B
:10B150009EF81CC0BCF1000F40F0E58091F80CC0D7
:10B160000068EA51CEF80430BCF1010F0B7840F2D0
:10B17000DE801F2B87BF03F01F08DFF840E29846F0
:10B180004FF0A04E012707FA08F7CEF808751F2BDD
:10B190008BBF03F01F071F46DFF820E24FF0A04EE1
:10B1A00007F5E0774FF001084EF827804F78FF2F22
:10B1B00000F0E9801F2F8ABF07F01F09B946DFF8AA
:10B1C000FC81009798BF4FF0A04809F5E07A4FF056
:10B1D000010E0EFA09FE4FF00309C8F80CE548F815
:10B1E0002A9091F802E0BEF1FF0F00F0D580BEF189
:10B1F0001F0F91F80EA088BFDFF8C0B1CDF804E0B2
:10B200008EBF0EF01F08F0464FF0A04B08F5E07817
:10B210004FEA8A0A4BF828A006EB040805EB8808D9
:10B2200088F820E091F803E088F81FE0BEF1FF0FF6
:10B230002AD091F80490F046B9F1000F40F08680D2
:10B24000BEF11F0F87BF0EF01F0B5C4FF3464FF090
:10B25000A0474FF0010A0AFA0BFAC7F808A5BEF199
:10B260001F0F86BF0EF01F08DFF850A14FF0A04A55
:10B2700008F5E07806EB040E4FF0030B05EB8E0E9D
:10B280004AF828B08EF81E9091F80DE0C0F8083505
:10B29000009BD1F80880C0F80C351EF1000318BFE0
:10B2A0000123019FC0F81075BCF1020FC0F824857E
:10B2B0007FD0BCF1030F79D0BCF1010F56D0C0F89C
:10B2C00054358B79C0F8C035002A58D04022072366
:10B2D000C0F80423C0F800354A79000B43B252018C
:10B2E000002BD1B2C0B25BDB5A09920002F160427E
:10B2F00003F16043012702F5614203F5614300F069
:10B300001F0007FA00F083F80013C2F880011060F4
:10B31000344405EB84052A48002201236A772B7701
:10B3200003B0BDE8F08F274803B0BDE8F08F1F2BB6
:10B3300087BF03F01F08DFF884E098464FF0A04E67
:10B34000012707FA08F7CEF80C7520E7BEF11F0FAA
:10B3500087BF0EF01F0B194FF3464FF0A0474FF079
:10B36000010A0AFA0BFAC7F80CA578E743F00203C2
:10B37000C0F854358B79C0F8C035002AA6D1072310
:10B38000C0F80035C4E791F802E04FF0FF37BEF196
:10B39000FF0F00977FF42BAF4FF0FF3701973BE78C
:10B3A000094B00F00F0003441976B1E743F00603A0
:10B3B00085E743F0040382E7D095002000030050A6
:10B3C0000000AD0B0500AD0BFCEC00E0F0B404791F
:10B3D000294A0368E1000D19AD005659EEB11F0B63
:10B3E0007EB2002E11DB760920360123DFF89CC0E7
:10B3F00007F01F0703FA07F74CF82670BFF34F8FCB
:10B40000BFF36F8F555903683DB1081902EB8000F7
:10B410001A4DC3F80853407F10BB081902EB800097
:10B4200090F82000FF280BD01F288ABF00F01F00D3
:10B430004FF0A045124D00F5E070022645F820605F
:10B44000104800258342C3F8005502D10E4B01205D
:10B450001860214402EB810200231377F0BC70478F
:10B4600001205861D3F804010028FBD0081902EB31
:10B47000800000254577D0E7D095002052010800D4
:10B480000003005000F0024004F0024000E100E040
:10B490002DE9F04F0479644F4FEAC40C0CEB040320
:10B4A0009B008646F8180E46417F83B0002940F085
:10B4B000918057F803909046B9F1000F04D012F034
:10B4C000140F04BF012343770CEB040507EB85053C
:10B4D00096E80F0095F81FA005F10C0BBAF1FF0FCD
:10B4E0008BE80F0010D0AA7F5346002A76D0BAF11D
:10B4F0001F0F86BF0AF01F034C494FF0A0410122E5
:10B5000002FA03F3C1F8083532686AB102F0604309
:10B51000B3F1005F08D0644407EB8407002344487C
:10B520007B7703B0BDE8F08FB16821B101F06043D3
:10B53000B3F1005FEFD1DEF800307568F068C3F852
:10B5400044250022C3F84855C3F83415C3F838051C
:10B55000C3F81821D3F818210192019A18F00102BA
:10B5600018BF0122C3F8502518F0020218BF0122AB
:10B5700018F0080FC3F8402504BF01221A61B9F181
:10B58000000F0BD02B48402218F0040F14BFC3F853
:10B590000823C3F8042303B0BDE8F08FD3F81821C3
:10B5A000002AFBD0BAF1FF0F2CD0644407EB8407CC
:10B5B000BB7F4BB3BAF11F0F84BF0AF01F0A1B4AAF
:10B5C0001C4898BF4FF0A042012303FA0AF3C2F8C7
:10B5D0000C35A6E7184803B0BDE8F08FBAF11F0F8D
:10B5E0004FF0010288BF0AF01F0302FA03F388BF7D
:10B5F0000E49326898BF4FF0A041C1F80C35002ABF
:10B6000084D191E70B488CE7BAF11F0F84BF0AF091
:10B610001F0A064A074898BF4FF0A042012303FAC9
:10B620000AF3C2F808357CE7D095002000030050EB
:10B630000A00AD0B0000AD0B0B00AD0B194BD3F89E
:10B64000182102B970470021174AC3F81811D3F81E
:10B650001811D37F82B0FF2B019101990DD0917FFA
:10B6600099B11F2B86BF03F01F0310484FF0A04075
:10B67000012101FA03F3C0F80C350023537713724C
:10B68000D2E900310A4802B018471F2B86BF03F0E9
:10B690001F0306484FF0A040012101FA03F3C0F850
:10B6A0000835EAE700300240D09500200003005042
:10B6B000D89500201B4BD3F8182102B97047002100
:10B6C000194AC3F81811D3F8181192F8433082B010
:10B6D000FF2B019101990ED092F84210A9B11F2BB6
:10B6E00086BF03F01F0311484FF0A040012101FA6B
:10B6F00003F3C0F80C35002382F8413082F82C3077
:10B70000D2E909310A4802B018471F2B86BF03F05F
:10B710001F0306484FF0A040012101FA03F3C0F8CF
:10B720000835E8E700F00240D09500200003005003
:10B73000FC950020604B1B6830B45C1C37D05F4A1E
:10B74000082B126800F08F805B4B5C4A1B68126804
:10B75000082B15D0591C23D0584A1268082B12D038
:10B76000574AD2F8883043F47003C2F88830BFF3E8
:10B770004F8FBFF36F8F534B534A1A6030BC7047E3
:10B78000002A00F08280032AEAD84FF08043D3F8E1
:10B790000024D20744BF6FF00102C3F80024DFE7A2
:10B7A0004A4A4B4B12681B78C2F30312D6E7484A49
:10B7B000464B12781B68082AC3F3031301D1032BED
:10B7C00053D9424A424B12681B78C2F30312082B2A
:10B7D000BAD1032AB8D84FF080523E4BD2F80414A5
:10B7E000C3F82015D2F80814C3F82415D2F80C14A5
:10B7F000C3F82815D2F81014C3F82C15D2F8141475
:10B80000C3F83015D2F81814C3F83415D2F81C1444
:10B81000C3F84015D2F82014C3F84415D2F8241404
:10B82000C3F84815D2F82814C3F84C15D2F82C14D4
:10B83000C3F85015D2F83014C3F85415D2F83414A4
:10B84000C3F86015D2F83814C3F86415D2F83C1464
:10B85000C3F86815D2F84014C3F86C15D2F8442424
:10B86000C3F8702570E7032A0CD8134B1B684FF000
:10B8700080420021581CC2F80C11C2F81011C2F805
:10B8800038159ED00D4A1268A1E7134C1349144D88
:10B8900025601448144AFB24C1F818450168126851
:10B8A000124C21F00F0102F00F020A434FF4007115
:10B8B0000260216050E700BF300100103401001029
:10B8C00000ED00E0A06100200090D003E80F00F040
:10B8D000E00F00F000C000408C56004000F0004037
:10B8E00048810300E40E00405802001040960240D8
:10B8F00070B4284C284B2568284CA3FB05639B0C8F
:10B9000002FB03F254F82000254B1F28A3FB023250
:10B910004FEA920234D80123002903FA00F114BF40
:10B92000084600204FF0A04401E0013A25D0D4F8A9
:10B9300010350B408342F8D001E0013A1DD0D4F815
:10B9400010350B408342F8D1002002E001308242E2
:10B9500013D0D4F810650E40B342F7D070B1114A3D
:10B9600043F2C823A2FB052503FB00F0AD0900F557
:10B970007A50B0FBF5F070BC7047002070BC704787
:10B9800020380123002903FA00F114BF08460020E3
:10B99000054CCCE7A061002083DE1B434C02040071
:10B9A0004FECC44ED34D62100003005008B5EAF7C7
:10B9B0008FFC054B4FF080525A6040BFBFF34F8F52
:10B9C000BFF36F8F08BD00BF00ED00E0704700BF00
:10B9D000704700BF044B036010B46423034C0C6039
:10B9E00013605DF8044B7047189600206C96002099
:10B9F000054B036010B44FF48073044C0C6013606B
:10BA00005DF8044B704700BFFC9700205098002061
:10BA100070B51F4C84B04FF0FF3203A92068FDF7CA
:10BA200093FB0028F7D00398037A4568052B0DD8BF
:10BA3000DFE803F0272A221C1503D0E90361D0E9CF
:10BA40000523C06900903046A847039803681BB1DE
:10BA50001846FCF7FFFF0398FCF7FCFFDBE7D0E993
:10BA60000523D0E90301A8470398EFE7D0E90412C2
:10BA7000C068A8470398E9E7D0E90301A8470398FD
:10BA8000E4E7A8470398E1E7C068A8470398DDE723
:10BA9000549C00202DE9F0432D4B2E4C5B6885B063
:10BAA000C3F30803019001AF2068002B44D00023AA
:10BAB00039461A46FDF7A2FA01283AD0DFF89880F5
:10BAC000D8F80000002240000421FDF745F80646A2
:10BAD00078B3DFF88890D9F80000FEF78FF8FFF709
:10BAE0003BF802E03046FDF779F8002203A9206810
:10BAF000FDF72AFB00230546642203A90028F1D1A3
:10BB00002068FDF769FE2660FFF730F8D9F80000DD
:10BB1000FEF726F9D8F800300D4A20685B00C8F817
:10BB200000305368C3F30803394653B96422FDF764
:10BB300055F805B0BDE8F08339466422FDF74EF8AC
:10BB4000BAE72B462A46FDF759FA05B0BDE8F0835F
:10BB500000ED00E0549C0020509C0020589C0020E8
:10BB60002DE9F8439DF8205006460F469146984629
:10BB7000CDB1A8000C30FCF753FF044688B1002378
:10BB8000C0F804900572036006B177B92DB1AA0020
:10BB9000414604F10C0001F0D3FA2046FFF77AFF8A
:10BBA0000120BDE8F8831020E5E73846FCF738FFB0
:10BBB00081462060A0B13A46314601F0C1FA002D1D
:10BBC000EBD0691EC9B208EB8101A8F1040353F858
:10BBD000042FB24208BFC3F800909942F7D1D6E7CC
:10BBE0002046FCF737FF4846DBE700BF30B540236F
:10BBF0000B4D83B004460022184604212B60FCF74D
:10BC0000ABFF084B084918600223CDE90031A2B20E
:10BC1000002306490648FDF777FF03B030BD00BF9B
:10BC2000509C0020549C0020589C00206803040075
:10BC300011BA03004CDF704711DF704712DF704705
:10BC400008B50446FFF7F8FF0D4B4FF080414FF069
:10BC5000FF32C3F88020C3F88021C3F88420C3F8E2
:10BC60008421C1F81C45BFF34F8F0649064BCA68B3
:10BC700002F4E0621343CB60BFF34F8F00BFFDE7D8
:10BC800000E100E000ED00E00400FA054FF0804321
:10BC9000194AD3F80014194830B41160D3F800548D
:10BCA000D3F80024164C17492A43C3F80024D4F8CB
:10BCB0004025026001224FF40030C3F818259A6035
:10BCC000C1F88000BFF34F8FBFF36F8F0E4C03F5A9
:10BCD00088334FF0A0454FF480304FF0FF31C3F868
:10BCE0004803C3F808035A609A60C5F80815C4F8F9
:10BCF000081530BC704700BF5C9C0020609C002091
:10BD000000A0004000E100E00003005008B557200B
:10BD1000FFF796FF08B54E20FFF792FF00B583B0FE
:10BD20000DF10300FFF78AFF9DF80320BAB9114B0C
:10BD30000121C3F800211A461960D2F80031002B06
:10BD4000FBD0D2F8080500EE100ABAEECF0A0121A6
:10BD500000235160C2F8003103B05DF804FB01A874
:10BD6000FFF768FF9DED010ABAEECF0A03B05DF858
:10BD700004FB00BF00C00040014B1860704700BFCB
:10BD8000A461002002381549042822D8DFE800F019
:10BD9000090F151B0300124B0120022208601A60D4
:10BDA00070470F4B0020012208601A6070470C4B4F
:10BDB0000020022208601A607047094B002003220D
:10BDC00008601A607047064B0020042208601A6061
:10BDD0007047034A00230B60136070476C9C00207F
:10BDE000689C00202F2819D8F0B4614B53F82030FC
:10BDF000023B82B01D2B00F2B980DFE803F011A4F2
:10BE0000A6A8B7B7B7B7B7B7B7B7B7B7B7B7B7B7E2
:10BE1000B7B7B7B7B7B7B7B7AAACAEB000207047DF
:10BE20000127544B1C680023082CADF8063040F362
:10BE300098800A2C40F397800D2CB5BF0C250E2559
:10BE4000022303234C494D4AC1F8F0350126002353
:10BE5000DFF834C14A48C1F80065C1F81435C1F8AB
:10BE60001035C2F81435C2F81035C2F82435C2F8BE
:10BE70002035C2F83435C2F83035C2F84435C2F83E
:10BE80004035C2F85435C2F85035C2F86435C2F8AE
:10BE90006035C2F87435C2F870353A4ADCF80030C3
:10BEA00000681268DFF8E4C01B02000300F4805051
:10BEB00003F4E0631204034302F4E0229CF8000060
:10BEC000134343EA00630DF10602C1F81835084632
:10BED000C1F81475C1F81075C1F82C26C1F8306688
:10BEE0000E60D0F80031002BFBD000210123224A44
:10BEF000C0F800114360D2F80431002BFBD00020C1
:10BF000001231D49C2F804019360D1F81431002BBC
:10BF1000FBD00023C1F81431BDF80620120448BF3D
:10BF2000ADF80630144B0022C3F80025BDF806001A
:10BF3000AC4200B204D035BF2C1B641BE040A040D3
:10BF400002B0F0BC704702276BE7032769E70427BC
:10BF500067E7052765E7062763E7072761E70827FF
:10BF60005FE708256EE70A2501236BE70020E7E776
:10BF70004C020400A46100200070004010700040DA
:10BF80006C9C0020709C0020689C0020649C002019
:10BF90002F281BD83C4B53F820301F2B86BF03F0B3
:10BFA0001F033A4A4FF0A0420E290FD8DFE801F0F4
:10BFB000655F59534D474039322B241D160F080039
:10BFC00003F5E07340F2037142F82310704703F564
:10BFD000E07340F2036142F82310704703F5E07309
:10BFE00040F2035142F82310704703F5E07340F22A
:10BFF000034142F82310704703F5E07340F2033128
:10C0000042F82310704703F5E07340F2032142F831
:10C010002310704703F5E07340F2031142F8231038
:10C02000704703F5E0734FF4403142F82310704736
:10C0300003F5E0734FF4003142F82310704703F525
:10C04000E073134942F82310704703F5E073114978
:10C0500042F82310704703F5E073042142F82310DF
:10C06000704703F5E0730C2142F82310704703F585
:10C07000E073032142F82310704703F5E0730021B9
:10C0800042F82310704700BF4C0204000003005028
:10C09000040002000C0003002F2811D80A4B53F8AB
:10C0A00020301F2B88BF03F01F034FF001028CBF0D
:10C0B00006484FF0A04002FA03F311B1C0F808356A
:10C0C0007047C0F80C3570474C0204000003005064
:10C0D0002F2818D80D4B53F820201F2A8ABF0C494F
:10C0E0004FF0A04102F01F02D1F814050123934044
:10C0F000034214BFD1F80425D1F81025134214BF10
:10C100000120002070470020704700BF4C0204004F
:10C11000000300502F280DD8074B53F820201F2A6A
:10C1200086BF02F01F0205494FF0A0410123934052
:10C13000C1F80C35704700BF4C02040000030050EA
:10C1400030B401600022BFF35B8F4260BFF35B8FAE
:10C1500001688260FF254FF0FF340582C26082745F
:10C16000C1F8644530BC7047214B5B6809B90020B9
:10C17000704710B4BFF35B8F4368BFF35B8F994286
:10C1800000F1040416D0BFF35B8F4368BFF35B8FED
:10C1900083B90368D3F86025D3F86405D243002837
:10C1A000D3F868054FEAD272A8BF0132002805DB38
:10C1B000D3F86C3500205DF8044B7047D3F86C055C
:10C1C0000028F7DA002AF5D1D3F80035002BF1D199
:10C1D000BFF35B8F54E8003F002B03D144E800120B
:10C1E000002AF7D1BFF35B8F0CBF01200020E2E7EC
:10C1F00000ED00E01F4B5B6809B90020704710B4E8
:10C20000BFF35B8F4368BFF35B8F8B4200F1040485
:10C2100003D000205DF8044B70470368D3F8602515
:10C22000D3F86405D2430028D3F868054FEAD272E8
:10C23000A8BF0132002802DBD3F86C35E9E7D3F858
:10C240006C050028E5DA002AE3D1D3F80035002B8D
:10C25000DFD1BFF35B8F54E8003F8B4203D144E84A
:10C2600000200028F7D1BFF35B8F0CBF0120002016
:10C27000D0E700BF00ED00E008B509490948FFF725
:10C280005FFF09490948FFF75BFF09490948FFF7C4
:10C2900057FF09490948BDE80840FFF751BF00BFF3
:10C2A00000C00140749C002000100240889C0020C7
:10C2B000002002409C9C002000D00240B09C002046
:10C2C00000F108034FF0FF310022816002604360FB
:10C2D000C0E90333704700BF00230361704700BF0C
:10C2E0004368026810B49C688C609C684B600132A3
:10C2F000616099605DF8044B08610260704700BF9F
:10C3000030B40D686B1C11D000F1080200E01A4631
:10C3100053681C68AC42FAD904684B6001349960D8
:10C320008A6051600861046030BC704702695368DC
:10C33000F2E700BF42688168036910B491608168C8
:10C340005C684A601A68844208BF5960013A00215B
:10C3500001611A6018685DF8044B70470B4601468E
:10C36000184600F02BBE000010EE102A22F000410B
:10C37000CB0D7F3B162B1CDC002B10EE100A21DBB3
:10C38000194919410A421CD0DFED187A70EE277A5C
:10C39000F5EEC07AF1EE10FA13DD002A04DD4FF459
:10C3A000000242FA03F3184420EA010300EE103AB7
:10C3B0007047B1F1FF4F04D330EE000A70479FED94
:10C3C0000C0A7047DFED097A70EE277AF5EEC07A35
:10C3D000F1EE10FAF5DD002AF1DB0029F7EE007A24
:10C3E00018BFB0EE670A7047FFFF7F00CAF24971BD
:10C3F0000000008010EE102A22F00041CB0D7F3BA0
:10C40000162B1CDC002B10EE100A1EDB19491941FB
:10C410000A4227D0DFED187A70EE277AF5EEC07A5F
:10C42000F1EE10FA1EDD002A04DA4FF4000242FA9F
:10C4300003F3184420EA010300EE103A7047B1F10B
:10C44000FF4F0FD330EE000A7047DFED0B7A70EE2E
:10C45000277AF5EEC07AF1EE10FA03DD002A02DB4E
:10C460009FED060A70470029FFEE007A18BFB0EE74
:10C47000670A7047FFFF7F00CAF2497100000000A1
:10C4800081F0004102E000BF83F0004330B54FEA85
:10C4900041044FEA430594EA050F08BF90EA020FF2
:10C4A0001FBF54EA000C55EA020C7FEA645C7FEA85
:10C4B000655C00F0E2804FEA5454D4EB5555B8BFA8
:10C4C0006D420CDD2C4480EA020281EA030382EA19
:10C4D000000083EA010180EA020281EA0303362DAB
:10C4E00088BF30BD11F0004F4FEA01314FF4801C7E
:10C4F0004CEA113102D0404261EB410113F0004F90
:10C500004FEA03334CEA133302D0524263EB430346
:10C5100094EA050F00F0A780A4F10104D5F1200EE4
:10C520000DDB02FA0EFC22FA05F2801841F100013F
:10C5300003FA0EF2801843FA05F359410EE0A5F113
:10C5400020050EF1200E012A03FA0EFC28BF4CF044
:10C55000020C43FA05F3C01851EBE37101F00045FA
:10C5600007D54FF0000EDCF1000C7EEB00006EEB07
:10C570000101B1F5801F1BD3B1F5001F0CD3490891
:10C580005FEA30004FEA3C0C04F101044FEA4452E8
:10C5900012F5800F80F09A80BCF1004F08BF5FEA6F
:10C5A000500C50F1000041EB045141EA050130BD4F
:10C5B0005FEA4C0C404141EB010111F4801FA4F1F2
:10C5C0000104E9D191F0000F04BF01460020B1FA47
:10C5D00081F308BF2033A3F10B03B3F120020CDA7F
:10C5E0000C3208DD02F1140CC2F10C0201FA0CF05D
:10C5F00021FA02F10CE002F11402D8BFC2F1200CC2
:10C6000001FA02F120FA0CFCDCBF41EA0C01904077
:10C61000E41AA2BF01EB0451294330BD6FEA0404C0
:10C620001F3C1CDA0C340EDC04F11404C4F12002AB
:10C6300020FA04F001FA02F340EA030021FA04F3BD
:10C6400045EA030130BDC4F10C04C4F1200220FA14
:10C6500002F001FA04F340EA0300294630BD21FA52
:10C6600004F0294630BD94F0000F83F4801306BF18
:10C6700081F480110134013D4EE77FEA645C18BF0C
:10C680007FEA655C29D094EA050F08BF90EA020FA3
:10C6900005D054EA000C04BF1946104630BD91EA9B
:10C6A000030F1EBF0021002030BD5FEA545C05D19E
:10C6B0004000494128BF41F0004130BD14F58004DD
:10C6C0003CBF01F5801130BD01F0004545F0FE4151
:10C6D00041F470014FF0000030BD7FEA645C1ABF86
:10C6E000194610467FEA655C1CBF0B46024650EABD
:10C6F000013406BF52EA033591EA030F41F40021E9
:10C7000030BD00BF90F0000F04BF0021704730B56E
:10C710004FF4806404F132044FF000054FF0000143
:10C7200050E700BF90F0000F04BF0021704730B504
:10C730004FF4806404F1320410F0004548BF4042D9
:10C740004FF000013EE700BF42004FEAE2014FEA2E
:10C7500031014FEA02701FBF12F07F4393F07F4F09
:10C7600081F06051704732F07F4208BF704793F00C
:10C770007F4F04BF41F40021704730B54FF460741F
:10C7800001F0004521F000411CE700BF50EA010222
:10C7900008BF704730B54FF000050AE050EA0102CB
:10C7A00008BF704730B511F0004502D5404261EB3B
:10C7B00041014FF4806404F132045FEA915C3FF47C
:10C7C000D8AE4FF003025FEADC0C18BF03325FEA19
:10C7D000DC0C18BF033202EBDC02C2F1200300FACA
:10C7E00003FC20FA02F001FA03FE40EA0E0021FAEF
:10C7F00002F11444BDE600BF70B54FF0FF0C4CF4DD
:10C80000E06C1CEA11541DBF1CEA135594EA0C0F8E
:10C8100095EA0C0F00F0DEF82C4481EA030621EAC9
:10C820004C5123EA4C5350EA013518BF52EA033504
:10C8300041F4801143F4801338D0A0FB02CE4FF0B6
:10C840000005E1FB02E506F00042E0FB03E54FF0E6
:10C850000006E1FB03569CF0000F18BF4EF0010EDE
:10C86000A4F1FF04B6F5007F64F5407404D25FEADA
:10C870004E0E6D4146EB060642EAC62141EA55518D
:10C880004FEAC52040EA5E504FEACE2EB4F1FD0CCF
:10C8900088BFBCF5E06F1ED8BEF1004F08BF5FEA4D
:10C8A000500E50F1000041EB045170BD06F00046FF
:10C8B00046EA010140EA020081EA0301B4EB5C04AC
:10C8C000C2BFD4EB0C0541EA045170BD41F48011A4
:10C8D0004FF0000E013C00F3AB8014F1360FDEBFC9
:10C8E000002001F0004170BDC4F10004203C35DAA5
:10C8F0000C341BDC04F11404C4F1200500FA05F328
:10C9000020FA04F001FA05F240EA020001F00042C8
:10C9100021F0004110EBD37021FA04F642EB06013E
:10C920005EEA430E08BF20EAD37070BDC4F10C0468
:10C93000C4F1200500FA04F320FA05F001FA04F22C
:10C9400040EA020001F0004110EBD37041F1000118
:10C950005EEA430E08BF20EAD37070BDC4F1200523
:10C9600000FA05F24EEA020E20FA04F301FA05F28B
:10C9700043EA020321FA04F001F0004121FA04F233
:10C9800020EA020000EBD3705EEA430E08BF20EA03
:10C99000D37070BD94F0000F0FD101F0004640003D
:10C9A00041EB010111F4801F08BF013CF7D041EABF
:10C9B000060195F0000F18BF704703F000465200C3
:10C9C00043EB030313F4801F08BF013DF7D043EA94
:10C9D0000603704794EA0C0F0CEA135518BF95EA4A
:10C9E0000C0F0CD050EA410618BF52EA4306D1D1D1
:10C9F00081EA030101F000414FF0000070BD50EAF0
:10CA0000410606BF1046194652EA430619D094EA79
:10CA10000C0F02D150EA013613D195EA0C0F05D163
:10CA200052EA03361CBF104619460AD181EA0301B7
:10CA300001F0004141F0FE4141F470014FF000006F
:10CA400070BD41F0FE4141F4780170BD70B54FF00A
:10CA5000FF0C4CF4E06C1CEA11541DBF1CEA13558A
:10CA600094EA0C0F95EA0C0F00F0A7F8A4EB05046C
:10CA700081EA030E52EA03354FEA013100F0888063
:10CA80004FEA03334FF0805545EA131343EA12632C
:10CA90004FEA022245EA111545EA10654FEA0026E1
:10CAA0000EF000419D4208BF964244F1FD0404F59A
:10CAB000407402D25B084FEA3202B61A65EB0305F6
:10CAC0005B084FEA32024FF480104FF4002CB6EBB3
:10CAD000020E75EB030E22BFB61A754640EA0C0033
:10CAE0005B084FEA3202B6EB020E75EB030E22BF73
:10CAF000B61A754640EA5C005B084FEA3202B6EBB4
:10CB0000020E75EB030E22BFB61A754640EA9C0072
:10CB10005B084FEA3202B6EB020E75EB030E22BF42
:10CB2000B61A754640EADC0055EA060E18D04FEA00
:10CB3000051545EA16754FEA06164FEAC30343EAA0
:10CB400052734FEAC2025FEA1C1CC0D111F4801F6D
:10CB50000BD141EA00014FF000004FF0004CB6E766
:10CB600011F4801F04BF01430020B4F1FD0C88BF05
:10CB7000BCF5E06F3FF6AFAEB5EB030C04BFB6EB10
:10CB8000020C5FEA500C50F1000041EB045170BD03
:10CB90000EF0004E4EEA113114EB5C04C2BFD4EB30
:10CBA0000C0541EA045170BD41F480114FF0000EB4
:10CBB000013C90E645EA060E8DE60CEA135594EA30
:10CBC0000C0F08BF95EA0C0F3FF43BAF94EA0C0F33
:10CBD0000AD150EA01347FF434AF95EA0C0F7FF4A8
:10CBE00025AF104619462CE795EA0C0F06D152EAFC
:10CBF00003353FF4FDAE1046194622E750EA4106E0
:10CC000018BF52EA43067FF4C5AE50EA41047FF4F0
:10CC10000DAF52EA43057FF4EBAE12E74FEA410253
:10CC2000B2F1E04324BFB3F5001CDCF1FE5C0DD98A
:10CC300001F0004C4FEAC0024CEA5070B2F1004FD4
:10CC400040EB830008BF20F00100704711F0804FD7
:10CC500021D113F13872BCBF01F00040704741F49C
:10CC600080114FEA5252C2F11802C2F1200C10FAA0
:10CC70000CF320FA02F018BF40F001004FEAC12384
:10CC80004FEAD32303FA0CFC40EA0C0023FA02F328
:10CC90004FEA4303CCE77FEA625307D150EA0133FE
:10CCA0001EBF4FF0FE4040F44000704701F00040CE
:10CCB00040F0FE4040F40000704700BF53B94AB94D
:10CCC000002908BF00281CBF4FF0FF314FF0FF3094
:10CCD00000F072B9ADF1080C6DE904CE00F006F871
:10CCE000DDF804E0DDE9022304B070472DE9F047E8
:10CCF000089E04468846002B4BD18A42154667D9C8
:10CD0000B2FA82F24AB1C2F1200701FA02F320FA24
:10CD100007F7954047EA030894404FEA154E230C65
:10CD2000B8FBFEF71FFA85FC0EFB178843EA0843A1
:10CD300007FB0CF1994209D9EB1807F1FF3080F09D
:10CD40001B81994240F21881023F2B445B1AA4B226
:10CD5000B3FBFEF00EFB103344EA034400FB0CFC73
:10CD6000A44509D92C1900F1FF3380F00781A445AF
:10CD700040F2048102382C4440EA0740A4EB0C0442
:10CD800000271EB1D4400023C6E900433946BDE860
:10CD9000F0878B4209D9002E00F0EB800027C6E90E
:10CDA000000138463946BDE8F087B3FA83F7002F13
:10CDB00047D18B4202D3824200F2FA80841A61EB9F
:10CDC000030301209846002EE0D0C6E90048DDE7C5
:10CDD00002B9FFDEB2FA82F2002A40F08F80491BCE
:10CDE0004FEA154E1FFA85F80127B1FBFEFC230C14
:10CDF0000EFB1C1143EA014308FB0CF1994207D9D1
:10CE0000EB180CF1FF3002D2994200F2CD8084463B
:10CE1000591AA3B2B1FBFEF00EFB101443EA04440E
:10CE200008FB00F8A04507D92C1900F1FF3302D206
:10CE3000A04500F2B6801846A4EB080440EA0C4076
:10CE40009FE7C7F1200CBB4022FA0CFE4EEA030E0E
:10CE500001FA07F420FA0CF521FA0CF34FEA1E4808
:10CE60002543B3FBF8F92C0C08FB19331FFA8EFA93
:10CE700044EA034309FB0AF49C4202FA07F200FA6F
:10CE800007F10BD91EEB030309F1FF3080F0878017
:10CE90009C4240F28480A9F1020973441B1BADB28D
:10CEA000B3FBF8F008FB103345EA034400FB0AFA31
:10CEB000A24508D91EEB040400F1FF336BD2A24552
:10CEC00069D90238744440EA0940A0FB0289A4EB06
:10CED0000A044C45C2464B4654D351D0002E69D06B
:10CEE000B1EB0A0564EB030404FA0CFCFD40FC40C2
:10CEF0004CEA0505C6E90054002747E7C2F12003C4
:10CF000020FA03F7954001FA02F021FA03F34FEA01
:10CF1000154E3843010CB3FBFEF71FFA85F80EFBE4
:10CF2000173341EA034107FB08F38B4204FA02F48A
:10CF300007D9691807F1FF3C2FD28B422DD9023F48
:10CF40002944CB1A81B2B3FBFEF00EFB103341EA49
:10CF5000034100FB08F38B4207D9691800F1FF3C3D
:10CF600017D28B4215D902382944C91A40EA07471B
:10CF70003BE73746304609E70746E7E61846FBE653
:10CF80004145ABD2B8EB020A69EB0E0201381346F9
:10CF9000A4E76046E9E7184695E76746D1E781468A
:10CFA0007CE702382C4447E7ACF1020C2B442FE716
:10CFB000384608E73746E9E6704700BF10B5054C2C
:10CFC00013462CB10A4601460220AFF3008010BD83
:10CFD0002046FCE700000000014B1868704700BFC6
:10CFE000B861002008B5074B044613B10021AFF328
:10CFF0000080054B1868836A03B19847204602F009
:10D00000DFF900BF000000007403040070B50D4E8E
:10D010000D4CA41BA4100025A54209D10B4E0C4CAD
:10D0200002F0D0F9A41BA4100025A54205D170BDC3
:10D0300056F8253098470135EEE756F825309847E1
:10D040000135F2E7886300208863002088630020B0
:10D05000B8630020024B0146186800F0F9B800BF21
:10D06000B8610020024B0146186800F0A3B800BF69
:10D07000B861002082B001B901A942B14BB1137867
:10D080000B601278101C18BF012002B070471046C8
:10D09000FBE76FF00100F8E700000000000000006F
:10D0A00001F0FF01102A2BDB10F0070F08D010F859
:10D0B000013B013A8B422DD010F0070F42B3F6D15D
:10D0C000F0B441EA012141EA014122F007047FF076
:10D0D00000070023F0E80256083C85EA010586EACD
:10D0E000010685FA47F5A3FA87F586FA47F6A5FA09
:10D0F00087F68EB9EED1F0BC01F0FF0102F0070215
:10D1000032B110F8013B013A83EA010313B1F8D1BF
:10D110000020704701387047002D06BF35460338A0
:10D12000073815F0010F07D1013015F4807F02BFD9
:10D13000013015F4C03F0130F0BC0138704700BF2A
:10D1400010B5431E0A44914200D110BD11F8014BA5
:10D1500003F8014FF7E7884210B501EB020307D847
:10D16000421E99420AD011F8014B02F8014FF8E72C
:10D170008342F5D98118D21AD34200D110BD13F8D9
:10D18000014D01F8014DF7E702440346934200D1F7
:10D19000704703F8011BF9E738B502FB01F421469B
:10D1A00000F056F8054618B122460021FFF7ECFFC3
:10D1B000284638BD38B50546002945D051F8043C0D
:10D1C0000C1F002BB8BFE41801F0D8FB1F4A1368EE
:10D1D000104633B9636014602846BDE8384001F05A
:10D1E000CEBBA3420CD921686218934204BF1A68CF
:10D1F0005B68636004BF521822600460ECE713466A
:10D200005A680AB1A242FAD919685818A0420BD13B
:10D2100020680144581882421960DDD110685268B4
:10D220005A6001441960D7E702D90C232B60D3E779
:10D23000206821188A4204BF11685268626004BFE6
:10D24000091821605C60C7E738BD00BFC49C00209E
:10D2500070B5CD1C25F0030508350C2D38BF0C2505
:10D26000002D064601DBA94203D90C2333600020C0
:10D2700070BD01F083FB214A1468214691B9204C0E
:10D2800023681BB9304600F0A1FC206029463046D7
:10D2900000F09CFC431C24D10C233360304601F089
:10D2A0006EFBE4E70B685B1B18D40B2B0FD90B60EC
:10D2B000CD50CC18304601F062FB04F10B00231D69
:10D2C00020F00700C31AD3D05A42E250D0E78C4274
:10D2D0004B6816BF636013600C46EBE70C46496869
:10D2E000CCE7C41C24F00304A04205D0211A304628
:10D2F00000F06CFC0130CFD02560DBE7C49C00203F
:10D30000C89C00202DE9FF4755EC104B0D9FDDF820
:10D3100030A0002D0E4691461946B8BF22462B4636
:10D3200027F02007BBBF05F100431D4600232D2336
:10D33000B8BF1446462F0B7004D0452F00D10136DC
:10D34000022100E0032103AB019302AB00933246BC
:10D35000534645EC104B00F04BFD472F804602D161
:10D3600019F0010F26D0462F08EB060911D198F8C5
:10D370000030302B0AD1002200232046294601F03C
:10D38000AFFF18B9C6F10106CAF80060DAF800303C
:10D390009944002200232046294601F0A1FF38B914
:10D3A0003022039B4B4505D2591C03911A70F8E7B4
:10D3B000CDF80C90039B0E9AA3EB08034046136034
:10D3C00004B0BDE8F087F7B500290446BABF49426A
:10D3D0002D232B23092904F8022B437020DD0DF1A6
:10D3E00007031F460A2691FBF6F506FB151130319F
:10D3F000092D03F8011C03F1FF32294609DC303105
:10D40000023B02F8011CBB42224604D3101A03B0AF
:10D41000F0BD1346E7E713F8012B04F8012BF2E700
:10D42000302319448370021DC170EFE72DE9F04FDE
:10D430008DB00C46DDF8588016461F46054601F0B3
:10D440008FFA03680493184600F0D8FB00230A9370
:10D45000D8F800300590073323F0070303F10802E2
:10D4600094F818A0D4F800B0C8F80020D3E900233D
:10D47000C4E91223D4E9128929F000430793CDF8B7
:10D4800018804FF0FF32A74BDDE9060101F05AFF8B
:10D4900070BB4FF0FF32A34BDDE9060101F034FF12
:10D4A00030BB002200234046494601F023FF10B163
:10D4B0002D2384F843309C4A9C4BBAF1470F8CBF14
:10D4C0009046984603232BF00402236122604FF01C
:10D4D0000009009733460BAA2146284600F0E6F9DA
:10D4E000013040F08D804FF0FF300DB0BDE8F08F7F
:10D4F00042464B464046494601F024FF10B18C4A53
:10D500008C4BDAE761684B1C4BF480620AA83ED171
:10D51000062363600023CDE9020309AB009349ECC5
:10D52000108B0DF123032260CDF804A0616828461A
:10D53000FFF7E8FE0AF0DF03472B804609D1099B7D
:10D54000D81C02DB6268934247DDAAF1020A5FFA47
:10D550008AFABAF1650F099924D80139524604F1C3
:10D5600050000991FFF72FFF0A9A1318012A8146EC
:10D57000236102DC2268D10701D5013323619DF8C4
:10D580002330002BA5D02D2384F84330A1E7BAF136
:10D59000670F00F07781BAF1470FBBD10029B9D1ED
:10D5A0000123B6E7BAF1660F19D1002963680CDDD3
:10D5B000216113B92268D20702D501330B442361DC
:10D5C000099BA3654FF00009D9E713B92268D0077A
:10D5D00001D50233F3E70123F1E74FF0670ADDE9F4
:10D5E0000932934205DB22682361D107E8D5013374
:10D5F000E5E7002BD4BFC3F1020301231344DEE7A8
:10D6000023685A0507D42369424631462846B8475D
:10D6100001302BD167E7BAF1650F40F2DC800022C0
:10D620000023D4E9120101F05BFE002833D001236E
:10D63000414A31462846B84701303FF454AFDDE94E
:10D6400009239A4202DB2368D8070FD5DDE90423BA
:10D6500031462846B84701303FF445AF4FF0000847
:10D6600004F11A090A9B013B434509DC23689B0727
:10D6700000F10381E0680B9B9842B8BF184634E77D
:10D6800001234A4631462846B84701303FF42BAFC4
:10D6900008F10108E6E7099B002B2BDC0123264A51
:10D6A00031462846B84701303FF41DAF099B23B9E6
:10D6B0000A9B13B92368D907D8D5DDE9042331467D
:10D6C0002846B84701303FF40EAF4FF0000904F18F
:10D6D0001A0A099B5B424B4501DC0A9B94E7012334
:10D6E000524631462846B84701303FF4FCAE09F1B6
:10D6F0000109EEE70A9AA36D9A42A8BF1A46002ACA
:10D70000914607DD1346314642462846B847013068
:10D710003FF4E9AE04F11A034FF0000B29EAE9796E
:10D72000069315E0FFFFEF7F8603040082030400E9
:10D730008E0304008A030400920304000123069A66
:10D7400031462846B84701303FF4CDAE0BF1010B0E
:10D75000D4F858A0AAEB09035B45EFDCDDE9092307
:10D760009A42D04415DB2368DA0712D40A9B099940
:10D77000A3EB0A02A3EB010A9245A8BF9246BAF1B5
:10D78000000F0EDC4FF000082AEAEA7A04F11A09C9
:10D7900019E0DDE9042331462846B8470130E5D1D8
:10D7A000A1E65346424631462846B8470130E9D102
:10D7B00099E601234A4631462846B84701303FF4EE
:10D7C00092AE08F10108DDE909239B1AA3EB0A03D5
:10D7D0004345EEDC4AE70A9A012A01DCDB073AD529
:10D7E0000123424631462846B84701303FF47BAE1C
:10D7F000DDE9042331462846B847013008F1010825
:10D800003FF471AE0A9B002203F1FF3AD4E9120102
:10D81000002301F065FDC8B953464246314628460B
:10D82000B84701300ED15EE6012352463146284604
:10D83000B84701303FF457AE08F101080A9B013B9D
:10D840004345F1DC4B4604F15002DEE64FF00008A0
:10D8500004F11A0AF2E70123DFE701234A463146C1
:10D860002846B84701303FF43EAE08F10108E368AE
:10D870000B9A9B1A4345F0DCFCE64FF0000804F1DC
:10D880001909F4E700293FF48BAE0023CDE9020328
:10D8900009AB009349EC108B2260CDF804A00DF188
:10D8A00023032846FFF72EFD804648E62DE9F04782
:10D8B00091461F468A680B69DDF820809342B8BF05
:10D8C0001346C9F8003091F8432006460C4612B1C1
:10D8D0000133C9F800302368990642BFD9F80030F7
:10D8E0000233C9F80030256815F0060507D104F1A8
:10D8F000190AE368D9F800209B1AAB4228DC94F897
:10D9000043302268003318BF012392062DD404F15E
:10D91000430239463046C047013020D02368E568CD
:10D92000D9F8002003F00603042B08BFAD1AA36842
:10D9300022690CBF25EAE57500259342C4BF9B1AF6
:10D94000ED184FF000091A344D451AD1002008E0B7
:10D950000123524639463046C047013003D14FF0CB
:10D96000FF30BDE8F0870135C3E7E1185A1C3020CD
:10D9700081F84300224494F8451082F843100233A2
:10D98000C5E70123224639463046C0470130E6D07C
:10D9900009F10109D8E700002DE9F04301F1430C3A
:10D9A0000C46097E85B06E291746064698460C9AA5
:10D9B00000F0B38022D8632936D00AD8002900F0BD
:10D9C000B980582900F0838004F1420584F84210A0
:10D9D00032E0642901D06929F6D120681368050670
:10D9E00003F104012AD51B681160002B03DA2D22F4
:10D9F0005B4284F843206F480A2239E0732900F023
:10DA00009D8008D86F2920D07029DDD1236843F08C
:10DA10002003236003E0752917D07829D4D1782317
:10DA200084F84530644855E01368191D1B6811607F
:10DA300004F1420584F8423001238CE01B68116038
:10DA400010F0400F18BF1BB2CFE713682568181DF0
:10DA50001060280601D51B6802E06806FBD51B880C
:10DA600054486F2914BF0A220822002184F8431069
:10DA70006568A560002DC0F29580216821F0040141
:10DA80002160002B3DD1002D40F08E806546082A94
:10DA90000BD12368DB0708D5236962689A42DEBF91
:10DAA000302305F8013C05F1FF35ACEB050323619C
:10DAB000CDF800803B4603AA21463046FFF7F6FE2C
:10DAC00001304DD14FF0FF3005B0BDE8F08339484B
:10DAD00084F84510136821681D1D1B6815600A062F
:10DAE0000BD5CA0744BF41F0200121601BB9226851
:10DAF00022F0200222601022B7E74D0648BF9BB2F9
:10DB0000EFE76546B3FBF2F102FB1133C35C05F8A6
:10DB1000013D0B460029F5D1B9E713682568616915
:10DB2000181D106028061B6801D5196002E06A06FE
:10DB3000FBD51980002323616546B9E71368191DD9
:10DB400011601D68626800212846FFF7A9FA08B134
:10DB5000401B606063682361002384F84330A7E7BB
:10DB600023692A4639463046C0470130AAD0236887
:10DB70009B0713D4E068039B9842B8BF1846A3E7FD
:10DB800001234A4639463046C04701309AD0013514
:10DB9000E368039A9B1AAB42F2DCEBE7002504F141
:10DBA0001909F5E7002BACD1037884F8423004F171
:10DBB00042056CE794030400A5030400024B0A46E7
:10DBC0000146186801F0B8B9B861002038B5064CB4
:10DBD0000023054608462360FDF7DEF9431C02D109
:10DBE000236803B12B6038BDEC9C0020034611F87C
:10DBF000012B03F8012B002AF9D17047034613F8D3
:10DC0000012B002AFBD1181A0138704710B56AB1F0
:10DC10000139841810F8013B11F8012F934203D108
:10DC2000A04201D0002BF5D1981A10BD1046FCE798
:10DC300010B5034601448B4202D01A785C1C0AB925
:10DC4000181A10BD2346F6E730B5141E05469BB0E2
:10DC5000184605DA8B232B604FF0FF301BB030BD28
:10DC60004FF40273ADF80C3014BF04F1FF332346B8
:10DC7000029305934FF6FF7300910491ADF80E30B7
:10DC800002461E9B6946284601F0D6F9431CBCBFDC
:10DC90008B232B60002CE1D0009B00221A70DDE763
:10DCA00007B5009313460A46014603480068FFF78C
:10DCB000CBFF03B05DF804FBB861002049B1FF2A37
:10DCC00085BF8A2303600A704FF0FF3098BF0120A0
:10DCD0007047084670472DE9F74F03690C69A34266
:10DCE0008046C0F28280013C01F114074FEA840CA7
:10DCF00000F1140657F8245056F8240006EB0C03E4
:10DD0000013507EB0C090193B0FBF5F595B34FF026
:10DD1000000A3846B646D34650F8042B93B205FBAA
:10DD200003A34FEA134A9BB2ABEB0303120CDEF8DA
:10DD300000B005FB02A213FA8BF34FEA124A1FFA56
:10DD400082FBDEF80020CBEB124202EB23429BB2B7
:10DD500043EA024381454FEA224B4EF8043BDBD2B3
:10DD600056F80C3033B9019B043B9E421A4630D31F
:10DD7000C8F81040404601F019F8002825DB0135AD
:10DD800030464FF0000C57F8042BD0F800E093B267
:10DD9000ACEB0303120C13FA8EF3C2EB1E4202EB40
:10DDA00023429BB243EA0243B9454FEA224C40F872
:10DDB000043BE8D256F8242006EB84032AB9043B3E
:10DDC0009E421A460BD3C8F81040284603B0BDE85F
:10DDD000F08F1268043B002ACAD1013CC5E71268E3
:10DDE000043B002AEFD1013CEAE70020EEE7000007
:10DDF0002DE9F04F57EC106B97B0456A0691044639
:10DE00000B921293DDF88080CDE900673DB91020B8
:10DE1000FAF706FE6062C0E901550560C560636AF5
:10DE2000196851B15A684A60012393408B602046BB
:10DE300000F0DAFD636A00221A603B1EBBBF23F0CC
:10DE40000043019300230122ACBFC8F80030C8F89A
:10DE50000020AF4BDDF8048033EA080314D1129A96
:10DE600042F20F731360009B23B9C8F3130000281C
:10DE700000F04285219BDFF8ACB2002B00F0448516
:10DE80000BF1030300F03EBDDDE900670022002333
:10DE90003046394601F024FA814668B1129A0123CE
:10DEA0001360219B002B00F024859A4B219A03F1EB
:10DEB000FF3B136000F028BD14AA15A947EC106BB6
:10DEC000204600F0EAFFC8F30A550490002D7CD0EC
:10DED000C7F3130343F07F5BB2464BF4401BA5F23C
:10DEE000FF35CDF84C9000228B4B50465946FEF73B
:10DEF000CBFA81A3D3E90023FEF77EFC80A3D3E90C
:10DF00000023FEF7C3FA064628460F46FEF70AFC32
:10DF10007DA3D3E90023FEF76FFC02460B46304693
:10DF20003946FEF7B3FA06460F4601F021FA002201
:10DF3000824600233046394601F0DCF948B15046AC
:10DF4000FEF7F0FB32463B4601F0CAF908B90AF188
:10DF5000FF3ABAF1160F59D8704901EBCA01DDE951
:10DF60000023D1E9000101F0E3F9002850D00AF1C3
:10DF7000FF3A00230F93149B5D1BB5F1010849BFC5
:10DF8000C5F10103002305934FF0000858BF059326
:10DF9000BAF1000F3EDB0023D044CDF838A0079340
:10DFA000069B092B00F29080052BC4BF043B06930F
:10DFB000069BA3F10203CCBF00250125032B00F231
:10DFC0008F80DFE803F07D7F3171DDE914531D445C
:10DFD00005F23240202813DDC0F14000009B08FA12
:10DFE00000F805F2124023FA00F048EA0000FEF7BC
:10DFF00089FB01238246A1F1F87B013D139372E76F
:10E00000009BC0F1200003FA00F0F0E70123B1E724
:10E010000F90B0E7059BA3EB0A030593CAF1000339
:10E02000079300230E93BBE701230A930B9B002B5E
:10E0300059DD02939946666A00227260042202F159
:10E0400014009842716853D9204600F099FC636A25
:10E050003060B9F10E0FD3F800B000F2E680002D69
:10E0600000F0E3809DED007BBAF1000F8DED107B99
:10E0700074DD2A4A0AF00F0302EBC30393ED007B21
:10E080004FEA2A16F0068DED087B65D5244BDDE9B5
:10E090001001D3E90823FEF7D9FCCDE9000106F011
:10E0A0000F0603251E4F4CE001230A930B9B53449C
:10E0B00003F1010902934B46012BB8BF0123BAE7D4
:10E0C0000023B2E70023F0E70125002306930A9519
:10E0D0004FF0FF3302939946002212230B92AAE7D6
:10E0E00001230A93F4E70123029399461A46F5E7C0
:10E0F000013171605200A2E761436F63A787D23F8D
:10E10000B3C8608B288AC63FFB799F501344D33F26
:10E110000000F07F930304000000F83F5005040066
:10E1200028050400C0040400F10708D5DDE9080152
:10E13000D7E90023FEF760FBCDE908010135761031
:10E140000837002EF0D1DDE90823DDE90001FEF7F4
:10E150007DFCCDE900011AE00225A3E700F0A080D4
:10E16000CAF100069F4BA04F06F00F0203EBC2035B
:10E17000D3E90023DDE91001FEF73EFBCDE9000104
:10E18000361100230225002E7FD1002BE1D10F9BF9
:10E19000002B00F08780DDE900670022934B3046BA
:10E1A000394601F0A7F800287CD0B9F1000F79D0EA
:10E1B000029B002B35DD0AF1FF330893394600221C
:10E1C0008B4B3046FEF718FBCDE90001029F01356D
:10E1D0002846FEF7A7FADDE90023FEF70DFB002233
:10E1E000844BFEF753F90546A1F15076002F5DD11F
:10E1F0000022814BDDE90001FEF746F92A4633464D
:10E20000CDE9000101F094F8002840F088822A4608
:10E2100006F10043DDE9000101F06CF8002840F050
:10E220007C82DDE91023CDE90023159B002BC0F291
:10E230005081BAF10E0F00F34C816A4B03EBCA0315
:10E2400093ED007B0B9B002B8DED027B80F2D88041
:10E25000B9F1000F00F3D48040F05E820022664BDB
:10E2600051EC170BFEF7C8FADDE9002301F056F870
:10E270004F464E46002840F0348231230BF1010511
:10E280008BF800300AF1010A2FE2F20705D5D7E931
:10E290000023FEF7B1FA013501237610083772E743
:10E2A000022574E7CDF820A04F4691E74D4B03EBD4
:10E2B000C70353E902010A9B002B47D002460B46D5
:10E2C00000204E49FEF7C2FB2A463346FEF7DCF833
:10E2D000CDE90C015D46DDE9000101F049F8064693
:10E2E000FEF720FA02460B46DDE90001FEF7CCF806
:10E2F000303605F8016BDDE90C23CDE9000100F0B3
:10E30000F9FF002863D1DDE9002300203749FEF73B
:10E31000BBF8DDE90C2300F0EDFF002840F0B780EA
:10E32000A5EB0B039F427FF77CAF0022304BDDE96A
:10E330000C01FEF761FA0022CDE90C012C4BDDE95E
:10E340000001FEF759FACDE90001C4E72A46334639
:10E35000FEF752FACDE90C010BEB07055E46DDE94D
:10E36000000101F005F80746FEF7DCF930370246F8
:10E370000B46DDE90001FEF787F806F8017BAE42A7
:10E38000CDE900014FF0000226D11C4BDDE90C0164
:10E39000FEF77CF802460B46DDE9000100F0C8FFFD
:10E3A000002874D1DDE90C2300201449FEF76CF835
:10E3B00002460B46DDE9000100F09CFF00283FF417
:10E3C00030AF15F8013C302B05F1FF3202D0DDF8FB
:10E3D00020A04AE01546F4E7054BFEF70DFACDE91B
:10E3E0000001BCE750050400280504000000F03FD0
:10E3F0000000244000001C40000014400000E03FEA
:10E40000DDE900675D46DDE9022330463946FEF767
:10E410001DFB00F0ADFF8046FEF784F9DDE9022325
:10E42000FEF7EAF902460B463046394608F1300657
:10E43000FEF72AF805F8016BA5EB0B06B14502467D
:10E440000B4639D1FEF722F8DDE9022306460F46D6
:10E4500000F06EFFC8B9DDE902233046394600F00E
:10E460003FFF10B118F0010F0FD10499204600F0C2
:10E47000BBFA0023129A2B700AF101031360219B4F
:10E48000002B00F041821D603EE2CDF820A015F87F
:10E49000012C392A05F1FF3308D19B450AD1089B8D
:10E4A0000133089330238BF800305B461A78013231
:10E4B0001A708CE71D46EAE700229B4BFEF79CF999
:10E4C0000022002306460F4600F00AFF00289AD0DB
:10E4D000CBE70A9A002A00F08B80069A012A6EDCAC
:10E4E000139A002A67D003F23343079F059D059ACC
:10E4F00001211A4420460592984400F015FB064677
:10E50000002D0CDDB8F1000F09DD4545059A2B46BD
:10E51000A8BF4346D21A0592ED1AA8EB0308079B41
:10E52000EBB10A9B002B67D08FB131463A462046AB
:10E5300000F09AFB049A01460646204600F0FDFAD8
:10E5400004990890204600F04FFA089B0493079B1B
:10E55000DA1B04D00499204600F086FB04900121C8
:10E56000204600F0E1FA0E9B0746002B00F0D08118
:10E570001A460146204600F077FB069B012B074612
:10E5800040DC009B002B39D1019BC3F31303002B0C
:10E5900036D1019B23F000431B0D1B052BB1059BBE
:10E5A0000133059308F10108012307930E9B002B0B
:10E5B0002AD1012030E0149BC3F1360395E7079B75
:10E5C00009F1FF37BB42BFBF079B0797FA1A0E9BA3
:10E5D000BBBF9B180E93DF1B0027B9F1000FB5BF1F
:10E5E000059B059DA3EB09054B46B8BF00237EE7BD
:10E5F000079F059D0A9E83E7079AABE70023D4E7B0
:10E60000009BD2E7002307933B6907EB830318695C
:10E6100000F03CFAC0F12000404410F01F0047D049
:10E62000C0F12003042B3BDD059BC0F11C0003441B
:10E63000059305448044059B002B05DD1A4604998B
:10E64000204600F05FFB0490B8F1000F05DD39466D
:10E650004246204600F056FB07460F9B53B339460F
:10E66000049800F0A3FB002824DA00230A2204996E
:10E67000204600F0D0F90A9B04900AF1FF3A002BE3
:10E6800000F04D81002331460A22204600F0C3F9F4
:10E69000029B002B06464FDC069B022B4CDD11E053
:10E6A000C9D0059A1C331A4405921D449844C2E708
:10E6B0000346F6E7B9F1000F38DC069B022B35DD87
:10E6C000CDF80890029B63B939460522204600F038
:10E6D000A2F901460746049800F068FB00283FF7BE
:10E6E000CCAD0B9B5D466FEA030A4FF0000939463B
:10E6F000204600F079F9002E3FF4B7AEB9F1000FD3
:10E7000005D0B14503D04946204600F06DF93146A9
:10E71000204600F069F9A8E600273E46E1E7DDF86B
:10E7200020A03E46A9E500BF000024400A9BCDF88A
:10E730000890002B00F0FA80002D05DD31462A46B6
:10E74000204600F0DFFA0646079B002B4CD071688C
:10E75000204600F015F9326902320546920006F1B2
:10E760000C010C30FEF7ECFC01222946204600F09B
:10E77000C9FA009BCDF814B003F00103B14607932A
:10E78000064639460498FFF7A6FA4946054600F1C1
:10E790003008049800F00AFB3246009039462046C3
:10E7A00000F01EFBC368024603BB014608900498B4
:10E7B00000F0FCFA089A034611462046089300F040
:10E7C00013F9089BA3B9069A92B9079A82B9B8F1CE
:10E7D000390F29D0009B002B01DD05F13108059B85
:10E7E0005D1C83F8008082E73046C2E70123E3E73F
:10E7F000009A002A04DB25D1069A1ABB079A0ABBA5
:10E80000002BECDD01220499204600F07BFA39460A
:10E81000049000F0CBFA002803DCE0D118F0010FDF
:10E82000DDD0B8F1390FD8D1059B059A5D1C39238D
:10E83000137015F8013C392B05F1FF324FD001332D
:10E84000137054E7059A002B02F1010506DDB8F1BB
:10E85000390FE9D008F10108059BC2E7029A05F8D3
:10E86000018CA5EB0B03934221D000230A220499CB
:10E87000204600F0D0F8B14504904FF000034FF06F
:10E880000A024946204605D100F0C5F881460646F1
:10E89000059576E700F0BFF83146814600230A224D
:10E8A000204600F0B8F80646F2E74FF000090122D2
:10E8B0000499204600F026FA3946049000F076FAD2
:10E8C0000028B6DC02D118F0010FB2D115F8013CD6
:10E8D000302B05F1FF327FF40AAF1546F6E793457A
:10E8E00005D131230AF1010A8BF80030FFE6154605
:10E8F0009FE7DFF864B007E0219BDFF860B01BB151
:10E900000BF10803219A1360584617B0BDE8F08F49
:10E91000069B012B7FF735AE0E9B079349E6029BC2
:10E92000002B03DC069B022B3FF7CCAE5D4639463D
:10E930000498FFF7D0F900F1300805F8018B029A2E
:10E94000A5EB0B039A42B0DD00230A22049920466E
:10E9500000F061F80490EAE792030400B7040400B1
:10E96000044B1B68186A044B002808BF1846F03097
:10E97000704700BFB86100201C62002070477047DC
:10E9800070B5456A04460E463DB91020FAF748F8BE
:10E990006062C0E901550560C560656AEB6883B1D6
:10E9A000636ADB6853F82600B8B9012101FA06F55D
:10E9B0006A1D92002046FEF7EFFB60B1C0E90165D9
:10E9C0000EE0212204212046FEF7E6FB636AE860A0
:10E9D000DB68002BE4D1002070BD026843F82620DC
:10E9E0000023C0E90333F7E770B5446A06460D46D5
:10E9F0003CB91020FAF714F87062C0E901440460D1
:10EA0000C4603DB1736A6A68DB6853F822102960FC
:10EA100043F8225070BD2DE9F0410D691F460646AE
:10EA20000C4601F1140C0023DCF8000081B202FB5B
:10EA300001710F0C000C02FB007089B2013301EB75
:10EA400000419D424FEA10474CF8041BECDCD7B163
:10EA5000A368AB4212DC616830460131FFF790FFDA
:10EA60002269023204F10C01804692000C30FEF75C
:10EA700067FB21463046FFF7B7FF444604EB8503AA
:10EA800001355F6125612046BDE8F081020C12046A
:10EA90000346B2B90304102013F07F4F04BF1B02DA
:10EAA000083013F0704F04BF1B01043013F0404FC7
:10EAB00004BF9B000230002B06DB5B0003D5013056
:10EAC00070470020E8E720207047036813F0070232
:10EAD00001460BD0DA0723D4980749BF5B089B088F
:10EAE00001200B605CBF0B600220704798B2A8B990
:10EAF0001B0C102013F0FF0F04BF1B0A08301A076D
:10EB000004BF1B0904309A0704BF9B080230DA07D0
:10EB100002D45B0806D001300B6070471046E9E76D
:10EB2000002070472020704710B50C460121FFF7E8
:10EB300027FF01224461026110BD2DE9F74F144601
:10EB40000A6923699A42B8BF0B468846BCBFA046F3
:10EB50001C46D8F81070D4F81090D8F80830D8F8BF
:10EB6000041007EB0906B342B8BF0131FFF708FFF5
:10EB700000F1140505EB860E2B460022734516D3D3
:10EB800004F1140208F1140102EB890301EB870779
:10EB90000093009B019293420CD8002E03DD5EF897
:10EBA000043D002B5DD0066103B0BDE8F08F43F853
:10EBB000042BE3E7B2F800B0BBF1000F23D0894685
:10EBC000AC464FF0000859F8044BDCF800A0A3B2A3
:10EBD0001FFA8AFA0BFB03A34FEA144ADCF8004041
:10EBE00043444FEA14480BFB0A8404EB1344E24607
:10EBF0009BB243EA04434F454FEA14484AF8043BAA
:10EC00002BD8CCF80480019BB3F802A00432BAF1EF
:10EC1000000F20D02B688946A8464FF0000BB9F8AA
:10EC200000C0B8F802400AFB0C445C44C4469BB2E6
:10EC300043EA04434CF8043B59F8043BB8F804B0E9
:10EC40001B0C0AFB03B303EB14434F454FEA134B72
:10EC500005D8C8F8043004359BE7D446B3E7E0464E
:10EC6000DDE7013E99E700002DE9F843154612F073
:10EC7000030206460F4607D0013A214C002354F800
:10EC80002220FFF7C8FE0746AD1035D0746A3CB9A4
:10EC90001020F9F7C5FE7062C0E901440460C46049
:10ECA000D6F82480D8F808404CB940F2712130469B
:10ECB000FFF73AFF0023C8F80800044603604FF04E
:10ECC0000008EB070AD5394622463046FFF735FFE4
:10ECD000394681463046FFF787FE4F466D100BD010
:10ECE000206838B9224621463046FFF726FF2060CB
:10ECF000C0F800800446E4E73846BDE8F88300BF6A
:10ED0000180604002DE9F0470C464FEA621A236901
:10ED100049680AEB0309A3680746164609F101058D
:10ED2000AB4232DB3846FFF72BFE0023804600F172
:10ED300014011A4653452BDB20692AEAEA7A04F1CA
:10ED4000140316F01F0201EB8A0103EB800C25D09F
:10ED5000C2F1200E00201E688A46964030434AF8D1
:10ED6000040B53F8040B9C4520FA0EF014D84860AD
:10ED700008B109F10205013D3846C8F81050214696
:10ED8000FFF732FE4046BDE8F08701315B00C7E780
:10ED900041F823200133CDE75146DCE7043953F82D
:10EDA000042B41F8042F9C45F9D8E4E703690A696C
:10EDB0009B1A30B50CD192001430143184181144D0
:10EDC00054F8045D51F8042D954203D005D3012376
:10EDD000184630BDA042F3D3FAE74FF0FF33F7E710
:10EDE0002DE9F0470D460746114628461446FFF721
:10EDF000DDFF061E08D131463846FFF7C1FD01236D
:10EE0000C0E90436BDE8F087A4BF23462C46384647
:10EE10006168A6BF1D4600260126FFF7B1FD2B69DC
:10EE2000C660266905F1140904F1140202EB860795
:10EE300009EB830800F114054FF0000E52F804AB03
:10EE400059F8044B1EFA8AF1A3B2C91A230CC3EB7A
:10EE50001A4303EB214389B24FEA234EC84541EAE6
:10EE60000343944645F8043BE8D8BC4504D355F821
:10EE7000043D83B10661C5E75CF8041B1EFA81F30B
:10EE80001A1402EB11429BB243EA02434FEA224EAC
:10EE900045F8043BE9E7013EE9E72DE9F7430E4673
:10EEA000012159EC108B1546FFF76AFDC9F30A548E
:10EEB0000746C9F3130334BB0193B8F1000327D00D
:10EEC00002A840F8083DFFF700FE0099F0B1019A52
:10EED000C0F1200302FA03F30B43C2407B610192AD
:10EEE000019BBB61002B14BF022101213961C4B118
:10EEF000A4F2334404443460C0F13500286038463D
:10EF000003B0BDE8F08343F48013D5E77961E7E708
:10EF100001A8FFF7DAFD019B7B61012139612030F7
:10EF2000E5E707EB8103A0F2324030601869FFF794
:10EF3000ADFDC0EB4110E1E7F8B5074614460E46BB
:10EF400021B91146BDE8F840FEF782B922B9FEF7B3
:10EF500031F925462846F8BD00F064F9A0420FD2E9
:10EF600021463846FEF774F905460028F2D03146AE
:10EF70002246FEF7E5F831463846FEF71BF9E9E789
:10EF80003546E7E72DE9F0478E689E4282460C46FB
:10EF90009046994637D88A8912F4906F31D0256807
:10EFA00009696F1A6569022305EB450595FBF3F5C1
:10EFB00009F101033B449D4238BF1D46530530D53E
:10EFC0002946FEF745F9064650B90C23CAF8003029
:10EFD000A38943F04003A3814FF0FF30BDE8F087E1
:10EFE0003A462169FEF7ACF8A38923F4906343F015
:10EFF0008003A381266165613E44ED1B2660A56008
:10F000004E464E4500D94E46324641462068FEF7F0
:10F01000A2F8A3689B1BA36023681E4426600020FF
:10F02000DCE72A46FFF788FF06460028E2D121697F
:10F030005046FEF7BFF8C8E72DE9F04F9DB0804677
:10F0400003938B891D060C4616460FD50B696BB9C9
:10F050004021FEF7FDF82060206128B90C23C8F894
:10F0600000304FF0FF30C7E0402363610023099375
:10F0700020238DF8293030238DF82A304FF0010BF2
:10F0800037463D4615F8013B0BB1252B3ED1B7EB7A
:10F09000060A0BD05346324621464046FFF772FF20
:10F0A000013000F0A480099B534409933B78002B66
:10F0B00000F09D8000234FF0FF32CDE9052304933B
:10F0C00007938DF853301A932F46052217F8011B2A
:10F0D0004F48FDF7E5FF049BD0B9D90644BF202275
:10F0E0008DF853201A0744BF2B228DF853202A781D
:10F0F0002A2A15D0079A2F4600200A25394611F8EA
:10F10000013B303B092B4DD9B8B10FE02F46B8E792
:10F110003F4A801A0BFA00F0184304903D46D3E7AB
:10F12000039A111D12680391002A01DB079204E083
:10F13000524243F00203079204933B782E2B0CD1EA
:10F140007B782A2B33D1039B1A1D1B680392002B5B
:10F15000B8BF4FF0FF33023705932E4D39780322A5
:10F160002846FDF79DFF38B14023401B03FA00F00D
:10F17000049B034301370493397827488DF82810FE
:10F1800006227E1CFDF78CFF002838D0234B13BBD2
:10F19000039B073323F0070308330393099B4B4476
:10F1A00009936DE705FB023201200F46A6E7002315
:10F1B0000137059319460A25384610F8012B303AD5
:10F1C000092A03D9002BC8D00591C6E705FB012108
:10F1D00001230746F0E703AB00932246104B04A936
:10F1E0004046FEF723F9B0F1FF3F8146D6D1A3890F
:10F1F0005B063FF536AF09981DB0BDE8F08F03AB55
:10F2000000932246064B04A94046FEF7C5FBEAE7F9
:10F21000240604002A0604002E0604002DD4030050
:10F2200085EF030051F8043C181F002BBCBF0B589E
:10F23000C01870474FF0FF3C06E000BF4FF0010CD4
:10F2400002E000BF4FF0010C4DF804CD4FEA410C35
:10F250007FEA6C5C4FEA430C18BF7FEA6C5C1BD002
:10F2600001B050EA410C0CBF52EA430C91EA030F83
:10F2700002BF90EA020F0020704710F1000F91EAE0
:10F28000030F58BF994208BF90422CBFD8176FEAAE
:10F29000E37040F0010070474FEA410C7FEA6C5C7C
:10F2A00002D150EA013C07D14FEA430C7FEA6C5C83
:10F2B000D6D152EA033CD3D05DF8040B704700BFAF
:10F2C0008446104662468C461946634600E000BFFD
:10F2D00001B5FFF7B7FF002848BF10F1000F01BDCF
:10F2E0004DF808EDFFF7F4FF0CBF012000205DF89A
:10F2F00008FB00BF4DF808EDFFF7EAFF34BF01201F
:10F3000000205DF808FB00BF4DF808EDFFF7E0FFB7
:10F3100094BF012000205DF808FB00BF4DF808ED08
:10F32000FFF7CEFF94BF012000205DF808FB00BF6F
:10F330004DF808EDFFF7C4FF34BF012000205DF851
:10F3400008FB00BF4FEA410C7FEA6C5C02D150EA37
:10F35000013C0AD14FEA430C7FEA6C5C02D152EACD
:10F36000033C02D14FF0000070474FF0010070479E
:10F370004FEA410212F5001215D211D56FF47873DD
:10F38000B3EB625212D94FEAC12343F0004343EA80
:10F39000505311F0004F23FA02F018BF404270475B
:10F3A0004FF00000704750EA013005D111F00040E5
:10F3B00008BF6FF0004070474FF00000704700BF7B
:10F3C000FEE700BFF8B500BFF8BC08BC9E4670471A
:10F3D000F8B500BFF8BC08BC9E46704754696E790A
:10F3E0005553422053657269616C000000000000B3
:10F3F00000000000316502008963020079630200A9
:10F400006D630200F16202003D63020011630200BD
:10F41000D1630200F0FFFFFF000000002965020039
:10F4200012010002000000409A232980000101021D
:10F430000301000009020900000100A032000000E1
:10F44000303132333435363738394142434445461A
:10F4500052414B776972656C6573730052414B334F
:10F460003430312D6F70656E486F70004164616695
:10F4700072756974000000004D6173732053746FDE
:10F480007261676500000000312E300075736264A0
:10F4900000000000050F3900021810050038B608FA
:10F4A00034A909A0478BFDA0768815B66500010137
:10F4B000011C100500DF60DDD88945C74C9CD26572
:10F4C0009D9E648A9F00000306B2000200010300B3
:10F4D0000000000019700200A9700200D57002003F
:10F4E0001D71020029720200FD720200000000007E
:10F4F00000000000757D020000000000857D020014
:10F50000957D02002D7E02007D7F0200000000003C
:10F5100000000000B5740200CD740200D174020036
:10F52000E9740200B1750200D97702000000000002
:10F5300000000000758C0200998C02009D8C020076
:10F54000C18C0200E98D02006995020000000000F4
:10F550000000000099780200097902003579020064
:10F560005D790200917A0200957A020000000000A5
:10F57000000000004D860200A5860200C186020040
:10F58000E58602003D6D02001D88020000000000BB
:10F590005F757362645F7164656600003A00000025
:10F5A0005A0000000000000000000000B1D302007B
:10F5B000ADD40200B93D0300C55703000558030050
:10F5C00045580300B5D3020025700300453B0300F6
:10F5D000D96F03005D3703005D390300F139030083
:10F5E0007535030061350300BD23030095620300F8
:10F5F000C15E0300456703002D6A0300096B030029
:10F600002124030081230300B1670300F16103009B
:10F610006D63030041650300653803004138030052
:10F6200001380300ED320300813F0300B5340300CD
:10F63000C5350300AD350300D5340300A5380300FC
:10F640007D370300D53A0300AD320300813C03004F
:10F65000F1350300E134030031370300496F030043
:10F66000916F0300495F0300915F0300495F03004E
:10F67000915F0300495F0300915F0300612F030066
:10F680002D35030001430300B9360300E9340300BC
:10F69000315E0300615E0300C55F0300815E03000D
:10F6A000955A0300112E0300612C03003928030032
:10F6B000D52A0300E12503006D2903000D2703006F
:10F6C0008524030078F7030058FC030050FC030076
:10F6D0001A04090A031D1E00FF000000FFFF0100BD
:10F6E0002401FFFFFFFFFFFFFFFFFFFF01FF01FFFF
:10F6F0000100000005FF0100A470DD3F00020000D2
:10F7000000000000000000000000000000000000F9
:10F7100000000000000000FF160100006666E63FE2
:10F720008C000101010000FFFF00FFFF00100E0030
:10F73000FFFF000080250000FF01FF00010000FF27
:10F74000FFFFFF00000000000000000000000000BC
:10F75000000000000000FFFF000000002201150172
:10F76000FF00FF0002FF010000FF01010000000098
:10F7700000000000FFFF000052414B3334303100E5
:10F780006170706C79436F6E66696720626F617239
:10F79000643D25732066773D2573207077725F7214
:10F7A00065713D2564207077723D2564206D617818
:10F7B0003D2564207365744F7574707574506F7750
:10F7C00065723D2564206F63705F6265666F726568
:10F7D0003D25646D41206F63705F61667465723DA5
:10F7E00025646D41000000006167632E72657365DA
:10F7F000742E696E74657276616C206669726564D8
:10F800002061667465722025752073004F4E0000DC
:10F810004F4646006175746F2D4341443A2063683A
:10F82000616E6E656C2062757379206166746572B5
:10F8300020726574726965732C2061626F72742026
:10F840005458000054585F52455155455354206C4C
:10F85000656E3D2575207372633D25752073746157
:10F8600074653D25640000007374617274547261A4
:10F870006E736D69742829206661696C65642C203B
:10F8800073746174653D25640000000054585F4442
:10F890004F4E452061697274696D653D256C752018
:10F8A00075732C2073656E742076696120737263A2
:10F8B0003D257500545820686172642074696D6537
:10F8C0006F7574202825752062797465732C206407
:10F8D000696F315F64656C74613D256C752920E248
:10F8E000809420726573657474696E6720726164B8
:10F8F000696F0000434144204952512074696D658D
:10F900006F757420E2809420726573657474696EFB
:10F910006720726164696F005345545F434F4E46E0
:10F9200049472072656376207372633D25752062B6
:10F930006F6172643D25732066773D257320667282
:10F9400065713D256C752062773D256C7520736669
:10F950003D25752063723D2575207077725F726555
:10F96000713D25642073796E633D307825303458BD
:10F97000207072653D2575002D2D2D006175746F09
:10F980002D43414420257300646973706C617920B4
:10F990006E616D6520E286922027257327000000A6
:10F9A000726164696F205354414E44425900000013
:10F9B000726164696F20524553554D4520286F6B25
:10F9C0003D25642900000000454E5445525F424FDA
:10F9D0004F544C4F414445522072657175657374A4
:10F9E000656420E2809420656E746572696E67209C
:10F9F0005553422073657269616C204446552062FC
:10FA00006F6F746C6F616465720000004F54415FEA
:10FA1000424547494E20726563656976656420E218
:10FA2000809420666C6173682077726974657220B7
:10FA30006E6F7420696D706C656D656E74656400C1
:10FA40006672616D65207061727365206572726F98
:10FA5000722030782530325820287372633D257526
:10FA600029000000494E464F000000004552522038
:10FA7000000000005741524E000000005B25735DFE
:10FA80002025730A0000000076312E342E3000004D
:10FA90002D0000005B424F4F545D2072657365740A
:10FAA0005F726561736F6E3D256420282573290A96
:10FAB00000000000726164696F2E626567696E20E4
:10FAC0006E73733D25642064696F313D2564207237
:10FAD00073743D256420627573793D2564207370CD
:10FAE000693D2825642C25642C256429000000002C
:10FAF000726164696F2E626567696E20285443588D
:10FB00004F3D252E3166205629202D3E20256400AC
:10FB10005B424F4F545D2053583132363220696E6C
:10FB20006974206661696C656420E2809420636F6B
:10FB30006E74696E75696E6720776974682057699D
:10FB40002D46692F636F6E66696720706F727461EE
:10FB50006C206F6E6C7900005B494E464F5D2073E0
:10FB6000657444696F324173526653776974636890
:10FB7000287472756529202D3E2025640A00000036
:10FB80005B494E464F5D2073657443757272656EB6
:10FB9000744C696D6974282564206D4129202D3EBF
:10FBA0002025640A000000005B494E464F5D20732B
:10FBB00065745278426F6F737465644761696E4D06
:10FBC0006F6465287472756529202D3E2025640AAE
:10FBD000000000005B494E464F5D205358313236DD
:10FBE00078207265676973746572207061746368E8
:10FBF00020307830384235202D3E2025640A000020
:10FC000044494F31204952512061747461636865E1
:10FC100064206F6E204750494F2564005B424F4F70
:10FC2000545D206669726D77617265202573206F5F
:10FC30006E20257320726561647920286C6F6F7067
:10FC40002057445420257573290A00003F00000006
:10FC50006F70656E686F702D72616B333430310078
:10FC60000000000000000000000000000000000094
:10FC700000000000000000000000FFFF0000800006
:10FC80000000000008000800000000000000000064
:10FC9000E8030000FFFFFFFFFFFFFFFFFFFFFFFF85
:10FCA000FFFFFFFFFFFFFFFF00000000000000005C
:10FCB000D1210300E9220300D9220300C922030055
:10FCC000B9220300A92203009D220300952203000C
:10FCD000B9210300912203005922030045220300A9
:10FCE000D521030035220300E52103002D22030066
:10FCF000DD21030019230300F92203001922030068
:10FD00000D22030009220300CD21030081730300AB
:10FD10000338FDD8704700000000D9439A999940F4
:10FD20000A0000000000D9439A9999400000A040C1
:10FD30000000FA420A0010000000D9430000FA4215
:10FD40000907120A0800000022FB1200110321001B
:10FD50001106210322021406110B120B110E120EB2
:10FD600011141116220B13152111240D2114211623
:10FD700022152315411341143314521361165216E0
:10FD80005316631664167416535831323631000018
:10FD90000000000000000000A9230300AD230300C1
:10FDA000B93D0300C557030005580300455803003B
:10FDB000D132030025700300453B0300D96F0300D7
:10FDC0005D3703005D390300F13903007535030029
:10FDD00061350300BD23030095620300C15E03008B
:10FDE000456703002D6A0300096B0300212403000B
:10FDF00081230300B1670300F16103006D63030019
:10FE000041650300653803004138030001380300F1
:10FE1000ED320300813F0300B5340300C535030014
:10FE2000AD350300D5340300A53803007D3703004A
:10FE3000D53A0300AD320300813C0300F1350300E5
:10FE4000E134030031370300496F0300916F030071
:10FE5000495F0300915F0300495F0300915F030066
:10FE6000495F0300915F0300612F03002D350300FC
:10FE700001430300B9360300E9340300315E030097
:10FE8000615E0300C55F0300815E0300955A0300B5
:10FE9000112E0300612C030039280300D52A03002A
:10FEA000E12503006D2903000D27030085240300CD
:10FEB000FFFFFFFF00000000800100008001000044
:10FEC00012AD101B12AD0000000000000000000089
:10FED000293503004D370300B93D0300C557030022
:10FEE0000558030045580300D13203002570030074
:10FEF000453B0300D96F03005D3703005D39030004
:10FF0000F13903007535030061350300DD6E030030
:10FF100095620300C15E0300456703002D6A03007C
:10FF2000096B0300ED6E0300F56E0300B16703007B
:10FF3000F16103006D630300416503006538030050
:10FF40004138030001380300ED320300813F030014
:10FF5000B5340300C5350300AD350300D5340300C7
:10FF6000A53803007D370300D53A0300AD32030006
:10FF7000813C0300F1350300E13403003137030015
:10FF8000496F0300916F0300495F0300915F030015
:10FF9000495F0300915F0300495F0300915F030025
:10FFA000C56E03002D35030001430300B93603007D
:10FFB000E9340300315E0300615E0300C55F0300A6
:10FFC000815E0300955A0300010100000100010059
:10FFD00000000100010000005000B000180178018D
:10FFE000B0021803C8053006300C980C0F06030049
:10FFF00000122436480416283A4C081A2C3E0C1ECF
:020000024000BC
:1000000030421022344601132537490517293B4D4C
:10001000091B2D3F0D1F314311233547021426388C
:100020004A06182A3C4E0A1C2E400E203244031564
:1000300027394B07192B3D4F0B1D2F410F213345FE
:100040003500420055006B008400AB00D70008016A
:100050005601AE011002AC025C0320045805B5063F
:100060003C08AC0A640D6B101F170F1E160E1D15F1
:100070000D1C140C1B130B1A120A19110900000095
:100080000108AC00000000000000000000000000BB
:1000900000000000AD6E0300BD6E0300C16F0300E1
:1000A000C56E0300BD6E030025700300B56E03002E
:1000B000D96F0300BD6E0300BD6E0300CD6E03005B
:1000C000D56E0300BD6E0300DD6E0300DD6E030020
:1000D000DD6E0300C56E0300C56E0300E56E030010
:1000E000ED6E0300F56E0300CD6E0300D56E0300C8
:1000F000FD6E0300FD6E03000D6F0300156F03001E
:10010000156F03001D6F0300296F0300296F0300A3
:100110002D6F0300D56E0300D56E0300BD6E030086
:10012000356F0300BD6E0300BD6E0300356F030025
:100130003D6F0300416F0300456F0300496F0300EB
:10014000916F0300416F0300B56F0300416F03001F
:10015000B56F0300416F0300B56F0300C56E030068
:10016000356F0300B96F0300BD6E0300D189030032
:1001700030211203120330210312213021300312E7
:1001800043703407251652615261251634074370B7
:1001900007347043615216251625615270430734A7
:1001A0003407437052612516251652614370340797
:1001B0007043073416256152615216250734704387
:1001C000000000000000000000000000000000002F
:1001D000D1890300D1890300D1890300D1890300AB
:1001E000D1890300D1890300D1890300D18903009B
:1001F000D1890300D1890300D1890300D18903008B
:10020000D1890300D1890300D189030071730300F0
:100210007173030075730300797303007173030036
:100220007D730300817303000000000000000000E4
:10023000D1730300F9730300996A0200B5730300D8
:10024000B9730300C1730300C9730300FF0000000A
:10025000FF00000002000000030000000400000096
:100260000500000006000000070000000800000074
:10027000090000000A0000000B0000000C00000054
:100280000D0000000E0000000F0000001000000034
:100290001100000012000000130000001400000014
:1002A00015000000160000001700000018000000F4
:1002B000190000001A0000001B0000001C000000D4
:1002C0001D0000001E0000001F00000020000000B4
:1002D0002100000022000000230000002400000094
:1002E0002500000026000000270000002800000074
:1002F000290000002A0000002B0000002C00000054
:100300002D0000002E0000002F0000000000000063
:1003100000000000FD7703000D0A0000000000004F
:1003200000000000757E0300C17E0300317E0300E3
:10033000497E0300197E0300297E0300217E03000D
:100340001D7F030041810300757D03006D7D030067
:10035000546D725100000000546D7220537663009A
:100360006C6F6F700000000043616C6C6261636BC6
:1003700000000000BC6100204300504F534958006A
:100380002E00494E4600696E66004E414E006E6179
:100390006E0030003031323334353637383941422F
:1003A00043444546003031323334353637383961CD
:1003B0006263646566000020202020202020202029
:1003C0002828282828202020202020202020202005
:1003D0002020202020202088101010101010101035
:1003E0001010101010101004040404040404040479
:1003F0000410101010101010414141414141010101
:1004000001010101010101010101010101010101DC
:1004100001011010101010104242424242420202EA
:1004200002020202020202020202020202020202AC
:100430000202101010102000000000000000000058
:1004400000000000000000000000000000000000AC
:10045000000000000000000000000000000000009C
:10046000000000000000000000000000000000008C
:10047000000000000000000000000000000000007C
:10048000000000000000000000000000000000006C
:10049000000000000000000000000000000000005C
:1004A000000000000000000000000000000000004C
:1004B00000000000000000496E66696E69747900F2
:1004C0004E614E000000000000000000000000002F
:1004D000000000000000000000000000000000001C
:1004E000000000000000000000000000000000000C
:1004F00000000000000000000000000000000000FC
:1005000000000000000000000000000000000000EB
:1005100000000000000000000000000000000000DB
:1005200000000000000000000080E03779C3414374
:10053000176E05B5B5B89346F5F93FE9034F384D49
:10054000321D30F94877825A3CBF737FDD4F1575F5
:10055000000000000000F03F000000000000244008
:1005600000000000000059400000000000408F40E3
:10057000000000000088C34000000000006AF8404E
:100580000000000080842E4100000000D012634172
:100590000000000084D797410000000065CDCD41E8
:1005A000000000205FA00242000000E876483742C9
:1005B000000000A2941A6D42000040E59C30A24267
:1005C0000000901EC4BCD64200003426F56B0C43DC
:1005D0000080E03779C3414300A0D8855734764383
:1005E00000C84E676DC1AB43003D9160E458E143E4
:1005F000408CB5781DAF154450EFE2D6E41A4B4459
:1006000092D54D06CFF08044F64AE1C7022DB5449D
:10061000B49DD9794378EA44050000001900000030
:100620007D000000232D302B2000686C4C00656697
:0C06300067454647000000000000000085
:08063C00145CFE7F01000000C8
:10064400000000000A00000000000306B2000800D9
:1006540001000000A800080002000000A00014002F
:10066400030057494E5553420000000000000000AB
:1006740000008400040007002A004400650076009E
:1006840069006300650049006E0074006500720033
:10069400660061006300650047005500490044009E
:1006A4007300000050007B0039003700350046001D
:1006B40034003400440039002D0030004400300080
:1006C40038002D0034003300460044002D0038006B
:1006D4004200330045002D00310032003700430052
:1006E40041003800410046004600460039004400FD
:1006F4007D000000000000000400000010000C0059
:10070400F472002090F503000000000000000000D7
:1007140000000000000000000000000000000000D5
:1007240000000000000000000000000000000000C5
:1007340000000000000000000000000000000000B5
:1007440000000000000000000000000000000000A5
:100754000000000000000000FF00FFFF1600000082
:100764000000C6C25051D53324F400000808161204
:100774000010000000000000FFFF00000A0100005C
:100784000D0A526164696F4C696220496E666F0A92
:1007940056657273696F6E3A202022372E382E31D7
:1007A4002E30220D0A506C6174666F726D3A2022ED
:1007B4004164616672756974206E52463532220D49
:1007C4000A224F637420203620323032362220220F
:1007D40031363A35313A343722000000F09C00209B
:1007E4000090D0030A000000749C0020889C002024
:1007F4009C9C0020B09C0020BC61002000000000F4
:10080400E404040004050400C4040400000000001F
:1008140000000000000000000000000000000000D4
:1008240000000000000000000000000000000000C4
:1008340000000000000000000000000000000000B4
:1008440000000000000000000000000000000000A4
:100854000000000000000000000000004300000051
:100864000000000000000000000000000000000084
:100874000000000000000000000000004300000031
:100884000000000000000000000000000000000064
:100894000000000000000000000000004300000011
:1008A4000000000000000000000000000000000044
:1008B40000000000000000000000000043000000F1
:1008C4000000000000000000000000000000000024
:1008D40000000000000000000000000043000000D1
:1008E4000000000000000000000000000000000004
:1008F40000000000000000000000000043000000B1
:1009040000000000000000000000000000000000E3
:100914000000000000000000000000004300000090
:1009240000000000000000000000000000000000C3
:10093400000000000000000000000000BDDC030017
:1009440075D0030000000000B60304008003040017
:1009540029060400290604002906040029060400C7
:1009640029060400290604002906040029060400B7
:1009740029060400FFFFFFFFFFFFFFFFFFFFFFFF4C
:10098400FFFF0000010041534349490000000000FB
:100994000000000000000000000000000000000053
:1009A40000000000000041534349490000000000DA
:1009B4000000000000000000000000000000000033
:1009C4000000000000000000016202003562020025
:1009D40025660200B5D202000DD7020015110300EE
:1009E400B9570300F171030045770300597D0300F3
:0C09F400E183030079C2030011620200DD
:040000033000AE8992
:00000001FF
