:020000022000DC
:106000000000042061AE0300A1AE0300A3AE0300B4
:10601000A5AE0300A7AE0300A9AE03000000000078
:10602000000000000000000000000000DDAD0300E3
:10603000ADAE030000000000FDAD0300B1AE0300F3
:106040004DB00300B3AE030021830300C575030008
:1060500079760300B3AE030065870300B3AE030097
:10606000B3AE0300B3AE0300B3AE0300B3AE0300A0
:10607000B3AE0300B3AE0300B3AE0300B3AE030090
:10608000B3AE030061AB0300B3AE0300B3AE0300D5
:10609000B3AE0300B3AE0300B3AE0300B3AE030070
:1060A000B3AE0300B3AE0300B3AE0300B3AE030060
:1060B000B3AE0300B3AE0300000000000000000018
:1060C000B3AE0300B3AE0300B3AE030039B60300B2
:1060D000B3AE0300B3AE0300B3AE0300F16C020035
:1060E0006D830300B3AE0300B3AE030000000000F5
:1060F00000000000B3AE030000000000B1B60300D2
:10610000000000000000000000000000000000008F
:10611000000000000000000000000000000000007F
:10612000000000000000000000000000000000006F
:10613000000000000000000000000000000000005F
:10614000000000000000000000000000000000004F
:10615000000000000000000000000000000000003F
:10616000000000000000000000000000000000002F
:10617000000000000000000000000000000000001F
:10618000000000000000000000000000000000000F
:1061900000000000000000000000000000000000FF
:1061A00000000000000000000000000000000000EF
:1061B00000000000000000000000000000000000DF
:1061C00000000000000000000000000000000000CF
:1061D00000000000000000000000000000000000BF
:1061E00000000000000000000000000000000000AF
:1061F000000000000000000000000000000000009F
:10620000F1EE103A43F08073E1EE103A704700BFB0
:1062100010B5054C237833B9044B13B10448AFF3E0
:1062200000800123237010BDBC630020000000002B
:10623000B411040008B5034B1BB103490348AFF385
:10624000008008BD00000000C0630020B4110400FD
:10625000154B002B08BF134B9D46A3F5803A002138
:106260008B460F461348144A121A16F0C5FF0F4BFF
:10627000002B00D098470E4B002B00D098470020F1
:10628000002104000D000D48002802D00C48AFF397
:10629000008016F0F1FE2000290014F033FE16F005
:1062A000C5FE00BF00000800000004200000000040
:1062B00000000000BC630020009D002000000000E2
:1062C000000000000146014800F08EBAF46300208F
:1062D00038B5064B1D783DB100242046013400F04E
:1062E00049FEE0B28542F9D838BD00BFF063002016
:1062F000407DFF2806D010B500F088FD044618B197
:10630000204610BD0020704715F04EFB204610BD02
:10631000407DFF280ED000B583B00DF1070100F0DD
:10632000C9FD20B19DF8070003B05DF804FB4FF0F4
:10633000FF30F9E74FF0FF30704700BF407DFF2886
:1063400011D000B583B001220DF1070100F06AFD04
:1063500020B94FF0FF3003B05DF804FB9DF8070053
:1063600003B05DF804FB4FF0FF307047407DFF281D
:1063700001D000F0FFBD7047407DFF2801D000F044
:106380003FBE0020704700BFF8B50646407DFF289D
:106390001CD017465AB10D46144600F011FD29468F
:1063A000224680B1707D00F08FFD241A01D138465D
:1063B000F8BD054415F0F8FA707D00F001FD29469E
:1063C00022460028EED13F1B3846F1E70020F8BDF9
:1063D0000AB32DE9F043524991F81C6191F81D511F
:1063E00091F81E7193B0994614467B1CAA1C8046F6
:1063F000B01C81F81C0181F81D2181F81E3101A813
:106400004222002116F0F8FEB9F1410F05D8002014
:1064100013B0BDE8F083422070478DF806608DF818
:106420000E608DF82660721C40F20126D2B2ADF8E3
:106430001060DFF8F0C08DF81E20242640F6083EDC
:106440006B1C8DF827208DF83120ADF804E08DF815
:1064500016608DF820608DF82460CDF818C00426F1
:106460004FF0060C65F07F0540F209424FF0010E37
:1064700098F81410ADF80C208DF81CE005228DF86A
:106480001F608DF830608DF822C040F207568DF8FD
:1064900025C08DF82A5020464FF0030E63F07F048C
:1064A0004FF0080C02234FF411658DF814108DF88D
:1064B00007308DF808308DF809308DF812308DF8DE
:1064C00021308DF815208DF823208DF82BE08DF8E4
:1064D0002CC04FF00A0EADF82E504FF0400C01A921
:1064E000ADF8286007258DF833308DF840208DF801
:1064F0004140422244F20204ADF838608DF83B304E
:106500008DF83A708DF834E08DF83CC08DF83F502E
:10651000ADF8424016F04CFE422013B0BDE8F083C7
:10652000F463002020010524A0F11000FFF750BF04
:1065300070B50368184A5B6882B093428DF8071003
:1065400024D10546407DFF281DD000F039FC0DF117
:10655000070601243146224688B1687D00F0B4FC6C
:10656000241A02D1012002B070BD064415F01CFAB5
:10657000687D00F025FC314622460028EDD1C4F1AB
:10658000010002B070BD002002B070BD01220DF10B
:106590000701984702B070BD89630200437DFF2B5D
:1065A00000D07047094B1A78002AFAD110B500F1D3
:1065B000100442750649204601221A7000F0E0F9E5
:1065C00021460448BDE8104000F0F0B8F063002018
:1065D00058FE0300F4630020407DFF2807D000B57B
:1065E00083B000F0EDFB20B103B05DF804FB0020A8
:1065F0007047019015F0D8F9019803B05DF804FBDD
:1066000001B900B1704700B583B0694600F0EEFBF8
:10661000009BB3F5966F02D003B05DF804FB00F069
:106620007DFBF9E730B4084B084A4FF47F4102F193
:106630000805002430324FF47A7099821D60C3E956
:1066400001401A6130BC7047D863002068FE030027
:106650002DE9F0410024484E2546435D4719A3B17A
:1066600003F14002D2B2012A0AD9F42B08D81A0643
:106670000ED44FF0010EA3F55842B2F5006F56D27A
:1066800001354719435D002BEAD12046BDE8F08172
:1066900003F0E002C02A57D003F0F002E02A66D0EF
:1066A00003F0F802F02AEBD103F007024FF0040EDA
:1066B0007B7803F0C00CBCF1800FE1D197F802C0E9
:1066C0000CF0C00803F03F03B8F1800F43EA8213D7
:1066D000D6D10CF03F0CBEF1030F4CEA83132DD042
:1066E000FA7802F0C007802FCAD102F03F0242EAD6
:1066F0008313A3F58032B242C2D8A3F55847B7F549
:10670000006FBDD3B3F5803F05F1040510D31E2CF7
:10671000BBDC6300970A0B44C2F30902A7F52057BC
:10672000A2F5105221F814705A80023495E775448E
:10673000202CAAD021F8143001348EE7A3F5006292
:10674000B2F5784F97D39BE77A7802F0C007802F95
:1067500003F01F0394D102F03F0242EA8313A3F136
:106760008002B2F5F06F8BD24FF0020E83E703F098
:106770000F024FF0030E9BE7FFFF0F0090F8503120
:106780000B2B0CD871B103F1480210B45C1C80F8DB
:10679000504140F822105DF8044B18467047002322
:1067A000184670470B461846704700BF70B5044640
:1067B0000E68B4F81821B4F81A31656936689B1A66
:1067C00008469BB294F81C112A44B04758B1B4F85B
:1067D00018216369104480B2A4F81801588094F815
:1067E0001C211A71012070BD2DE9F043284DDFF8FE
:1067F000B090AC4604468846BCE80F0089B003AFB1
:106800000FC703AE0FCE05F1140E25460FC59EE847
:106810000700DCF800303B806B4636682E8003C3EF
:106820006B4603CB012504F118034FF480766361B6
:10683000A061E16184F8202004F59870C4F81891F3
:106840002022A4F81C61002184F81E5116F0D4FC0B
:1068500040F20947042240F2EF230E4E0E48C4F8DE
:1068600028010021C4F82C1184F85021A3804FF492
:10687000E131A571C4F82071C4F824610748FFF71D
:106880008DFE404600F038FA284609B0BDE8F08396
:106890009CFE0300CCFE0300D8FE0300D86300205A
:1068A0000900000100487047F4630020014B58695B
:1068B000704700BFF46300202DE9F04F89B0F8B1B4
:1068C000032816D02B4C94F8503183424FD94830CE
:1068D00004F5AA7154F82000FFF7BAFEC0B20130E7
:1068E000400040F44070A4F85201234809B0BDE8CC
:1068F000F08F204CD4F82C0150B104F5AA71EBE7CD
:106900001C4CD4F82031A4F854314FF44170EAE71C
:10691000684600F005FA054610B300F1FF3A0DF1A4
:106920000103164FE94653FA8AFAA64604AE97E8E1
:106930000F0019F801CB86E80F000CF00F080DF1DD
:10694000200BD8440BEB1C1C18F8108C1CF8103CC6
:10695000AEF85681D145AEF854310EF1040EE6D1B1
:106960006800C0B20130400040F44070BBE7002036
:10697000BCE700BFF463002046650020BCFE0300B6
:1069800010B504460248FFF7F9FE207110BD00BFA4
:10699000F463002030B5144C236883B013B3186837
:1069A00051B90AF049FB236893F90400012103B0AF
:1069B000BDE8304015F06EBB0C4B00930025012361
:1069C0008DF805308DF8045002AB13E906000AF08B
:1069D000CFFA236893F90400294603B0BDE830409C
:1069E00015F058BB03B030BD8865002080BA8C011B
:1069F0000448006828B108B500680AF023FB0120AC
:106A000008BD704788650020084B1B6843B141B939
:106A1000074B4022C3F88020BFF34F8FBFF36F8F27
:106A20007047034B40221A60704700BF8865002002
:106A300000E100E0024B53F8200000B1C06870474D
:106A40008C65002030B4094CBDF8085054F8204043
:106A500044B1246934B10846A44611461A462B466F
:106A600030BC6047002030BC704700BF8C65002000
:106A700030B4084CBDF8085054F8204044B1646963
:106A800034B10846A44611461A462B4630BC60472E
:106A900030BC70478C65002000207047024B18689E
:106AA00008B190F860007047946500202DE9F84324
:106AB000234C2568002D3CD01E462C2303FB00539D
:106AC0001746D3F8209088460446B9F1000F32D01B
:106AD000484617F04DFA2C2303FB0454D4E909541B
:106AE000DFF864C0174B08280246494628BF082231
:106AF0004046002D08BF6546002C08BF1C4616F016
:106B000057FB284617F034FA10280246294628BFBA
:106B10001022384616F04CFB204617F029FA0428BC
:106B200002462146304628BF0422BDE8F84316F04D
:106B30003FBBBDE8F883DFF814900820CBE700BF27
:106B40009465002008FF0300F8FE0300ECFE03003C
:106B500070B5104E3368D3B12C2404FB00340546C5
:106B600062691AB19047336884F832002C2202FB24
:106B7000053393F8324014B10124204670BD2846F5
:106B800023463A22022101F0E7F8204670BD1C4658
:106B9000204670BD94650020074B1B6853B110B4AC
:106BA0002C2404FB0030C46A038E0C6013805DF853
:106BB000044B7047704700BF9465002008B5202241
:106BC0000023052101F0C8F84FF0FF3008BD00BFD9
:106BD00030B4094C24685CB10D4611462C2202FBEE
:106BE0000044E46924B11A462846234630BC1847BD
:106BF000012030BC704700BF9465002030B4094CC0
:106C0000029A246854B10D462C2101FB0044A4686B
:106C100024B119462846234630BC18474FF0FF30B0
:106C200030BC70479465002030B4094C029A246847
:106C300054B10D462C2101FB0044E46824B11946EF
:106C40002846234630BC18474FF0FF3030BC704711
:106C500094650020044B1B682BB12C2202FB0030F2
:106C6000036903B11847704794650020054B1B6802
:106C70002BB12C2202FB0030836903B1184701209D
:106C8000704700BF9465002005F0DCBB00B5164BD3
:106C900083B04022002483F8272301A90123204642
:106CA0008DF804308DF8054002F0DAFE4FF0804395
:106CB00002A8D3F8385400F8084D14F081F90B4BB2
:106CC000019301A814F0A8F914F0B8F9EB0707D460
:106CD00000214FF0FF3002F04DFFFFF7F9FAF7E720
:106CE000204605F0AFFBF3E700E100E0896C02000D
:106CF000002005F01DB800BF00B5002383B00322BB
:106D0000CDE9002303490448C82212F0E9FE03B08C
:106D10005DF804FB0CFF03008D6C020014F0F8BF5B
:106D20004FF08052536E1BBA0360136E1BBA436060
:106D3000082070470048704714FF030070B51E4CD0
:106D40002368D3B1012901D0012070BD1578C5F3A6
:106D50004115012D13D0022D0FD15478012C21D0D3
:106D6000022CF1D19388072B07D1144C11462389AB
:106D70002246BDE8704003F035BE002070BD51785A
:106D80002229E1D111465288003218BF01225A75DA
:106D900003F010FE2268D369002BD5D0507D9847B0
:106DA000284670BD9C69002CE7D011462378224606
:106DB000BDE8704003F016BE986500200460002016
:106DC00010B5044602F034FE08B9002010BD02F0F0
:106DD00037FE0028F9D1044B4FF4367202FB04341D
:106DE000207900F0010010BD1C660020064A4FF417
:106DF000367303FB00230833186808609A889B7970
:106E00008B718A80704700BF1C66002008B5044A59
:106E10004FF4367303FB0020103002F055FC08BD20
:106E20001C6600202DE9F8434FF4367404FB00F48F
:106E30001E4E4FF6FF73074604F110054FF6FE7025
:106E4000824288BF1A463544284692B202F066FC58
:106E5000804602F0EDFD10B94046BDE8F88302F02F
:106E6000EFFD81460028F7D13444E378002BF3D0BE
:106E7000284602F041FC3F28EED9E178484603F06D
:106E8000E7FC0028E8D0284602F036FC3F2804D86A
:106E9000E178484603F0ECFCDEE7054AE178484635
:106EA00002EBC712402303F0F3FCD5E71C66002079
:106EB0009C650020034A4FF4367303FB002010301A
:106EC00002F096BC1C6600202DE9F8434FF436759D
:106ED00005FB00F5244F4FF6FF73064605F1240429
:106EE0004FF6FE70824288BF1A463C4492B220465A
:106EF00002F0B8FC8046204602F0E6FB3F2802D8AC
:106F00004046BDE8F88302F093FD0028F8D002F077
:106F100097FD81460028F3D1204602F0D5FB0028DA
:106F2000EED03D444846A97803F092FC0028E7D013
:106F30000E4B402202EBC6161E442046314602F09C
:106F4000EDFB034660B13246A978484603F0A0FC49
:106F50000028D5D1064B1B68DB07D1D500BECFE793
:106F6000A97803F085FCCBE71C6600209C65002017
:106F7000F0ED00E02DE9F041804602F059FD10B936
:106F80000020BDE8F08102F05BFD07460028F7D144
:106F90004FF4367404FB08F4164E04F1240535440E
:106FA000284602F091FB0028EAD026443846B17802
:106FB00003F04EFC0028E3D040220F4B02EBC81830
:106FC00098442846414602F0A9FB044660B1424677
:106FD000B1783846234603F05BFC40B9074B1B6889
:106FE000DB07CDD500BECCE7B17803F041FC2046ED
:106FF000C7E700BF1C6600209C650020F0ED00E0A4
:1070000008B5044A4FF4367303FB0020243002F025
:1070100073FB08BD1C66002070B5204C82B00021B7
:107020004FF4367220460D4616F0E6F8FF234FF473
:10703000E132082604F138016371A26001234FF4A4
:107040008072009504F11000A67302F001FB144B4E
:107050001B78C3F38003009304F59C7101234FF464
:10706000807204F1240002F0F3FA04F50E7101209D
:1070700011F07AFF04F522710646012011F074FF29
:1070800006B130B9074B1B68DB0700D500BE02B064
:1070900070BDC4E90756C4E90C05F8E71C6600207A
:1070A000B8600020F0ED00E038B5094C206A256B8F
:1070B00020B112F07DFB0023C4E907332DB128462F
:1070C00012F076FB0023C4E90C33012038BD00BF69
:1070D0001C66002010B50E4C0E482378002202607A
:1070E0000271DA0709D59B070DD521780A48C1F34B
:1070F0008001BDE8104002F063BC103002F040FC9B
:1071000023789B07F1D4044802F03AFCEDE700BF76
:10711000B86000201C660020406600202DE9F04188
:107120004B79022B82B004D00025284602B0BDE87E
:10713000F0818B79022BF7D1364EB3782BB1364BD9
:107140001B68DB07F0D500BEEEE78B7833700C7858
:107150000C4407466378242B4FF009050BD1082A0D
:1071600002D822E0AA4220D323781C441D4463782D
:10717000242BADB2F6D0052B38D0042B15D1637972
:107180000A2B12D1254A94F8008001920223013281
:107190000092384604EB08011A4603F095FA0028DD
:1071A000CDD00E3518FA85F5ADB202F041FC0028BD
:1071B000BBD002F045FC04460028B6D1F378002B82
:1071C000B3D0174802F098FA3F28AED9F17820469C
:1071D00003F03EFB0028A8D0114802F08DFA3F28AA
:1071E000F17811D8204603F043FB9EE7214638464C
:1071F00003F00AFB0028A2D0A378737023781C4404
:107200001D44ADB26378B8E7064A2046402303F038
:107210003FFB8AE71C660020F0ED00E01E660020C0
:107220002C6600209C65002038B5137803F06003BD
:10723000202B01D0002038BD294C938825789D4211
:10724000F8D15378203B032BF4D8DFE803F008157E
:107250001E02012936D0032939D0012038BD012969
:107260000CD00329F9D11F4B002BF6D01E4900206A
:10727000AFF30080012038BD0129EED1114607236C
:10728000194A03F0AFFB012038BD01291AD00329A8
:10729000E3D1164B55881B781548257113F004016E
:1072A0001CBFE94301F0010102F08AFB114B002BE6
:1072B000D3D0C5F3400205F001010020FFF7A0F98B
:1072C000012038BD114603F075FB012038BD0A4B83
:1072D000002BC2D051880020AFF30080BDE700BF73
:1072E0001C6600200000000024660020B86000201A
:1072F0004066002001660200000000002DE9F04712
:107300005F4CE2788A420D4680461F4659D15D4E59
:107310009AB2314604F1100002F0A4FA5A4BC3B1FC
:107320006379FF2B15D0A7B106EB070A04F110090A
:1073300002E056450DD0637916F8012B9A42F8D138
:10734000484602F0D1F90028F3D16179AFF300800B
:10735000EFE74E4B23B14E4802F0C6F9002863D048
:1073600002F066FB002862D1A3789D4202D0012082
:10737000BDE8F087474B13B10020AFF3008002F067
:1073800057FB00282BD1444802F09EF90028EED18B
:10739000002FECD017F03F07E9D1A178404603F069
:1073A00057FA0028E3D0A17840463B463A4603F01E
:1073B0006FFA0028DBD1394B1B68DA070CD500BE09
:1073C000D6E7A3788B42D5D0344B1B68DB0703D5B7
:1073D00000BE0020BDE8F0870020BDE8F08702F085
:1073E0002FFB05460028CED12B4802F06DF900286E
:1073F000C9D0A178284603F02BFA0028C3D0402238
:107400002749254802F08AF9034600282CD028464F
:10741000234AA17803F03CFA0028A8D11F4B1B682F
:10742000D907B0D500BEAEE7AFF3008098E702F011
:1074300007FB0646002897D1E378002B94D0144828
:1074400002F05AF93F288FD9E178304603F000FA6C
:10745000002889D00E4802F04FF93F28304607D85F
:10746000E17803F005FA7FE7A17803F001FA8AE7F3
:107470004023044AE17803F00BFAA37875E700BFD4
:107480001C6600209C650020000000000000000039
:107490002C6600200000000040660020F0ED00E0B7
:1074A000DC650020704700BF01207047704700BFB7
:1074B000704700BF044B0022C3E90022C3E9022247
:1074C000C3E90422704700BF746A0020012070479E
:1074D000044B0022C3E90022C3E90222C3E90422CB
:1074E000704700BF746A00202DE9F0434B79032BED
:1074F00083B004D00024204603B0BDE8F0830B79AC
:10750000C3EBC3041234A4B2944205D9254B1B68C3
:10751000DA07EFD500BEEDE7234A5578002D3ED0BF
:10752000557B002DF2D102F10C054FF4A0770E78B7
:107530008A1992F801C0BCF1210FE7D1AA608946EF
:10754000895D80466E1CA81C1144CDE900061A46D0
:107550004046032303F0B8F80028D7D099F8063046
:10756000A978012B04BF99F80730EB700123AB71A8
:1075700099F80220AB682A70B3F80730AB80002975
:10758000B9D00A4A40463A44402303F081F9002822
:10759000B1D1044B1B68DB07ADD500BEABE7154688
:1075A0008027C4E7F0ED00E0746A0020F468002052
:1075B0002DE9F047137803F01F06012E82B003D0A7
:1075C000002002B0BDE8F087DFF80882978898F8BD
:1075D0000040FFB2BC4200F0B08098F80C40BC42C2
:1075E000EED13746B4464FF0C00E4FF0130A4FF0BD
:1075F000120913F060030C460546164604D1012912
:1076000000F0A4800120DCE7202BD9D15378013B86
:107610000A2BD5D801A252F823F000BFF176020060
:10762000E7760200D1760200C1750200C175020042
:10763000C1750200C1750200C17502009176020099
:10764000697602004976020001291BD00329D9D1AD
:1076500073880C2606FB0786DBB260461946B371B9
:10766000FFF720FF0120ACE70129CBD173880C2262
:1076700002FB07871B0A60461946FB71FFF714FFE0
:1076800000289DD03146284603F094F9012098E760
:10769000012900F086800329B4D1F48871884B4B0E
:1076A000402C4FEA1122204628BF402011F0FF0154
:1076B000734407D0012C05D91C788C4202D10138C3
:1076C00080B2013300906046FFF7D2F9012078E7DD
:1076D000012997D108EB090231462846234603F0D9
:1076E00081F920466DE701298CD108EB0A02F3E706
:1076F000012987D1F3887188344F402B4FEA11223A
:10770000184628BF402011F0FF01774454D0012BC8
:1077100052D9013880B239707B1C00906046FFF767
:1077200091F90444A3B2002B49D1294A1268D20727
:107730007FF546AF00BE184643E74FF0000E774690
:10774000F4464FF0070A4FF0060952E75378062B2C
:107750007FF436AF53881B0A212B12D0222B7FF4E3
:107760002FAF6046FFF766F97B001F4408EB8708E0
:10777000024631462846B8F8043003F033F9204673
:107780001FE77B001F4408EB8708D8F80820002A71
:107790003FF416AF1378314602B0BDE8F04703F06E
:1077A00021B9F388402B3FF60BAF084A31467244AB
:1077B00003F018F9204604E73B460024ADE73A46BB
:1077C0003146284603F00EF90120FAE6F46800205D
:1077D000F0ED00E0746A0020F0B52C4CA6786578D6
:1077E0008E4283B0074610D0A9422CD0A07B657B87
:1077F00088423FD0A94244D0254B1B68DA0702D407
:10780000002003B0F0BD00BEFAE780264FF0400C28
:107810000020A9429BB21AD01E4D3544FAB90093FC
:1078200011462B460222FFF723F92A46A178384653
:10783000402303F02DF80028E3D1154B1B68DB072C
:10784000DED500BEDDE74FF0400C00209BB21149B1
:1078500061444AB91A46FFF729FE0120D1E72A46BA
:107860000221FFF725FEE0E70A460121FFF720FE8F
:107870000120C6E70C344FF4A0764FF4807C012041
:10788000C7E74FF4807C0120E0E700BF746A002066
:10789000F0ED00E0F468002070B5194C82B00021D2
:1078A0000D464FF4EC72204615F0A6FC04F13801A9
:1078B0000123802204F11000009501F0C9FE04F1BB
:1078C000B80101238022009504F1240001F0C0FEDC
:1078D00004F59C71012011F047FB04F5C4710646C4
:1078E000012011F041FB30B9064B1B68DB0700D5C6
:1078F00000BE02B070BDC4E90756C4E90C05F8E744
:107900000C6B0020F0ED00E038B5094C206A256BC7
:1079100020B111F04DFF0023C4E907332DB12846F3
:1079200011F046FF0023C4E90C33012038BD00BF2D
:107930000C6B002010B5084C002304F11000C4E9C2
:107940000033C4E9023302F01BF804F12400BDE85F
:10795000104002F015B800BF0C6B00202DE9F04379
:107960004B79012B83B004D00025284603B0BDE835
:10797000F0838B79012B0C46064616D049780429F2
:10798000F2D10025032BEFD1E379002BECD1DFF806
:10799000FC8098F8013013B998F802700FB3384B97
:1079A0001B68DB07E0D500BEDEE7CB79002BDBD11F
:1079B0000B781C449DB2617824290BD1954202D9E1
:1079C000D2E7AA42D0D323781C442B4461782429DF
:1079D0009DB2F6D00429C7D16379012BC4D1A37914
:1079E000D0E7A37888F8003094F8009021794D44CE
:1079F000ADB2A14439B925E099F800308F421D4459
:107A0000ADB299441ED2AA421CD399F80130052B7D
:107A1000F2D149463046019202F0F6FE019A002862
:107A2000BDD099F80230D90914BF88F8013088F820
:107A3000023099F80030217901371D44FFB2ADB210
:107A40009944D9E70F4801F057FE3F288DD998F89F
:107A50000210002002F0FCFE002886D0094801F048
:107A60004BFE3F2898F8021003D8002002F000FFD8
:107A70007BE7054A4023002002F00AFF75E700BFBC
:107A8000F0ED00E01C6B0020CC6A00200C6B0020A5
:107A900000207047F8B53C4DAA788A421F4612D1A3
:107AA0009AB23A4905F1100001F0DCFE384B13B1EF
:107AB0000020AFF30080374801F01EFE3F282CD88D
:107AC00001242046F8BD6B788B4208D0324B1C68ED
:107AD00014F00104F5D000BE00242046F8BD06468F
:107AE00005F1240001F0F0FD40BB2C4801F0ECFD55
:107AF0000028E5D1002FE3D017F03F07E0D16978E7
:107B0000304602F0A5FE04460028D9D069783046F8
:107B10003B463A4602F0BCFED3E7A978002002F0CB
:107B200097FE04460028CBD01A4801F0E5FD3F2817
:107B3000A9781ED8002002F09BFEC2E769780020D9
:107B400002F086FE0028D0D04022154905F124001D
:107B500001F0E4FD034690B1114A6978002002F07B
:107B600097FE0028ACD10C4B1B68DB07BDD500BECF
:107B7000BBE7064A4023002002F08AFEA1E76978AD
:107B800002F076FEB1E700BF0C6B0020CC6A00204B
:107B9000000000001C6B0020F0ED00E0306B0020C6
:107BA0008C6A002030B4114B9C689A6B93F83C505F
:107BB00083F82C10A21A022183F830109A6225B99A
:107BC00042F2050183F83E50998744B13AB11A7BDD
:107BD000D20906D193F82F1030BC02F099BE30BC08
:107BE000704793F82E1030BC02F092BEE46E002075
:107BF00038B5214B214C05461BB1607BFFF736F8A9
:107C0000A8B1A06BA36894F82F101D4A1B1AB3F5F6
:107C1000007F28BF4FF4007328469BB202F038FE65
:107C200020B9184B1B68DB0700D500BE38BDA26821
:107C3000A36B84F83E0042F20771D31A0120A1879A
:107C40000221A36284F82C0084F83010002AEDD0C1
:107C5000002BEBD0237BDB0906D194F82F102846AC
:107C6000BDE8384002F054BE94F82E102846BDE816
:107C7000384002F04DBE00BF6D6C0200E46E002083
:107C8000E46C0020F0ED00E070B5304CE28AA368AF
:107C900052BA92B286B0054612B1B3FBF2F292B27A
:107CA000A66BD4F81110607B9B1BB3F5007F28BF37
:107CB0004FF4007309BA0093B6FBF2F302FB1362B0
:107CC0001944234BFEF79AFF031E20DB94F82E2065
:107CD0000DD011469BB228461D4A02F0D9FDA0B92D
:107CE0001C4B1B68DB0710D500BE06B070BD072417
:107CF000194603A88DF80C508DF8102005938DF8C7
:107D000011308DF80D4002F0B7FB06B070BDA268CF
:107D1000A36B43F602200021D31AA08784F83E10FB
:107D200001200221A36284F82C0084F83010002A7C
:107D3000EBD0002BE9D0237BDB0914BF94F82E1085
:107D400094F82F10284602F0E3FDDEE7E46E0020F1
:107D5000E46C0020F0ED00E010B4054C012084F844
:107D60003C1084F83D2084F83E305DF8044B7047A9
:107D7000E46E002040220021014815F03DBA00BF0A
:107D8000E46E002040220021014815F035BA00BF02
:107D9000E46E00204B79082B01D0002070478B79CE
:107DA000062BFAD1CB79502BF7D1162A06D81C4BCB
:107DB0001B68D907F1D500BE0020704770B5194D7A
:107DC0008B7885F82D300B7882B005F12F0205F104
:107DD0002E0619440223CDE900261A46044602F075
:107DE00073FC48B90E4B1B68DA0702D500BE02B01F
:107DF00070BD002002B070BD204695F82F100A4AD1
:107E000000241F2385F8304002F042FD30B9044BB6
:107E10001B68DB0702D500BE1720E8E71720E6E75E
:107E2000F0ED00E0E46E0020E46C0020012901D0B8
:107E300001207047F0B5137803F07F01022985B067
:107E4000054606D003F06003202B1AD0002005B0B1
:107E5000F0BD5478012CF5D15388002BF6D1434E58
:107E6000918896F83030042BC9B279D096F82E401C
:107E70008C423DD096F82F408C4257D0012005B05F
:107E8000F0BD5378FE2B16D0FF2BDFD15388002B8B
:107E9000DCD1D488A3B2002BD8D1344E1146284669
:107EA00086F83030C6E90D33B48786F83E3002F0EC
:107EB00081FD0120CBE75388002BC7D1D388012B4C
:107EC000C4D12B498DF80F3000294DD00192FEF717
:107ED000E5FD019A0028B9D0431EDBB204AC11467F
:107EE00004F8013D28462246012302F07BFDC5E748
:107EF000022BC3D1B26BB3681E4F9B1AB36206F15B
:107F000020030FCB07C73A46214602F80C39032459
:107F100028460D2386F8304002F0BAFC0028ADD187
:107F2000154B1B68DB0791D500BE90E7002BA5D150
:107F3000214602F0DFFC0028A0D12146284602F0AD
:107F400005FD00289AD1002496F82F10094A86F8DA
:107F5000304028461F2302F09BFC0028E0D08DE72C
:107F600002F0D6FC204672E70B46B7E7E46E00202D
:107F70009D6A0200E46C0020F0ED00E02DE9F04184
:107F8000B44C94F83050012D8EB01E46074645D0B3
:107F900028D3032D05D0022D5FD001200EB0BDE8FF
:107FA000F08194F82E308B42F7D10D2EF5D1E37B82
:107FB000282B00F01A812A2B40F00D81A64B13B11B
:107FC000607BFEF747FE002594F82F10A34A84F843
:107FD00030501F23384602F05BFC002861D094F833
:107FE0003050D8E794F82F508D42D6D11F2B06D1B0
:107FF000DFF868829A4BD8F800209A4271D00423A7
:1080000094F82E1084F83030384602F081FC38465F
:1080100094F82F1002F07CFC0020BFE7B3F5007F3E
:1080200008D9904B1B68D90700D500BE00200EB0C0
:10803000BDE8F081E27BA36B282A00F087802A2A22
:1080400000F08F80217B626B1E44CB09A66336D083
:1080500096422CD3022384F8303094F82E10384600
:1080600002F074FC002898D1A368A26B94F82E60EB
:10807000934202D9217BC9092ED19B1A7A4AA36265
:108080000FCA764D07C52A46314602F80C3903253A
:1080900038460D2384F8305002F0FAFB00287FF4B4
:1080A0007CAF704B1B68DB07C0D500BE76E76D4B1D
:1080B0001B68DA0793D500BE94F830506BE793B293
:1080C000607B664A04F10F01FEF778FD0028C0F2DC
:1080D0009F80A66B626BBBE73146384602F018FC06
:1080E0005BE7C446BCE80F0026460FC69CE80F00BD
:1080F00007C626F8023B1B0C3370D4E90123E17B51
:108100005A4E626201200022282963632662A2621D
:1081100084F82C20A26384F8300000F0AD802A2976
:1081200000F0DF80002B00F0EF80227BD20940F0CE
:10813000EB80B3F5007F00F26F819BB22946474A7E
:10814000384602F0A5FB0028ABD048E7626B1E441E
:108150009642A663BFF47EAFFFF796FD94F83050C9
:1081600019E7E28A52BA92B21AB1A168B1FBF2F2EF
:1081700092B2D4F81110394DB3FBF2FC09BA02FBEC
:108180001C32607B009661442B46FEF74DFD0028B3
:10819000C0F2FB81864230D9361A40B1A36B291850
:1081A00013FA80F332462846A36315F00CF8002337
:1081B00094F82F508DF818500722194605A88DF80D
:1081C000147007968DF819308DF8152002F054F9C7
:1081D00094F83050DFE6264B002B3FF4F4AE04F168
:1081E0000F01607BAFF30080EDE6224B002B3FF4E4
:1081F000EAAE607BAFF30080E5E6D4E90D231E44D0
:108200009642A663BFF426AF3846FFF7F1FCE6E6D8
:10821000A368A66B94F83C1084F82C509A1B02209B
:10822000A26284F8300021B942F2050084F83E10C1
:10823000A087002B3FF44EAF002A3FF44BAF237BC7
:10824000DB0940F0E58194F82F10384602F060FB1E
:108250003FE700BFE46E0020556C0200E46C002094
:1082600055534243F0ED00E0046F00205553425354
:108270000000000000000000E28A52BA92B20BBB7C
:10828000002A3FF4E7AE94F83C10A362022284F87F
:108290002C2084F8302000297FF4DFAE42F2050163
:1082A0000022A18784F83E20002B3FF4D6AE237B2A
:1082B000DB0940F09A812946384602F029FB94F800
:1082C000305068E6207BC00913D0002A00F080817E
:1082D000B3FBF2F2002A00F0A3812829384694D19A
:1082E0003AE7E28A52BA92B2002BC9D0207BC00989
:1082F000EBD094F83C10A362022284F82C2084F87E
:1083000030200029CAD0D2E7667B252900F22B81D4
:10831000DFE811F0220129012901E50029012901E5
:1083200029012901290129012901290129012901FD
:108330002901290129012901BD002901290129015A
:108340002901290129012901990087002901290111
:10835000710029012901290129014C002901260068
:10836000304604AA05A9FEF717FC059B002B00F078
:108370004481BDF81020002A00F03F81013B1BBA68
:1083800012BAC8E900320820A368002B44D09842F2
:1083900028BF184683B26063A64A94F82E10384668
:1083A00002F076FA00283FF47CAE18E605AD002313
:1083B0000DF10E02304604A96B600593AB60FEF729
:1083C000EBFB049A002A00F01881BDF80E30002B58
:1083D00000F0138112BA082106925BBA0222ADF8AE
:1083E0001E308DF817108DF81C2095E8070088E8DE
:1083F00007000C20C8E7904B03B33046227DE17C98
:10840000AFF30080D0B994F83C302BB943F6022288
:108410000023A28784F83E3001213846FFF7C2FBD3
:10842000DDE5864B53B1E17C3046C1F3400301F0FA
:1084300001020909FEF7CCFB0028E4D0A368002B59
:108440003FF408AEE8E79DF816307D49002203F0BE
:10845000800362F3C7138DF8163003238DF81520BF
:108460008DF817208DF81430002900F0E180304697
:10847000FEF7FCFB9DF8163080F0010060F3C71397
:108480008DF81630059BC8F8003004207CE74FF0CB
:10849000203302250022CDE90522304607A909AA8A
:1084A00008934FF0800C079309930D93CDE90A339D
:1084B0000C931F260DAB8DF816508DF8175005AD97
:1084C0008DF818608DF815C0FEF7F0FA0FCD594EF3
:1084D0000FC60FCD0FC62B683360242054E794F8E5
:1084E0003C2094F83D0094F83E10DFF848C1DFF8D6
:1084F00058E14FF000084FF00003CDE90588CDE9C1
:10850000078862F303038DF81630F0220A23ADF8D2
:1085100024808DF820008DF821108DF814208DF81E
:108520001B3005AD0FCDACE80F002B68ACF8003068
:10853000BEF1000F76D0ACF1100130464FF400725E
:10854000AFF300800028A4F83C8084F83E800FDB65
:1085500000283FF473AF17E73046FEF7F9FA00281A
:108560003FF451AF6AE794F83C30002B7FF454AFEE
:10857000A38E304A3349607BFEF720FB0028FFF6CC
:108580004BAF00283FF45AAFFEE6A36BA2681E442F
:1085900043F602200021931BA08784F83E1001209F
:1085A0000221A663A36284F82C0084F83010002A0C
:1085B0003FF453AD002B3FF450AD237BDB0914D1C6
:1085C00094F82F10384602F0A3F994F83050E2E402
:1085D000012294F83C1084F82C200222A36284F833
:1085E000302000293FF45AAE5EE694F82E1038464B
:1085F00002F08EF994F83050CDE494F83C30002B22
:108600007FF40AAF43F6022284F83E30A28703E7E4
:1086100094F82E10384602F07BF9D4E90D2617E5C0
:108620000222D6E7A4F83CE084F83EE01220ABE654
:1086300001201FE7E46C002000000000D16B020065
:108640006D6C0200F36E00200000000070B5134C4A
:10865000134E84B020464FF4AE72002114F0CCFDCE
:108660004025002304F58E720092CDE901561A468A
:10867000194604F1B000039504F068F92E4404F1A2
:1086800070020023CDE90025CDE90265201D1946C1
:10869000012204F05BF904B070BD00BFA46F00209C
:1086A000246F002010B5054C04F1B00004F07AF9F5
:1086B000201D04F077F9012010BD00BFA46F002039
:1086C00038B5074C2046002500F8B85B01F058F992
:1086D00004F10C0001F054F984F8B150657138BD13
:1086E000A46F00204B79FF2B01D0002070472DE9AB
:1086F000F04FDFF824B19BF8B13083B04BBB9BF84F
:10870000053033BB0B788A460AEB02050AEB0304FB
:1087100089788BF80010A542064614D91AF8032070
:10872000A3189D420FD36278042A0CD00B2A0AD0DA
:10873000052A0BF1B8080BF1B0070BF10C0917D0A3
:108740009D421C4609D8A4EB0A0080B203B0BDE8E4
:10875000F08F002003B0BDE8F08F1A7813449D42DB
:10876000F1D36278042AEED00B2AECD0052AE7D1A7
:108770002146304602F048F8002843D0A378DB09B0
:1087800005D19BF8B1301BB32278A318D8E79BF82A
:108790000530002BF8D14846019301F0F1F8A2789A
:1087A0008BF80520A2889BF804C0019B1849C2F3EE
:1087B0000A02A2F50072B2FA82F2520962F3410C87
:1087C00018468BF804C004F037F92278A318B7E7ED
:1087D000404601F0D5F8A3788BF8B130A3889BF818
:1087E000B020C3F30A03A3F50073B3FA83F35B0964
:1087F00063F34102394630468BF8B02004F064F947
:108800000028C1D1034B1B68DB07A2D500BEA1E73E
:10881000A86F0020F0ED00E0A46F002070B51C4CA4
:1088200094F8B1208A4205461E460FD1B4F8BC2008
:10883000F2B9184B23B1B2B217490020AFF3008050
:108840002846164904F040F9012070BD63798B4237
:1088500001D0002070BD124B1BB1B1B20020AFF3AC
:1088600000801049284604F0E7F848B1012070BDA7
:10887000B2B2D4F8B41004F1B80000F0F3FFD8E7B6
:1088800032462846074904F099F8012070BD00BF20
:10889000A46F002000000000246F0020547000200E
:1088A00000000000A86F0020F8B50E688D88B7782A
:1088B0003544AE420BD23B469F42344603D10BE0D7
:1088C0006378042B05D023781C44A542F8D80020F7
:1088D000F8BDA3789F42F6D1E3789A42F3D1A5423E
:1088E000F5D9237D012B06D9144B1B68DA07EED589
:1088F00000BE0020ECE723790D46DBB1012BE6D169
:108900002278E389617A1344114423442144994233
:1089100004D3DCE70A7811448B42D8D94A78052A77
:10892000F8D101F071FF28B9044B1B68DB07CED5E5
:1089300000BEF8BDA41BEC800120F8BDF0ED00E006
:10894000C28832B9654B1B68DB0700D500BE00202A
:108950007047F0B40378624803EB830403EB4403ED
:10896000C058831803D08E781C7BA64207D95B4B76
:108970001B68D90700D500BE0020F0BC70472EB997
:10898000012C01D90120F8E701268E7001248C60AA
:10899000C1F80E404C7700256FF03F0481F822505B
:1089A0008C766FF003056FF06404CD760C774D4D37
:1089B000C1F81E50082481F82340825CB3F80D40B2
:1089C00014441C441344A342D1D2474F9D78102D28
:1089D0000CD827FA05F0C04310F0010006D1DA7870
:1089E000964203D107E05A78242AEFD01A7813442C
:1089F0009C42F8D8BBE79C42B9D0062D06D0102D7A
:108A000004D0042DB9D1012248730A73CF781A79A2
:108A1000974218D81FB9012AB4D80127CF701A7805
:108A20001A44A2420FD2967806F0FD0CBCF1050F55
:108A30000FD0112E03D10CE05678242EF3D01678E7
:108A400032449442F8D8254B1B68DA0794D500BE0F
:108A500093E7D678B742F2D19442F4D0D1F81240DD
:108A60008CB9062D30D0102D2ED0042D09D1B2F89E
:108A70000560B2F807505C7D05FB06F304FB03F4C8
:108A8000E408C1F812404B6863B9557E012D3FF6EA
:108A900079AFD2F81A3025B9D2F81E209A427FF465
:108AA00071AF4B60114AA2FB03235A0BCBD0631E5C
:108AB0001344B3FBF2F30233B3F5807F28BF4FF4C6
:108AC0008073C1F816305DE7B2F80530B2F80740A0
:108AD00004FB03F42401E408D3E700BFF0ED00E059
:108AE0000071002003010101501001005917B7D196
:108AF0002DE9F84F0B785D4C03EB83050E4603EB35
:108B000045030989E7589146804679B13944CB78C5
:108B100003F00303012B00F09480738933B13B44CD
:108B2000DA7802F00302012A00F091807488B58897
:108B300000233C44B381F38133827382B382F38296
:108B40003D44A278AC4238BF134609D29A4203D1C1
:108B50000CE06378042B06D023781C44A542F8D897
:108B60000020BDE8F88FA3789A42F5D1E3789945C3
:108B7000F2D1A542F4D994F804A0BAF1020F15D8A5
:108B8000E31BF380B9F1000F16D023781C44BAF12F
:108B9000000F4CD04FF0000B06E06378052B28D077
:108BA000042B03D023781C44A542F6D8304B1B6815
:108BB000DA07D5D500BED3E7737F012B12D006F1BB
:108BC0001E03494686F81D90A6F81890A6F81A903C
:108BD0001846302214F010FB01463046FFF7B0FE75
:108BE0000028BDD023781C44BAF1000FD2D1012057
:108BF000B7E7E37803F00303B9F1000F01D0012BCD
:108C000018D0022BACD12146404601F0FDFD28B31F
:108C100006EB4B03E21B1A8122780BF101039A4504
:108C200014444FF0010BBFD8B9F1000FDFD002237D
:108C30007377DCE7A388B269C3F30A039342E2D2F5
:108C40008EE700233381897801F08EFE65E70022EC
:108C500072819978404601F087FE67E7044B1B68F4
:108C6000DB077FF57DAF00BE7BE700BF0071002012
:108C7000F0ED00E010B4064C06480023C4E90033D0
:108C80001946C4F807304E225DF8044B14F0B4BA0C
:108C9000007100200C7200200120704710B4064CB7
:108CA00006480023C4E900331946C4F807304E22B1
:108CB0005DF8044B14F0A0BA007100200C72002083
:108CC0002DE9F0414B790E2B04D04FF000084046BF
:108CD000BDE8F0818B79012BF7D1CB79012BF4D151
:108CE0003E4E33682BB13E4B1B68DB07EDD500BE13
:108CF000EBE714460F461A46314605463760B48006
:108D0000FFF7D2FD0028E0D0F2883368B978134429
:108D10003C44A74293F814C03B4605D308E05A7878
:108D2000042A4DD00B2A4BD01A7813449C42F6D813
:108D3000BCF1000F4ED02B494A88002AD3D1D81B52
:108D40001FFA80F83272A1F802809C4293F802E088
:108D50000A8098BF034605D80BE05A78042A2BD026
:108D60000B2A29D01A7813449C42F6D8DB1B1FFA31
:108D700083F80022BCF1010FA1F804804A77B2D138
:108D800017FA80F017FA83F3984281780AD2827832
:108D90008A4203D118E04278042AF8D002781044BD
:108DA0008342F8D8284600220E49FFF7A1FE00288A
:108DB0008BD0A6F804808AE79A787245D2D0D5E79E
:108DC0009A788A42B0D0B3E7C278012AE6D18342CA
:108DD000EFD1E7E7DB1B1FFA83F8EAE70071002019
:108DE000F0ED00E00C7200202DE9F047167806F057
:108DF0001F04012C8CB004D0002420460CB0BDE828
:108E0000F087DFF8F892B2F804C0D9F80070804615
:108E100015465FFA8CF317B1BA789A422CD0B44F4A
:108E20007C88002CE9D03A7802EB820002EB400209
:108E300059F802E07444A2789A42DDD1C6F3411693
:108E4000F3B2002B00F09C80012B12D15FEA1C2CA6
:108E50000FD16B881B0A022B00F02E81062B00F02D
:108E60001781012B00F0F580A24B1B68DB0700D5B2
:108E700000BE07233B77BFE7C6F34116F4B2002CD0
:108E800047D0012C25D15FEA1C2C26D0B9F806204A
:108E9000BB18B95CDA89114419448B420ED29A7816
:108EA000023A052A06D8DA78624503D107E05A78F3
:108EB000242AF4D01A7813449942F8D849B10023EF
:108EC00089F80930012498E78A4B1B68D90700D537
:108ED00000BE072389F809308EE76B881B0A012B37
:108EE00000F09580022BEFD16B78812B00F0478149
:108EF000862BE9D10129E2D10B46404629467E4A1C
:108F000001F070FD0028DAD1FF2389F80930002430
:108F100073E76B780A2B4AD00B2B3ED10129CED1B7
:108F2000EB88002BF0D1B9F80630FA181179A9B105
:108F3000F85CD189537A0144034413440A449342B0
:108F400005D395E119780B449A4240F29181597802
:108F50000529F7D19978404601F006FD0026A9F8C9
:108F600006606A8865494046FFF79EFC0446002873
:108F7000CAD02946404601F01DFD89F809603CE74A
:108F80006B780A2B27D00B2B7FF46EAF012900F0F2
:108F9000BD8000233B7701242FE7564B1B6813F05D
:108FA00001032FD107221C4689F8092025E7012952
:108FB00085D1EB88012BA7D1B9F80620BF18A3D023
:108FC0000CAAF97802F8301D294601F00BFD044681
:108FD0000028D2D198E70129DBD1EB88012B35D1CC
:108FE000FB889BB31EEB030330D00CAADB7802F89E
:108FF000303D40460B46294601F0F4FC044628B3B8
:109000003E77FAE600BE072389F80930F5E66B786B
:10901000812B00F0D180862B00F0BE80012B7FF4E5
:1090200053AF012900F0CB8002297FF448AF344BC5
:10903000002B3FF444AF99F80A100020AFF30080F2
:10904000B0FA80F489F809006409D6E6FF233B777B
:10905000D2E67B7F0BB187F81DC06C78842C61D879
:10906000822C65D2012C00F00A81812C7FF4FCAEA9
:1090700001298ED1EB883BB1294640463023214A55
:1090800001F0B0FC002884D1FF233B770024B4E634
:109090006B78812B00F0A180862B7FF4E5AE01294F
:1090A0007FF477AF294640460123134A01F09AFC2A
:1090B00000287FF46EAFE7E76B78812BD8D040F2C1
:1090C000B080852B00F09780862B7FF4CDAE0129F0
:1090D0007FF45FAFEB88012BD6D10B464046294683
:1090E000094A01F07FFC00287FF453AFCCE700BFB2
:1090F0000C720020F0ED00E04DFF03000071002035
:10910000000000002A7200204EFF03006A883946E2
:109110004046FFF7EDFC002898D02946404601F074
:1091200049FC36E7862CD2D065D3872C7FF49CAEE1
:1091300001297FF42EAFEB88002BA5D0B64EE9466F
:1091400006F1300A30687168B268F368CC46ACE862
:109150000F0010365645E146F4D19DF80210002963
:1091600040F09F80832C00F08381872C00F0648185
:10917000822C00F0618108233B7700243DE6012921
:109180007FF49DAE294640460123A44A01F02AFC03
:1091900000287FF494AEB7E601297FF490AEEB8807
:1091A000012B7FF4B1AE294640469D4A01F01AFCDE
:1091B00000287FF484AEA7E601297FF480AEEB8817
:1091C000012B7FF4A1AE294640460123954A01F0C8
:1091D00009FC00287FF473AE96E601297FF4D9AE2E
:1091E0000B464046294607F11C0201F0FBFB002814
:1091F0007FF4CFAE48E701297FF4CBAEEB88022B9A
:109200007FF442AF0CAA302122F8301D4046294697
:1092100001F0E8FB044600283FF436AF00233B771B
:10922000EBE5012B7FF420AE01293FF425AF0229A5
:109230007FF4AFAE7849A1F11E00FFF781FB044631
:1092400060B3794B7A6BBA613BB1734A79783878FD
:10925000AFF3008000287FF49CAE74490023022005
:109260004FF480720880C7E903337B61BA83C4E599
:109270006F4B1B68D8077FF547AE00BE44E6012957
:109280003FF4FAAE02297FF484AE6349A1F11E00D7
:10929000FFF756FB044600287FF47BAE08233B779C
:1092A000ABE59DF8030000287FD1FA88002A3AD068
:1092B0001EEB020337D01EF80220B3F80D005D4EFE
:1092C00010441844134498420FD99A78102A04D8AD
:1092D00026FA02F2D20700F1D5801A781344984298
:1092E000F1D95A78242AF8D1EDE70346832C5AD0D5
:1092F000872C4CD0822C7FF43EAF01218DF80310D7
:109300001A781A44904237D9947804F0FD06052E55
:1093100010D0112C0ED0147822449042F2D95478F7
:10932000242CF8D1EEE7424B1B68D9077FF523AF19
:1093300000BE20E7D478A142EDD1997806291DD04E
:1093400010291BD004297FF416AFB2F80510B2F82B
:1093500007205B7D02FB01F203FB02F3DB08CDF883
:1093600012306A4629464046302301F03BFB044652
:1093700000283FF489AE51E70246DEE7B2F8051057
:10938000B2F8073003FB01F31B01DB08E7E79A782B
:10939000062A06D0102A02D0042A7FF4ECAE997D6A
:1093A000ACE79979AAE71979A8E7019B002BD8D1F6
:1093B000FA88002AB7D01EEB0203B4D01EF802E0F0
:1093C000B3F80D20DFF86CC072449E1873449E42BF
:1093D0000ED99A78102A03D82CFA02F2D20756D462
:1093E0001A7813449E42F2D95A78242AF8D1EEE72B
:1093F00033461A7813449E4264D99A7802F0FD01EC
:10940000052948D0112A46D01A7813449E42F2D931
:109410005A78242AF8D1EEE72A7200200971002038
:109420004EFF03000A710020000000000C710020B4
:10943000F0ED00E05010010001238DF8023001230F
:109440004FF00112029300230392ADF810304FF653
:10945000C0428DF8223040F29B13ADF81A20ADF8CF
:109460001C30404ACDF81E2008238DF8233078E7C1
:10947000FB88002BE3D01EEB0303E0D01B7B8DF8B1
:109480000230DCE7DA7891427FF427AF2EE7DA7812
:109490009142A5D1ADE7DA789042B5D1823C052C56
:1094A0003FF669AE01A252F824F000BF2D950200EC
:1094B00011950200F3940200779102007791020067
:1094C000C99402003346E9E7D3F8151042F210734D
:1094D000B1FBF3F3019100293ED0DDF812208BB9E6
:1094E000931CB3F5807F28BF4FF48073CDF81630FE
:1094F00037E75A7E72BBD3F8221042F21073B1FBE9
:10950000F3F3E7E7013A1A44B2FBF3F30233E8E777
:109510005A7ECAB1053203EB8202D2F80210D3F8A8
:109520001A3042F21072B3FBF2F3D3E75A7E72B1F3
:10953000053203EB8202D2F80220D3F81A1042F26D
:109540001073B2FBF3F3C5E7D3F81E10E7E7D3F8C7
:109550001E20F2E7002301930023ADF81630ADF88A
:109560001830FEE6030101012DE9F84F334C238941
:1095700053B12278324F02EB820502EB45057D594B
:109580002B449F788F420AD02E4B1B68DB0703D5F4
:1095900000BE0020BDE8F88F0020BDE8F88FD4E9B8
:1095A00004369E4205460BD327490023C4E9033302
:1095B000636119B161781046AFF300800120E9E7DB
:1095C00001F046F90028E7D0DFF88090A36999F808
:1095D0000000D4E9042BA2EB0B0808EB00069E4226
:1095E00028BF1E46B04213D9164B1B6813F0010367
:1095F00001D000BE002339462846144A01F048F93C
:109600000028DBD10F4B1B68DA07C5D500BEC1E7C8
:10961000E168A6EB000A59444844524613F0C8FDDD
:109620000BEB0A03D0456361B3B2E4D199F8012092
:1096300042F0020289F80120DDE700BF0C72002031
:1096400000710020F0ED00E0000000000C7100202F
:109650002DE9F041B2F5004F9DF8188030D804464E
:10966000C0681E460F46154618B14FF0FF310FF087
:10967000E9FE206918B14FF0FF310FF0E3FEE288F8
:10968000E068276066F30E02C2F30721002368F347
:10969000C711E2806381A580E171238118B11A4668
:1096A00019460FF087FA206938B100231A46194687
:1096B0000FF080FA0120BDE8F0810120BDE8F081C3
:1096C0000020BDE8F08100BF03894289808892B202
:1096D0009BB2934236BFC2EB40029B1A9B189BB2CF
:1096E000984228BF18467047028943899BB2981A4E
:1096F000B0FA80F04009704703894289808892B2AD
:109700009BB2934236BFC2EB40029B1A9B189BB29E
:10971000984286BFC01A80B2002070472DE9F843F6
:10972000054600690E46174618B14FF0FF310FF09D
:1097300089FE2B896989A8889BB289B28B4236BF82
:10974000C1EB40045C1AE418A4B2002C4AD0A04239
:1097500006D283422CBF191A191889B269810446AE
:10976000BC4228BF3C468842A4B203D8091A89B239
:109770008842FBD9EA882B68401AC2F30E0887B2E8
:109780001FFA88F2BC4202FB013125D917FB08F908
:109790001FFA89F94A46304613F00AFDE21B12FB14
:1097A00008F206EB090092B2296813F001FD6A89FC
:1097B000A88892B211198BB29A4215D940001B1A8F
:1097C0009BB228696B8120B100231A4619460FF01D
:1097D000F1F92046BDE8F88302FB04F2304613F0AD
:1097E000E7FCE4E769898BB240008342E9DBE6E706
:1097F00038B5054600690C4618B14FF0FF310FF03F
:1098000021FE29896B89AA8889B29BB2994236BF09
:10981000C3EB4200C81A401880B200B3824209D29A
:1098200091422CBF8B1A8B189BB29A426B8103D842
:109830009B1A9BB29A42FBD9EA882968C2F30E02AE
:10984000204602FB031113F0B3FC0124286920B168
:1098500000231A4619460FF0ADF9204638BD0446DC
:10986000F4E700BF2DE9F0471446002A4FD0054623
:10987000C0680F4618B14FF0FF310FF0E3FDEA79F1
:109880002E896989AB88D209B6B289B242D18E429B
:1098900036BFC1EB4301711A891989B2994252D27C
:1098A000591A89B28C42E88828BF0C46C0F30E08CA
:1098B000B342304603D8C01A80B29842FBD21B1A7A
:1098C0002A681FFA83F9A14508FB002047D219FB3B
:1098D00008FA1FFA8AFA5246394613F069FCA4EBDB
:1098E000090212FB08F207EB0A0192B2286813F092
:1098F0005FFCA3199BB2AA88B3424FEA420201D38C
:10990000934201DB9B1A9BB2E8682B81F8B9204691
:10991000BDE8F087E8889C42C0F30E080FD28E4263
:1099200023D3721A92B2580022448242C0DBCE186E
:10993000361BB6B2B14220D9361AB6B2B8E7E41A2D
:1099400008FB0477B3B9E86800240028DFD00023BF
:109950001A4619460FF02EF92046BDE8F08708FB9D
:1099600004F2394613F024FCC3E75800421A32448B
:1099700092B2D9E70E461C4698E7B04298DCDBE786
:1099800010B50446C06818B14FF0FF310FF05AFD12
:10999000206918B14FF0FF310FF054FDE06800234B
:1099A0006381238118B11A4619460FF003F9206923
:1099B00020B100231A4619460FF0FCF8012010BD13
:1099C00038B5C379B1EBD31F1FD00446C0680D462C
:1099D00018B14FF0FF310FF035FD206918B14FF08D
:1099E000FF310FF02FFDE379E06865F3C713E371F2
:1099F00020B100231A4619460FF0DCF8206920B187
:109A000000231A4619460FF0D5F8012038BD00BFD3
:109A1000704700BF704700BF0020704700207047AC
:109A2000704700BF704700BF704700BF704700BF5E
:109A3000024B5878003018BF01207047B4720020E4
:109A4000024B1878C0F38000704700BFB47200204A
:109A5000024B1878FF3818BF0120704718610020AA
:109A60002DE9F047374E3378FF2B82B004D0012523
:109A7000284602B0BDE8F087002946D03822884643
:109A800007460021304813F0B7FB304B3049002522
:109A900001201D700FF068FA2E4B1860002834D09A
:109AA0002D4C2346626833F80C0B618800950FF04B
:109AB0000FF8A16805460FF09FFE284B1D6075B397
:109AC000274B23B12748AFF30080274B1860254C64
:109AD000DFF89CA02278DFF8909000252B460EE05E
:109AE000D9F8003013EB45130FD05B686BB1984782
:109AF00022780135EDB2511DA9422B4615DBAA4251
:109B0000EED89B1A0AEB4313EFE7184B1B68DA07F2
:109B100000D500BE0025284602B0BDE8F087134BF3
:109B20001B68DB07F6D500BEA2E741463846377012
:109B300001F050FE05460028F1D0384601F04CFEF9
:109B400096E700BF18610020B4720020B4730020B3
:109B500064720020EC720020BC600020F0720020D3
:109B600000000000607200205C720020F0ED00E058
:109B700050FF0300B94B1B78FF2B00F0A1812DE9AA
:109B8000F04F04468BB04FF47A7200238002A10D8F
:109B900013F092F8B24DDFF8E4B2B24E8246671C81
:109BA000286800F02481002C00F02181BAF1000F18
:109BB00014BF5246012207A90FF0B2FAC0B19DF8B6
:109BC0001D30013B072B00F21481DFE813F0F20097
:109BD000D300CA00BF00B700410014000800089B72
:109BE0000BB10998984728680FF0D8FD0028D6D106
:109BF0000BB0BDE8F08F9DF820109B4B01F07F0764
:109C000003EB470303EBD11393F826006FF3000037
:109C100083F8260093F826006FF3820083F826006D
:109C2000002F00F04581914A1B7D12789342C0F0CD
:109C30003381501D9842C0F234819B1A0BEB4313C1
:109C40009F699DF82120099B9DF81C00B847CAE731
:109C5000874A1378002B00F024811378013BDBB294
:109C60001370137803F0FF00002BBCD1DFF8F891DC
:109C70009DF81C8099F8003043F0010389F800300A
:109C800099F8263060F3000389F8263099F82630D9
:109C900060F3820389F8263099F8273060F30003D7
:109CA00089F8273099F8273060F3820389F8273044
:109CB00000F002FF9DF8203003F06002602A00F0FF
:109CC0000681402A00F00A8103F01F03012B00F0F7
:109CD000D581C0F01281022B40F0F9809DF824104C
:109CE00001F07F07082F00F2F2807B00C809019382
:109CF0004B44034400905D481F7D03789F4280F0F1
:109D00000F82336803EB4717002A00F0108257B127
:109D1000786900F0D1FE7B69404608AA0121984786
:109D200000287FF460AF9DF81C00002101F0BEFF09
:109D300080219DF81C0001F0B9FF54E74A4B1B78C5
:109D4000D8077FF550AFFFF771FE4CE7464B1A7806
:109D5000D7077FF548AF1878C0F3C000FFF764FE5F
:109D600041E7414BDB78D9077FF53DAF0898FFF716
:109D700051FE38E73D4F9DF81C903A7800239846F5
:109D800010E0336813EB481300F08080DB6848462E
:109D900098473A7808F101085FFA88F8511D88451C
:109DA000434645DC9045A3EB0203EAD30BEB431398
:109DB000ECE72E4F9DF81C903A78002398460FE070
:109DC000336813EB48135BD0DB68484698473A7812
:109DD00008F101085FFA88F8511D884543460FDCF9
:109DE0009045A3EB0203EBD30BEB4313ECE72246C6
:109DF000E1E6204B1B68DA077FF5F5AE00BEF2E620
:109E000038220021184813F0F7F91B4A4FF0FF33AE
:109E1000C2E90533C2E90033C2E90233D3611384D6
:109E2000136100F03FFE104B9DF820209A70DAE697
:109E3000382200210C4813F0DFF90F4A4FF0FF33AE
:109E4000C2E90533C2E90033C2E90233D3611384A6
:109E5000136100F027FEFFF7E5FDC4E6186100205E
:109E6000F07200205C720020B4720020607200204A
:109E7000B4730020F0ED00E0B872002050FF030042
:109E8000A44B1B68D907CCD500BECAE7A14B1B6801
:109E9000DA07DED500BEDCE7326812EB43137FF44D
:109EA000CFAE9C4B1B68DB077FF5A2AE00BE9FE6E2
:109EB000099B9DF821209DF81C0000F013FE92E6FE
:109EC0007047FCF7F3FC0246002840F0E981914B13
:109ED0001B68DA077FF527AF00BE24E78E4800280D
:109EE0003FF421AF00F0E8FD404608AA0121FCF74D
:109EF00025FF00287FF477AE15E7202A00F0F180D7
:109F0000002AE4D19DF82130092BE0D801A252F8B3
:109F100023F000BF3BA002001BA00200CF9E020066
:109F20005DA00200CF9E0200FD9F0200A99F0200DB
:109F3000CF9E0200939F02003D9F02009DF82230B9
:109F400001931A4699F801309A4200F0548199F829
:109F50000130002B40F05481019B89F80130002B27
:109F600000F04781581EC0B2FCF7A0FC18B143783E
:109F7000022B00F0C181674B1B68DB0700D500BED8
:109F8000644B1B68D80700D500BE002389F8013058
:109F9000C9E60AAA99F8013002F80E3D40460123AD
:109FA00008A900F01FFD1EE6BDF82200030A5A1E94
:109FB000C0B20E2A3FF6B7AE01A151F822F000BFA1
:109FC000B3A202008FA202007FA20200279D02001E
:109FD000279D020061A202008FA20200279D0200BD
:109FE000279D0200279D0200279D0200279D020059
:109FF000279D0200279D0200E3A2020008A800F0AE
:10A0000061FD40469DF8221001F0ECFB99F800300C
:10A0100043F0020389F80030E5E5BDF82230012B5A
:10A020007FF481AE99F8003040466FF3C30308A96E
:10A0300089F8003000F0BEFCD5E599F800309908A9
:10A0400001F00201C3F340130AAA0B4322F80E3DAC
:10A050004046022308A900F0C5FCC4E5BDF8223043
:10A06000012B7FF460AE99F80030404643F00803BE
:10A0700008A989F8003000F09DFCB4E59DF8243073
:10A080000F2B3FF650AE4B44244A1B791778BB4246
:10A0900038D2376817EB43173FF445AE786900F0C4
:10A0A0000BFD7B6908AA01214046984700287FF4F0
:10A0B0009AAD9DF8203013F060077FF434AE9DF820
:10A0C00021300A3B012B3FF62EAE00F0F5FC9DF847
:10A0D00021300A2B00F0FC8008A9404600F06AFC01
:10A0E00081E59DF824300F2B3FF61DAE4B440B4A03
:10A0F0001B791778BB4260D2376817EB43173FF4E0
:10A1000012AE05E67A1D9A42FFF60DAEDB1B0BEB95
:10A110004317C3E7F0ED00E03D6D020060720020E0
:10A12000581DB84239DA002A7FF4FDAD17469DF874
:10A130002130012B03D036D3032B7FF4C8AEBDF8FA
:10A1400022200292AAB9B84A012B10783DD001F022
:10A15000ADFD019B009A4B44134493F8262042F036
:10A16000020283F8262093F8262042F0010283F8A9
:10A170002620002F3FF437AD786900F09DFC7B6905
:10A18000012108AA40469847002000F095FC99F864
:10A190002730D9073FF527AD9EE7FB1A0BEB431796
:10A1A000002AC4D0B4E5019B009A4B4413442033E9
:10A1B0000AAA9B79C3F3400348E77A1D9A42FFF647
:10A1C000B2ADDB1B0BEB4317A2E501F097FD019B42
:10A1D000009A02994B44134493F8262061F34102FC
:10A1E00083F8262093F8262061F3000283F82620C6
:10A1F000BFE7FFF717FC404608A900F0DBFBF2E4DD
:10A200000021404601F000FB404601F09FFB874FD4
:10A2100099F802300293002300943A781C460CE02F
:10A220000BEB4313DB68404698473A780134E4B2BD
:10A23000501D8442234600F3CE809442A3EB0203D8
:10A24000EED2336813EB4413ECD1794B009C1B68BE
:10A25000DB0700D500BE9DF8083089F802307BE6A8
:10A26000FFF7DAFB024600283FF45DAD4046137865
:10A2700008A900F0B7FB00287FF4B5AC53E5BDF8A2
:10A280002410FCF719FB02460028EFD14BE5022B06
:10A290003FF417AEFFF7C2FB024600283FF443AD80
:10A2A0004046538808A900F09DFB00287FF49BAC32
:10A2B00039E5FCF7F7FA024600283FF408AE4046BD
:10A2C000122308A900F08EFB00287FF48CAC2AE54D
:10A2D0000AAA08A902F80E7D4046012300F082FB7D
:10A2E00081E4544B002B3FF41EADFCF723FD0246E6
:10A2F00000283FF418ADD3E7C27999F80030511126
:10A3000061F30413921162F3451389F80030438816
:10A31000CDF81080CDE900A4C318039300F109071C
:10A32000039BBB4237D97B780B2B03BF3B7897F855
:10A3300003A0FF184FF0010A7B78042B43D1039B45
:10A340003A4ACDF814A0DB1B00219BB2029112788F
:10A3500088469A4617E0346814EB481433D05246C6
:10A360003946049823699847082808F1010201D961
:10A37000824543D22D4B5FFA82F81A78CDF80880D7
:10A38000511D88451CDC029B9045A3EB0202E2D3E1
:10A390000BEB4214E3E7DDF81080DDE900A4FFF7E2
:10A3A0003FFB28E70246434604463946224802F06E
:10A3B000B1FA1E4B029A1B78053393422744AFDA59
:10A3C000DDE900A4D7E51A4B1B68DF07DDE900A42F
:10A3D0007FF5D6ADD3E5382200211848009C12F055
:10A3E0000BFF174A4FF0FF33C2E90533D3611384E3
:10A3F000C2E90033C2E9023313612CE7DDF814A08F
:10A40000BAF1010F1ED00021CBB2534501F1010179
:10A41000C8D2BA78134459FA83F31A79FF2AD2D1F1
:10A4200083F80480F0E700BF18610020607200200C
:10A43000F0ED00E0356D0200C8720020B47200201B
:10A44000B872002023690A4A0A498B4208BF4FF0BC
:10A45000020A9342D7D17B79012BD4D1BB79012B4E
:10A46000D1D1FB79002B08BF4FF0020ACBE700BF28
:10A470005D7902001D7102002DE9F0434378023B33
:10A4800085B005460E46042B0CD8DFE803F0495D85
:10A49000037E3F00844B1A78D70715D51A7842F00F
:10A4A00004021A70814B18688EB933464FF0FF32A0
:10A4B00029460EF07FFB003018BF0120F0B97C4B1D
:10A4C0001B68DB0700D500BE05B0BDE8F08304AA19
:10A4D000002342F80C3D29460EF07CFD019B43B160
:10A4E000744B4FF080525A6040BFBFF34F8FBFF3A1
:10A4F0006F8F003018BF01200028E0D03246697805
:10A500002878FFF785FA05B0BDE8F0836A4A13782A
:10A510000133DBB21370654B1868002ED7D1C4E746
:10A52000614B1A786FF300021A701A7800216FF3EA
:10A5300041021A7059701A7861F382021A705B4BEB
:10A540001868002EC3D1B0E75C4FDFF874913978FA
:10A55000DFF87081002423460AE0D8F8003013EBBE
:10A5600044130AD10134E4B24A1DA242234615DB4A
:10A570008C42F2D35B1A09EB4313DB69002BF1D059
:10A580006968287898473978ECE7474B1A78D407F8
:10A590009AD51A786FF382021A7083E7424C2378B7
:10A5A00058072FD5237841496FF3820323702B7806
:10A5B0008DF8043005220023CDF80A30CDF806309E
:10A5C000ADF80E3008688DF80520002E59D004AA89
:10A5D00001A942F8103D0EF0FDFC009B43B1354B44
:10A5E0004FF080525A6040BFBFF34F8FBFF36F8F61
:10A5F000003018BF012000284DD12D4B1B68D90712
:10A6000000D500BEE378DA077FF55EAF274A2B78E6
:10A61000696810688DF8043003220023CDF80A30F1
:10A62000CDF80630ADF80E3002918DF80520F6B168
:10A6300004AA01A942F8103D0EF0CCFC009B43B1E6
:10A640001C4B4FF080525A6040BFBFF34F8FBFF397
:10A650006F8F003018BF012000283FF430AF324622
:10A660009DF805109DF80400FFF7D2F92CE733465A
:10A670004FF0FF3201A90EF09DFA003018BF012003
:10A68000EAE733464FF0FF3201A90EF093FA0030AB
:10A6900018BF0120AFE732469DF805109DF8040071
:10A6A000FFF7B6F9AEE700BFB4720020F0720020E9
:10A6B000F0ED00E000ED00E0B473002060720020D7
:10A6C00050FF03005C7200202DE9F84F0A9F002A1A
:10A6D0004CD090464A78052A0C460ED1CE7806F02A
:10A6E0000306B34209D18A7802F07F02082A0DD905
:10A6F000204B1B68DA0700D500BE1E4B1B68DB072A
:10A7000002D40020BDE8F88F00BEFAE7DFF868B099
:10A71000DFF868A09BF8009000250EE06278052A1B
:10A72000EBD1E27802F00302B242E6D1A27802F065
:10A730007F02082ADCD89BF800909AF802100022C9
:10A74000204602F095F80028D2D04846214601F074
:10A750006FF80028D1D0A278D30916BF0B9B3A70AE
:10A760001A702278013545451444D7D10120BDE83F
:10A77000F88F00BFF0ED00E018610020B4720020F7
:10A7800030B51E4D85B0082400230290019303913B
:10A790008DF805402868144682B9134601A94FF088
:10A7A000FF320EF007FA003018BF0120E0B9144B59
:10A7B0001B68DB0700D500BE05B030BD04AA01A9A7
:10A7C00042F8103D0EF006FC009B43B10D4B4FF0DC
:10A7D00080525A6040BFBFF34F8FBFF36F8F00307E
:10A7E00018BF01200028E2D022469DF805109DF8F0
:10A7F0000400FFF70DF905B030BD00BFF072002076
:10A80000F0ED00E000ED00E038B58B7803F07F0359
:10A81000082B06D90B4B1B68DB0700D500BE0020B8
:10A8200038BD094A094B0C46204691781D78002214
:10A8300002F01EF80028EDD021462846BDE8384039
:10A8400000F0F6BFF0ED00E0B472002018610020C7
:10A85000CB09263301F07F010348044A03EB410191
:10A860000844116801F0BABFB4720020EC720020F5
:10A87000CB09263301F07F010348044A03EB410171
:10A880000844116801F0D6BFB4720020EC720020B9
:10A8900038B5154C01F07F0504EB450404EBD114E9
:10A8A0002034A079C00706D5104B1B68DA0700D505
:10A8B00000BE002038BDA5790D4845F0010500789F
:10A8C000A57101F0F1F80028F4D1A379074A60F3EB
:10A8D0000003A371A37960F38203A3711368DB07FC
:10A8E000E7D500BE38BD00BFB4720020F0ED00E037
:10A8F00018610020054B01F07F0203EB420303EBDC
:10A90000D11191F8260000F001007047B4720020C8
:10A9100010B50C4B18780C4601F0C8F90A4904F040
:10A920007F0301EB430101EBD41191F8263043F092
:10A93000020381F8263091F8263043F0010381F8B4
:10A94000263010BD18610020B4720020054B01F0C4
:10A950007F0203EB420303EBD11191F82600C0F311
:10A9600040007047B472002010B50F4B18780C46A9
:10A9700001F036F80D4904F07F0301EB430101EBD0
:10A98000D41191F826306FF3410381F8263091F805
:10A9900026306FF3000381F8263091F826306FF3EC
:10A9A000820381F8263010BD18610020B4720020A7
:10A9B000704700BF0A4630B4094C49680546106824
:10A9C000234603C30023C4E9023392F900209A42CC
:10A9D0002846ACBF802119461A4630BCFFF758BF45
:10A9E000F8730020F0B50E462B4C496807463068D6
:10A9F000A260254603C50021E181F588AB4228BF4E
:10AA00002B4683B0A381ADB13BB3002A3DD094F96E
:10AA10000000402B28BF402300282CDB1F4A38466B
:10AA2000FFF736FF98B91E4B1B68DB0712D500BE37
:10AA300003B0F0BD96F90030002BACBF802100219F
:10AA400038462B462A46FFF723FF0028EBD001208B
:10AA500003B0F0BD002003B0F0BD94F90020002A3F
:10AA6000ACBF194680211A463846FFF711FF00286F
:10AA7000D9D00120ECE71146084801931A4612F09C
:10AA800097FB064A019B8021EEE7054B1B68D9071F
:10AA9000E0D500BE1046CBE7F8730020B873002065
:10AAA000F0ED00E0034B0022C3E90022C3E90222DB
:10AAB0001A617047F8730020014B1861704700BF9E
:10AAC000F87300200346064A5968006810B413461C
:10AAD000002403C3C2E902445DF8044B704700BF81
:10AAE000F873002070B5404C2278C909B1EBD21F31
:10AAF00082B0064615D03BB13C4B1B68DA0700D547
:10AB000000BE002002B070BD2146FFF751FF23694F
:10AB1000002B40D02246304603219847012002B046
:10AB200070BD94F90020A068002A08DB0028E8D056
:10AB30001A462F49019312F03BFBA068019BE5895F
:10AB4000E2881D44ADB21844AA42A060E58101D05C
:10AB50003F2B23D8236923B1234A0221304698474B
:10AB600088B194F9002000239A42ACBF8021194695
:10AB700030461A46FFF78CFE68B91C4B1B68DB0792
:10AB8000BFD500BEBEE70146304601F08FF8304623
:10AB9000802101F08BF8012002B070BDA28994F9E8
:10ABA0000010531B9BB2402B28BF402300290ADB17
:10ABB00095424FF0000112D00D4A3046FFF768FE73
:10ABC0000028DAD0E7E795420BD001461A4608483C
:10ABD000019312F0EDFA8021054A019BEDE70A4648
:10ABE000EBE780210022E8E7F8730020F0ED00E0B9
:10ABF000B873002000B170470FF09ABF00B17047E2
:10AC00000FF0A0BF0138C3B2042B07D856230D4A5A
:10AC100003FB00F013181B79DB0706D40A4B1B68F3
:10AC2000DB0700D500BE00207047CB09363301F0AA
:10AC30007F0103EB4101054B08441044196801F002
:10AC4000CDBD00BF0C740020F0ED00E0BC7500200D
:10AC50000138C3B2042B07D856230A4A03FB00F07D
:10AC600013181B79DB0701D400207047CB0936335A
:10AC700001F07F0103EB4101034B084410441968C4
:10AC800001F0D8BD0C740020BC750020F0B5441E46
:10AC9000E5B2042D83B017D8562505FB04F5174EF1
:10ACA00001F07F0405EB4404344404EBD114303448
:10ACB000A779FF070BD5124B186810F0010001D0DF
:10ACC00000BE002003B0F0BD002003B0F0BD1F4661
:10ACD00013460A460146705DA579009745F00105C7
:10ACE000A57100F0BDFB0028ECD1A37960F300034F
:10ACF000A371A37960F38203A371E3E70C740020CE
:10AD0000F0ED00E02DE9F047764DAF798F4284B049
:10AD100091461E4604465BD0E2234FF0000AA9711B
:10AD20008DF809108DF80830ADF80CA0002E00F059
:10AD3000B380012103AF0DF10808FBF72BFE41465C
:10AD40003A4602232046FBF753FE51462046FBF7C6
:10AD500021FE9DF80C30EB702223D9F800908DF87D
:10AD60000730002E3ED020460121FBF713FE3A4665
:10AD70000DF1070101232046FBF73AFE9DF80C3048
:10AD8000EB704946082300222046FBF731FE20469F
:10AD90000021FBF7FFFD0026102241F2F2032046BE
:10ADA0000121EA71ADF80830ADF80C60FBF7F2FD57
:10ADB0003A46414602232046FBF71AFE314620461A
:10ADC000FBF7E8FD9DF80C30EB7004B0BDE8F087B0
:10ADD000222303AF0DF10808D9F800908DF8073051
:10ADE000002EC0D14FF0FF31E86D0EF02BFB314645
:10ADF0002046FBF709FE20460121FBF7CBFD3A4632
:10AE00000DF1070101232046FBF7F2FD9DF80C3000
:10AE1000EB703246082349462046FBF7E9FD3146F0
:10AE20002046FBF7B7FD20460121FBF7EDFD334639
:10AE300032463146E86D0DF0BDFE102241F2F203BC
:10AE40004FF0FF31E86DEA71ADF80830ADF80C60F5
:10AE50000EF0F8FA31462046FBF7D6FD20460121D8
:10AE6000FBF798FD3A46022341462046FBF7C0FD1A
:10AE700031462046FBF78EFD20460121FBF7C4FD3D
:10AE8000334632463146E86D0DF094FE9DF80C30A5
:10AE9000EB7004B0BDE8F0874FF0FF31E86D0EF0C5
:10AEA000D1FA31462046FBF7AFFD03AF2046012122
:10AEB0000DF10808FBF76EFD3A4602234146204695
:10AEC000FBF796FD31462046FBF764FD2046012145
:10AED000FBF79AFD334632463146E86D0DF06AFEC7
:10AEE00037E700BFC07500202DE9F04F4B781D07F4
:10AEF0000E4685B090460978044662D1DA0600F124
:10AF00004881B26812B1B288002A5AD1E24D03F0EA
:10AF10002006AB7966F07F068B42F6B200F06481C2
:10AF2000E2230027A9718DF809108DF80830ADF8DB
:10AF30000C70B8F1000F00F06C82012120460DF179
:10AF40000C090DF1080AFBF725FD51464A4602237C
:10AF50002046FBF74DFD39462046FBF71BFD9DF8CB
:10AF60000C30EB70F223EE718DF8096000268DF83D
:10AF70000830ADF80C60B8F1000F40F0D980E86DF2
:10AF80004FF0FF310EF05EFA41462046FBF73CFDE4
:10AF900020460121FBF7FEFC4A460223514620468B
:10AFA000FBF726FD41462046FBF7F4FC2046012135
:10AFB000FBF72AFD434642464146E86D0DF0FAFD97
:10AFC00045E0B54D13F02007AA7946D1914240F0F3
:10AFD000BE800DF10C090DF1080AB37813F0100FC3
:10AFE0000CBF10222022EA2300278DF809208DF8BB
:10AFF0000830ADF80C70B8F1000F00F0FA800121B4
:10B000002046FBF7C7FC02234A4651462046FBF781
:10B01000EFFC39462046FBF7BDFC9DF80C30EB7089
:10B020007378EB71F222012120468DF809308DF8FA
:10B030000820ADF80C70FBF7ADFC51464A460223E0
:10B040002046FBF7D5FC39462046FBF7A3FC9DF8CC
:10B050000C30EB7005B0BDE8F08F914240F0A1805C
:10B060000DF10C090DF1080AB37813F0100F0CBFA5
:10B0700040228022EA2300278DF809208DF808302D
:10B08000ADF80C70B8F1000F00F0E480012120460B
:10B09000FBF780FC514602234A462046FBF7A8FCFA
:10B0A00039462046FBF776FC9DF80C30EB70328871
:10B0B0002B899A422AD0B788F2887388BF1ABFB208
:10B0C0005B099F4228BF1F4617F0FF0740F0088129
:10B0D0003A23AF708DF8097000278DF80830ADF86D
:10B0E0000C70B8F1000F00F0D98001212046FBF769
:10B0F00051FC514602234A462046FBF779FC39466B
:10B100002046FBF747FC9DF80C30EB7033782B7230
:10B1100073786B727378EB71F22200268DF8093028
:10B120008DF80820ADF80C60B8F1000F3FF427AFA0
:10B1300020460121FBF72EFC51464A4602232046B9
:10B14000FBF756FC31462046FBF724FC7FE7E22361
:10B15000A9718DF80910ADF80C708DF80830B8F1B0
:10B16000000F00F0DE80012120460DF10C090DF1E9
:10B17000080AFBF70FFC51464A4602232046FBF71C
:10B1800037FC39462046FBF705FC9DF80C30EB7088
:10B1900023E7434606F10802FFF7B4FD05B0BDE81A
:10B1A000F08FE2230027A9718DF809108DF808307F
:10B1B000ADF80C70B8F1000F00F0D98001212046E5
:10B1C0000DF10C090DF1080AFBF7E4FB51464A4664
:10B1D00002232046FBF70CFC39462046FBF7DAFB3E
:10B1E0009DF80C30EB703FE70DF10C090DF1080AEA
:10B1F000B8E64FF0FF31E86D0EF024F941462046E5
:10B20000FBF702FC01212046FBF7C4FB02234A4660
:10B2100051462046FBF7ECFB41462046FBF7BAFBC4
:10B2200001212046FBF7F0FB434642464146E86DCC
:10B230000DF0C0FC9DF80C30EB707378E86DEB718D
:10B24000F2224FF0FF318DF80930ADF80C808DF807
:10B25000082097E64FF0FF31E86D0EF0F3F8414615
:10B260002046FBF7D1FB20460121FBF793FB4A4622
:10B27000022351462046FBF7BBFB41462046FBF725
:10B2800089FB20460121FBF7BFFB4346424641466E
:10B29000E86D0DF08FFC07E7C07500204FF0FF311F
:10B2A000E86D0EF0CFF841462046FBF7ADFB204697
:10B2B0000121FBF76FFB4A46022351462046FBF76C
:10B2C00097FB41462046FBF765FB20460121FBF733
:10B2D0009BFB434642464146E86D0DF06BFC12E78E
:10B2E00012238DF80730D6F808B0B8F1000F64D0FB
:10B2F00020460121FBF74EFB4A460DF107010123D1
:10B300002046FBF775FB9DF80C30EB7059463B4629
:10B3100000222046FBF76CFB00212046FBF73AFB9E
:10B32000D6E64FF0FF31E86D0EF08CF8414620462E
:10B33000FBF76AFB0DF10C09204601210DF1080A0B
:10B34000FBF728FB4A46022351462046FBF750FBF9
:10B3500041462046FBF71EFB20460121FBF754FB2C
:10B36000434642464146E86D0DF024FC0DE74FF0A0
:10B37000FF31E86D0EF066F841462046FBF744FBCE
:10B380000DF10C09204601210DF1080AFBF702FB23
:10B390004A46022351462046FBF72AFB41462046F7
:10B3A000FBF7F8FA20460121FBF72EFB4346424605
:10B3B0004146E86D0DF0FEFB12E74FF0FF31E86DFE
:10B3C0000EF040F841462046FBF71EFB20460121C7
:10B3D000FBF7E0FA4A460DF1070101232046FBF78F
:10B3E00007FB9DF80C30EB7042463B465946204621
:10B3F000FBF7FEFA41462046FBF7CCFA2046012136
:10B40000FBF702FB434642464146E86D0DF0D2FB96
:10B410005EE64FF0FF31E86D0EF014F8414620462D
:10B42000FBF7F2FA0DF10C09204601210DF1080A93
:10B43000FBF7B0FA4A46022351462046FBF7D8FAFA
:10B4400041462046FBF7A6FA20460121FBF7DCFA2D
:10B45000434642464146E86D0DF0ACFB7FE500BF38
:10B460002DE9F04102F07F0CBDF818E0D20981BB54
:10B47000BCF1000F5ED13E4EA6F160077178B47842
:10B4800082F0010262F345110A466FF3041244F0A0
:10B4900010017270B170B278B360032363F30302DA
:10B4A00000258046A6F804E0B270F5802846FFF734
:10B4B000A1FBBC7AC4BB01252046BD72FFF79EFBF1
:10B4C0002246404631462C46FFF70EFD2046BDE899
:10B4D000F08182F00108BCF1000F2ED0254F01222F
:10B4E0003C4604E00132142A04F10C0418D094F80C
:10B4F0006C508D42F6D102EB420507EB850595F8BD
:10B50000615005F00F066645ECD1C5F34015454581
:10B5100004F16C06BFD00132142A04F10C04E6D108
:10B5200000242046BDE8F0812846FFF767FB20464F
:10B53000BDE8F08182F00108D0E70E4F01243D46BE
:10B5400002E00134142CEBD095F86C608E4205F1CA
:10B550000C05F6D104EB4406B60007EB060C9CF88C
:10B5600061C01CF00F0FECD160363E4486E700BF8F
:10B5700020760020C075002042DF704743DF70470F
:10B5800044DF704712DF7047F0B5334CBFF35B8F79
:10B59000014604F590730125D3E84F2FC3E8405FBF
:10B5A0000028F9D1BFF35B8F12F0FF0F48D10829B3
:10B5B00029D04E01A21954F806C028489388284F74
:10B5C00001F5947601EB810E50F82660D2889A1A24
:10B5D00093B2B6B200EB8E0209B2B34228BF334633
:10B5E000C2F800C707EB8100C2F8043747F82150C2
:10B5F000BFF36F8FBFF34F8F1A4B984218D0043BA5
:10B60000984215D0F0BD154BD3F8C024D1030FD408
:10B6100094F80B1161B11449D4F80001C3F8A007E4
:10B62000C3F8A4270D60BFF36F8FBFF34F8FF0BD3A
:10B630000023BFF35B8F84F82031BFF35B8FF0BD35
:10B640000A4B0B485A68C2F30802003218BF0122A5
:10B65000BDE8F040FFF794B810770020007002407A
:10B6600028700240507002404870024000ED00E037
:10B67000E9B60200174BBFF35B8F01460122D3E806
:10B680004F0FC3E84C2FBCF1000FF8D1BFF35B8F15
:10B6900010F0FF0F14D10A60BFF36F8FBFF34F8F0D
:10B6A0000D4B994203D0043B994200D070470B4B9D
:10B6B000BFF35B8F002283F82021BFF35B8F7047BD
:10B6C000074B08485A68C2F30802003218BF01222B
:10B6D000FFF756B8307800205070024010770020F5
:10B6E00000ED00E075B60200F0B5334CBFF35B8FA0
:10B6F000C1B204F590730126D3E84F2FC3E8406F21
:10B700000028F9D1BFF35B8F12F0FF0F47D1082952
:10B7100028D04D01621954F805E028489388DFF8D5
:10B72000B0C001F5947550F82570D2888D009A1A32
:10B7300093B2BFB26A1800EB8202BB4228BF3B46FD
:10B74000C2F800E76544C2F804374CF82160BFF343
:10B750006F8FBFF34F8F1A4B9D4218D0043B9D4211
:10B7600015D0F0BD154BD3F8C024D1030FD494F8F5
:10B770000B1161B11349D4F80001C3F8A007C3F855
:10B78000A4270E60BFF36F8FBFF34F8FF0BD002370
:10B79000BFF35B8F84F82031BFF35B8FF0BD0A4BA2
:10B7A0000A485A68C2F30802003218BF0122BDE8F5
:10B7B000F040FEF7E5BF00BF1077002000700240A8
:10B7C000507002404870024000ED00E0E9B602000F
:10B7D0002870024001207047014B80225A60704758
:10B7E00000E100E0074BD3F80014D3F80024002058
:10B7F0000A434FF48001C3F80024C3F85801C3F88A
:10B800000413704700700240074B4FF4001229B92F
:10B81000C3F80823054B83F821117047C3F80423AC
:10B82000024B83F82111704700700240107700200E
:10B8300070B48A788C88414EC97802F07F03D509AC
:10B8400005EB430006EB001001F00301C4F30A040A
:10B85000012904812BD0012101FA03F4BDB138483C
:10B8600002339940C0F80413D0F810352343C0F8D0
:10B870001035334B42F48071C3F81825C3F80C150A
:10B88000BFF36F8FBFF34F8F012070BC70472C4800
:10B8900003F10C06B140C0F80413D0F8141503F5F9
:10B8A00094730C43C0F8144540F82350E1E7082B8B
:10B8B00008D0244B186810F00100E6D000BE00202C
:10B8C00070BC7047EDB9B6F818311BB11C4B802223
:10B8D000C3F81C251A4A0023C2F85031D2F80033AD
:10B8E00013F4001308BFC2F85431154B4FF4401243
:10B8F000C3F80423D3F8142542F48072C3F8142546
:10B90000BEE7B6F808210E4B0021C3F82C1112B186
:10B910008022C3F81C250A4AD2F8003313F400131E
:10B9200008BFC2F85431064B074AC3F80423D3F8C2
:10B93000102542F48072C3F81025A1E7107700208B
:10B9400000700240F0ED00E0000820001F4B802254
:10B950002DE9F041C3F88420BFF34F8FBFF36F8F01
:10B9600001241B4D1B4FA0460026A30004F10C022E
:10B97000A11C03F1804303F51C3308FA01F108FA16
:10B9800002F20A43C7F8082328465E6001342022E9
:10B990009E62002111F030FC082C05F12005E4D155
:10B9A0000D4BC7F808332022C7F81C6500217E62C2
:10B9B0000A48BE6411F020FCC7F81485C7F810854A
:10B9C000024B80225A60BDE8F08100BF00E100E038
:10B9D000307700200070024000083000107800200E
:10B9E00001F07F02082A70B44FEAD11128D0012358
:10B9F00003FA02F0C043B1B1294C951CAB40C4F826
:10BA00000833D4F81055274B2840C4F8100501EB33
:10BA1000420103EB01110023CB72BFF36F8FBFF321
:10BA20004F8F70BC70471E4C02F10C05AB40C4F840
:10BA30000833D4F814551B4B2840C4F81405E6E726
:10BA4000184B03EB01100024A0F808411448D1B1B1
:10BA50004FF40064C0F80843D0F8104524F4807413
:10BA6000C0F81045B3F81841B3F808510C48EC423F
:10BA70004FF0000608BF4FF40014C0F81C6508BF63
:10BA8000C0F80843C3E74FF48014C0F80843D0F867
:10BA9000144524F48074C0F81445C0F85011E1E74F
:10BAA000007002401077002001F07F004FEAD11CA7
:10BAB000F0B50CEB4005744E2D01771985B0FC7A7A
:10BAC0004CB1724B1C6814F0010401D000BE00247C
:10BAD000204605B0F0BD04F0FF0E7251BB80A7F800
:10BAE00006E0002843D1002B57D0BCF1000F00F036
:10BAF0008E8006EB401100EB8003CD8A8A8A0C8B86
:10BB00000969521B9B0092B203F1804303F51C3379
:10BB1000A24228BF22465E4DC3F8001600B2C3F809
:10BB200004265C4BBFF35B8F05EB80010122D3E859
:10BB30004F4FC3E8472F002FF9D1BFF35B8FE4B21B
:10BB4000002C40F0908045F82020BFF36F8FBFF3AA
:10BB50004F8F514B994202D0043B994219D1BFF308
:10BB60005B8F002386F82031BFF35B8F11E0BCF1BF
:10BB7000000FBED106EB40160123F372BFF36F8FA7
:10BB8000BFF34F8FB37A23B1F37A03F0FF04002B96
:10BB900074D10124204605B0F0BD404AD2F880247B
:10BBA000C2F3C0126245A0D03D4D6A688DF80810FE
:10BBB000C2F3080100314FF4E06218BF012101A86F
:10BBC00003938DF80930ADF80420FEF755FCBFF360
:10BBD0005B8F06F590720123D2E84F1FC2E8403F09
:10BBE0000028F9D1BFF35B8FCCB2002C38D12A4AA0
:10BBF0001360BFF36F8FBFF34F8F1C46BFF35B8F94
:10BC0000204686F82011BFF35B8F05B0F0BD0123FD
:10BC1000204AF372BFF35B8FD2E84F4FC2E8413F37
:10BC20000029F9D1BFF35B8FE4B26CB91D4A1360F0
:10BC3000BFF36F8FBFF34F8FBFF35B8F86F820C1C9
:10BC40001C46BFF35B8F43E7154B16495A681648ED
:10BC5000C2F30802003218BF0122FEF791FD37E758
:10BC60006A680D49F3E70E4B0F485A68C2F30802A1
:10BC7000003218BF0122FEF783FD29E786F80AC0CB
:10BC8000FFF782FC24E700BF10770020F0ED00E012
:10BC90000470024030780020507002400070024072
:10BCA00000ED00E04C70024075B6020011F07F001C
:10BCB00008B512D008280BD00E4B41F48072C90988
:10BCC000C3F8182504D10C4B03EB40139A7A62B9E0
:10BCD000BFF36F8FBFF34F8F08BD064B01225A652C
:10BCE000BFF36F8FBFF34F8F08BD9972FFF74CFC06
:10BCF000EEE700BF007002401077002011F0770FD0
:10BD000012D00A4B41F48072C3F80C15C3F80C250D
:10BD1000CA09C3F8181504BF01F5947143F821202E
:10BD2000BFF36F8FBFF34F8F704700BF00700240AB
:10BD30002DE9F04FA54BA64CD3F8000300238BB0A0
:10BD40001E461F46012520FA03F11A19C9074FEABA
:10BD5000820209D5116839B105FA03F117600E4363
:10BD6000BFF36F8FBFF34F8F0133192BEBD1F20766
:10BD700000F13582974D330508D5944BD3F8A8369A
:10BD800001229BB2A5F8163185F81C21B70206F4F2
:10BD9000800424D58D4BD3F81425D00540F1FC81C7
:10BDA000002C00F0A182D3F80024D20740F19C823D
:10BDB000D3F81035DA0540F1FB8195F81C3107AF57
:10BDC000002B40F0BD82814BD3F8203508933846D4
:10BDD0004FF440730121ADF81C30FEF74DFB04B366
:10BDE0007A4AD2F8004440F201732340C2F800348A
:10BDF000E30500F15682670510D5744B0122C3F8A4
:10BE000008259A65D3F8002312F4001208BFC3F87E
:10BE100054216E4B4FF40012C3F80423A00500F127
:10BE2000358231023DD5694BD3F880C4D3F88414F0
:10BE3000D3F888E4D3F88C74D3F89084D3F894447E
:10BE4000D3F89804D3F89C245FFA8CF35FFA80FC53
:10BE5000D0B25A06C9B25FFA8EFEFFB25FFA88F816
:10BE60005FFA84F901D105291BD00024224668F32A
:10BE7000070263F3070461F30F2469F30F226EF3E3
:10BE800017446CF3174260F31F6267F31F644FF4AB
:10BE9000C063012107A8CDE90842ADF81C30FEF7C8
:10BEA000EBFA4D4B3340002B40F09181DFF82491A9
:10BEB000464F4D46CA4609F5907800241DE02B44B4
:10BEC000DA7A002A00F0D781DA88AAF80420002262
:10BED000DA72D98809914FF4E063012107A88DF83F
:10BEE00020B08DF82120ADF81C30FEF7C5FABBF16B
:10BEF000080F47D001340AF1200A04F10C0326FA96
:10BF000003F3DB075FFA84FBF1D504EB840307EB53
:10BF10008303DAF80020D3F80807630112FA80F2ED
:10BF2000E918CAF80020CA8880B2024492B2082CEC
:10BF3000CA80C4D0BAF808208242C0D1CA88BAF8F0
:10BF400004109142BBD9BBF1000FD0D10122BFF345
:10BF50005B8FD8E84F3FC8E8412F0029F9D1BFF3E4
:10BF60005B8F13F0FF0F40F052821C490A60BFF351
:10BF70006F8FBFF34F8FBFF35B8F85F82031BFF317
:10BF80005B8FB7E7164B3340002B00F002810F4B5D
:10BF9000D3F86C240192C3F86C24BFF36F8FBFF306
:10BFA0004F8F16F4806600F06E81D3F88024D3F8AA
:10BFB000803483F08003C3F3C0130593C2F3C0132E
:10BFC0000493DFF808A00024A84613E000700240A4
:10BFD000409C001010770020FCFB1F004C700240BA
:10BFE00000040001002C00F0F281072E52D0013431
:10BFF00009F120090199E14004EB8403C9070AEB28
:10C00000830308EB4412E6B2ECD5D3F80816D9F84E
:10C010001070C9B20F44C9F81070D08A014489B2B7
:10C02000D182A849D08AB9F8145061188900854294
:10C0300002914FF0010C66F07F0103914FF4E06B29
:10C040004FF0000E614607A840F2B480D18AB9F8DB
:10C050001820C3F800766D1AADB2954228BF154678
:10C06000994AC3F80456BFF35B8FD2E84F3FC2E84A
:10C0700041CF0029F9D1BFF35B8F13F0FF0F40F0E0
:10C08000ED80029BC3F800C0BFF36F8FBFF34F8FEB
:10C09000072EACD1019BDB03454601D4059B43B180
:10C0A000EB7A23B1EB88AA889A4200F271810123CE
:10C0B000AB72019B9F030BD595F82B3023B1EB8C12
:10C0C000AA8C9A4200F28881012385F82A30019BCC
:10C0D0005E030DD595F84B3033B1B5F84630B5F861
:10C0E00044209A4200F27D81012385F84A30019B69
:10C0F0001C030DD595F86B3033B1B5F86630B5F843
:10C1000064209A4200F27E81012385F86A30019B07
:10C11000D8020DD595F88B3033B1B5F88630B5F827
:10C1200084209A4200F23881012385F88A30019BED
:10C1300099020DD595F8AB3033B1B5F8A630B5F806
:10C14000A4209A4200F22D81012385F8AA30019B98
:10C150005A020DD595F8CB3033B1B5F8C630B5F8E5
:10C16000C4209A4200F22281012385F8CA30019B43
:10C170001B020ED595F8EB30002B00F0F380B5F8DC
:10C18000E630B5F8E4209A4240F2EC800720FFF751
:10C19000FBF90BB0BDE8F08FD3F81025D1053FF5C2
:10C1A0000CAE95F821211AB94FF40012C3F80823F8
:10C1B00007AF08E6D38A09939DF80C30ADF81CB0A0
:10C1C0008DF820308DF821E0FEF756F90DE70023B9
:10C1D000BFF35B8F85F82031BFF35B8F66E63B4B87
:10C1E0003B4A3C4D3C4800240127C2F81475C2F874
:10C1F0001075546094625C609C629C60DC62DC60E0
:10C200001C631C615C635C619C639C61DC63DC613E
:10C210001C6454629464C2F85841D2F80034D2F8D5
:10C2200000140B43C2F80034D2F80033C2F80833CC
:10C230002146C2F8040328464FF4927210F0DCFF46
:10C2400040234FF48072394607A82B832B818DF849
:10C250002040ADF81C20FEF70FF98CE51F4B20485D
:10C260005A680299C2F30802B2EB0E0218BF01220B
:10C27000FEF786FAB9E61B4B1B68D80789D500BEC6
:10C280000BB0BDE8F08FCDE904669AE600220523E5
:10C29000012107A88DF81C208DF81D30FEF7ECF861
:10C2A000BFE50121C2F82C150423002207A88DF850
:10C2B0001C208DF81D30FEF7DFF867057FF5AEAD69
:10C2C0009BE500BF019C0010307800200470024004
:10C2D00000700240107700200514C00100ED00E05E
:10C2E00075B60200F0ED00E04F4BBFF35B8F01220B
:10C2F000D3E84F1FC3E8402F0028F9D1BFF35B8F6D
:10C3000011F0FF0F32D1494BD3F8C004C70352D408
:10C3100095F80B1101F0FF07002967D04449D5F8C3
:10C320000071C3F8A077C3F8A4070A60BFF36F8F4A
:10C33000BFF34F8FD3F81035D8053FF53EAD37E743
:10C34000B5F816310993002285F81C2188234FF493
:10C35000E06238460121ADF81C20ADF82030FEF730
:10C360008BF830E5012385F8EA3012E7314B32488B
:10C370005A68C2F30802003218BF01220821FEF7F2
:10C38000FFF92A4BD3F81035DB053FF516AD0FE763
:10C390000020FFF7F9F88CE60420FFF7F5F8019B81
:10C3A000C6E60520FFF7F0F8019BD1E60620FFF76F
:10C3B000EBF8019BDCE6BFF35B8F85F82011BFF340
:10C3C0005B8FD3F81035DF053FF5F7ACF0E6049945
:10C3D00000293FF40CAE18E60120FFF7D5F8019BC9
:10C3E00076E60220FFF7D0F8019B81E6BFF35B8F72
:10C3F00085F82071BFF35B8FD3F81035D9053FF571
:10C40000DCACD5E60320FFF7BFF8019B80E6094BC3
:10C410000A485A680A49C2F30802003218BF0122CA
:10C42000FEF7AEF966E500BF3078002000700240EC
:10C430004870024000ED00E0E9B6020075B6020067
:10C440004C70024030B5012885B000F09F8057D372
:10C45000022840D1BA4BD3F80435002B40F0D780E6
:10C46000B74AD2F800341C05FBD54FF40063C2F87C
:10C470000034BFF36F8FBFF34F8FB24AB24B1268D5
:10C480001B68082A00F0D780AD4BB04D80240122F4
:10C49000C3F81C45C3F80423C5F88441FDF7D8FA56
:10C4A000002840F0F880AA4D43F204044FF0804386
:10C4B0002268AA4211D0D3F80C14D3F80C24D0036C
:10C4C000F6D5CA07F4D59E4B0122C3F80425BFF365
:10C4D0006F8FBFF34F8F05B030BD04AA002102F863
:10C4E0000C1D1046FFF74EF89DF804000028E2D01E
:10C4F00010460191FFF744F8019A002AD8D0E2E7EC
:10C500008F4BD3F80025002AE5D14FF480014FF47A
:10C510000062C3F80813C3F80024BFF36F8FBFF3A2
:10C520004F8F884B1B68082B00F0B780844B01228B
:10C53000C3F80025BFF36F8FBFF34F8F43F20402A0
:10C5400003F18D5303F57723126803F2DB539A420C
:10C5500000F0CA804FF08043D3F80C24D3F80C3499
:10C56000D90301D5D207B6D443F20402784B12683E
:10C570009A4200F01881774B00221A601B680193E1
:10C580004FF08043012201991A60A4E76C4BD3F865
:10C590000025002A9FD00022C3F80425BFF36F8F27
:10C5A000BFF34F8F69498020C1F88400BFF34F8FDC
:10C5B000BFF36F8FD3F80013C3F80813C3F8002537
:10C5C000BFF36F8FBFF34F8F43F2040103F18D531D
:10C5D00003F57723096803F2DB53994200F0998051
:10C5E00001AB5D4A012111605C4A5168C1F3080149
:10C5F000003118464FF000024FF0020318BF01212E
:10C600008DF804208DF80530FDF736FF63E743F21F
:10C6100004024F4B12689A4200F0B0804FF0804302
:10C62000D3F80C24D3F80C34DB037FF519AFD5070E
:10C630007FF516AF4FE7032B0AD8494A1168002946
:10C6400040F09880474C49F27530106021601060CE
:10C650005A1E022A10D8424A1168002967D1424D59
:10C660003848394B00681B6849F2753414602960FA
:10C67000146008287FF408AF032B3FF605AF3B4951
:10C680003B4B40F2E370402208601A60BFF36F8FAB
:10C69000BFF34F8FF8E66C6005E72B4B1B685A1E03
:10C6A000022A12D82E4B1A68002A40F08E802E499A
:10C6B00049F2753203201A6008601A60214A224B41
:10C6C00012681B68082A7FF431AF032B3FF62EAFA8
:10C6D000234B1A68002A74D1224949F27532C020CE
:10C6E0001A6008601A6021E704AB002203F80C2DE1
:10C6F0001846FEF747FF9DF8041000293FF42AAFC3
:10C7000018460192FEF73CFF019B002B7FF4E3AE3D
:10C710002AE704AB03F80C2D1846FEF733FF9DF80B
:10C720000420002A3FF45DAFFEF728FF5CE70549CF
:10C73000054B0D4A08681B680021116099E700BF8E
:10C7400000700240300100103401001000E100E0F0
:10C75000DBE5B151000100400400004000ED00E0C5
:10C7600000EC064014EC064014ED06400078024050
:10C7700004780240174A0021116069E704AB0022E7
:10C7800003F80C2D1846FEF7FDFE9DF80410002955
:10C790003FF444AF18460192FEF7F2FE019B002BD6
:10C7A0007FF499AE5CE604A8002300F80C3DFEF788
:10C7B000E9FE9DF80430002B3FF4DDAEFEF7DCFE11
:10C7C00089E6044BC0221A60B0E6034B03221A60CC
:10C7D00074E700BF14EC064014ED0640F8B503788A
:10C7E00013F0010405D10678C6F3800626B1204671
:10C7F000F8BD00242046F8BD0F4605464FF0FF3136
:10C8000038460CF01FFE2A7812F001040FD12B7865
:10C810005B0704D42B7843F004032B70012400231E
:10C8200038461A4619460CF0C5F92046F8BD34467C
:10C83000F5E700BF70B505460E4608464FF0FF31DC
:10C840000CF000FE2878C0F3800444B900240023D3
:10C8500030461A4619460CF0ADF9204670BD2B78CB
:10C8600013F00102F2D12B7862F382032B70EEE712
:10C8700010B4C378848803F00303022BC4F30A04C2
:10C8800026D019D8012B04D0002318465DF8044B9C
:10C890007047022940F2FF3208BF4FF48062A24283
:10C8A000F3D21A4B1B6813F00103EED000BE002335
:10C8B00018465DF8044B7047022914BF40234FF41B
:10C8C0008063A342EDD3012318465DF8044B704703
:10C8D00002290BD012B1B4F5007F11D0A4F10803E6
:10C8E0009BB2182B06D9402CEDD0DAE7B4F5007FC7
:10C8F000D7D1E8E7064A22FA03F3DB07D1D5E2E70E
:10C9000000244021134644710171BEE7F0ED00E0C0
:10C91000010100010A44914216D230B44C78052C32
:10C9200005D00C7821448A42F8D830BC70478C7806
:10C9300004F07F0500EB4505E4092B550C782144F4
:10C940008A42EBD830BC7047704700BF2DE9F041F8
:10C9500082B00678089DBDF82470009361F300064C
:10C960000446294600F8086B012316463A46BDF8EE
:10C970002C80FCF76DFE05B13FB90A9B6360012076
:10C98000A4F8028002B0BDE8F08104F11C0101208E
:10C990000CF0EAFA26B903463046C4E90503ECE791
:10C9A0000023FAE710B50446406908B10CF000FF17
:10C9B000A06908B10CF0FCFE012010BDF0B50B46DB
:10C9C0000D4613F8081B83B011F0020F07461846F6
:10C9D00040F2FF130CBF3F241C461646FCF774FEC2
:10C9E000E8B9E6B126421AD12B786978DA073846D9
:10C9F00018D5FEF707F990B12B78697813F0010389
:10CA000013D000233846CDE900331A46FEF73EF92D
:10CA100030B9084B1B68DB0701D500BE00E00020E1
:10CA200003B0F0BDFDF714FFE5E738461A46FDF701
:10CA30002FFFEDE7F0ED00E070B501F1080582B0E1
:10CA4000064628460C46FCF73FFE38B1237861784D
:10CA5000DB07304605D5FEF7D5F830B9002002B027
:10CA600070BDFDF7F5FE0028F8D0284662886168A1
:10CA7000FCF754FE054690B1237862686178D807C8
:10CA800017D50023CDE9003330462B46FEF7FEF8DC
:10CA9000B0B90C4B1B68DB07E0D500BEDFE72078A0
:10CAA000617810F00104304608D1FDF7E1FE204620
:10CAB000D5E730462B46FDF7EBFEE9E7FEF7C8F871
:10CAC0002846CCE7F0ED00E02DE9F0418A890B78AB
:10CAD00082B00C460646E2B9DD07497857D5FEF725
:10CAE00091F800284FD0227863886178D20751D519
:10CAF000002B5DD0626800253046CDE90055FEF779
:10CB0000C5F800284DD1374B1B68DB073BD500BE6D
:10CB10003AE003F0020301F10808002B40460CBF85
:10CB200040274FF40077304D08BF6FF03F05FCF70A
:10CB3000E3FD874227D823786178DB07304634D578
:10CB4000FEF760F8F8B14046FCF7D6FD874233D8CF
:10CB500005EA000265882378617890B2854228BF93
:10CB60000546DA0732D5002D37D062680023CDE9BB
:10CB7000003330462B46FEF789F80028C3D02846FC
:10CB800002E0FEF765F8002002B0BDE8F081FDF795
:10CB90005FFEA6E773B162683046FDF779FE0028B4
:10CBA000B1D0608802B0BDE8F081FDF751FEC9E761
:10CBB0001A46A0E71A46EFE72078617810F00104E2
:10CBC0003046DED1FDF754FE2046DDE73DB1626818
:10CBD00030462B46FDF75CFECFE72A46C6E72A46DD
:10CBE000F6E700BFF0ED00E000FEFFFF002800F0D8
:10CBF000B480002900F0B1802DE9F04F17688DB0A6
:10CC0000002F00F0A58013795C1E1E2C00F2A0807E
:10CC100094680594002C00F09B80D468002C00F0F0
:10CC20009780157D0695002D00F09280158A528A16
:10CC300002959542049200F28B80A3F120028E4669
:10CC4000C3F120050121164601FA02F921FA05F582
:10CC5000C3F1200201FA03F804FA03F324FA02F202
:10CC600049EA0509089304FA06F500230024CDE9F2
:10CC700000344FF0000C2A430797861EE2460992C3
:10CC8000CDF80CC0774636F8022F002594B24D45FA
:10CC900008BF444521D2079BA2FB032352EA0301AC
:10CCA00075D000200021CDE90A01002B73D1DDE908
:10CCB0000A01014311D10598A2FB00BC00FB03CC83
:10CCC0006146DDE9082358460FF0F6FF00234FF6D2
:10CCD000FE728B4208BF824242D20AF1010A5745D6
:10CCE000D1D1DDF80CB0069B079F5B4530D80024FE
:10CCF0005A46DDE9000123460FF0DEFF00214945D9
:10CD000008BF404524D2A7FB002307FB01352B4673
:10CD100052EA03011AD04FF000084FF00009002D2D
:10CD20004BD158EA090113D1059CA2FB040104FB75
:10CD30000311DDE908230FF0BFFF0B460021024677
:10CD400099424FF6FE7008BF904201D390B201E0C5
:10CD50004FF6FF700DB0BDE8F08F4FF6FF707047D3
:10CD6000029B80B28342B8D8049B8342B5D3DDE9ED
:10CD70000001EB43E2438B4208BF8242E8D3039BAE
:10CD8000001969410133CDE900010393A5E7029B36
:10CD9000002BECD0A1E70599A1FB02018B460020F6
:10CDA00005998446E3FB01BC614600293FF47FAF4F
:10CDB00001200021CDE90A0179E70599A1FB02676D
:10CDC0002146059C3846E5FB04010029A9D04FF017
:10CDD00001084FF00009A4E790F90030002B46DB72
:10CDE000C368002B43D0037C002B40D04369002B49
:10CDF0003DD08369002B3AD0037F013B1F2B36D8EF
:10CE0000F0B52A4E87B004460BF0D0FD3368C31A44
:10CE1000002B054629DB264F3B78B3B994F9010076
:10CE2000002807DB01210FF0B1F8A17894F9010087
:10CE30000FF030F9002194F900000FF0A7F802205C
:10CE40000EF09EFF207C0EF095FF94F900000EF08E
:10CE5000C7FF3B78174A22F813000133217FDBB26A
:10CE60008B423B7004D20135356007B0F0BD70478E
:10CE70001046E368227C00938DF804206369A26960
:10CE80000293D4F81EC094F8223003926A468DF8BB
:10CE90001430CDF810C0FFF7A9FE05F59C55064AE1
:10CEA00008350023356010803B70DEE7787800207D
:10CEB00074780020347800201A61002038B5047A94
:10CEC00094B990F90030002B23DBC3680BB3037CCB
:10CED000FBB14369EBB18369DBB1037F013B1F2BDE
:10CEE00017D8154B188838BD457A144821460AF0E2
:10CEF000F5FA294611480AF05FFA01210F480AF0B5
:10CF0000F9FA30B9214602220C480AF09DFA0228AB
:10CF100002D04FF6FF7038BD08480AF045FA0446C3
:10CF200006480AF041FA064B03EA0423184380B28C
:10CF300000EB8000800938BD1A61002024810020A8
:10CF400000FFFF0008B50EF0DFFEFEE7704700BFF0
:10CF5000704700BF2DE9F0470478089E1F46062C55
:10CF60001AD8DFE814F055015B0160010700650184
:10CF700072011B00438843EA0121B1F5887F4FF01D
:10CF8000000341808380C0F06681114604460EB1E3
:10CF90000520B04700232370BDE8F08790F801C05A
:10CFA000B0F81641B0F802806FEA0C231BB24FF0C4
:10CFB00000094B4544EA01219CB2B6BF41F221036E
:10CFC000630083EA44039CB2230446BF41F2210379
:10CFD00083EA440363009CB2230446BF41F2210369
:10CFE00083EA440363009CB2230446BF41F2210359
:10CFF00083EA440363009CB2230446BF41F2210349
:10D0000083EA440363009CB2230446BF41F2210338
:10D0100083EA440363009CB2230446BF41F2210328
:10D0200083EA440363009BB21C0446BF41F221041F
:10D0300084EA43045C005FFA88FEA4B284EA0E240A
:10D0400024B2002CB8BF41F221031FFA84FEACBF0A
:10D050004FEA4E0383EA4E039CB2230446BF41F2DB
:10D06000210383EA440363009CB2230446BF41F2D8
:10D07000210383EA440363009CB2230446BF41F2C8
:10D08000210383EA440363009CB2230446BF41F2B8
:10D09000210383EA440363009CB2230446BF41F2A8
:10D0A000210383EA440363009CB2230446BF41F298
:10D0B000210383EA440363009CB223044ABF41F284
:10D0C0002103630083EA44034FEA18259BB283EAF5
:10D0D00005231BB2002B9CB2B6BF41F221036300B3
:10D0E00083EA44039CB2230446BF41F2210383EA4E
:10D0F000440363009CB2250446BF41F2210383EA46
:10D10000440363009CB2230446BF41F2210383EA37
:10D11000440363009CB2250446BF41F2210383EA25
:10D12000440363009CB2230446BF41F2210383EA17
:10D13000440363009CB2250446BF41F2210383EA05
:10D14000440363009BB21C044ABF41F221045B000C
:10D1500084EA4303A0F8161180F800909BB2B8F15E
:10D16000000F4AD008F1FF3400F1060E1EFA84FECB
:10D1700041F22105441D14F8019F83EA09230FFAA7
:10D1800083F91FFA89F3B9F1000FACBF5B0085EAA0
:10D1900043039BB213F4004F0CBF5B0085EA4303CB
:10D1A0009BB213F4004F0CBF5B0085EA43039BB2B4
:10D1B00013F4004F0CBF5B0085EA43039BB213F4EA
:10D1C000004F0CBF5B0085EA43039BB213F4004F92
:10D1D0000CBF5B0085EA43039BB213F4004F0CBF06
:10D1E0005B0085EA43039BB213F4004F0CBF5B0066
:10D1F00085EA430374459BB2BDD1994230D0002EDD
:10D200003FF4CAAE334611460120BDE8F047184747
:10D21000AA297FF4C1AE01230370BDE60223417049
:10D220000370BDE8F087032341800370BDE8F087F9
:10D230008288531C02449BB28380917142889A4237
:10D240003FF6AAAE05230370A6E60623A0F8161142
:10D250000370BDE8F0870029F4D0042303709BE637
:10D26000002F3FF499AE1346811D42466046BC46EE
:10D27000BDE8F047604700BF70B5054600F5537044
:10D280000BF000FB05F550700BF0FCFA05F54D7046
:10D290000BF0F8FA05F54A700BF0F4FA05F1080600
:10D2A00005F54274183C20460BF0ECFAA642F9D181
:10D2B000284670BD2DE9F047DFF8D0A0DFF8B09028
:10D2C0002A4F0023CAE900330AF108040AF542781C
:10D2D0004FF6FF762046494600250BF085FA1834B4
:10D2E00024F80C6C24F80A6C44F8087C04F8045CFC
:10D2F000A045EFD100231E491E48CAF80833CAF8DA
:10D300000C33CAF81033CAF81833CAF820338AF835
:10D3100014538AF81C538AF824530BF065FA144905
:10D3200015480BF061FA124914480BF05DFA1049E8
:10D3300013480BF059FA134A13491448CAF85853C2
:10D34000CAF85C53CAF86053CAF86453CAF8685301
:10D350000FF002F806490E480BF046FA094A0D494B
:10D360000B48BDE8F0470EF0F7BF00BF000080BFDC
:10D3700040050400B07B0020BC7B0020C87B00205F
:10D38000D47B00200060002079D202008878002041
:10D390007C78002085880300034B044A0121197022
:10D3A00013680B4413607047107F0020807D0020BD
:10D3B000704700BF00B583B00023009340F276228F
:10D3C00002236FF07F4109F021FE03B05DF804FBFA
:10D3D000F8B52948294D06F0E9F807460BF0E6FABA
:10D3E000FA06064616D52B78254F002B37D0FF219D
:10D3F000214806F0B9FD234B3A68A3FB00308009B1
:10D4000000EB400043086433B61A9E422BD8012437
:10D410002046F8BD2C78E4B97B071AD5184F3B6835
:10D4200003B938600121144806F09EFD154A3B6897
:10D43000A2FB0020800900EB400040086430F61A8F
:10D440008642E4D904210C4806F038F800233B60FA
:10D4500003E00B4B00241C602C702046F8BD012318
:10D4600038602B70C3E700241421034806F026F827
:10D470003C602C702046F8BD287F0020907D002065
:10D480008C7D0020D34D621010B5044650300BF057
:10D49000F9F904F118000BF0F5F904F10C000BF0A8
:10D4A000F1F920460BF0EEF9204610BD10B54FF40F
:10D4B000E67104460DF06CFD204610BD00B583B04A
:10D4C00003F0B2FC0023009340F2762202236FF0B7
:10D4D0007F41044809F09AFDB0FA80F0400903B09A
:10D4E0005DF804FB287F0020F0B5602289B000F1D0
:10D4F00028070021404E04460FF07EFE3F49384683
:10D500000BF072F90FCE25460FC596E8070003C54C
:10D510002A800BF04BFA3A4A3A4BA2FB00208009D2
:10D520001B782060E3750EF0F7FBDFED377AB4EE81
:10D53000E70AF1EE10FA5DDCDFED347AB4EEE70ACB
:10D54000F1EE10FA53D4FDEEC07ACDED017A9DF9DB
:10D5500004302F4AA375D2ED007A2E48B2EE047A39
:10D5600067EE877A0025FDEEE77A17EE903AA38200
:10D57000FFF7A4FC84F85450208303F071FC84F876
:10D580005C5084ED160A03F071FC234B84F85D00B7
:10D5900007CB1B88C4F81A00E384C4F81E10C4F833
:10D5A00022201E4938460BF075F91D4A1D4B127892
:10D5B0001B7884F8365084F8342084F8353002A87B
:10D5C00003F03EFC0698039F049E059D07999DF875
:10D5D00008209DF80930E064204627646664A5644D
:10D5E000216584F83C2084F83D3009B0F0BD6FF02F
:10D5F0007E03AEE77F23ACE7E07E00204005040019
:10D60000D34D6210587C00200000FE420000FEC294
:10D61000206100207401040024610020147F002098
:10D62000887D0020B87E002038B52C4B1B7813B1C4
:10D630002B4B1B7803B138BD0BF0B8F9294B1B6895
:10D64000C01AB0F5FA7FF6D3274B1B7803F0FF041E
:10D65000002BF0D1254D0BF0A9F92B68C01A092831
:10D66000E9D90BF0A3F921462860214807F0E0F83A
:10D670009FED207AB4EEC70AF1EE10FADBD4FBEE90
:10D680000E7AB4EEE70AF1EE10FAD4DC1A4A1B491E
:10D69000D2ED007A0B6870EE277A0133132BC2EDBE
:10D6A000007A0B60C7DD9FED166ADFED166A164B38
:10D6B0000C6067EE867A0020F4EEE67AF1EE10FA5E
:10D6C00088BFF0EE667AF4EEC77AF1EE10FAB8BFD2
:10D6D000F0EE477A1060C3ED007A38BD597C002027
:10D6E000587C0020CC7E0020107F0020D47E0020BB
:10D6F000287F0020000016C3B07E0020D87E0020C6
:10D70000CDCC4C3D000048C2206100202DE9F047FF
:10D7100086B00024DFF8EC902F4E304DDFF8E88023
:10D7200000942346224621462D48DFF8E0A00AF067
:10D7300079F8494630460BF057F82A4641463046BC
:10D740000EF00AFE2C2300932649274E50462B2329
:10D750002D2203F08FFB254A0492012348208DF8E7
:10D7600015308DF814400DF00DFC06AB074613E99B
:10D77000030002AB83E803002E2300932F2226230D
:10D78000CDF804A038462A2103F0CAFC39463046B9
:10D7900005F070FD164B1749174F33602A46304687
:10D7A0000EF0DAFD154A164BC2F8024049463846DB
:10D7B000C3F8024014705470A2F816411C705C70DB
:10D7C000A3F816410BF010F82A464146384606B039
:10D7D000BDE8F0470EF0C0BD147F002000600020BF
:10D7E000747D002000300240287F002080841E00CD
:10D7F0002C000400B1D30200BC7E0020947D0020E8
:10D800005C7C00204005040085880300FC7E00202D
:10D81000F0B5C5B001AC150A4FF0AA0CE570D51CE7
:10D820001E466070A27084F800C0ADB2DAB1002963
:10D8300071D0174602A80FF0BBFC07F1040CBA1D0B
:10D8400005371FFA8CFC92B2BFB285B9FF210B4697
:10D8500004F80C30E155002E5BD021463148F8F732
:10D8600093FD45B0F0BD052706224FF0040C23467A
:10D870004FF6FF7141F2210013F801EF81EA0E210A
:10D880000FFA81FE1FFA8EF1BEF1000FACBF490006
:10D8900080EA410189B211F4004F0CBF490080EACF
:10D8A000410189B211F4004F0CBF490080EA4101E7
:10D8B00089B211F4004F0CBF490080EA410189B2DE
:10D8C00011F4004F0CBF490080EA410189B211F404
:10D8D000004F0CBF490080EA410189B211F4004FAA
:10D8E0000CBF490080EA410189B2A3EB040E11F498
:10D8F000004F1FFA8EFE0CBF490080EA4101AE4581
:10D9000089B2B9D3CBB2090A04F80C30E155002E24
:10D91000A3D145B0F0BD052706224FF0040C002D21
:10D92000A5D193E7D8630020F0B50121ADF5057DC1
:10D93000374805F08BFF431EFE2B55D9354B1B781E
:10D94000002B42D00DF5057DF0BD314805F06CFF90
:10D95000BDEEC00A2E4810EE103A1DB205F044FF8D
:10D96000F2EE047A20EE270A2B4ABDEEC00A506878
:10D97000158210EE103A01301BB2538250608DF8C0
:10D980000A3102A91F122246EBB20DF58770C5F3CA
:10D9900007258DF808318DF80C318DF80B718DF855
:10D9A00009518DF80D510FF003FCA21D92B2012315
:10D9B00042A904200096FFF72BFF0AF0F7FF154B52
:10D9C000164A1B781060002BBCD103F02DFA0023FF
:10D9D000009340F2762202236FF07F410C4809F059
:10D9E00015FB0DF5057DF0BD0246044602A9084869
:10D9F00005F0F2FF06460028A7D0074A0549D3687C
:10DA000009780133D3600029DFD00DF5057DF0BD25
:10DA1000287F0020887D0020E07E0020CC7E002032
:10DA20000EB410B5B5B037AB044653F8042B0193D0
:10DA300002A8C82110F0EEFA00280BDB022C0ED051
:10DA4000084A094B012C18BF1A460849084802AB7E
:10DA500009F04EFF35B0BDE8104003B07047054AED
:10DA6000F3E700BFF8040400E80404000005040024
:10DA7000D8630020F0040400F0B52DED028B0446BD
:10DA800087B0417A3B48002208F00CFB38BB94F980
:10DA90000A500646162D3748A8BF162508F084FB05
:10DAA00029463448BDEEC08A04F0AEFC0746314832
:10DAB000D7B108F079FB304B94F90A201B6800922B
:10DAC000BDEEC00A162202928DED048A03970195DD
:10DAD00030468DED050A294A2949FFF7A1FF0020AC
:10DAE00007B0BDEC028BF0BD08F05EFB8DED048A43
:10DAF000BDEEC00A204B94F90A201B680092162143
:10DB0000384602911D4A1E49039701958DED050A7D
:10DB1000FFF786FFB4F80B101648C9B2442208F08C
:10DB2000F7FA0028DBD1617B124808F055FB00288A
:10DB3000D5D1104808F046FF0028D0D10124009428
:10DB4000214641F2210341F60F520A4808F098FE9F
:10DB50000028C4D10146074808F0CAFF0028BED1FA
:10DB6000044808F0B9FF0028B9D1064B20461C70C4
:10DB7000B6E700BF287F0020147F0020F8010400D2
:10DB800004020400897D00202DE9F04383B003F0F6
:10DB900051F910B903B0BDE8F0832A4A2A4B147832
:10DBA0001B782A4A2A4E92F800803778DDB203F0BB
:10DBB0003FF981460AF0FAFE002CEBD0002FE9D1A4
:10DBC000B8F1000FE6D1234CA7884F4503D0A4F845
:10DBD00004902060DEE7002FDCD023684FF47A72D7
:10DBE000C31A02FB07F29A42D4D81B4B1B68C01A17
:10DBF000B0F5FA7FCED3002DCCD1184807F0F6FD52
:10DC000002200AF0DFFE33785BB903F00DF9002340
:10DC1000009340F2762202236FF07F410F4809F013
:10DC2000F5F90AF0C3FE0E490E4D206000260023D0
:10DC30000E600D492B603A46184603B0BDE8F0432C
:10DC4000FFF7EEBE597C0020107F0020587C00209A
:10DC5000887D002034610020CC7E0020287F0020B9
:10DC6000B07E0020D87E00206C020400F0B5C5B064
:10DC700001ACAA250123607025706380002900F0A3
:10DC800019810B7823710621072605256FEA0020EC
:10DC900000B20028B8BF41F2210387B2ACBF7B00BD
:10DCA00083EA470398B2030446BF41F2210383EAA3
:10DCB0004003430098B2070446BF41F2210383EAC0
:10DCC0004003430098B2030446BF41F2210383EAB4
:10DCD0004003430098B2070446BF41F2210383EAA0
:10DCE0004003430098B2030446BF41F2210383EA94
:10DCF0004003430098B2070446BF41F2210383EA80
:10DD00004003430098B203044ABF41F22103430099
:10DD100083EA40039BB283F480731BB2002B98B25A
:10DD2000B6BF41F22103430083EA400398B20704DF
:10DD300046BF41F2210383EA4003430098B2030443
:10DD400046BF41F2210383EA4003430098B207042F
:10DD500046BF41F2210383EA4003430098B2030423
:10DD600046BF41F2210383EA4003430098B207040F
:10DD700046BF41F2210383EA4003430098B2030403
:10DD800046BF41F2210383EA4003430098B20704EF
:10DD900046BF41F2210383EA4003430098B20304E3
:10DDA00046BF41F2210383EA4003430098B20704CF
:10DDB00046BF41F2210383EA4003430098B20304C3
:10DDC00046BF41F2210383EA4003430098B20704AF
:10DDD00046BF41F2210383EA4003430098B20304A3
:10DDE00046BF41F2210383EA4003430098B207048F
:10DDF00046BF41F2210383EA4003430098B2030483
:10DE000046BF41F2210383EA4003430098B207046E
:10DE10004ABF41F22103430083EA400320799BB2C9
:10DE200083EA00231BB2002B98B2B6BF41F2210354
:10DE3000430083EA400398B2030446BF41F2210342
:10DE400083EA4003430098B2070446BF41F221032E
:10DE500083EA4003430098B2030446BF41F2210322
:10DE600083EA4003430098B2070446BF41F221030E
:10DE700083EA4003430098B2030446BF41F2210302
:10DE800083EA4003430098B2070446BF41F22103EE
:10DE900083EA400343009BB2180446BF41F22100CD
:10DEA00080EA43035B009BB2180A635560542AB9A9
:10DEB00045B0F0BD052106260425E7E63246214699
:10DEC0000248F8F761FA45B0F0BD00BFD863002002
:10DED00030B5012883B005460C4603D10C4AD368FF
:10DEE0000133D36023462A460A490220FFF798FDF2
:10DEF00002A9A4F10203B4FA84F2B3FA83F301F89D
:10DF0000015D52095B09FE20FFF7B0FE03B030BD92
:10DF1000E07E0020C40404002DE9F04F5A4C247820
:10DF2000E9B00F4616461D46F4B9431E332B1BD8E5
:10DF3000DFE803F0BA1A1A1A1A1A1A1A1A1A1A1A4F
:10DF40001A1A1ABABA1A1A1A1A1A1A1A1A1A1A1AF1
:10DF50001A1A1ABA1ABA1A1A1A1A1A1A1A1A1A1AE1
:10DF60001A1A1ABABA1A1ABA482801F045861AD9E2
:10DF7000742802F0318440F27683942801F01C81E9
:10DF800040F25C84982800F09182FF2800F08E8295
:10DF9000962840F0298646F6FF039BB225AC5B002D
:10DFA0003A4A00F057BC302801F0468640F294818E
:10DFB000402801F0028600F21B85312801F0DC8048
:10DFC000342840F01186042E40F094813048314BC3
:10DFD0003C78314A0470787818703049B878304B02
:10DFE0001070FE7838682F4A0E7025AC0121C4E904
:10DFF0000020197022460DF19B004FF6FF7341F28D
:10E00000210112F8016F83EA06231EB2B3B2002E7B
:10E01000ACBF5B0081EA43039BB21E0454BF5B00AC
:10E0200081EA43039BB21F0454BF5B0081EA4303B0
:10E030009BB21E0454BF5B0081EA43039BB21F04E2
:10E0400054BF5B0081EA43039BB21E0454BF5B00D4
:10E0500081EA43039BB21F0454BF5B0081EA430380
:10E060009BB21E0454BF5B0081EA430382429BB211
:10E07000C7D11A0A23726272002D02F084821E2018
:10E080000AF0A0FC23E100BF597C0020AA97010000
:10E090003D6100201C6100203C6100207C7D00204F
:10E0A000117F0020AA35040040F2FF1325AC9BB27B
:10E0B0005B00884A22601E044FF00B02227146BFAB
:10E0C00041F2210282EA43035B009AB2100446BF88
:10E0D00041F2210383EA420353009AB2110446BF7E
:10E0E00041F2210383EA420353009AB2130446BF6C
:10E0F00041F2210383EA420353009AB2170446BF58
:10E1000041F2210383EA420353009AB2160446BF48
:10E1100041F2210383EA420353009AB210044ABF3A
:10E1200041F22103530083EA4203A2789BB283EABF
:10E1300002231BB2002B9AB2B6BF41F22103530057
:10E1400083EA42039AB2110446BF41F2210383EAF3
:10E15000420353009AB2130446BF41F2210383EAFB
:10E16000420353009AB2170446BF41F2210383EAE7
:10E17000420353009AB2160446BF41F2210383EAD8
:10E18000420353009AB2100446BF41F2210383EACE
:10E19000420353009AB2110446BF41F2210383EABD
:10E1A000420353009AB213044ABF41F221035300C1
:10E1B00083EA4203E2789BB283EA02231BB2002B7C
:10E1C0009AB2B6BF41F22103530083EA42039AB2E6
:10E1D000170446BF41F2210383EA420353009AB277
:10E1E000160446BF41F2210383EA420353009AB268
:10E1F000100446BF41F2210383EA420353009AB25E
:10E20000110446BF41F2210383EA420353009AB24C
:10E21000130446BF41F2210383EA420353009AB23A
:10E22000170446BF41F2210383EA420353009AB226
:10E2300016044ABF41F22103530083EA42039BB212
:10E2400083F430631BB2002B9AB2C0F226815300D4
:10E250009AB2160446BF41F2210383EA42035300F7
:10E260009AB2100446BF41F2210383EA42035300ED
:10E270009AB2110446BF41F2210383EA42035300DC
:10E280009AB2130446BF41F2210383EA42035300CA
:10E290009AB2170446BF41F2210383EA42035300B6
:10E2A0009AB2160446BF41F2210383EA42035300A7
:10E2B0009BB2180446BF41F2210282EA43035B008D
:10E2C0009BB21A0A6371A271002D00F0C48169B07B
:10E2D000BDE8F08FAAFE0100112801F09B8300F237
:10E2E000C385012801F01C82102840F07D840E2E89
:10E2F00001F0528540F2FF1325AC9BB25B006A4AE5
:10E3000022601F044FF0060222714ABF41F221022F
:10E310005B0082EA43039AB2170446BF41F221032D
:10E3200083EA420353009AB2160446BF41F2210326
:10E3300083EA420353009AB2100446BF41F221031C
:10E3400083EA420353009AB2110446BF41F221030B
:10E3500083EA420353009AB2130446BF41F22103F9
:10E3600083EA420353009AB217044ABF41F22103E1
:10E37000530083EA4203A2789BB283EA02231BB2D2
:10E38000002B9AB2B6BF41F22103530083EA420345
:10E390009AB2160446BF41F2210383EA42035300B6
:10E3A0009AB2100446BF41F2210383EA42035300AC
:10E3B0009AB2110446BF41F2210383EA420353009B
:10E3C0009AB2130446BF41F2210383EA4203530089
:10E3D0009AB2170446BF41F2210383EA4203530075
:10E3E0009AB2160446BF41F2210383EA4203530066
:10E3F0009AB210044ABF41F22103530083EA420358
:10E40000E2789BB283EA02231BB2002B9AB2B6BF1A
:10E4100041F22103530083EA42039AB2110446BF3A
:10E4200041F2210383EA420353009AB2130446BF28
:10E4300041F2210383EA420353009AB2170446BF14
:10E4400041F2210383EA420353009AB2160446BF05
:10E4500041F2210383EA420353009AB2100446BFFB
:10E4600041F2210383EA420353009AB2110446BFEA
:10E4700041F2210383EA420353009AB213044ABFD4
:10E4800041F22103530083EA42039BB283F4C06349
:10E490001BB2002B9AB2BFF6DAAE41F2210383EA37
:10E4A00042039AB2D5E600BFAAFE0100FF2325ACC5
:10E4B0009BB24FF6AA725B0022601A0446BF41F27B
:10E4C000210282EA43035B009AB2170446BF41F27D
:10E4D000210383EA420353009AB2160446BF41F275
:10E4E000210383EA420353009AB2100446BF41F26B
:10E4F000210383EA420353009AB2110446BF41F25A
:10E50000210383EA420353009AB2130446BF41F247
:10E51000210383EA420353009AB217044ABF41F22F
:10E520002103530083EA4203A2789BB283EA0223C9
:10E530001BB2002B9AB2B6BF41F22103530083EA0B
:10E5400042039AB2160446BF41F2210383EA420312
:10E5500053009AB2100446BF41F2210383EA4203FA
:10E5600053009AB2110446BF41F2210383EA4203E9
:10E5700053009AB2130446BF41F2210383EA4203D7
:10E5800053009AB2170446BF41F2210383EA4203C3
:10E5900053009AB2160446BF41F2210383EA4203B4
:10E5A00053009AB210044ABF41F22103530083EA98
:10E5B0004203E2789BB283EA02231BB2002B9AB299
:10E5C000B6BF41F22103530083EA42039AB2110419
:10E5D00046BF41F2210383EA420353009AB2130477
:10E5E00046BF41F2210383EA420353009AB2170463
:10E5F00046BF41F2210383EA420353009AB2160454
:10E6000046BF41F2210383EA420353009AB2100449
:10E6100046BF41F2210383EA420353009AB2110438
:10E6200046BF41F2210383EA420353009BB21A041E
:10E6300046BF41F2210282EA43035B009BB21A0A01
:10E6400023716271002D7FF442AE214606227A4882
:10E65000F7F79AFE3BE6214607227748F7F794FE44
:10E6600069B0BDE8F08F612801F0288200F2918343
:10E670004A2800F08986602840F0B6826FF4C043D3
:10E6800025AC46F2AA02002B22609AB2C1F22A847B
:10E6900053009AB2130446BF41F2210383EA4203B6
:10E6A00053009AB2170446BF41F2210383EA4203A2
:10E6B00053009AB2160446BF41F2210383EA420393
:10E6C00053009AB2100446BF41F2210383EA420389
:10E6D00053009AB2110446BF41F2210383EA420378
:10E6E00053009AB2130446BF41F2210383EA420366
:10E6F00053009AB217044ABF41F22103530083EA40
:10E700004203A2789BB283EA02231BB2002B9AB287
:10E71000B6BF41F22103530083EA42039AB21604C2
:10E7200046BF41F2210383EA420353009AB2100428
:10E7300046BF41F2210383EA420353009AB2110417
:10E7400046BF41F2210383EA420353009AB2130405
:10E7500046BF41F2210383EA420353009AB21704F1
:10E7600046BF41F2210383EA420353009AB21604E2
:10E7700046BF41F2210383EA420353009AB21004D8
:10E780004ABF41F22103530083EA4203E2789BB27D
:10E7900083EA02231BB2002B9AB2B6BF41F22103D7
:10E7A000530083EA42039AB2110446BF41F22103A7
:10E7B00083EA420353009AB2130446BF41F2210395
:10E7C00083EA420353009AB2170446BF41F2210381
:10E7D00083EA420353009AB2160446BF41F2210372
:10E7E00083EA420353009AB2100446BF41F2210368
:10E7F00083EA420353009AB2110446BF41F2210357
:10E8000083EA420353009BB21A0446BF41F221023D
:10E8100082EA43035B009BB21A0A237162713DB91D
:10E82000214606220448F7F7AFFD0348F7F79EFD9F
:10E83000C8200AF0C7F84AE5D8630020902800F005
:10E840009386922840F0D08146F6FF439BB2674AF8
:10E8500025AC5B00226019044FF00102227101F126
:10E86000088293409AB2130446BF41F2210383EA1F
:10E87000420353009AB2170446BF41F2210383EAD0
:10E88000420353009AB2160446BF41F2210383EAC1
:10E89000420353009AB2100446BF41F2210383EAB7
:10E8A000420353009AB2110446BF41F2210383EAA6
:10E8B000420353009AB213044ABF41F221035300AA
:10E8C00083EA4203A2789BB283EA02231BB2002BA5
:10E8D0009AB2B6BF41F22103530083EA42039AB2CF
:10E8E000170446BF41F2210383EA420353009AB260
:10E8F000160446BF41F2210383EA420353009AB251
:10E90000100446BF41F2210383EA420353009AB246
:10E91000110446BF41F2210383EA420353009AB235
:10E92000130446BF41F2210383EA420353009AB223
:10E93000170446BF41F2210383EA420353009AB20F
:10E9400016044ABF41F22103530083EA4203E278EE
:10E950009BB283EA02231BB2002B9AB2B6BF41F2EC
:10E960002103530083EA42039AB2100446BF41F2E6
:10E97000210383EA420353009AB2110446BF41F2D5
:10E98000210383EA420353009AB2130446BF41F2C3
:10E99000210383EA420353009AB2170446BF41F2AF
:10E9A000210383EA420353009AB2160446BF41F2A0
:10E9B000210383EA420353009AB2100446BF41F296
:10E9C000210383EA420353009AB211044ABF41F281
:10E9D0002103530083EA42039BB283F480731BB28A
:10E9E000002B9AB2BFF633AC57E500BFAA930100E3
:10E9F000412800F0F980422840F0F680754E764AB2
:10EA0000764800233370137006F0F0FE002801F002
:10EA10007182002210467249FFF702F801226FF45A
:10EA20008C4325AC002B6F49216099B2BBBF41F2EA
:10EA3000210383EA41034B001BB29BB21E0446BF75
:10EA400041F2210181EA43035B0099B2080446BF09
:10EA500041F2210383EA41034B0099B20B0446BF04
:10EA600041F2210383EA41034B0099B20F0446BFF0
:10EA700041F2210383EA41034B0099B20E0446BFE1
:10EA800041F2210383EA41034B0099B2080446BFD7
:10EA900041F2210383EA41034B0099B20B044ABFC0
:10EAA00041F221034B0083EA4103A17822719BB21A
:10EAB00083EA01231BB2002B99B2B6BF41F22103B6
:10EAC0004B0083EA410399B20F0446BF41F2210390
:10EAD00083EA41034B0099B20E0446BF41F2210381
:10EAE00083EA41034B0099B2080446BF41F2210377
:10EAF00083EA41034B0099B20B0446BF41F2210364
:10EB000083EA41034B0099B20F0446BF41F221034F
:10EB100083EA41034B0099B20E0446BF41F2210340
:10EB200083EA41034B0099B208044ABF41F2210332
:10EB30004B0083EA4103E1789BB283EA01231BB2D5
:10EB4000002B99B2B6BF41F221034B0083EA410387
:10EB500099B20B0446BF41F2210383EA41034B0003
:10EB600099B20F0446BF41F2210383EA41034B00EF
:10EB700099B20E0446BF41F2210383EA41034B00E0
:10EB800099B2080446BF41F2210383EA41034B00D6
:10EB900099B20B0446BF41F2210383EA41034B00C3
:10EBA00099B20F0446BF41F2210383EA41034B00AF
:10EBB00099B20E044ABF41F221034B0083EA41039C
:10EBC0009BB283EA02231BB2002B9AB2BFF63FAB83
:10EBD00063E400BF887D0020897D0020287F00201D
:10EBE00034040400AA46010040F2FF1325AC9BB296
:10EBF0005B00994A22601F044FF0020222714ABF53
:10EC000041F221025B0082EA43039AB2160446BF36
:10EC100041F2210383EA420353009AB2100446BF33
:10EC200041F2210383EA420353009AB2110446BF22
:10EC300041F2210383EA420353009AB2130446BF10
:10EC400041F2210383EA420353009AB2170446BFFC
:10EC500041F2210383EA420353009AB216044ABFE9
:10EC600041F22103530083EA4203A2789BB283EA74
:10EC700002231BB2002B9AB2B6BF41F2210353000C
:10EC800083EA42039AB2100446BF41F2210383EAA9
:10EC9000420353009AB2110446BF41F2210383EAB2
:10ECA000420353009AB2130446BF41F2210383EAA0
:10ECB000420353009AB2170446BF41F2210383EA8C
:10ECC000420353009AB2160446BF41F2210383EA7D
:10ECD000420353009AB2100446BF41F2210383EA73
:10ECE000420353009AB211044ABF41F22103530078
:10ECF00083EA4203E2789BB283EA02231BB2002B31
:10ED00009AB2B6BF41F22103530083EA42039AB29A
:10ED1000130446BF41F2210383EA420353009AB22F
:10ED2000170446BF41F2210383EA420353009AB21B
:10ED3000160446BF41F2210383EA420353009AB20C
:10ED4000100446BF41F2210383EA420353009AB202
:10ED5000110446BF41F2210383EA420353009AB2F1
:10ED6000130446BF41F2210383EA420353009AB2DF
:10ED700017044ABF41F22103530083EA42039BB2C6
:10ED800083F400731BB2002B9AB2BFF660AAFFF7A0
:10ED900084BB702800F0D58272287FF425AF09F07B
:10EDA00005FE2E4B2E491A68CDF8990025AC00239C
:10EDB00021602371C4F80930C4F80D30C4F8112063
:10EDC00021462AAE4FF6FF7341F2210011F8012FC0
:10EDD00083EA02231AB293B2002AACBF5B0080EA36
:10EDE00043039BB21F0454BF5B0080EA43039BB202
:10EDF0001A0454BF5B0080EA43039BB21F0454BF54
:10EE00005B0080EA43039BB21A0454BF5B0080EAB4
:10EE100043039BB21F0454BF5B0080EA43039BB2D1
:10EE20001A0454BF5B0080EA43039BB21F0454BF23
:10EE30005B0080EA4303B1429BB2C7D11A0A6375F3
:10EE4000A275002D7FF443AA214617220548F7F743
:10EE50009BFAFFF73CBA00BFAAFE0100207F00200A
:10EE6000AA731100D8630020202800F00582222810
:10EE70007FF4BAAEA04BA14AD3ED007A2592B2EE50
:10EE8000047A67EE877A25ACFDEEE77A17EE903AC2
:10EE90001BB219128DF835108DF83430BDF83430AE
:10EEA000A3806FF40C53002B9AB2BBBF41F2210335
:10EEB00083EA420353001BB29BB21F0446BF41F2D8
:10EEC000210282EA43035B009AB2160446BF41F274
:10EED000210383EA420353009AB2100446BF41F271
:10EEE000210383EA420353009AB2110446BF41F260
:10EEF000210383EA420353009AB2130446BF41F24E
:10EF0000210383EA420353009AB2170446BF41F239
:10EF1000210383EA420353009AB216044ABF41F226
:10EF20002103530083EA4203A2789BB283EA0223BF
:10EF30001BB2002B9AB2B6BF41F22103530083EA01
:10EF400042039AB2100446BF41F2210383EA42030E
:10EF500053009AB2110446BF41F2210383EA4203EF
:10EF600053009AB2130446BF41F2210383EA4203DD
:10EF700053009AB2170446BF41F2210383EA4203C9
:10EF800053009AB2160446BF41F2210383EA4203BA
:10EF900053009AB2100446BF41F2210383EA4203B0
:10EFA00053009AB211044ABF41F22103530083EA8D
:10EFB0004203E2789BB283EA02231BB2002B9AB28F
:10EFC000B6BF41F22103530083EA42039AB213040D
:10EFD00046BF41F2210383EA420353009AB2170469
:10EFE00046BF41F2210383EA420353009AB216045A
:10EFF00046BF41F2210383EA420353009AB2100450
:10F0000046BF41F2210383EA420353009AB211043E
:10F0100046BF41F2210383EA420353009AB213042C
:10F0200046BF41F2210383EA420353009AB2170418
:10F030004ABF41F22103530083EA420322799BB283
:10F0400083EA02231BB2002B9AB2B6BF41F221031E
:10F05000530083EA42039AB2160446BF41F22103E9
:10F0600083EA420353009AB2100446BF41F22103DF
:10F0700083EA420353009AB2110446BF41F22103CE
:10F0800083EA420353009AB2130446BF41F22103BC
:10F0900083EA420353009AB2170446BF41F22103A8
:10F0A00083EA420353009AB2160446BF41F2210399
:10F0B00083EA420353009AB210044ABF41F221038B
:10F0C000530083EA420362799BB283EA02231BB2B4
:10F0D000002B9AB2B6BF41F22103530083EA4203E8
:10F0E0009AB2110446BF41F2210383EA420353005E
:10F0F0009AB2130404E000BF20610020AA2302009A
:10F1000046BF41F2210383EA420353009AB2170437
:10F1100046BF41F2210383EA420353009AB2160428
:10F1200046BF41F2210383EA420353009AB210041E
:10F1300046BF41F2210383EA420353009AB211040D
:10F1400046BF41F2210383EA420353009BB21A04F3
:10F1500046BF41F2210282EA43035B009BB21A0AD6
:10F16000A371E271002D7FF4B2A8214608227F48E6
:10F17000F7F70AF9FFF7ABB87D4B1C7854B901F0EB
:10F1800053FE0094022340F276226FF07F417948CB
:10F1900007F03CFF6FF44C5325AC002B43F2AA322E
:10F1A00022609AB2BBBF41F2210383EA42035300BB
:10F1B0001BB29BB2FFF781B9212200210DA80EF0EE
:10F1C0001BF801238DF834300DAE0FCE25AC6A4FFD
:10F1D000276026AF0FC70FCE0FC733683B7021469D
:10F1E0002EAE4FF6FF7341F2210011F8012F83EA92
:10F1F00002231AB293B2002AACBF5B0080EA430339
:10F200009BB21F0454BF5B0080EA43039BB21A0405
:10F2100054BF5B0080EA43039BB21F0454BF5B00F2
:10F2200080EA43039BB21A0454BF5B0080EA4303A5
:10F230009BB21F0454BF5B0080EA43039BB21A04D5
:10F2400054BF5B0080EA43039BB21F0454BF5B00C2
:10F2500080EA43038E429BB2C7D11A0A84F8253054
:10F2600084F82620002D7FF432A8214627223F482B
:10F27000F7F78AF8FFF72BB80DA80DACFEF734F9B5
:10F280000FCC3E4EDFF8FCC00FC694E8070003C663
:10F2900026F818290FCE25AC26AFC4F800C00FC73A
:10F2A00096E8070003C70DF1B10621463A804FF6F4
:10F2B000FF7341F2210011F8012F83EA02231AB2F1
:10F2C00093B2002AACBF5B0080EA43039BB21A04EE
:10F2D00054BF5B0080EA43039BB21F0454BF5B0032
:10F2E00080EA43039BB21A0454BF5B0080EA4303E5
:10F2F0009BB21F0454BF5B0080EA43039BB21A0415
:10F3000054BF5B0080EA43039BB21F0454BF5B0001
:10F3100080EA43039BB21A0454BF5B0080EA4303B4
:10F32000B1429BB2C7D11A0AA377E27725B9214629
:10F3300020220E48F7F728F817A809F0A3FAFEF7DD
:10F34000C6BF0F4B1C6820460EF012FEA5F1020648
:10F35000B6FA86F67609B5FA85F382B221460096AA
:10F360005B097120FEF754FAFEF7B1BFD8630020A5
:10F37000887D0020287F0020AA952100E07E0020C3
:10F38000147F0020AA211A00002E00F0F3853C789B
:10F39000704B7148714A7249002C14BF012400243B
:10F3A0001C7008BF024625AC0020FEF739FB6D4BF0
:10F3B00023606FF496430022002B22719AB2C0F2B0
:10F3C000138453009BB21A0446BF41F2210282EA21
:10F3D00043035B009AB2170446BF41F2210383EA5C
:10F3E000420353009AB2160446BF41F2210383EA56
:10F3F000420353009AB2100446BF41F2210383EA4C
:10F40000420353009AB2110446BF41F2210383EA3A
:10F41000420353009AB2130446BF41F2210383EA28
:10F42000420353009AB217044ABF41F2210353002A
:10F4300083EA4203A2789BB283EA02231BB2002B29
:10F440009AB2B6BF41F22103530083EA42039AB253
:10F45000160446BF41F2210383EA420353009AB2E5
:10F46000100446BF41F2210383EA420353009AB2DB
:10F47000110446BF41F2210383EA420353009AB2CA
:10F48000130446BF41F2210383EA420353009AB2B8
:10F49000170446BF41F2210383EA420353009AB2A4
:10F4A000160446BF41F2210383EA420353009AB295
:10F4B00010044ABF41F22103530083EA4203E27879
:10F4C0009BB283EA02231BB2002B9AB2B6BF41F271
:10F4D0002103530083EA42039AB2110446BF41F26A
:10F4E000210383EA420353009AB2130446BF41F258
:10F4F000210383EA420353009AB2170446BF41F244
:10F50000210383EA420353009AB2160446BF41F234
:10F51000210383EA420353009AB2100446BF41F22A
:10F52000210383EA420353009AB2110446BF41F219
:10F53000210383EA420353009AB213044ABF41F203
:10F540002103530083EA42039AB217043EF5A5AFA4
:10F55000FEF77DBEB87E00209402040090020400F5
:10F5600000040400AA4B01006B490120FEF758FA81
:10F5700025AC46F6FF63694A22609BB25B0003221A
:10F5800022711A0446BF41F2210282EA43035B0062
:10F590009AB2170446BF41F2210383EA42035300A3
:10F5A0009AB2160446BF41F2210383EA4203530094
:10F5B0009AB2100446BF41F2210383EA420353008A
:10F5C0009AB2110446BF41F2210383EA4203530079
:10F5D0009AB2130446BF41F2210383EA4203530067
:10F5E0009AB217044ABF41F22103530083EA42034F
:10F5F000A2789BB283EA02231BB2002B9AB2B6BF59
:10F6000041F22103530083EA42039AB2160446BF33
:10F6100041F2210383EA420353009AB2100446BF29
:10F6200041F2210383EA420353009AB2110446BF18
:10F6300041F2210383EA420353009AB2130446BF06
:10F6400041F2210383EA420353009AB2170446BFF2
:10F6500041F2210383EA420353009AB2160446BFE3
:10F6600041F2210383EA420353009AB210044ABFD5
:10F6700041F22103530083EA4203E2789BB283EA1A
:10F6800002231BB2002B9AB2B6BF41F221035300F2
:10F6900083EA42039AB2110446BF41F2210383EA8E
:10F6A000420353009AB2130446BF41F2210383EA96
:10F6B000420353009AB2170446BF41F2210383EA82
:10F6C000420353009AB2160446BF41F2210383EA73
:10F6D000420353009AB2100446BF41F2210383EA69
:10F6E000420353009AB2110446BF41F2210383EA58
:10F6F000420353009AB213044ABF41F2210353005C
:10F7000083EA42039BB283F440731BB2002B9AB28C
:10F71000BEF69DADFEF7C1BE90040400AA910100A3
:10F72000DFF8BCB29BF80030002B00F0A982731EFA
:10F73000FE2B00F25B84FDF74BFE002840F04E8666
:10F74000A14BA2491B7801220A70002B40F0A08730
:10F75000DFF8908225AC9E48DFF88CA206F046F8D0
:10F760004FF00009012009F02DF901F05BFB88F84A
:10F77000009039464B46DAF80070954808973246B3
:10F7800007F01EFC2B46074600903246484691493A
:10F79000FEF746F9002F00F0788502203A468E49A0
:10F7A000FEF73EF9894B8A4883F8009003F0CAFFC0
:10F7B00040F2FF139BB25A00884B236016044FF0AF
:10F7C0000403237146BF41F2210383EA420353003D
:10F7D0009AB2100446BF41F2210383EA4203530068
:10F7E0009AB2110446BF41F2210383EA4203530057
:10F7F0009AB2130446BF41F2210383EA4203530045
:10F800009AB2170446BF41F2210383EA4203530030
:10F810009AB2160446BF41F2210383EA4203530021
:10F820009AB210044ABF41F22103530083EA420313
:10F83000A2789BB283EA02231BB2002B9AB2B6BF16
:10F8400041F22103530083EA42039AB2110446BFF6
:10F8500041F2210383EA420353009AB2130446BFE4
:10F8600041F2210383EA420353009AB2170446BFD0
:10F8700041F2210383EA420353009AB2160446BFC1
:10F8800041F2210383EA420353009AB2100446BFB7
:10F8900041F2210383EA420353009AB2110446BFA6
:10F8A00041F2210383EA420353009AB213044ABF90
:10F8B00041F22103530083EA4203E2789BB283EAD8
:10F8C00002231BB2002B9AB2B6BF41F221035300B0
:10F8D00083EA42039AB2170446BF41F2210383EA46
:10F8E000420353009AB2160446BF41F2210383EA51
:10F8F000420353009AB2100446BF41F2210383EA47
:10F90000420353009AB2110446BF41F2210383EA35
:10F91000420353009AB2130446BF41F2210383EA23
:10F92000420353009AB2170446BF41F2210383EA0F
:10F93000420353009AB216044ABF41F22103530016
:10F9400083EA42039BB283F480631BB2002B9AB21A
:10F95000B6BF41F22103530083EA42039AB2100476
:10F9600046BF41F2210383EA420353009AB21104D5
:10F9700046BF41F2210383EA420353009AB21304C3
:10F9800046BF41F2210383EA420353009AB21704AF
:10F9900046BF41F2210383EA420353009AB21604A0
:10F9A00046BF41F2210383EA420353009AB2100496
:10F9B0004ABF41F22103530083EA42039BB2190478
:10F9C00000F1E88512E000BFB87E0020587C0020DE
:10F9D000287F0020C8020400EC020400AAFE0100F7
:10F9E000897D0020107F0020807D00205B009BB27D
:10F9F0001A0A6371A27125B921460722AA48F6F7AF
:10FA0000C3FCAA4B1B78002B7EF461ACFDF756FDBE
:10FA1000FEF75DBCA64BA74F0FCB25AC26AE2760EB
:10FA200007C62146338041F221000DF1A5064FF6AD
:10FA3000FF7311F8012F83EA02231AB293B2002A4E
:10FA4000ACBF5B0080EA43039BB21F0454BF5B0062
:10FA500080EA43039BB21A0454BF5B0080EA43036D
:10FA60009BB21F0454BF5B0080EA43039BB21A049D
:10FA700054BF5B0080EA43039BB21F0454BF5B008A
:10FA800080EA43039BB21A0454BF5B0080EA43033D
:10FA90009BB21F0454BF5B0080EA4303B1429BB298
:10FAA000C7D11A0AA374E274002D7EF410AC21466B
:10FAB00014227D48F6F768FCFEF709BC25AC002649
:10FAC000314626700BA8DFF8208207F0BFFE3146D2
:10FAD0000DA807F0BBFED8F800300C9AC4F801203E
:10FAE00013F00107744E36D17449304608F07CFE9D
:10FAF000724906F10C0008F077FE704906F1180013
:10FB000008F072FE06F1280086F8247007F082FEE5
:10FB100006F1300007F07EFE06F1380007F07AFEAD
:10FB200006F1400007F076FE06F1480007F072FE8D
:10FB3000624906F1500008F057FE01233046604A42
:10FB40006049A6F85C7086F85E7086F85F70C8F849
:10FB500000300CF001FCB6F85C3063711B0A5A48A7
:10FB6000A37120210EF01EFAC6B2E671002E40F0FD
:10FB7000F78108260927202153480EF013FAC0B256
:10FB8000202840F201812023A35598461A46E01907
:10FB90004D490DF00DFB4744BFB2A5F10200B0FA8C
:10FBA00080F04009B5FA85F300903A4621465B099A
:10FBB0006220FDF72DFEFEF78ABB01F037F94348BE
:10FBC00005F014FE394B4249012225AC00201A7081
:10FBD000FDF726FF3F4B23606FF488430022002B84
:10FBE00022719AB2BFF6EDAB41F2210383EA4203E0
:10FBF0001BB29BB2FFF7E7BB172E324639464FF0D8
:10FC0000000628BF17220DA8CDE90D66CDE90F66C5
:10FC1000CDE911660DF0CCFA0DAA30462E49FDF75C
:10FC2000FFFE25AC6FF492432C4A2260B34226714A
:10FC30009AB2BFF6C6ABD7E7FDF7CAFB0646002867
:10FC400054D025AC264B23606FF44853002B4FF063
:10FC5000010222719AB2BBBF41F2210383EA42033F
:10FC600053001BB29BB21A0403D45B009AB2FEF796
:10FC7000FABD41F2210282EA43039AB2FEF7F3BDD4
:10FC800040F2FF139BB225AC5A00164B23600623AB
:10FC9000237113044ABF41F22103530083EA420354
:10FCA0009AB2FEF739BB00BFD8630020887D0020E0
:10FCB00024610020AA120E00F87B002040050400F9
:10FCC0000060002089D40200FC030400287F00208B
:10FCD00024040400AA4401000C040400AA49010001
:10FCE000AA320100AAFE0100F47B0020AB48DFF835
:10FCF000F88205F07BFD012008F064FEA84B88F82F
:10FD000000601B78002B00F04682A64AA64B1178B3
:10FD1000A64A18782696334661F307031178A44A59
:10FD200060F30F2312789D4825AC61F3174362F30B
:10FD30001F63236021464FF4C073C4E9023303F00C
:10FD400011FD002800F02C8200239A4988F8003029
:10FD50000722FE232160A280A3711DB92146964887
:10FD6000F6F712FB954B1C78002C7EF4B0AA01F03C
:10FD70005BF80094022340F276226FF07F418748BF
:10FD800007F044F9FEF7A3BAA05500283FF405AFE9
:10FD900002461FFA80F8FAE6894C38687968BA6832
:10FDA000884E234607C3BA891A80617B3368B4F84A
:10FDB0000B2094F90A0067680791617A0692227A0B
:10FDC000029726680196CDE90410039200932A4613
:10FDD0007D4B7E490020FDF723FE7D4B6F480022BE
:10FDE0001A7005F003FD00287FF44AAFD4ED007AC5
:10FDF0009FED780A6948F8EE677A27EE800A02F0EC
:10FE0000D1FA00287FF43CAFD4ED017A9FED720A5D
:10FE10006248F8EE677A27EE800A06F0C7F80028F5
:10FE20007FF42EAF217A5D4806F01EF800287FF49B
:10FE300027AF2046FDF720FE00283FF421AF94E8CD
:10FE40000F0025AC654E266026AE07C622463380DD
:10FE50000DF1A5004FF6FF7341F2210112F8016F79
:10FE600083EA06231EB2B3B2002EACBF5B0081EA68
:10FE700043039BB21E0454BF5B0081EA43039BB261
:10FE80001F0454BF5B0081EA43039BB21E0454BFAE
:10FE90005B0081EA43039BB21F0454BF5B0081EA0D
:10FEA00043039BB21E0454BF5B0081EA43039BB231
:10FEB0001F0454BF5B0081EA43039BB21E0454BF7E
:10FEC0005B0081EA430390429BB2C7D11A0AA37434
:10FED000E274002D7FF446AF214614223648F6F72F
:10FEE00053FA3FE741F2210383EA4203C3F30D02D1
:10FEF000FEF7D0BB324C9FED370AD4ED007A27488D
:10FF0000F8EE677A27EE800A02F04CFA00287EF4B9
:10FF100080ADD4ED017A9FED300A2048F8EE677A83
:10FF200027EE800A06F042F800287EF472AD217AAE
:10FF30001A4805F099FF00287EF46BAD2046FDF7C6
:10FF40009BFD00283EF465AD3478002C00F06581FF
:10FF5000012223490020FDF763FD0022FEF75FBD6B
:10FF600032462049B6B227A806F109070DF020F95C
:10FF7000083600E640F2FF139BB225AC5A000D4B49
:10FF8000236011044FF0020323714ABF41F22103A1
:10FF9000530083EA42039AB2FEF738BE287F00205E
:10FFA000117F00203D6100201C6100203C61002089
:10FFB0007C7D0020AAFE0100D8630020887D0020FF
:10FFC00024610020147F0020F80104009C03040039
:10FFD000897D0020BD3786356F12833AAA120E0044
:10FFE00034040400FC030400107F002040F2FF13DF
:10FFF00025AC9BB25A00A94B236010044FF00503B7
:020000023000CC
:10000000237146BF41F2210383EA420353009AB2AF
:10001000110446BF41F2210383EA420353009AB21E
:10002000130446BF41F2210383EA420353009AB20C
:10003000170446BF41F2210383EA420353009AB2F8
:10004000160446BF41F2210383EA420353009AB2E9
:10005000100446BF41F2210383EA420353009AB2DF
:1000600011044ABF41F22103530083EA4203A278FC
:100070009BB283EA02231BB2002B9AB2B6BF41F2B5
:100080002103530083EA42039AB2130446BF41F2AC
:10009000210383EA420353009AB2170446BF41F298
:1000A000210383EA420353009AB2160446BF41F289
:1000B000210383EA420353009AB2100446BF41F27F
:1000C000210383EA420353009AB2110446BF41F26E
:1000D000210383EA420353009AB2130446BF41F25C
:1000E000210383EA420353009AB217044ABF41F244
:1000F0002103530083EA4203E2789BB283EA02239E
:100100001BB2002B9AB2B6BF41F22103530083EA1F
:1001100042039AB2160446BF41F2210383EA420326
:1001200053009AB2100446BF41F2210383EA42030E
:1001300053009AB2110446BF41F2210383EA4203FD
:1001400053009AB2130446BF41F2210383EA4203EB
:1001500053009AB2170446BF41F2210383EA4203D7
:1001600053009AB2160446BF41F2210383EA4203C8
:1001700053009AB210044ABF41F22103530083EAAC
:1001800042039BB283F4A0631BB2002B9AB2BEF66B
:100190005EA8FEF782B9424803F078FB25ACD0E5B3
:1001A000064608F003FCDFF8F890074608E04846EA
:1001B00003F0FCF9030686B208D4012008F002FC23
:1001C00008F0F4FBC01BB0F5FA7FF0D316F08007FF
:1001D00033D134490120FDF723FC314805F006FBFB
:1001E000052008F0EFFB304B2D481F7005F0FEFA9C
:1001F000002800F016820023284988F800300722E2
:10020000FE232160A280A371002D7FF4FAAB21466A
:100210002648F6F7B9F8FFF7F4BB00F005FE0094A6
:10022000022340F276226FF07F411D4806F0EEFE79
:1002300000283FF48DAEFEF7ECBB4FF4C0711848B8
:1002400003F03CF9C6F300264AF6D00343EA4623FE
:100250009B009BB283F4015383F002031B019BB20A
:1002600083F4014383F008030021114A26711F041F
:1002700088F8001022607FF5B9AB41F2210242EA12
:1002800043031BB29BB2FFF7B3BB08F08FFB98F898
:1002900000308146D3B941F2931711E0AAFE010064
:1002A000287F002078030400897D0020D863002087
:1002B000AA320100022008F085FB98F800302BB923
:1002C00008F074FBA0EB0900B842F3D93C4898F859
:1002D000007003F037FA3B4A002388F800301370AF
:1002E00008F064FB384BFFB21860002F00F0598112
:1002F000364A3348936831460133936003F034FE45
:10030000010A020C030E8DF835108DF834008DF8BB
:1003100037308DF836200D9A2D4B0646C4E9003251
:1003200021460DF19B004FF6FF7341F2210211F8B7
:10033000017F83EA07231FB2BBB2002FACBF5B0073
:1003400082EA43039BB21F0454BF5B0082EA43036B
:100350009BB21F0454BF5B0082EA43039BB21F049D
:1003600054BF5B0082EA43039BB21F0454BF5B008F
:1003700082EA43039BB21F0454BF5B0082EA43033B
:100380009BB21F0454BF5B0082EA43039BB21F046D
:1003900054BF5B0082EA430388429BB2C7D11A0A6A
:1003A0002372627225B921460A220A48F5F7ECFF4A
:1003B0002B46324608490020FDF732FBFFF721BBF0
:1003C000287F0020587C0020CC7E0020E07E00208A
:1003D000AA020400D86300201003040040F2FF13B7
:1003E00025AC9BB25A00A34B236011044FF00E03BF
:1003F000237146BF41F2210383EA420353009AB2BC
:10040000130446BF41F2210383EA420353009AB228
:10041000170446BF41F2210383EA420353009AB214
:10042000160446BF41F2210383EA420353009AB205
:10043000100446BF41F2210383EA420353009AB2FB
:10044000110446BF41F2210383EA420353009AB2EA
:1004500013044ABF41F22103530083EA4203A27806
:100460009BB283EA02231BB2002B9AB2B6BF41F2C1
:100470002103530083EA42039AB2170446BF41F2B4
:10048000210383EA420353009AB2160446BF41F2A5
:10049000210383EA420353009AB2100446BF41F29B
:1004A000210383EA420353009AB2110446BF41F28A
:1004B000210383EA420353009AB2130446BF41F278
:1004C000210383EA420353009AB2170446BF41F264
:1004D000210383EA420353009AB216044ABF41F251
:1004E0002103530083EA4203E2789BB283EA0223AA
:1004F0001BB2002B9AB2B6BF41F22103530083EA2C
:1005000042039AB2100446BF41F2210383EA420338
:1005100053009AB2110446BF41F2210383EA420319
:1005200053009AB2130446BF41F2210383EA420307
:1005300053009AB2170446BF41F2210383EA4203F3
:1005400053009AB2160446BF41F2210383EA4203E4
:1005500053009AB2100446BF41F2210383EA4203DA
:1005600053009AB211044ABF41F22103530083EAB7
:1005700042039BB283F460631BB2002B9AB2BDF6B8
:1005800066AEFDF78ABF21460A223B48F5F7FCFE1E
:10059000FDF775BD41F2210282EA43039BB2FFF7EA
:1005A00027BA089ADAF8003034499B1A02203246FA
:1005B000FDF736FA324805F019F9052008F002FA7D
:1005C0002F488BF8007005F011F900287FF4F0A88F
:1005D0002C4E9FED2D0AD6ED007A2948F8EE677A69
:1005E00027EE800A01F0DEFE00287FF4E1A8D6EDB8
:1005F000017A9FED260A2248F8EE677A27EE800AF4
:1006000005F0D4FC00287FF4D3A8317A1C4805F00B
:100610002BFC00287FF4CCA83046FDF72DFAFFF71D
:10062000C7B8184E9FED180AD6ED007A1448F8EEB8
:10063000677A27EE800A01F0B5FE00287FF4DBAD73
:10064000D6ED017A9FED110A0D48F8EE677A27EE94
:10065000800A05F0ABFC00287FF4CDAD317A084864
:1006600005F002FC00287FF4C6AD3046FDF704FA21
:10067000C1E500BFAAFE0100D863002038030400D2
:10068000287F002024610020BD3786356F12833A11
:100690000223CDE90837FCF79BFE074600287FD1EF
:1006A000584B594A18781478584B594ADFF88481C6
:1006B00011781A7888F800703B4664F3070360F3FA
:1006C0000F2325AC61F3174362F31F632360514886
:1006D00067604FF4C0732146C4E9023303F042F867
:1006E000002873D1074608F061F9DFF828A1814698
:1006F00008E0504602F05AFF020687B208D40220F2
:1007000008F060F908F052F9A0EB0900C728F0D909
:100710004FF4C0713F4802F0D1FE002388F800304A
:100720003B0619D5F80554D53B4BDB68D9012ED5CE
:100730003A4B1A68D2072AD55B689B09384AA2FB54
:1007400003121209962101FB123303F1320008F063
:1007500039F9089B012B36D132490120FDF760F9A8
:10076000A5F1020C3048B5FA85F2DCF100034FF038
:1007700000014FF00E0501704FEA521243EB0C03DB
:100780002146FE202570FDF771FAFFF73AB909F00E
:1007900087FB264BA0FB0301830A43EA8153CDE785
:1007A000A91E4B42B5FA85F24FF00E001E4D8DF892
:1007B00034004B41002452090DA9FE202C70FDF796
:1007C00055FAFDF784BD0123089364E788F80070AB
:1007D000C2E7099FFEF7BFBFA81E41424141002268
:1007E000B5FA85F35B090091FF201146FDF710F87B
:1007F0000F490020FDF714F9642008F0E3F8FCF736
:10080000A1FB00BF1C6100203D6100207C7D002019
:100810003C610020287F0020F0ED00E0001000E0A7
:10082000B5814E1B98020400587C002040420F0006
:100830004C040400107F00202DE9F04104460E46D0
:100840001746984608F0B2F8044D434628603A46E9
:1008500031462046BDE8F041FDF75EBB847D0020B7
:10086000F0B5AB488DB04FF461210446F5F796FE24
:1008700008F09CF840F6B736054608E008F096F810
:10088000401BB0424FF00A0006D808F09BF8204603
:10089000F5F7A2FE0028F1D0C82008F093F89D4992
:1008A0009D4D06A807F0A0FF06A909A807F0C2FF02
:1008B0009A4909A808F048F8994908F045F801460E
:1008C000984807F0E7FF09A807F0DCFF06A807F043
:1008D000D9FF954B95498E48002207F009F8FCF79F
:1008E00035FB00F0A9FA08F061F801212860252005
:1008F0000BF04CFB012125200BF0CCFB00F090FA13
:1009000000F0B6FA8A4800F0E7FA2C242D202B21BB
:100910002E222623CDE90304CDE9012100932A22CA
:100920002F2384490020FDF77BF800260A220823A4
:100930008DE84C000921122307229FED7F1ADFED7D
:100940007F0A9FED7F0A7F4802F07EF96EA3D3E90C
:100950000023044600907C493046FDF761F8002CE6
:100960007FD06B4C02E00A2008F02CF82046F5F707
:1009700003FD0028F7D00023012209A9FE20082446
:100980008DF82440FDF772F97049614806F098FF30
:100990006F4B00221A706F4F3E6816F0010636D179
:1009A0006D4C6E49204607F01FFF6C4904F10C00A6
:1009B00007F01AFF694904F1180007F015FF04F168
:1009C000280084F8246006F025FF04F1300006F0CA
:1009D00021FF04F1380006F01DFF04F1400006F08D
:1009E00019FF04F1480006F015FF5C4904F15000BE
:1009F00007F0FAFE01232046594A5A49A4F85C60E0
:100A000084F85E6084F85F603B600BF0A5FC56499B
:100A1000564807F069FF41F2873401E007F0D2FF42
:100A200007F0C4FF2B68C31AA3424FF03200F5D978
:100A30004F4B01221A7007F0B9FF4E4B00F5EA4008
:100A40003030186007F0B2FF4B4B364A18601E2357
:100A500012684A4900932E48494B06F049FF0DB0F1
:100A6000F0BD0121374806F037F9464902462848CB
:100A700006F03EFF9FED440A324805F06DFB8C22E4
:100A800003464249224806F033FF012211462D4811
:100A900005F022FE3E4902461D4806F029FF0123CB
:100AA00009AA40F6B50127488DF8244004F086FFD6
:100AB00060B99DF82440234844F00104012309AAA9
:100AC00040F6B5018DF8244004F070FF024631492C
:100AD0000F4806F00DFF304B1A4800221A7004F040
:100AE00085FE00285AD0062409A900230122FE20F1
:100AF0008DF82440FDF7BAF84FF47A7007F062FFE2
:100B0000FAE700BFAFF30080000000C0CCCCFC3F90
:100B1000D86300200C050400DC7E002014050400CE
:100B200018050400147F0020DC06040024050400DE
:100B3000FC7E0020440504006666E63F0000FA42A1
:100B40000000D943287F002080050400A005040090
:100B5000597C0020F47B0020F87B00204005040035
:100B60000060002089D40200FC030400BC7E002049
:100B7000AC7E0020B47E0020D07E0020AC060400B5
:100B8000F8010400E805040000000C43100604000E
:100B90003806040064060400897D0020234C9FED84
:100BA000240AD4ED007A2348F8EE677A27EE800A0B
:100BB00001F0F8FB002896D1D4ED017A9FED1E0AD2
:100BC0001C48F8EE677A27EE800A05F0EFF9002856
:100BD00089D1217A174805F047F90646002882D1C5
:100BE0002046FCF749FF00283FF47DAF1349114828
:100BF00005F012F930462F221149FCF711FF114B75
:100C00001B7813B9FCF75AFC38B10F4B01221A704C
:100C100007F0CCFE0D4B1860BDE64FF47A7007F07C
:100C2000D1FE4FF47A7007F0CDFEF6E72461002084
:100C3000BD378635287F00206F12833A99D3020092
:100C400090060400887D0020597C0020346100203B
:100C5000F0B5604C226887B0B2B15F4BDB68DD0154
:100C600003D55E4B1968C80769D409F019F95C4BC4
:100C70002268A0FB0301830A43EA815359490868AB
:100C80009B1A984238BF0B60534BDB68D90103D5E0
:100C9000524B1A68D2073AD409F002F9504BA0FB24
:100CA0000301830A43EA81534F4A236013781BB13F
:100CB0004E4B1B78002B45D04D4D4E4F4E4E09E00C
:100CC0002846F5F73BFB0097C1B2334600224B485C
:100CD000FCF740F92846F5F70BFB04460028EFD156
:100CE000FCF7A2FCFCF750FF00F0A8F8FCF730F985
:100CF0004348444D444EFCF76FF807F057FE2B78FD
:100D000000F5EA403030306023B907B0F0BD5B68D1
:100D10009B09C9E73D4F07F049FE3B68C01AB0F593
:100D20007A6F13D22B78002BEFD007F03FFE336899
:100D3000C01A002817DB00232B7007B0F0BD5B68DA
:100D40009B099BE71370FCF7EFFDB5E707F02EFE5C
:100D50002B783860012B2FD0022B28D02C4A01236E
:100D600014602B70E1E72A4C07F020FE2368C31AB9
:100D7000B3F5FA6FC9D907F019FE2B782060012B63
:100D80001FD0022BC1D007F011FE03A8214907F0A4
:100D90002BFD214B1B680BB107F008FE1848FCF730
:100DA0008DF800F05DF803A807F06CFDADE7184A78
:100DB000032314602B70B8E7154A022314602B70CC
:100DC000B3E70F48FCF77AF8044600F049F8134BF4
:100DD0001C839AE7247F0020F0ED00E0001000E083
:100DE00040420F00207F0020107F0020587C002010
:100DF000D8630020D1DE020039080300947D002072
:100E000074010400AC7E0020B47E0020D07E00205F
:100E1000C87E002040050400847D0020E07E002084
:100E2000704700BF704700BF704700BF704700BFEA
:100E30000020704700207047704700BF704700BF18
:100E400070B4064D06460FCD34460FC495E8030036
:100E500084E80300304670BC704700BFF006040011
:100E60009FED010A704700BF0000C07F002070475F
:100E7000704700BF70B5002444749DF81050C9B18C
:100E80000F4E0160B142846012D00E4CA14204BFEB
:100E9000012101710C4951F82220027351F82330CD
:100EA000837351F8253043730023C373037470BDFB
:100EB0000471EFE7054B064A064824210CF084F83C
:100EC0000030024000F002408C0D040008070400CE
:100ED0007007040018070400437C03B1704730B565
:100EE000012285B042740321FF22019304468DF84C
:100EF00003208DF806208DF80510827B417B8DF84C
:100F000000204FF080451A4602958DF80110057BB0
:100F1000C3736946037403938DF802500AF00CF909
:100F2000A37B1F2B86BF03F01F030C4A4FF0A04288
:100F300003F5E07340F2013142F82310637B1F2B6D
:100F400086BF03F01F0305494FF0A04103F5E0738E
:100F500040F2033241F8232005B030BD00030050B9
:100F600010B504460AF030FA0023637410BD00BFC8
:100F700010B483B002AB03E906009DF805309DF87C
:100F80000410026813F1FF3318BF01230024022963
:100F9000C2F800451C460374C17332D003292DD01A
:100FA000012925D0224B0099B3FBF1F3B3F5007F63
:100FB000C2F854451FD2FF2B0FD87F2B24D83F2BCC
:100FC00025D81F2B26D80F2B27D8072B02D8194935
:100FD0008A4225D04FF0004101E04FF080610723A5
:100FE000C2F82415C2F8003503B05DF8044B704711
:100FF00043F00204D6E74FF00071F0E743F0060437
:10100000D0E743F00404CDE74FF00061E7E74FF08D
:101010008051E4E74FF00051E1E74FF08041DEE717
:10102000042B34BF4FF0A0514FF02061D7E700BF31
:101030000090D00300F0024003680022C3F80025AE
:10104000704700BF002B3AD02DE9F047814684B0AD
:101050000D4617461E464FF6FF784FF0000A4645EC
:10106000344628BF4446002D14BF23460023009574
:101070000297361B01938FB10022694648460394BC
:101080000AF004FA05B125442744002EE7D104B044
:10109000BDE8F087CDE900550295361B0022694670
:1010A0004846CDF80CA00AF0F1F94DB94645344652
:1010B00028BF4446002EEDD104B0BDE8F08770474C
:1010C0002544002ECBD1E2E710B586B006AB012453
:1010D00003F8111D002202A90293CDE903430594F0
:1010E0000AF0D4F99DF8070006B010BD30B4094AE3
:1010F000094B546FD068916F1C7300220124074D77
:101100001C7198735973DA731A741D605A749A605B
:1011100030BC70478C0D0400F480002000F00240C9
:101120002DE9F0471A4DAC4607468A469146984647
:10113000BCE80F003C464FF0000E44F804EB0FC42F
:101140009CE807001C3584E807000FCD82B007F14A
:1011500030040A9EC7F82880C7E908A9FE620FC4B8
:101160002B6823600CABC7F844E093E803006C469F
:1011700084E80300302009F005FF94E80C000B9987
:10118000054601F0CFF838463D6002B0BDE8F08773
:10119000B007040010B50446006803685B6C98470C
:1011A0002068216A036882689B6898472068216AE2
:1011B00003680269DB689847004B10BD406100205E
:1011C000006803689B6C18472DE9F04F057C83B0DD
:1011D0000446407C0D9F0C9E0196ED0805EBD00562
:1011E0003D442846894690469B4609F0CDFE06467A
:1011F000284609F0C9FE8246207C08285FFA89F358
:101200005FFA88F132D843EA0102638932704B45B4
:1012100006F1010034D03A46A1890BF0EDFF2068B9
:1012200003685B6B98472068216A0368C268DB68C3
:101230009847206803682A4631469D6B5346A84765
:101240002068216A03680269DB68984720680368A0
:10125000DB6B984723894B4517D0304609F096FE43
:10126000504603B0BDE8F04F09F090BE43EA1822A3
:1012700063897170D2B24B4506F102003270CAD157
:1012800059463A460BF094FFC9E7217C01983A464B
:101290000AEBD1010BF08CFFDFE700BF2DE9F0472F
:1012A00090F804C084B004460F4615461E46BCF1B3
:1012B000000F00F0B580437C5AB2002AB8BF073255
:1012C000D210013A52B2002A0DF10808C0F2BC80D7
:1012D000B0F80AE04146D000013A52B24EFA00FCA2
:1012E000B2F1FF3F01F801CBA0F10800F4D194F86E
:1012F00010C04FEADC0C0CF1FF3252B2501C09D086
:101300000139D000013A27FA00F052B201F8010F7A
:10131000501CF6D10CEBD30707EB0609484609F041
:1013200033FE824647B1013FFFB2013741463A469C
:101330000BF03EFF0AEB0700324629460BF038FF60
:10134000E36A20680133036866D05B6A9847054604
:101350000BE0206803685B6D9847206803685B6A50
:101360009847E369401B984264D22068E16A0368A9
:101370001B6998470028ECD1484609F005FE06464F
:10138000206803685B6B98472068216A0368C2681D
:10139000DB689847206803684A469D6B5146334690
:1013A000A8472068216A03680269DB6898472068BB
:1013B0000368DB6B9847E36A2068013303683FD01A
:1013C0001B6A01219847206803685B6A98470546B5
:1013D0000BE0206803685B6D9847206803685B6AD0
:1013E0009847E369401B98420DD22068E16A036880
:1013F0001B6998470028ECD1636923B1E27C9145D1
:1014000001D9B05C9847504609F0C0FD304604B0A1
:10141000BDE8F04709F0BABDDB6932219847ABE778
:101420004189CDE900C313463A46FFF7CDFE04B02B
:10143000BDE8F087504604B0BDE8F04709F0A6BD0E
:10144000DB6901219847D7E7414650E72DE9F04F86
:1014500083B004460C9F807C9DF838500095D519C8
:1014600005EBD00528469DF834A0019316468B461F
:1014700009F08AFD80465EB106F1FF395FFA89F90D
:1014800009F1010959464A460BF092FE08EB0900A2
:10149000A27CA18907EBD2020BF0AEFEBAF1000FDD
:1014A0001DD0E26A2068013203687FD05B6A9847EA
:1014B00081460DE0206803685B6D984720680368EB
:1014C0005B6A9847E369A0EB0900984280F0888046
:1014D0002068E16A03681B6998470028EAD128461A
:1014E00009F052FD8146206803685B6B98472068CD
:1014F000216A0368C268DB689847206803682A4647
:10150000D3F838B041464B46D8472068216A036873
:101510000269DB68984720680368DB6B9847BAF17B
:10152000000F21D0E26A20680132036861D01B6A93
:1015300001219847206803685B6A984782460CE05F
:10154000206803685B6D9847206803685B6A98476A
:10155000E369A0EB0A00984252D22068E16A03686E
:101560001B6998470028EBD163691BB3E27C954265
:1015700020D919F802009847A17C06EBD101054655
:101580003A46494401980BF013FE404609F0FEFC30
:10159000484609F0FBFCFDB9009BE3B1A569DDB14C
:1015A00020462B4603B0BDE8F04F1847DB693221D7
:1015B000984794E7A17C019806EBD1013A4649444B
:1015C0000BF0F6FD404609F0E1FC484609F0DEFC70
:1015D000009B002BE2D11D46284603B0BDE8F08FEA
:1015E000404609F0D3FC6FF43075284603B0BDE8DF
:1015F000F08FDB69012198476369002BB6D1D9E7E9
:10160000A17C019806EBD10149443A460BF0D0FD8C
:10161000404609F0BBFC484609F0B8FC6FF4307551
:10162000284603B0BDE8F08F90F811C02DE9F04FC7
:1016300004464FFA8CF00028B8BF0730C0100138BC
:1016400083B040B200289DF830509DF834601746B2
:1016500098460CDBC30001AA013840B241FA03FEF0
:10166000B0F1FF3F02F801EBA3F10803F4D14FEA18
:10167000DC0B0BEB080A504609F086FC8146BBF1F7
:10168000000F09D001AB13F8012B00F8012BA0EBE0
:101690000901C9B28B45F6D8424639460BF088FDA0
:1016A000DDB1E26A20680132036870D05B6A984756
:1016B00007460BE0206803685B6D98472068036865
:1016C0005B6A9847E369C01B984271D22068E16A5F
:1016D00003681B6998470028ECD1504609F054FC78
:1016E0000746206803685B6B98472068216A036897
:1016F000C268DB689847206803685246D3F8388090
:1017000049463B46C0472068216A03680269DB6896
:10171000984720680368DB6B984705B3E26A206846
:10172000013203684DD01B6A012198472068036885
:101730005B6A984705460BE0206803685B6D984735
:10174000206803685B6A9847E369401B98423FD270
:101750002068E16A03681B6998470028ECD1636937
:10176000CBB1E27C924516D9B85C9847054648460D
:1017700009F00CFC384609F009FCADB99EB1A56929
:1017800095B120462B4603B0BDE8F04F1847DB6902
:1017900032219847A1E7484609F0F8FB384609F09E
:1017A000F5FB002EEBD13546284603B0BDE8F08F9F
:1017B000484609F0EBFB6FF43075284603B0BDE8EE
:1017C000F08FDB69012198476369002BC9D1E2E7FB
:1017D000484609F0DBFB384609F0D8FB6FF430755A
:1017E000284603B0BDE8F08F2DE9F04F83B00446E2
:1017F000DDF830809DF834909DF838B0019102EB0F
:101800000806304615469A4609F0BEFB07463DB12C
:10181000013DEDB2013501992A460BF0C9FC78195A
:10182000424651460BF0C4FCB9F1000F1BD0E26AEE
:1018300020680132036875D05B6A984705460BE063
:10184000206803685B6D9847206803685B6A984767
:10185000E369401B984277D22068E16A03681B69FC
:1018600098470028ECD1304609F08EFB05462068E9
:1018700003685B6B98472068216A0368C268DB686D
:101880009847206803683246D3F8388039462B469B
:10189000C0472068216A03680269DB6898472068AE
:1018A0000368DB6B9847B9F1000F21D0E26A20682A
:1018B0000132036851D01B6A0121984720680368F0
:1018C0005B6A984780460CE0206803685B6D984728
:1018D000206803685B6A9847E369A0EB08009842B8
:1018E00042D22068E16A03681B6998470028EBD15F
:1018F0006369DBB1E27C964218D9A85C984706463A
:10190000384609F043FB284609F040FBC6B9BBF155
:10191000000F14D0A6699EB12046334603B0BDE83F
:10192000F04F1847DB69322198479CE7384609F0A9
:101930002DFB284609F02AFBBBF1000FEAD15E46D9
:10194000304603B0BDE8F08F384609F01FFB6FF456
:101950003076304603B0BDE8F08FDB69012198474F
:101960006369002BC6D1E1E7384609F00FFB284632
:1019700009F00CFB6FF43076304603B0BDE8F08F11
:101980002DE9F043457C6BB2002BB8BF0733DB1069
:10199000013B5BB2002B83B004460CDBC689DA0046
:1019A00001A9013B46FA02F05BB201F8010B581C99
:1019B000A2F10802F5D1A77CED0805EBD7070137A6
:1019C000384609F0E1FA064645B101AA12F8013B92
:1019D00000F8013B831BDBB29D42F7D8A27CA189B2
:1019E000D20801320BF008FCE36A20680133036877
:1019F00000F089805B6A984780460CE020680368A5
:101A00005B6D9847206803685B6A9847E369A0EBC1
:101A1000080098427BD22068E16A03681B699847F6
:101A20000028EBD1384609F0AFFA814620680368F8
:101A30005B6B98472068216A0368C268DB68984737
:101A4000206803683A46D3F8388031464B46C04791
:101A50002068216A03680269DB6898472068036888
:101A6000DB6B9847E36A2068013303683AD01B6A4E
:101A700001219847206803685B6A984780460CE01C
:101A8000206803685B6D9847206803685B6A984725
:101A9000E369A0EB0800984242D22068E16A03683B
:101AA0001B6998470028EBD163690BB3E27C97422E
:101AB0001ED919F802009847A37C09EBD303074607
:101AC00030465D5D09F062FA484609F05FFA2FB9C9
:101AD00067691FB12846B8470027E080384603B041
:101AE000BDE8F083DB69012198476369002BDDD1F4
:101AF000A37C09EBD30330465D5D09F047FA484605
:101B000009F044FAE4E7DB69322198478AE7304676
:101B100009F03CFA6FF43077384603B0BDE8F08343
:101B2000304609F033FA484609F030FA6FF430775E
:101B3000384603B0BDE8F0832DE9F04F85B0154677
:101B4000109A9DF8444001948A460446AF180293C7
:101B5000002B40F0FD80837C07EBD307384609F06B
:101B600013FA0646002D00F0CB8046EA0A035A0716
:101B700040F011810B2D40F20E81002D14BF2B4639
:101B8000012303934FEAD30B721CAAF1080C3146D0
:101B90000023FCE9028901335FFA83FE1046F34516
:101BA000E1E8028900F1070002F10802F1D8039987
:101BB00001F0F8038B4206EB03023BD003F1010C6A
:101BC0005FFA8CFC1AF80310F154654502F101002C
:101BD00030D9991CC9B21AF80C0050708D4202F12C
:101BE000020027D9D81C1AF801109170C1B28D4299
:101BF00002F103001ED9181D1AF80110D170C1B2EC
:101C00008D4202F1040015D9581D1AF80110117106
:101C1000C1B28D4202F105000CD90633DBB21AF8CD
:101C2000011051719D4202F1060003D91AF80330E8
:101C30009371D01D029B002B62D0109A0E990BF06D
:101C4000B7FA019B002B65D1384609F09DF9804613
:101C5000206803685B6B98472068216A0368C26844
:101C6000DB689847206803683A46D3F838903146D5
:101C70004346C8472068216A03680269DB689847C1
:101C800020680368DB6B9847019B13B3E26A206806
:101C90000132036800F08B801B6A0121984720689D
:101CA00003685B6A984781460CE0206803685B6DB7
:101CB0009847206803685B6A9847E369A0EB0900CE
:101CC00098427BD22068E16A03681B699847002824
:101CD000EBD16369002B48D0E27CBA4245D218F8B8
:101CE000020098470746029B002B42D0304609F07D
:101CF0004DF9404609F04AF9384605B0BDE8F08F85
:101D0000109BA27CA18903EBD2020BF075FA019B18
:101D1000002B99D0E26A20680132036821D05B6A07
:101D2000984780460CE0206803685B6D9847206800
:101D300003685B6A9847E369A0EB0800984221D2E8
:101D40002068E16A03681B6998470028EBD17BE7AC
:101D5000384609F019F90646002D7FF406AF3046E3
:101D60006BE7DB69322198476EE7029B0027002B67
:101D7000BCD1A17C05EBD1014144DDE90F020BF0A0
:101D800017FAB3E7304609F001F96FF430773846B7
:101D900005B0BDE8F08F0AF1FF3A30461AF8013F6E
:101DA00000F8013B831BDBB29D42F7D842E7DB69B9
:101DB000012198476369002B8ED1D6E76FF4307705
:101DC00091E700BF2DE9F041067986B005460C4643
:101DD000002E3FD0477C78B20028B8BF0730C01033
:101DE000013840B2002804A93EDBB5F808800E4651
:101DF0004FEAC00C013840B248FA0CFEB0F1FF3F88
:101E000006F801EBACF1080CF4D195F810E04FEABC
:101E1000DE0E0EF1FF3040B2B0F1FF3F0BD0013EBD
:101E20004FEAC00C013840B224FA0CFCB0F1FF3F7D
:101E300006F801CFF4D100240126029201930EEBA3
:101E4000D7022846039600942346FFF775FE06B096
:101E5000BDE8F0810189CDE9003233462246FFF723
:101E6000B3F906B0BDE8F0810E46CEE790F811C098
:101E70002DE9F04305464FFA8CF00028B8BF073033
:101E8000C010013887B040B200289DF838E09DF8B6
:101E90003C600DF114090CDB4F46C400013840B220
:101EA00041FA04F8B0F1FF3F07F8018BA4F10804F0
:101EB000F4D10020CDE9023E0192009003464FEAA2
:101EC000DC0249462846FFF737FE20B91EB1AB6950
:101ED0000BB12846984707B0BDE8F0832DE9F04FD5
:101EE0008BB0072B9DF858509DF850809DF854708A
:101EF00005959DF85CB000F22F81B8F1070F00F254
:101F00002B814345C0F028811E460379914600226B
:101F100004460D468DF81F20002B00F00681427C00
:101F200053B2002BB8BF0733DB10013B5BB2002B71
:101F300008A9C0F20F81B0F808A08E46D800013B76
:101F40005BB24AFA00FCB3F1FF3F0EF801CBA0F1FF
:101F50000800F4D194F810C04FEADC0C0CF1FF3308
:101F60005BB2581C0AD00EF1FF3ED800013B25FAA7
:101F700000F05BB20EF8010F581CF6D101200DF1F4
:101F80001F0A0023CDE902000CEBD202CDE9003A92
:101F90002046FFF7D1FDFF22731CC8F1080802FAA2
:101FA00003F342FA08F843EA08039DF81F60DB4395
:101FB000DBB289EA0602134203D1BBF1000F00F045
:101FC000A18026EA030603EA0909237946EA0906FD
:101FD0008DF81E60002B00F0B280627C53B2002BA3
:101FE000B8BF0733DB10013B5BB2002B08A9C0F27E
:101FF000B680B4F80A8008464FEAC30C013B5BB2D6
:1020000048FA0CFEB3F1FF3F00F801EBACF1080C0D
:10201000F4D194F810C04FEADC0C0CF1FF335BB242
:10202000B3F1FF3F0BD001384FEAC30E013B5BB267
:1020300025FA0EFEB3F1FF3F00F801EFF4D10020C6
:1020400001230CEBD2020DF11E0CCDE900C0CDE94D
:1020500002332046FFF770FD206803689B6A9847AB
:102060004FF47A7909FB07F983464FF000080127FE
:10207000206803689B6A9847A0EB0B0048454FD245
:1020800023798DF81F80002B40D0617C4BB2002B50
:10209000B8BF0733DB10013B5BB2002B3EDBB4F86B
:1020A00008C0DA0008A8013B5BB24CFA02FEB3F1AB
:1020B000FF3F00F801EBA2F10802F4D1227CD20824
:1020C000531E5BB2B3F1FF3F0BD001384FEAC30C94
:1020D000013B5BB225FA0CFCB3F1FF3F00F801CFE6
:1020E000F4D102EBD102CDE90277CDE9008A0023D9
:1020F00008A92046FFF720FD9DF81F30059A734080
:102100001A42B5D100200BB0BDE8F08F21892A46D4
:10211000CDE900A72046FFF757F8EDE708A8CDE77F
:102120006FF00F000BB0BDE8F08F01220DF11F0A18
:102130000189CDE900A22A46FFF746F82BE761891D
:102140000093012301932A460DF11E032046FFF759
:102150003BF881E78E46FDE66FF00A00D3E70846BC
:1021600057E700BFF8B5446C24B906E0914205D0AA
:10217000183402D02278002AF8D1F8BD064604347B
:1021800000F1300500F1440755F8041B002904DB79
:10219000306822680368DB689847AF4204F10404A2
:1021A000F2D1F8BD21B1034B880143F00103184778
:1021B000704700BF5008040008467047704700BFD2
:1021C000006AFEF789BE00BF006AFEF7C9BE00BF05
:1021D00072B1F8B54C1E0746A6185D1E14F8011F13
:1021E000386AFEF771FFB44205F8010FF6D1F8BD69
:1021F000704700BF09F0D8BB4B1C02D0C8B205F035
:10220000E9BB704708461146421C03D01A46C0B2CB
:1022100005F0A6BC704700BF006AFEF70DBF00BF07
:1022200000F1240393E80600006AFEF7A1BE00BF98
:1022300008461146421C02D01A4609F057BB00203E
:10224000704700BF08B50A4BDB68D90103D5094BBD
:102250001A68D20708D407F023FE074BA0FB03231C
:10226000900A40EA835008BD5868800908BD00BF45
:10227000F0ED00E0001000E040420F0006F096BBD9
:10228000084606F09FBB00BF4B1C02D0084606F074
:102290000FBA704708461146421C02D01A4606F093
:1022A000FDB870474B1C02D0084609F00FBF002054
:1022B000704700BF4B1C084602D0114609F0EABE29
:1022C000704700BF4B1C084602D0114609F05EBEA5
:1022D000704700BF10B53021044608F059FE204673
:1022E00010BD00BF90F82C2002B970470268044965
:1022F000126C8A4202D1006AFEF732BE104700BF5C
:10230000C921030090F82C2002B9704702680449E3
:10231000126B8A4202D1006AFEF7DEBD104700BF91
:10232000C1210300F0B587B004AD85E80C00032798
:102330000122002304240E46CDE9014700921946EC
:10234000044605F013F895E8030004F12403054D55
:1023500026620022256083E80300204684F82C20B2
:1023600007B0F0BDE80704004AB116290B466FF02C
:102370000800A8BF16238342B8BF03461370093173
:10238000C9B21F298CBF6FF00C000020704700BF3E
:10239000704700BF10B54FF4E671044608F0F8FD31
:1023A000204610BD9FED167AB4EEC70AF1EE10FA82
:1023B00023D49FED147AB4EEC70AF1EE10FA1CDCB8
:1023C00038B5D0ED587A70EE677AB3EE047AF0EE55
:1023D000E77AF4EEC77AF1EE10FA054610EE104AED
:1023E00006DA00EE104A2846BDE8384004F0BABCD0
:1023F00002F04CFA0028F4D038BD6FF00B007047A3
:10240000000016430000704430B50368154A9B6D08
:10241000934283B005460C4619D10931CBB21F2B2C
:102420001CD8D5F86831104A002B08BF134603EBBF
:10243000410013F8112090F90110002413092846D7
:1024400002F00F02009404F059FC03B030BD0022EA
:1024500098470028F9D104F10901E2E76FF00C0078
:10246000F3E700BF6923030088080400F0B52DEDF1
:10247000028B85B005689DF8346080F85461C0ED2A
:10248000540AD5F81051494E9DF930708DF80C1052
:10249000B5428DED020A8DF80D208DF80E308DF8C5
:1024A0000F705BD1044602F001FD18B105B0BDEC20
:1024B000028BF0BD23683E4ADB6B9DED028A93429E
:1024C0005AD1DFED3C7AB4EEE78AF1EE10FA5ED431
:1024D000DFED397AB4EEE78AF1EE10FA57DCD4ED8D
:1024E000587A78EE677AB3EE047AF0EEE77AF4EE93
:1024F000C77AF1EE10FA37DAB0EE480A204604F057
:1025000031FC0028D2D10121204602F031FA002806
:10251000CCD1236829495A6D9DF90F508A4232D196
:102520009B6D274A934235D105F10903DAB21F2A80
:1025300039D8D4F868212349002A08BF0A4602EB9B
:10254000430112F8132091F90110002513092046C8
:1025500002F00F02009504F0D1FBA7E702A9A847FB
:1025600005B0BDEC028BF0BDB0EE480A204602F08B
:102570008DF90028C0D099E7B0EE480A2046984768
:10258000002893D1BFE72946204690478EE76FF099
:102590000B008BE70246294620469847002885D144
:1025A00005F10903C5E76FF00C007FE7F52603008E
:1025B000A523030000001643000070440924030013
:1025C000692303008808040030B52DED028B91EDDE
:1025D000010A83B00D46044602F04AFC18B103B06C
:1025E000BDEC028B30BD23683C4ADB6B95ED008A65
:1025F000934254D1DFED3A7AB4EEE78AF1EE10FA65
:102600005DD4DFED387AB4EEE78AF1EE10FA56DCED
:10261000D4ED587A78EE677AB3EE047AF0EEE77A82
:10262000F4EEC77AF1EE10FA31DAB0EE480A20463D
:1026300004F098FB0028D2D10121204602F098F93D
:102640000028CCD1236828495A6D95F908508A4250
:1026500038D19B6D254A934228D105F10903DAB29E
:102660001F2A37D8D4F868212149002A08BF0A4612
:1026700002EB430112F8132091F901100025130910
:10268000204602F00F02009504F038FBA7E7B0EEF9
:10269000480A204602F0FAF80028C6D09FE7B0EEBC
:1026A000480A20469847002899D1C5E7024629469E
:1026B00020469847002892D105F10903D2E76FF030
:1026C0000B008CE72946204603B0BDEC028BBDE829
:1026D000304010476FF00C0081E700BFA5230300D6
:1026E000000016430000704409240300692303001E
:1026F0008808040030B52DED028B0C4683B08B7931
:102700004A790979054602F0D1FB18B103B0BDEC56
:10271000028B30BD2B683C4ADB6B94ED008A934200
:1027200054D1DFED3A7AB4EEE78AF1EE10FA5DD4D7
:10273000DFED377AB4EEE78AF1EE10FA56DCD5ED2C
:10274000587A78EE677AB3EE047AF0EEE77AF4EE30
:10275000C77AF1EE10FA31DAB0EE480A284604F0F2
:1027600001FB0028D2D10121284602F001F90028FE
:10277000CCD12B6827495A6D94F907408A4238D149
:102780009B6D254A934228D104F10903DAB21F2A2E
:1027900037D8D5F868212149002A08BF0A4602EB3C
:1027A000430112F8132091F901100024130928465F
:1027B00002F00F02009404F0A1FAA7E7B0EE480A75
:1027C000284602F063F80028C6D09FE7B0EE480A1A
:1027D00028469847002899D1C5E702462146284651
:1027E0009847002892D104F10903D2E76FF00B005B
:1027F0008CE72146284603B0BDEC028BBDE8304093
:1028000010476FF00C0081E7A5230300000016437A
:1028100000007044092403006923030088080400B1
:1028200030B52DED028B0C4683B091ED031AD4ED3B
:10283000020A498A94ED010A054602F093FA18B19A
:1028400003B0BDEC028B30BD2B683C4ADB6B94EDD2
:10285000008A934254D1DFED3A7AB4EEE78AF1EE82
:1028600010FA5DD4DFED377AB4EEE78AF1EE10FAB4
:1028700056DCD5ED587A78EE677AB3EE047AF0EE4E
:10288000E77AF4EEC77AF1EE10FA31DAB0EE480AE0
:10289000284604F067FA0028D2D10121284602F028
:1028A00067F80028CCD12B6827495A6D94F910405D
:1028B0008A4238D19B6D254A934228D104F10903FD
:1028C000DAB21F2A37D8D5F868212149002A08BF73
:1028D0000A4602EB430112F8132091F9011000247B
:1028E0001309284602F00F02009404F007FAA7E744
:1028F000B0EE480A284601F0C9FF0028C6D09FE77D
:10290000B0EE480A28469847002899D1C5E7024604
:10291000214628469847002892D104F10903D2E7BE
:102920006FF00B008CE72146284603B0BDEC028B0C
:10293000BDE8304010476FF00C0081E7A52303008D
:1029400000001643000070440924030069230300BB
:1029500088080400F0B52DED028B04464F4B056846
:1029600080ED541A16460F4684F8546193E8070028
:10297000D5F808514A4E87B003ABB54283E807004B
:102980008DF81470CDED040A8DED030A5DD1B0EE23
:10299000600A204602F06CFA18B107B0BDEC028B59
:1029A000F0BD23683F4ADB6B9DED038A93425BD108
:1029B000DFED3D7AB4EEE78AF1EE10FA5FD4DFED99
:1029C0003B7AB4EEE78AF1EE10FA58DCD4ED587A8F
:1029D00078EE677AB3EE047AF0EEE77AF4EEC77A2F
:1029E000F1EE10FA38DAB0EE480A204604F0BAF9EF
:1029F0000028D2D10121204601F0BAFF0028CCD115
:102A000023682B495A6D9DF914508A4233D19B6D2E
:102A1000284A934236D105F10903DAB21F2A3AD87F
:102A2000D4F868212449002A08BF0A4602EB430172
:102A300012F8132091F9011000251309204602F025
:102A40000F02009504F05AF9A7E719462046A84757
:102A500007B0BDEC028BF0BDB0EE480A204601F095
:102A600015FF0028BFD098E7B0EE480A20469847E7
:102A7000002892D1BEE72946204690478DE76FF0A7
:102A80000B008AE70246294620469847002884D151
:102A900005F10903C4E76FF00C007EE75808040055
:102AA000C9250300A523030000001643000070445D
:102AB0000924030069230300880804002DE9F0417C
:102AC000594DDFF880C12DED028B06468E46174624
:102AD00098460FCD88B003AC0FC4336886ED542AF6
:102AE00086F85481D3F800312A6822606345F0EEFD
:102AF000607ACDED040A8DF81CE08DED051ACDED60
:102B0000061AADF81E708DED030A63D1F0EE410A8E
:102B10003946B0EE611AB0EE670A304602F022F98B
:102B200020B108B0BDEC028BBDE8F08133683F4AAC
:102B3000DB6B9DED038A93425CD1DFED3D7AB4EE11
:102B4000E78AF1EE10FA60D4DFED3A7AB4EEE78A64
:102B5000F1EE10FA59DCD6ED587A78EE677AB3EEDA
:102B6000047AF0EEE77AF4EEC77AF1EE10FA39DA89
:102B7000B0EE480A304604F0F5F80028D1D1012122
:102B8000304601F0F5FE0028CBD133682A495A6D52
:102B90009DF91C408A4234D19B6D284A934237D11B
:102BA00004F10903DAB21F2A3BD8D6F86821244978
:102BB000002A08BF0A4602EB430112F8132091F9DC
:102BC000011000241309304602F00F02009404F0B3
:102BD00095F8A6E703A93046984708B0BDEC028BEC
:102BE000BDE8F081B0EE480A304601F04FFE002803
:102BF000BED096E7B0EE480A30469847002890D1FC
:102C0000BDE72146304690478BE76FF00B0088E721
:102C10000246214630469847002882D104F1090334
:102C2000C3E76FF00C007CE764080400A5230300F1
:102C300000001643000070440924030069230300C8
:102C400088080400212803002DE9F0412DED028BB6
:102C5000614DDFF8A0C186B004468E4616461F4679
:102C600095E80F009DF84080256884ED541A84F89B
:102C70005481D5F8F88002AD85E80F00E0459DF954
:102C80003820BDF83C308DF810E08DF811608DF8DB
:102C900012708DED020ACDED030A8DF81320ADF808
:102CA000143070D13A463146204601F0FFFF20B182
:102CB00006B0BDEC028BBDE8F08123689DF81010D2
:102CC000D3F8F030204698470028F1D123689DEDD5
:102CD000030AD3F8EC30204698470028E8D123684F
:102CE0003E4ADB6B9DED028A93425CD1DFED3C7A7C
:102CF000B4EEE78AF1EE10FA5ED4DFED3A7AB4EE84
:102D0000E78AF1EE10FA57DCD4ED587A78EE677A5C
:102D1000B3EE047AF0EEE77AF4EEC77AF1EE10FA49
:102D200039DAB0EE480A204604F01CF80028BFD17A
:102D30000121204601F01CFE0028B9D123682A4950
:102D40005A6D9DF913508A4232D19B6D274A9342A6
:102D500035D105F10903DAB21F2A3AD8D4F868212F
:102D60002349002A08BF0A4602EB430112F8132048
:102D700091F9011000251309204602F00F02009579
:102D800003F0BCFF94E729462046C04706B0BDECDF
:102D9000028BBDE8F081B0EE480A204601F076FDD6
:102DA0000028BED084E7B0EE480A20469847BDE729
:102DB0002946204690477BE76FF00B0078E70246F4
:102DC00029462046984700287FF472AF05F1090391
:102DD000C4E76FF00C006BE778080400A52303003C
:102DE0000000164300007044092403006923030017
:102DF00088080400F92D030030B52DED028B0C4638
:102E000083B08B898A7A497A054601F04FFF18B161
:102E100003B0BDEC028B30BD2B68217AD3F8F030C3
:102E2000284698470028F3D12B6894ED010AD3F87F
:102E3000EC30284698470028EAD12B683C4ADB6BE7
:102E400094ED008A934254D1DFED3A7AB4EEE78AEA
:102E5000F1EE10FA5CD4DFED387AB4EEE78AF1EEE9
:102E600010FA55DCD5ED587A78EE677AB3EE047A2D
:102E7000F0EEE77AF4EEC77AF1EE10FA31DAB0EE5E
:102E8000480A284603F06EFF0028C1D101212846D8
:102E900001F06EFD0028BBD12B6828495A6D94F9CA
:102EA0000B408A422CD19B6D254A934233D104F1C9
:102EB0000903DAB21F2A38D8D5F868212149002A37
:102EC00008BF0A4602EB430112F8132091F90110E2
:102ED00000241309284602F00F02009403F00EFFAD
:102EE00096E7B0EE480A284601F0D0FC0028C6D08C
:102EF0008EE7B0EE480A28469847002888D1C5E7F3
:102F00002146284603B0BDEC028BBDE83040104797
:102F10006FF00B007CE702462146284698470028C0
:102F20007FF476AF04F10903C6E76FF00C006FE79A
:102F3000A523030000001643000070440924030089
:102F40006923030088080400F0B52DED028B0129E8
:102F50008BB0044600F0EE80C0F0868002297DD15F
:102F60000368B04AD3F81451954240F00D81AE4940
:102F7000AE4AC0F8501105920A2100224FF4837521
:102F80008DF81B10ADF8185080F85421D3F810219B
:102F9000A74901238A428DF81A3040F011811A4660
:102FA000062101F083FF00285AD12368A14ADB6B78
:102FB0009DED058A934240F02081DFED9F7AB4EECB
:102FC000E78AF1EE10FA00F11D81DFED9C7AB4EE94
:102FD000E78AF1EE10FA00F31581D4ED587A78EE15
:102FE000677AB3EE047AF0EEE77AF4EEC77AF1EEA0
:102FF00010FA80F2F480B0EE480A204603F0B2FEE8
:1030000070BB0121204601F0B3FC48BB23688C490A
:103010005A6D9DF91B508A4240F088809B6D894A09
:10302000934240F0F28005F10903DAB21F2A00F260
:10303000F680D4F868218449002A08BF0A4602EBCA
:10304000430112F8132091F90110002513092046BD
:1030500002F00F02009503F051FE01E06FF0130043
:103060000BB0BDEC028BF0BD0768784BD7F804516C
:103070009D4240F09680764EDFF8ACC1C4F850C156
:103080000FCE05AD0FC5002384F85431D7F80031B9
:10309000704A9FED711A3168296093428DED081ACC
:1030A00040F091801021F1EE040A9FED6C0A204659
:1030B00001F058FE0028D3D123685E4ADB6B9DEDFA
:1030C000058A934240F09480DFED5B7AB4EEE78AA4
:1030D000F1EE10FA00F19680DFED587AB4EEE78A4F
:1030E000F1EE10FA00F38E80D4ED587A78EE677A1C
:1030F000B3EE047AF0EEE77AF4EEC77AF1EE10FA66
:1031000065DAB0EE480A204603F02CFE0028A7D16D
:103110000121204601F02CFC0028A1D12368484958
:103120005A6D9DF924508A423FF478AF29462046D3
:10313000904795E706684A4BD6F8FC509D4213D15C
:10314000484B394FC4F850710FCB002705AD84F8B8
:10315000547185E80F00D6F8F83029462046984784
:103160000BB0BDEC028BF0BD0A21082200238DE8D4
:103170000E009FED3D1ADFED3D0A9FED3D0A122343
:1031800007220921A8476BE700210A220123CDE984
:103190000021DFED350A9FED360A1A460621A847C1
:1031A0005EE700239FED302ADFED2B1ADFED2B0ABF
:1031B0009FED2F0A10220A21B1EE041AA8474FE70B
:1031C00005A990474CE705A92046984748E7B0EE87
:1031D000480A204601F05AFB002892D040E7B0EEA2
:1031E000480A204601F052FB00283FF404AF37E7BD
:1031F000B0EE480A2046984788E7B0EE480A2046D5
:103200009847FDE66FF00B002AE702462946204664
:10321000984700287FF424AF05F1090309E76FF010
:103220000C001DE76D240300CDCCCC3F0000D9433A
:10323000F5260300A5230300000016430000704498
:10324000092403006923030088080400BD2A030041
:10325000640804002128030033331C439A999940E1
:10326000492C030078080400CDCCCC3F0000FA4282
:103270000000D94310B5044601F0EAF9034A044BB3
:103280002260C4F85831204610BD00BFD8080400A1
:10329000C808040070B5074B05460FCB84B02E68F4
:1032A0006C4684E80F00D6F8A0302146284698479F
:1032B00004B070BDF009040010B582B003680022AC
:1032C0000092DC6940F2722202236FF07F41A04736
:1032D00002B010BD82B0F0B4012904A880E80C004F
:1032E0009DF81E209DF81F303AD00FD3022904D03C
:1032F0006FF01300F0BC02B070479DF81130032B43
:1033000000F2BF80DFE803F0B2ACA876BDF81C1075
:103310009DED046ADFED5C5A07EE902ADB0006EEB5
:10332000901AB8EEE77A07EE903A099BF8EEE66A53
:10333000DB0076EE876AF8EEE77A07EE103A76EE73
:10334000A77AB8EE477A66EE256A37EE877AF0BC40
:10335000C7EE267A02B0FCEEE77A17EE900A7047C5
:103360009DF81010DDED056A9DF8204042F21070C6
:10337000884007EE100AF2EE047AB8EE477A66EE5D
:10338000A76A481FC7EE267AC0B2022835BF1925A2
:10339000112500260826FCEEE77A17EE900A24BBDA
:1033A0008C00E4B2099F07EB4303C1EB4301002A01
:1033B00006EB81030CBF142100211944BDF81C2029
:1033C0009DF81860631E09B20029A8BF5B18083277
:1033D00093FBF4F39BB206FB032305EB8303F0BCE2
:1033E00000FB03F0800802B0704701F13E04A40026
:1033F000E4B2D7E7099B03EB43039BB22349A1FB4C
:103400000321490901EB810201EB410102EB820238
:10341000A3EB011352009BB292B213B102331344D7
:103420009AB29DF81C101A4B9FED1A7AC1EBC1009D
:1034300001EBC00102EB410292B203FB02F307EE83
:10344000903AF8EE677AF0BC67EE877A02B0FCEE4D
:10345000E77A17EE900A7047099B5B009BB2CDE7B5
:10346000099B03EB4303C3F34F03C7E7099B0A4AD6
:1034700003EB43035B000433A2FB0323C3F38F037B
:10348000BCE76FF0090035E76F12833AABAAAAAA2E
:1034900000127A00AD37063BCDCCCCCC07EE901AAB
:1034A0009FED057AF8EE677A67EE877AFCEEE77AA9
:1034B00017EE900A704700BF6F12833D036889B210
:1034C000D3F8F430184700BF0368D3F8E430184746
:1034D000D0F86C01704700BF00F00E03062B0BD034
:1034E000082B0CD00A2B0CD00138C0B2FD288CBFA1
:1034F0006FF00100002070476FF430707047024891
:1035000070470248704700BF3EFDFFFF3DFDFFFFD3
:10351000704700BFA9B110B50C4602F0EDFA0128C2
:103520000CD005D3032806D102232370002010BD40
:103530000020207010BD6FF0130010BD207000201F
:1035400010BD6FF00200704708B50221D0F86C0181
:10355000FEF708FE4FF0FF3008BD00BF30B504464F
:103560000D4683B0D0F86C0194F86411FEF7FAFDB3
:1035700025B12946204602F095FA48B901220023D8
:10358000D4F86C01D121CDE900221A46FEF74CF89F
:1035900003B030BD00B583B08AB20023114600935A
:1035A00002F044FA03B05DF804FB00BF00B585B03B
:1035B00004AA002322F8043D0123D0F86C01122153
:1035C000CDE900330223FEF751FCBDF80C0040BAF0
:1035D00080B205B05DF804FB2DE9F04186B000240F
:1035E0000646FF270225D0F86C010394CDE9015768
:1035F0002346224640F6E2010094FEF76FFCD6F81F
:103600006C0123462246CDE90274CDE9004540F61F
:10361000E501FEF763FC6FF07F41304602F03CF9B4
:10362000D6F86C31186803680A21DB69984725468B
:10363000274601230DF1170240F6190130468DF897
:10364000177002F0BBF99DF8170000F00100A040D0
:1036500001342843082CC5B2EBD133684FF0FF0882
:10366000022430461B699847D6F86C0103970097EF
:10367000CDE901480023012240F6E201FEF72EFCCD
:10368000D6F86C010397CDE9014800970023012289
:1036900040F6E501FEF722FC284606B0BDE8F081C1
:1036A00038B590F838100229044626D0032903D0F3
:1036B0006FF01805284638BD90F86411D0F86C01F9
:1036C000FEF750FD0021204602F0D0F8054630B14B
:1036D000F0E7D4F86C31186803685B6D9847D4F84C
:1036E0006C311868D96A03681B6998470028F0D1C3
:1036F000002384F83830284638BDD0F86C01FEF736
:1037000031FDD4F8A811204602F0C6F80023054682
:1037100084F83830EFE700BF10B5D0F86C310446BC
:10372000186803681B699847C1B22046BDE810407D
:1037300003F0CCBC10B54FF4E671044607F028FC4A
:10374000204610BD10B5036844F2FF31D3F8F430C1
:103750000446984700B110BD236820461B69BDE8A8
:1037600010401847F0B583B00E46054602F0C4F984
:10377000012836D12B6828461B699847044610B1AA
:10378000204603B0F0BD0221D5F86C01FEF7EAFC3B
:10379000B168284603F084FCF1680746284603F028
:1037A0007FFC009482B22346B9B2284602F03EF96B
:1037B00004460028E4D12B6844F2FF31D3F8F430FA
:1037C0002846984704460028DAD17068F478B37820
:1037D0007278317801900094284602F075F804461A
:1037E000CEE76FF01304CBE710B5044602F084F97E
:1037F000012802D0BBEE040A10BD204602F0C4FA34
:10380000000A030654BFC0B260F0FF0008F088FF52
:103810000022044B08F0EEFF09F0FEF900EE100A5A
:1038200010BD00BF0000D03F08B502F0ADFAC0B235
:1038300008F076FF0022044B08F0DCFF09F0ECF9F9
:1038400000EE100A08BD00BF0000E0BF10B584B054
:10385000044602F051F9012803D194F87431012B88
:1038600010D004AA002322F8043D0123D4F86C01EF
:103870001321CDE900330223FEF7F8FA9DF80C007E
:1038800004B010BDD4F8A00104B010BDF0B52B4BAE
:103890002B4F04460FCB2568D5F8946087B002AD56
:1038A000BE4285E80F003FD1204602F025F90128ED
:1038B00041D1236820461B699847054610B1284628
:1038C00007B0F0BD0221D4F86C01FEF74BFC04995F
:1038D000204603F0E5FB05990646204603F0E0FB91
:1038E000009582B22B46B1B2204602F09FF8054601
:1038F0000028E4D1236844F2FF31D3F8F4302046A5
:10390000984705460028DAD103989DF80B5001909E
:1039100000959DF80A309DF809209DF80810204672
:1039200001F0D2FF0546CAE729462046B0470546C2
:10393000284607B0F0BD6FF01305C0E7F00904009A
:1039400065370300F0B5036883B01B6905469847E7
:10395000044610B1204603B0F0BD95F87431012B38
:103960000AD02B682846D3F8F43044F2FF31984748
:103970000446204603B0F0BD284602F0BDF80128F9
:103980000646EED102AA034602F8024D40F60211A5
:10399000284602F00BF804460028DBD102AF33467C
:1039A00007F8010D40F644113A46284602F006F8A1
:1039B00004460028CED19DF80740334644F0020467
:1039C0003A4640F6441128468DF8074001F0EEFFD4
:1039D00004460028BED1C4E72DE9F041044684B076
:1039E000D0F86C0116460F46FDF7CAFF2368324A2D
:1039F000D3F88430934205465AD104AA002322F812
:103A0000043D0123D4F86C011221CDE900330223D7
:103A1000FEF72CFABDF80C0040BA80B26FF4307398
:103A20009D423CD0A5BB430636D400F03000202890
:103A30000CBF6FF006084FF00008204602F05CF85B
:103A400004AA002322F8043D0123D4F86C011321B9
:103A5000CDE900330223FEF709FA9DF80D309DF8F9
:103A60000C2016B1B24228BF3246D2B239462046A7
:103A700001F0C8FF054658B923682046D3F8F43052
:103A800044F2FF319847B8F1000F14BF4546054690
:103A9000284604B0BDE8F0816FF00608CDE710F4C9
:103AA000007F18BF6FF00505284604B0BDE8F0811F
:103AB00020469847B2E700BFAD35030010B584B08B
:103AC000044602F019F8012803D06FF0130004B087
:103AD00010BD22681349D2F884208A421ED104AA5C
:103AE0000346002122F8041DD4F86C011221CDE90F
:103AF00000330223FEF7BAF9BDF80C0040BA80B2D9
:103B0000C30508D410F0800F0CBF4FF0FF306FF0EA
:103B10000E0004B010BD044804B010BD204690470C
:103B2000EEE700BFAD35030042FDFFFF2DE9F04198
:103B30000F46016884B00969044616461D46884749
:103B400028BB6DB92368454DDB6F002E14BF31468D
:103B5000FF212046984700EB8000A5FB0035AD090A
:103B600007EE905A9FED3E7A2368F8EE677A0022BE
:103B700067EE877A0092FCEEE77AD3F81C8017EEA6
:103B8000901A022340F272222046C04710B104B0BE
:103B9000BDE8F081D4F86C31186803685B6A984717
:103BA00080460FE0D4F86C31186803685B6D984765
:103BB000D4F86C31186803685B6A9847A0EB08007A
:103BC000854232D3D4F86C311868596A03681B698E
:103BD00098470028E6D0236820461B69984703468B
:103BE000002836D123681F4AD3F8843093422DD160
:103BF00004AA002322F8043D0123D4F86C01122109
:103C0000CDE900330223FEF731F9BDF80C0040BACC
:103C100080B2626B2368104212D11B6B3246394668
:103C20002046984704B0BDE8F081236820461B6910
:103C30009847034618B16FF430729342A7D12368B6
:103C4000DB6A204698476FF00500A0E720469847BA
:103C5000DFE76FF43072934299D1C3E7D34D62101E
:103C600000008042AD350300F0B50368484AD3F840
:103C70009430934285B004465CD10E4601F03CFF7F
:103C8000012852D1236820461B699847054610B188
:103C9000284605B0F0BD0221D4F86C01FEF762FAA7
:103CA000B168204603F0FCF9F1680746204603F0AE
:103CB000F7F9009582B22B46B9B2204601F0B6FE64
:103CC00005460028E4D1236844F2FF31D3F8F430EC
:103CD0002046984705460028DAD17568F078B37811
:103CE00072783178CDE90005204601F0EDFD0546FA
:103CF00035B1CDE7D4F86C31186803685B6D98472F
:103D0000D4F86C311868596A03681B699847002811
:103D1000F0D023681F4AD3F89830934220462CD124
:103D200001F0EAFE0128034607D06FF0130528468C
:103D300005B0F0BD98470546DAE722681649D2F883
:103D400084208A4220D104AA002122F8041DD4F83C
:103D50006C011221CDE900330223FEF787F8BDF88C
:103D60000C0040BA80B2C3050CD410F0800F0CBF19
:103D70004FF0FF356FF00E058AE798470546284655
:103D800005B0F0BD054D83E720469047EBE700BF47
:103D900065370300BD3A0300AD35030042FDFFFF68
:103DA0002DE9F0470F46016884B0096904461646BC
:103DB000984688470546D8B994F87131042B06D93E
:103DC000072E40F2C48094F87331012B50D0FF2E9F
:103DD00050D823683146DB6F2046984782462068DA
:103DE0004346456A324639462046A847054618B13B
:103DF000284604B0BDE8F087204601F07DFED4F8E7
:103E00006C31564EDFF85C818146186803685B6A46
:103E100098470AEB8A0AA6FB0A36B6090746053612
:103E200007E0D4F86C311868596A03681B69984731
:103E300018BBD4F86C31186803685B6D9847D4F8E8
:103E40006C31186803685B6A9847C01B8642E8D2E9
:103E5000236843499A6A8A4258D1D3F8F43044F22D
:103E6000FF3120469847002849D06FF00405BFE78E
:103E7000FD2EACD96FF00305BAE7B9F1030F226844
:103E800051D1D2F88430434545D10123D4F86C0197
:103E9000ADF80C50CDE9003303AA02231221FDF73F
:103EA000E5FFBDF80C0040BA80B210F001032268B3
:103EB00039D1D2F88420424530D1ADF80C300123FD
:103EC000D4F86C0103AACDE9003312210223FDF7D7
:103ED000CDFFBDF80C305BBA5A04AAD5D4F8C8118E
:103EE000204601F00F0101F0B9FB0028A1D12368A1
:103EF00044F2FF31D3F8F4302046984799E723681D
:103F000020461B6998476FF0040571E720469047EB
:103F10006FF004056CE720469847C6E720469047B7
:103F2000430486D5DAE7936A0D498B4212D1D2F861
:103F3000F43044F2FF3120469847054600287FF4CC
:103F400057AF236820461B699847054650E76FF036
:103F50001D054DE720469847054649E7D34D6210B9
:103F600045370300AD3503002DE9F04F8FB00F4604
:103F7000054601F0C1FD08AE0DF1100C002401282A
:103F800074600894B4600494ACF8044056D00346BE
:103F9000A0B1032800F02181022840F0DD8095EDDA
:103FA000607A9FEDC96ADFEDC97AB8EE477A234699
:103FB000C6EE076AA346CDED086A1AE0D5ED607A31
:103FC0009FEDC16A95F88B21B8EE677AD5ED617ADD
:103FD000C6EE076A12F0FB02F8EE677ACDED086ACA
:103FE00040F0B6800123B5F8902195F88CB1ADF87A
:103FF00010202968B64AD1F8788090454FF0000427
:1040000000F0AF80A64622468DF813308DF812B02E
:104010008DF814409CE803008DF828E00A9B01907D
:10402000ADF80810CDED097A0397009311462846A4
:1040300096E80C00C0470FB0BDE8F08F95F871E12D
:10404000BEF1040F7FD9BEF1070F08BF4FF0080E75
:104050002A6895F8733195F8749195F872A1D2F8A1
:1040600078809B4A95F870118DF82010003318BFA6
:104070000123A9F1010B1AF10004B5F87611ADF88E
:104080001010BBFA8BFB18BF012490454FEA5B1B55
:10409000D5ED5E7A40F09F80CDED097A8DF828E06D
:1040A00096E807000EAD05E907009DF82C508DF845
:1040B00012B042F21072AA4006EE902AB2EE047AD2
:1040C000F8EE666A27EE877A8DF81330C6EE877AA7
:1040D0008DF814409CE803006A1FD2B2022A0690B1
:1040E00035BF1921112100220822FCEEE77A17EED4
:1040F000900ABAF1000F00F0968005F13E04A4008A
:10410000E4B207EB4303B9F1010FC5EB430302EB44
:10411000830314BF142200221344BDF818501AB2AE
:10412000631E002AA8BF9B1805F1080293FBF4F355
:104130009BB20EFB032E01EB8E0E00FB0EF08008EF
:104140000FB0BDE8F08F0EF1040E5FFA8EFE7FE730
:10415000022A08BF022346E76FF013000FB0BDE844
:10416000F08FCDED097A8DF8284096E807008DF89C
:1041700013308DF814408DF812B00EAC04E907002E
:104180009CE8030080B207EE900AFF00F8EEE76AB1
:1041900007EE907A07EE10BAF8EE677AB8EEC77AB3
:1041A00076EEA77A1BB2DB0077EE877A07EE103A3D
:1041B000DDED0B6A9FED476AB8EEC77A66EE866A58
:1041C00037EE877AC7EE267AFCEEE77A17EE900A8A
:1041D0000FB0BDE8F08F012216E729683C4BD1F8FB
:1041E000788095F8AD118DF8201095F8AC118DF808
:1041F000211095F8B3118DF82210984595F8AE115D
:104200008DF8101058D196E807000EAB03E90700AF
:104210009CE803009DF82D300690032B49D8DFE879
:1042200003F03E393605AC00E4B26AE707EB470716
:10423000BFB2294AA2FB0732520902EB820302EB0A
:104240004202A7EB021703EB83035A00BFB292B2FC
:1042500017B102373A4492B29DF818101F4B9FEDE8
:10426000207AC1EBC10001EBC00102EB410292B226
:1042700003FB02F307EE903AF8EE677A67EE877A6F
:10428000FCEEE77A17EE900A0FB0BDE8F08F7F00E2
:10429000BFB2CEE707EB4707C7F34F07C9E707EB06
:1042A00047077F000F4B0437A3FB0737C7F38F0780
:1042B000BFE76FF0090043E72346A346A646DFEDBC
:1042C000037A0222A0E600BF00007A490000000045
:1042D000D53203006F12833AABAAAAAA00127A0061
:1042E000AD37063BCDCCCCCC2DE9F0410229C8B08E
:1042F0000E46174604465DD0032956D15368FF2B5E
:1043000000F2748101F0F8FB0128054600F0E0801E
:10431000002800F0B280022800F0E980032840F075
:104320006881002344F2010200931146204601F007
:104330007DFB00283BD102460146204601F000FDEE
:10434000A8BB032D00F0EA8003463A79396820467D
:1043500001F044FB58BB236844F2FF31D3F8F4303A
:1043600020469847054610BB08AA012340F689015C
:1043700020468DF8205001F021FBC0B9204601F005
:10438000BBFB012800F04B819DF8200040F00400A9
:104390008DF8200008AA012340F68901204601F08B
:1043A00005FB20B984F8386001E06FF0180048B0D0
:1043B000BDE8F08190F87431012B00F08280236811
:1043C00020461B6998470028F1D13A686FF07F4377
:1043D0009A4203D0BB6843F40073BB6079682046FF
:1043E00002F05EFEB9680546204602F059FE002341
:1043F00082B2A9B20093204601F018FB0028D6D162
:1044000002460146204601F09BFC0028CFD12368DC
:1044100044F2FF31D3F8F430204698470028C6D143
:10442000204601F069FB012800F0E980002840F0F7
:10443000E08094F88E01B4F8901194F8882194F8F3
:104440008B3194F88CC194F88DE1002840F0D48031
:1044500094F8A081CDF808E00025CDE90308CDE966
:1044600000C5204601F012FC3B685A1C04BF6FF0E7
:104470007F433B60C4F8A83194E797F804C094F8F0
:104480008E0194F88B3194F88821B4F8901101953D
:10449000CDF810C094F88DC1039094F88C01009071
:1044A000CDF808C0204601F0F1FB00287FF47FAF73
:1044B00000900346012240F20121204601F0B6FAA5
:1044C00037E7D368002B3FF47AAFC0F8A03176E726
:1044D00094F8740194F8A4C13B7994F87321B4F86A
:1044E0007611CDE9000C204601F0A6FBDDE77968E6
:1044F000D4F88031C800642B80B241F6705E43F27C
:104500000F7C40F2E143009040F62F12C9B204BF85
:1045100073466246204601F0E5FBC6E7204600F000
:10452000CBFF00287FF443AF94F8AE31C3F104030E
:10453000002B0ADD0546204601F06AF894F8AE31FA
:104540000135C3F10403AB42F5DC0025FF22002155
:1045500008A808F051FEC4F8C051C4F8C451C4F80A
:10456000C851D7E9001204F5E27004F5E07307AF13
:10457000CDE90130009708AB2046079500F0E6FC36
:1045800000287FF414AF034608A93A78204601F0CA
:1045900025FA00287FF40BAF3B68D4F8C4018DF8EE
:1045A000193001218DF818108DF81A0006AA03237E
:1045B00040F28531204601F0F9F900287FF4F7AE8A
:1045C00094F8C431102B1F4628BF1027002B3FF44E
:1045D000C2AE054602E0BD423FF4BDAEE9B22046A0
:1045E00001F03CF801350028F5D0E0E66FF003005B
:1045F000DDE64FF0FF30DAE64FF0FF082AE794F8E7
:10460000740194F8A45194F8A03194F87321B4F88B
:104610007611CDE90005204601F00EFB24E7D4ED2C
:104620005E7ADFED096A9FED097A9DF8200077EE4A
:10463000E67AF0EEE77AF4EEC77AF1EE10FA3FF69A
:10464000A3AE00F0FB00A3E60000FA436F12833A2A
:10465000F8B504460F4602F0FDFC3948394B0069B5
:10466000C4F85031002240F20163A4F8AC31C4F820
:10467000AF0100230320C4F86021C4F87821C4F8F6
:10468000942131492160012284F84D3184F854315C
:10469000C4F8583184F85C31C4F86831C4F870311A
:1046A00084F87431A4F87631C4F88031C4F88431C8
:1046B000C4F88831A4F88C3184F88E31A4F8903194
:1046C000C4F8983184F89C3184F89D3184F89E3187
:1046D000C4F8A03184F8A431C4F8A83184F8640186
:1046E00084F8AE0184F87C21FF2584F8B3310220E0
:1046F000042122610822A560606120254020A1617B
:10470000E26180214FF48072C4F8B431C4F8B8314A
:10471000A4F8BC31C4F8C031C4F8C431C4F8C831FD
:10472000C4E909501023C4E90B12084E23624FF468
:104730000073C4F86C71666063632046F8BD00BF07
:10474000F0090400CDCCCC3F100A04000024743FD3
:1047500010B4032ABDF8044013D8092980F8AC210D
:1047600012D85A1E032A80F8AD1110D8B4F5007F74
:1047700080F8AE310ED2A0F8BC4100205DF8044BA9
:1047800070476FF00900F9E76FF00700F6E76FF088
:104790000A00F3E76FF06900F0E700BF70B5D0F8EA
:1047A0006C31044618680D46996A036882689B68F4
:1047B0009847D4F86C311868996A0368C268DB6856
:1047C0009847D4F86C31186803680121DB69984771
:1047D000D4F86C311868996A03680269DB689847F5
:1047E00015B90025284670BDD4F86C3118680368E7
:1047F0005B6A9847064611E0D4F86C311868036884
:104800005B6A9847801BB0F57A7F4FF00A01E9D2C6
:10481000D4F86C3118680368DB6998472368002175
:104820005B692046984705460028E5D1D9E700BFD7
:1048300000B585B0B9B904AA012302F8011DD0F86A
:104840006C011521CDE90033FDF710FB9DF80F3009
:1048500000EE103AB8EE400AFEEE007A20EE270A8B
:1048600005B05DF804FB01F08FFAC0B207F058FF05
:104870000022054B07F0BEFF08F0CEF900EE100A4B
:1048800005B05DF804FB00BF0000E0BF30B5FDEEF1
:10489000C07A2DED048B17EE903A85B0A3F28632E4
:1048A00000211A2A0546ADF808100BD84EF6E11380
:1048B000ADF80830284602A901F00EF905B0BDECAC
:1048C000048B30BDA3F25F32072A04D84DF6D733EC
:1048D000ADF80830EEE7A3F20B32082A08D9A3F5A9
:1048E000EB72282A09D848F27513ADF80830E1E7D1
:1048F0004CF2C153ADF80830DCE7A3F5D7730A2BAF
:1049000031D9B1EE049AB0EE408A30EE490AF5EEA4
:10491000008A20EE280A07F06BFD38EE098AFCEECB
:10492000C07A28EE280ACDED017A07F01BFD9DF82C
:104930000440FCEEC07AE207CDED017A9DF8043028
:1049400001D4013CE4B2D9075CBF0133DBB2284695
:1049500003A98DF80C408DF80D3001F0BDF805B0BD
:10496000BDEC048B30BD46F66B73ADF80830A1E7A3
:10497000F0B583B002AC002304F8013D0F46224697
:10498000012340F6D801064601F018F878B99DF8E1
:10499000075077B925F01E0545F008052246304638
:1049A000012340F6D8018DF8075000F0FFFF03B057
:1049B000F0BD45F01E05F1E7F0B583B002AC002371
:1049C00004F8013D0F462246012340F236710646A7
:1049D00000F0F4FF80B99DF80750012F0CBF05F0DF
:1049E000FB0545F0040522463046012340F23671AE
:1049F0008DF8075000F0DAFF03B0F0BDF0B585B0D8
:104A0000044601F079F8F0B9D4F88031D4F86C118B
:104A1000B3F5966F46D0FF260225B3F5167F4FF00B
:104A20000303039000930846CDE901564FF00403B9
:104A300047D0082240F2D161FDF750FA024630B16A
:104A4000104605B0F0BD0022104605B0F0BDD4F808
:104A50006C010423CDE90262CDE9005540F69B01CB
:104A6000FDF73CFA02460028EAD10427D4F86C018D
:104A70000392CDE90156102200973B4640F6B8015B
:104A8000FDF72CFA02460028DAD1D4F86C0106238F
:104A9000CDE90262CDE9007540F2AC61FDF71EFA86
:104AA0000246CDE70423FF25022402460390CDE908
:104AB00001450846009340F6B801FDF70FFA02469B
:104AC000BEE7182240F2D161FDF708FA024600283D
:104AD000B6D10423D4F86C010392CDE901561A46ED
:104AE000009540F69B01FDF7F9F902460028A7D191
:104AF0000427D4F86C010392CDE9015600973B4698
:104B000040F6B801FDF7EAF90246002898D1D4F83A
:104B10006C010623CDE90262CDE90075502240F216
:104B2000AC61FDF7DBF902468AE700BF2DE9F041F1
:104B3000044684B0D0F86C018846FCF72BFBD4F80F
:104B40006C311868596AD0E900329B689847D4F8EC
:104B50006C311868D96AD0E900329B689847D4F85C
:104B60006C314F4A10211974D4F86C1108234B741E
:104B7000D4F86C118B74D4F86C110123CB74D4F875
:104B80006C111D200881D4F86C110D204881D4F8D7
:104B90006C1100258D81D4F86C11C020C881D4F827
:104BA0006C110B71D4F86C315A61D4F858710A2623
:104BB000237B002B46D16B4610224FF44871D4F86A
:104BC0006C01CDE90055CDE90255FDF7FBF86946CA
:104BD0000622384609F0D4F90A21F8B994ED540AAE
:104BE000B5EEC00AF1EE10FA06DD41F2883120463A
:104BF00001F09AFF054668B94146204602F0C0F828
:104C0000054620BB94F85431002B40D1204601F0DA
:104C1000FDFE0546284604B0BDE8F081D4F86C31AD
:104C200018680368DB699847731E13F0FF06BFD14D
:104C3000D4F86C01FCF7C4FA6FF00105284604B003
:104C4000BDE8F08101212046FFF7A8FDB3E7236806
:104C500020461B699847204601F0B4F8114B9D424D
:104C6000D8D18306D6D59FED100A41F2883184ED64
:104C7000540A204601F058FF05460028CAD1414693
:104C8000204602F07DF805460028C3D1BAE7204649
:104C900001F0B8FE0546284604B0BDE8F08100BF2B
:104CA000D93403003DFDFFFF00000000F0B52A4DA0
:104CB000C0F878511D460623284E80F85C310F4617
:104CC0000023FF2183B0C0F87061C0F8A011A0F8E4
:104CD0007651C0F8983180F87431012104461646A7
:104CE000FFF724FF08B103B0F0BD02463946204665
:104CF00001F0D8F90028F6D131464422204601F0CF
:104D000007FA0028EFD1236829461B6E20469847F2
:104D10000028E8D19FED120A204601F01DFA002874
:104D2000E1D10121204601F0D7FF0028DBD101238A
:104D3000009341F60F5241F221030221204601F077
:104D40009FFD0028CFD123681B6D0146204603B08C
:104D5000BDE8F040184700BF0000FA430903000116
:104D60000000704270B545F255332DED048B4CF6C2
:104D7000CC42C0F880311A233A4EC0F8842180F822
:104D800089310922062384B00D46A0F89011C0F89D
:104D9000946180F88A2180F88B3100210446B0EEBE
:104DA000408AF0EE608AB0EE419AFFF7BFFE18B17C
:104DB00004B0BDEC048B70BD2368B0EE480A1B6CD8
:104DC000204698470028F3D12368B0EE680A5B6C50
:104DD000204698470028EBD1B0EE490A204601F062
:104DE0001DFC0028E4D19FED200A204601F0B4F913
:104DF0000028DDD1236829461B6E204698470028ED
:104E0000D6D11A4A2368908ADB6D04A9022221F8C0
:104E1000040D204698470028CAD1236801469B6CA0
:104E2000204698470028C3D123680146DB6C204602
:104E300098470028BCD1FF21204601F09FFD0028A3
:104E4000B6D10125009541F2210341F60F5202210E
:104E5000204601F015FD0028AAD12946204601F080
:104E60003BFFA5E733331C4300007042F009040008
:104E700010B502212DED028B0446B0EE408AFFF7FB
:104E800055FE10B1BDEC028B10BD2368B0EE480A90
:104E90001B6C204698470028F4D1BDEC028B2046BD
:104EA0000121BDE8104001F017BF00BF70B50D46ED
:104EB00086B080F8B331032104461646FFF736FE6C
:104EC00008B106B070BD9FED1F0A204601F044F9FD
:104ED0000028F6D10121204601F0FEFE0028F0D185
:104EE000CDE90300CDE901000090034602460146EA
:104EF000204600F0CBFE0028E3D10B22236884F883
:104F00008901C4F8840184F88A211B6C9FED0E0A84
:104F1000204698470028D4D1032E0DD8092D84F8B7
:104F2000AC610CD803224FF4807384F8AD5184F83F
:104F3000AE21A4F8BC31C4E76FF00900C1E76FF0FF
:104F40000700BEE7000070420000FA3E2DE9F04F76
:104F5000ADF52B7D1C4605900892D2B18D18013D10
:104F60000139601EFF231A1111F8016F82EA5312F2
:104F700082EAD3025E4002F0010282EAD3123709CC
:104F800042EA430347EA06168D42DBB200F8016F9E
:104F9000E9D1DDF820C0CE4862464FF6FF7E0025FD
:104FA000102747F25B562146C0E9016E0770961C38
:104FB0006746C56002F0D2F8E319C0F30722E25554
:104FC000294658704FF41872F300A55512A81E46D2
:104FD000099308F011F90321BE480B9502F00CF972
:104FE0000BAB0093B21D12AB2146BA4802F008F990
:104FF0002946FF22204608F0FFF8059B93F8ACC134
:10500000BCF1030F00F04C82B34BDDF82C800FCBCA
:105010000EAF3E4607C626F8023BBCF1020F4FEA30
:10502000134333709CBFAD4B13F80C50B8F1000F15
:1050300000F0398200218A4608464FF001096FEAE4
:105040000A0303F0070317F800C0CA4309FA03F381
:105050004FEAD10E4FEADA0602F007025BB2BCF16A
:10506000000F12D00DF1480C0AF1010A1CF80EC015
:1050700014F906E04CFA02F212F0010F43EA0E02B4
:105080000ABF2EEA0303A255A3550130A84200F03F
:10509000B38101318845D2D10AF10702D2082146F5
:1050A00012A8CDF82CA008F083F8059B93F8AE3138
:1050B000C3EBC30203EBC202520092B29446BAF1B0
:1050C000000F00F087800022013292B202FB02F151
:1050D0005145F9D30FFA8AF14FEA420E00294FEAFF
:1050E000520204911FFA8EFE079273DD0020CDF864
:1050F00008A0039007464FF00109E2464FEADA02A2
:105100006FEA0A03A15CCDF818A003F0070309FABF
:1051100003F321EA03010AF10103A154DA10DB438E
:10512000A15C03F0070309FA03F321EA0303A35484
:10513000049B6FF00208302BA8EB0A08A8BF3023AD
:105140000AF1020BDDF81CA09C460026C0F3CF023A
:1051500012A9A8EB06038D5C0BEB0601C910C24334
:1051600003F0070302F0070245FA02F209FA03F31B
:1051700065565BB212F0010F25EA030208BF6254C4
:105180007044029A18BF2B4380B218BF63549042F8
:105190000AEB070309D39FB2039BBE4503F101034A
:1051A0009DBF9FB2384603973846013633B26345F8
:1051B000CCDB049BDDF818A0303B1BB20CF1020CD9
:1051C000E244002B04931FFA8AFA97DC059B93F8BC
:1051D000AE31D446059A9DF8207092F8AC51B2F8E1
:1051E000BC0192F8B36192F8AD118DF83070EA000D
:1051F00042EA8602061146EA411642EAD1026FF0FF
:10520000710101FB03C142F002028DF83260304EA1
:105210008DF831202F2702014FF0FF0C08200B9151
:105220000021D2B23070C6E9017CF160002B00F0A1
:10523000ED80DFF8B09002910E4609F1280AA9F13D
:1052400027080EAF0125013B5B1A22F00C0242EA4F
:1052500083030CA904221E488DF8333001F07EFF31
:105260004FF0000B8DF8340002211A48A7F808B05F
:10527000C7E900BB01F0C0FF3B4628220CA9CDF8CE
:1052800000B0144801F0BCFF3B4628220CA9CDF821
:1052900000B0104801F0B4FFF208F343A15C1048DD
:1052A00003F0070305FA03F321EA0301731CA15479
:1052B000DA10DB43A15C03F0070305FA03F321EAEC
:1052C000030306F1020CA3546FEA0C0C0CE000BFC0
:1052D0000C81002008810020080B04002C0B040026
:1052E0002F0B0400570B04004378C21CD908A2EB13
:1052F0000802324417F801E0D208DB430CF0070142
:1053000003F007034EFA03F305FA01F114F902E082
:1053100013F0010F49B24EEA010300F101000ABF88
:105320002EEA0101A354A15448450CF1FF3CDBD106
:1053300006F14A0C5D486FEA0C0C437800F1230239
:10534000D908A2EB0802324417F801E0D208DB4387
:105350000CF0070103F007034EFA03F305FA01F11D
:1053600014F902E013F0010F49B24EEA010300F113
:1053700001000ABF2EEA0101A354A15450450CF1CB
:10538000FF3CDAD16FF02A0EDDF814C00396AEEBC5
:10539000060E06F12A0B00200CEBD00200EB0B01ED
:1053A00092F8AF61C908AEEB0003C24303F00703F4
:1053B00002F0070246FA02F205FA03F3665612F00B
:1053C000010F5BB246EA030200F101000ABF26EAC0
:1053D0000303625463542028DED1059B029A039E86
:1053E00093F8AE310132723693420292B6B20AD9C4
:1053F0009DF83320029926E7013141454FF0000026
:105400007FF41DAE48E6059A92F8AC51099A06322F
:1054100092B2032D06D8DFE805F03934310202EBF1
:10542000420292B2224DA5FB0210400902F12F0464
:1054300000EB800100EB4000A2EB0012A5FB04543E
:1054400001EB8101B69803EB5413490092B203605B
:105450008BB212B102321A4493B2059A92F8AE118D
:10546000722212FB0133B599DA1D0B60B49BD2088E
:1054700000201A600DF52B7DBDE8F08F520092B22E
:10548000D0E702EB4202C2F34F02CBE702EB42024B
:10549000520008490432A1FB0212C2F38F02C1E795
:1054A000DDF82CA002E6C2464246F8E5570B0400A0
:1054B000ABAAAAAACDCCCCCC70B4524D524B8BB077
:1054C000064603930FCD05AC0FC42A6896F8AD319C
:1054D00096F8B31122600AAA02EB430300294FF0A9
:1054E000060243F63611ADF810104848A6F8B6216A
:1054F00014BF0821342149F28E5233F8143CB3FB17
:10550000F1F33C2B0290ADF80420A6F8B43109D099
:105510002ED9B92B68D01DD8562B48D0632B46D036
:105520003E2B20D1B6F8BC310AAA02EB931203F04D
:105530003F0112F81C2CA6F8B821B3F5C07F4FF03C
:105540003802A6F8BA11A6F8B6210CD200200BB08A
:1055500070BC7047B3F5C37F3AD040F293129342C8
:1055600036D0C62B40D06FF069000BB070BC7047CE
:105570001C2B06D016D9232B03D02F2B01D01E2B8A
:10558000F1D1B6F8BC310AAA02EB9311B3F5C07F92
:1055900003F03F0211F81C1CA6F8B811A6F8BA21B6
:1055A000D4D3E0E70A2BECD0162BDCD1E9E7B6F830
:1055B000BC310AAA02EBD312002012F8202CA6F864
:1055C000B82103F07F03A6F8BA310BB070BC704766
:1055D000B6F8BC31A6F8BA314FF484720020A6F8B0
:1055E000B8210BB070BC7047B6F8BC310AAA02EB08
:1055F0001322DBB212F8242CA6F8B821A6F8BA318F
:10560000A4E700BF180B0400212D30334144474864
:1056100010B4B0F8B631B0F8BA21B0F8B44103F024
:1056200001015B0819B1B0F8B8114B409BB29A4226
:1056300082EA030107D0A142F1D8A0F8B6315DF8A3
:10564000044B08467047A34201D91346E7E7A0F888
:10565000B631194608465DF8044B7047D0F8C4319E
:10566000002B00F08680F0B5B0F8B631B0F8BA4142
:10567000B0F8B45183B003F001025B081AB1B0F87E
:10568000B82153409BB29C4284EA030269D0AA42EB
:10569000F1D8013A92B214B2B4EB550FA0F8B6317A
:1056A00090F8B331A8BF521B05F00105A8BF14B292
:1056B0000135002B59D11A2303FB05F54FF4D043D4
:1056C000D0ED587A9FED357AD0F8C86190F8AE21C8
:1056D00067EE877A9642FCEEE77A17EE907A03FB44
:1056E0001473A3EB452504D2921BD30758BF05F5CD
:1056F000807501EB410604462A0E280C760004232F
:105700000F464FEA152C8DF804208DF8050006F29F
:105710008A310DEB030220468DF807508DF806C044
:1057200000F044F9D8B937BB7320054606F562711D
:105730008DF80100002602236A4620468DF800609D
:1057400000F034F958B904F5E0710EC94D1B013A67
:105750000133C4F8C051C4F8C421C4F8C83103B03F
:10576000F0BDAB4212D9234685E7AD004FF480531C
:10577000A6E71846704794F8AE31BB4208D8D4F873
:10578000C001312807D885B2C0B2CFE71A4680E7FA
:1057900072200546CAE732200546C7E70000804967
:1057A000014801F025BD00BF0881002030B501216E
:1057B00085B00446D0F86C01FCF7D4FC04AA04239D
:1057C00002F8013D0023D4F86C018421CDE90033B7
:1057D0000123FBF729FFD4F86C31054618680368EC
:1057E0000121DB699847284605B030BD30B5044635
:1057F00085B00121D0F86C0194F84D51FCF7B2FC52
:105800000023D4F86C011A46CDE900331946FBF7A2
:105810000BFF04AA0123D4F86C0102F8045D802177
:10582000CDE90033FBF700FF05B030BD30B50446CD
:1058300085B00D46D0F86C010121FCF793FC0023E4
:10584000D4F86C011A46CDE900331946FBF7ECFE9B
:1058500004AA0123D4F86C0102F8045D8021CDE98B
:105860000033FBF7E1FE05B030BD00BF30B585B0B9
:1058700001230D0C0C0A8DF80E10D0F86C018DF878
:105880000C50CDE9003303AA032383218DF80D408A
:10589000FBF7CAFE05B030BD30B585B0002201234C
:1058A000D0F86C018DF80E100D0C01920C0A0093CB
:1058B00003AA032382218DF80C508DF80D40FBF7CD
:1058C000B3FE05B030BD00BFF0B585B0DDED0B7A9D
:1058D0009FED277A9DF82860F8EE677A054667EE17
:1058E000877A95F87041FCEEE77AFF2917EE900A67
:1058F0004FEA10478DF80C704FF002078DF80E003C
:1059000004F10D044FEA10208DF8087018BF8DF8CF
:105910000810FF2A8DF809408DF80D0018BF8DF88A
:1059200009200A20FF2B4FF00104ADF80A0002AA5B
:1059300018BF8DF80A30D5F86C01FF2E4FF0070321
:10594000CDE900444FF0880118BF8DF80B60FBF7DC
:105950006BFE034640B9D5F86C011A46CDE9004408
:10596000C521FBF761FE0346184605B0F0BD00BF38
:105970006F12833D10B5002484B061F3070463F314
:105980000F249DF81830D0F86C0162F3174404AA74
:1059900063F31F64012342F8044D9521CDE90033E0
:1059A0000423FBF741FE04B010BD00BF08B5D0F8DA
:1059B0006C01FBF773FC002008BD00BF38B504463E
:1059C0001D46D0F86C0113462A46FCF7FBF9D4F8C3
:1059D0006C01BDE83840FBF7D3BF00BF10B586B0FF
:1059E0000124D0F86C018DF8153000920B46CDE9FA
:1059F000014402220E2405A98DF81440FBF7F4FEA1
:105A000006B010BD10B586B00124D0F86C018DF839
:105A1000153000920B46CDE9014402221E2405A94F
:105A20008DF81440FBF712FD06B010BD70B51D4691
:105A300084B00123D0F86C01BDF820408DF8091026
:105A4000CDE900330823D9408DF8081022FA03F17C
:105A50008DF80F408DF80B2025FA03F68DF80A100B
:105A6000240A19460DEB03028DF80D508DF80C60D9
:105A70008DF80E40FBF7D8FD04B070BD30B50223A1
:105A800085B001220C460D0AD0F86C018DF80D404E
:105A9000CDE90022194603AA8DF80C50FBF7C4FD8E
:105AA00005B030BD70B584B001230E0E0D0C0C0A8C
:105AB0008DF80F10D0F86C018DF80C60CDE9003333
:105AC00003AA042386218DF80D508DF80E40FBF7B4
:105AD000ABFD04B070BD00BF00B5012383B00A4622
:105AE000D0F86C019821CDE900330223FBF79CFD2F
:105AF00003B05DF804FB00BF00B585B004AAFF2326
:105B000002F8013D0123D0F86C011121CDE90033E9
:105B1000FCF7ACF99DF80F0005B05DF804FB00BF81
:105B200030B585B001230D4604468DF80D20D0F820
:105B30006C018DF80C50CDE9003303AA02238E21AD
:105B4000FBF772FD08B984F89C5105B030BD00BF69
:105B500030B585B090F87C419DF820509CB190F80C
:105B6000704190ED5E6A012505FA04F407EE904A53
:105B7000F8EE677AB3EE007AC7EE866AF4EEC76A8B
:105B8000F1EE10FA18DB80F87251002461F307047B
:105B900062F30F2463F3174404AA65F31F6401231F
:105BA00042F8044DD0F86C018B21CDE90033042379
:105BB000FBF73AFD05B030BD002580F87251E4E7EF
:105BC00070B584B0D0F86C01089C8DF80B208DF86E
:105BD0000C3001220B0CCDE900228DF808300A0AA6
:105BE00008238DF80A108DF80920260C250A0DEBE4
:105BF00003028B218DF80F408DF80D608DF80E504B
:105C0000FBF712FD04B070BD30B585B001238DF8EF
:105C10000F200D0C0C0A8DF80E10D0F86C018DF8C9
:105C20000C50CDE9003303AA04238B218DF80D40DD
:105C3000FBF7FAFC05B030BD2DE9F04385B00C460A
:105C40009DF834509DF83080294616461F468146FF
:105C5000FEF7B2FEB0B90123D9F86C018DF8094006
:105C6000CDE90033240A062302AA8C218DF80840CE
:105C70008DF80A808DF80B708DF80C608DF80D5042
:105C8000FBF7D2FC05B0BDE8F08300BF70B586B06D
:105C90000C0A8DF80E2001228DF81330D0F86C011B
:105CA0009DF828309DF830608DF80D10CDE9002268
:105CB0009DF82C209DF834508DF80C408DF80F3055
:105CC0009DF838408DF81020092303AA8C218DF807
:105CD00014608DF811508DF81240FBF7A5FC06B04A
:105CE00070BD00BF70B584B00546BDF820408DF88A
:105CF00008108DF80A201946120A01238DF8092090
:105D00000A0AD0F86C018DF80C10260A8DF80B20C9
:105D1000CDE9003302AA8C218DF80E408DF80D607C
:105D2000FBF782FC044638B9D5F86C0106230DF167
:105D30000902F021FBF7B2FA204604B070BD00BFA3
:105D400000B585B001238DF80C108DF80D20D0F82A
:105D50006C0103AACDE900338F210223FBF764FC19
:105D600005B05DF804FB00BF00B585B004AA0123AF
:105D700002F8041DD0F86C019621CDE90033FBF741
:105D800053FC05B05DF804FB10B5012384B000247A
:105D900003AAD0F86C01ADF80C40CDE90033142112
:105DA00003238DF80E40FCF761F89DF80D309DF847
:105DB0000C209DF80E001B0243EA0243184304B076
:105DC00010BD00BF00B585B004AA002322F8043D31
:105DD0000123D0F86C011721CDE900330223FCF731
:105DE00045F89DF80C009DF80D3043EA002005B001
:105DF0005DF804FB00B585B004AA002322F8043D39
:105E00000123D0F86C010721CDE900330223FBF711
:105E10000BFC05B05DF804FB2DE9F041D0F86C31C6
:105E20001C680F46596A236805469A6D5E692046CC
:105E30009047D5F86C311B6801463A462046B44677
:105E40005B69BDE8F041604770B5D0F86C311C6803
:105E5000596A236820469A6D9D6990472B460146F2
:105E60002046BDE87040184730B583B00D46044663
:105E7000FFF742FE012814D16B1F072B0ED894F8B0
:105E8000720194F8713194F85C2184F870512946BC
:105E900000902046FFF75CFE03B030BD6FF00800B5
:105EA000FAE76FF01300F7E710B52DED028B82B023
:105EB000B0EE408A0446FFF71FFE80BBB5EEC08AF5
:105EC000F1EE10FA25D4DFED177AB4EEE78AF1EEA1
:105ED00010FA21D4DFED147AB4EEE78AF1EE10FA6D
:105EE0001ADC9FED120A28EE008AFCEEC87A17EE43
:105EF000900AC4F8840194F8893194F88A21D4F87E
:105F0000801100902046FFF75BFE02B0BDEC028BD3
:105F100010BD40F27520ECE76FF06500F5E76FF01B
:105F20001300F2E79A99193F000048436F12834427
:105F30002DE9F04102680F4DD2F8E440AC4215D192
:105F4000D0F86C311D680E46596A2B6804469A6D6C
:105F50005F6928469047D4F86C311B680146324689
:105F60002846BC465B69BDE8F04160472346BDE872
:105F7000F0411847195E030002680B49D2F8E82087
:105F80008A420FD170B5D0F86C311C68596A236809
:105F900020469A6D9D6990472B4601462046BDE8F4
:105FA00070401847104700BF495E030030B52DED23
:105FB000028B85B0B0EE408A0446FFF79DFD0128B4
:105FC00068D1B5EEC08AF1EE10FA49D4DFED337A2C
:105FD000B4EEE78AF1EE10FA42DCDFED317AB6EE8C
:105FE000007AE8EE077AFCEEE77ACDED037A9DF8C9
:105FF0000C300F2B3AD00AD93E2B43D022D97D2B1F
:1060000038D0FA2B2CD1062084F85C0109E0052B4E
:1060100034D01FD9072BF7D00A2B21D1092084F8BF
:106020005C0194F8725194F8713194F8701184ED18
:106030005E8A024600952046FFF78AFD05B0BDEC5A
:10604000028B30BD142B21D01F2B09D1032084F8E3
:106050005C01E6E7032B03D1002084F85C01E0E754
:106060006FF0070005B0BDEC028B30BD022084F854
:106070005C01D6E7052084F85C01D2E7082084F8AB
:106080005C01CEE7042084F85C01CAE70A2084F8AA
:106090005C01C6E76FF01300D0E700BF0000FF43CC
:1060A0000AD7233C70B582B00D4616460446FFF76A
:1060B00023FD012828D1281FC3B2042B21D86EB993
:1060C00084F8713194F8720194F85C2194F870119D
:1060D00000902046FFF73CFD02B070BD042810D8A8
:1060E000DFE800F00B07070F0300072384F8713186
:1060F000E8E784F871512B46E4E7002384F8713116
:10610000E0E76FF00900E7E76FF01300E4E700BF96
:106110002DE9F04182B00E4617468046FFF7ECFCB1
:10612000012815D126F00F0507F00F0445EA1715D1
:1061300044EA06144046022301AA4FF4E8618DF8B0
:1061400004508DF80540FFF731FC02B0BDE8F08146
:106150006FF01300F9E700BFB5EEC00AF1EE10FAD8
:106160001BD4DFED0F7AB4EEE70AF1EE10FA14DC7F
:1061700000B5DFED0C7A20EE270A83B0FCEEC07A82
:1061800002AA17EE901A012302F8011D40F6E7015A
:10619000FFF70CFC03B05DF804FB6FF010007047D4
:1061A00000000C43CDCCCC3E00B583B002AA002346
:1061B00002F8013D40F6E7010123FFF7FFFB9DF8E0
:1061C000073000EE103AB8EE400AF0EE047A20EE06
:1061D000270A03B05DF804FBF0B587B00D4604460E
:1061E000FFF78AFC012833D0002843D194F88C01B2
:1061F000ABB28342A8BF0346A9B21F2BA4F89011EB
:1062000016DD072294F88E5184F8882194F88B319A
:1062100094F88D71ADB994F8A0C100900026CDE935
:10622000035C029720460196FFF730FD07B0F0BDF2
:10623000172BDAB208DC0F2A08D8002A18BF04226C
:10624000E0E74FF0FF0CE8E70622DBE70522D9E79D
:1062500094F8A41194F8740194F8A03194F873217F
:106260000191A9B2A4F8761100902046FFF7E4FC52
:1062700007B0F0BD4FF0FF30D8E700BF10B52DEDEF
:10628000028B82B0B0EE408A0446FFF735FC90B333
:10629000032822D002284FD1DFED297AB4EEE78A15
:1062A000F1EE10FA45D4DFED277AB4EEE78AF1EE8D
:1062B00010FA3EDC9FED247AC7EE087A16222046BB
:1062C000FCEEE77A17EE901AC4ED607AFFF79CFCBB
:1062D00038B302B0BDEC028B10BDDFED1C7AB4EE1A
:1062E000E78AF1EE10FA24D4DFED197AB4EEE78AEA
:1062F000F1EE10FA1DDC9FED147AD4F8840194F8C5
:10630000893194F88A21C7EE087AFCEEE77AC4ED69
:10631000607A17EE901A00902046FFF751FC002893
:10632000D7D1204602B0BDEC028BBDE81040FEF78D
:1063300065BB6FF06400CCE76FF01300C9E700BFE6
:10634000CDCCCC3D9A99193F00007A4923DBF93E28
:10635000355EFA3E70B52DED028B88B003AC84E853
:106360000E0003689DED048AD3F8D4309DF83860A0
:106370000DF11F0105469847044658B9032E9DF8B4
:106380001F3015D0B34212D02B6828461B6998479E
:1063900028B10446204608B0BDEC028B70BD2B68C6
:1063A0003146D3F8D030284698470028F1D13346FB
:1063B000002B5AD0012B14D0022BEBD14FF4807359
:1063C00000939DF80D209DF80C1003232846FEF73E
:1063D000BFF904460028DDD19DF80E3085F8B331B1
:1063E000D8E72B684B4AD3F8F0309DF80C40934225
:1063F00079D12846FFF780FB01287FD1631F072B47
:1064000000F2828095F8720185F8704195F871313B
:1064100095F85C21009021462846FFF799FB044639
:10642000002CB7D12B68B0EE480AD3F8EC302846E0
:10643000984704460028ADD128469DF81440FFF740
:106440005BFB01285AD1231FDBB2042B5FD895F8E0
:10645000720195F85C2195F8701185F87131009002
:106460002846FFF775FB044694E72B689DED030A69
:106470001B6C28469847044600288BD12B68264A77
:106480005B6C934234D12846FFF736FBB0BBB5EEC8
:10649000C08AF1EE10FA23D4DFED207AB4EEE78A59
:1064A000F1EE10FA2DD4DFED1E7AB4EEE78AF1EEAC
:1064B00010FA26DCDFED1B7A28EE278AFCEEC87A7C
:1064C00017EE900AC5F8840195F8893195F88A216C
:1064D000D5F8801100902846FFF772FB044659E773
:1064E00040F27520EEE7214628469847044697E794
:1064F000B0EE480A2846984704464BE76FF013046D
:1065000048E76FF0650445E76FF0080442E76FF075
:1065100009043FE7695E0300A95E03009A99193FE9
:10652000000048436F12834400B52DED028B85B007
:106530000DF1100C0CE90E009DF820309DED028A43
:10654000032B2DD04FF0FF301BBBDDED017A9FED0B
:106550002F7AF4EEC77AF1EE10FA4BD4DFED2C6A05
:10656000F4EEE67AF1EE10FA44DCB4EEC78AF1EE0E
:1065700010FA42D4DFED277AB4EEE78AF1EE10FA92
:10658000CCBF6FF06500002005B0BDEC028B5DF85C
:1065900004FB012B10D005B0BDEC028B5DF804FBB1
:1065A000036808A9D3F8D43098470028F3D19DF8A0
:1065B0002030002BEDD1C8E79DF80430053B072BB8
:1065C00021D8B5EEC08AF1EE10FA19D4DFED127AB7
:1065D000B4EEE78AF1EE10FA12DC9DF80C30043BC1
:1065E000042B94BF00206FF0090005B0BDEC028BB6
:1065F0005DF804FB6FF06400CDE76FF06500CAE75B
:106600006FF00700C7E76FF00800C4E79A99193FD9
:1066100000009643000048430000FF43F0B52DED15
:10662000028B93B0B0EE408A0746FFF765FA002868
:1066300048D1274C05460FCC02AE0FC694E80300A4
:1066400046F8040B383C31700FCC08AE0FC60FCCA7
:10665000B2EE040A28EE008A0FC6BCEEC88A94E89F
:10666000030018EE103A86E803009BB2284608AAF9
:1066700032F8021B8B421ED301301428F8D107EEEA
:10668000903A9FED147AF8EEE77AF4EEC77AF1EEDD
:1066900010FA1AD8092387F88931D7F8840197F8B6
:1066A0008A21D7F8801100903846FFF789FA13B095
:1066B000BDEC028BF0BD12AB184410F8403C87F8DB
:1066C0008931EAE76FF01300F1E76FF06700EEE75A
:1066D000A80B040000F0914530B583B0002902AB4F
:1066E00014BF9625942503F8055D80F89E11154684
:1066F00040F6AC011A4601230446FFF757F900B9EA
:106700000DB903B030BD084B1B6CADF8043020460A
:1067100001AA1C0C40F29F2103238DF80640FFF7CD
:1067200045F903B030BD00BF800B040030B583B025
:106730000C460546FFF7E0F908B1032826D1042CE2
:1067400027D8DFE804F013171B1F03000B2485F87C
:106750008A41D5F8842195F88931D5F880110092C5
:1067600028462246FFF72CFA03B030BD002385F8F7
:106770008A31EEE7082485F88A41EAE7092485F89A
:106780008A41E6E70A2485F88A41E2E76FF01300C0
:10679000EAE76FF06900E7E7F0B589B00E46144606
:1067A0000546FFF7A9F970BB082C32D8E4B232468F
:1067B00023464FF4D8612846FFF7F8F858BBB5F8E0
:1067C0009011E400E4B2A1420B46A8BF23461F2B60
:1067D00085F88C413DDD072295F88E0185F88821EA
:1067E00095F88B3195F88D71002842D195F8A0C1AC
:1067F00002970026CDE9030C009428460196FFF786
:1068000045FA09B0F0BD012807D003282DD1042C8A
:1068100028D06FF0680009B0F0BD012CF9D82846E7
:106820003478FFF769F901281FD124F00F03240100
:10683000284644F0040443F0040507AA02234FF459
:10684000E8618DF81C508DF81D40FFF7AFF809B0D6
:10685000F0BD172BDAB20FDC0F2A0FD8002A18BFB1
:106860000422B9E73368C5F8AF316FF0130009B0FF
:10687000F0BD4FF0FF0CBBE70622ADE70522ABE70A
:106880002DE9F04188B00D4616461F4604469DF896
:106890003880FFF731F900283FD1012D59D062D35C
:1068A000022D51D1B8F1000F61D0062084F88B0180
:1068B00094F88E31B4F8901194F8882194F88CC132
:1068C00094F88DE1002B4BD194F8A081CDF808E02D
:1068D0000025CDE90338CDF800C0034601952046D8
:1068E000FFF7D4F968BB350A07AA022340F2BC615E
:1068F00020468DF81D608DF81C50FFF757F800BB3F
:1069000007AA204602233C0A40F2BE618DF81D70A2
:106910008DF81C40FFF74AF813E001282BD194F8BA
:10692000A42194F8740194F8A031B4F8761101927E
:106930002A1C18BF012284F8732100902046FFF71B
:106940007BF908B0BDE8F0816FF42F7008B0BDE8A6
:10695000F081B8F1000FA9D0042084F88B01A7E7DB
:106960004FF0FF08B2E7012084F88B01A0E784F81C
:106970008B5128469CE74FF0FF30E2E7F0B587B037
:106980000D460446FFF7B8F8C8B994F88DC194F8DD
:106990008C7194F88B3194F88821B4F8901101909F
:1069A00001260495CDE902C600972046FFF76EF94F
:1069B00018B984F88E61C4F8A05107B0F0BD6FF02B
:1069C0001300FAE710B582B00446FFF795F80128E6
:1069D00014D194F8A43194F87321B4F8761101938A
:1069E000002300932046FF23FFF726F920B9FF2359
:1069F00084F87401C4F8A03102B010BD6FF0130028
:106A0000FAE700BF0021FFF7AFB900BF0121FFF790
:106A1000ABB900BFF0B589B00D460446FFF76CF87E
:106A2000002855D1DDB994F88E0184F88D51B4F861
:106A3000901194F8882194F88B3194F88C6160B9A6
:106A400094F8A07100960025CDE90307CDE9015522
:106A50002046FFF71BF909B0F0BDFF27F2E701233D
:106A600084F88D3107AA4FF4D7612046FEF7A6FFC0
:106A70000028F0D19DF81C5025F0010545F00105D6
:106A8000FF2607AA02234FF4D76120468DF81C5039
:106A90008DF81D60FEF78AFF0028DCD194F88E0186
:106AA000B4F8901194F8882194F88B3194F88C7193
:106AB00094F88DC108B994F8A061CDF808C00025FC
:106AC000CDE90306009720460195FFF7DFF8C2E7FE
:106AD0006FF01300BFE700BF10B50446FFF70CF8D6
:106AE00001280ABF84F87C016FF01300002010BD5C
:106AF00030B583B00D460446FEF7FEFF012810D1E5
:106B000094F8740194F8A03194F87321B4F87611D4
:106B100084F8A451CDE900052046FFF78DF803B0B5
:106B200030BD6FF01300FAE730B52DED028B03682E
:106B300085B05B6904460D460021B0EE408A984757
:106B40002046FFF73FF9830654D49FED597AF0EEC3
:106B5000C87AF4EEC77AF1EE10FA4FD9DFED557A24
:106B600078EE677AF0EEE77AF4EEC77AF1EE10FA93
:106B700026D800238DF80C3007EE905A9FED4E7A00
:106B8000C4F89851F8EE677A012367EE877AD4F853
:106B90006C01FCEEE77ACDE9003317EE901A04237E
:106BA0000D0C0C0A8DF80F1003AA97218DF80D50CB
:106BB0008DF80E40FAF738FD05B0BDEC028B30BD04
:106BC000DFED3E7A78EE677AF0EEE77AF4EEC77A98
:106BD000F1EE10FA1AD9DFED3A7A78EE677AF0EE34
:106BE000E77AF4EEC77AF1EE10FA13D802238DF8A3
:106BF0000C30C1E72046FFF7FDF8A6E7204601214B
:106C0000FDF7CCFD05B0BDEC028B30BD01238DF846
:106C10000C30B1E7DFED2B7A78EE677AF0EEE77AA9
:106C2000F4EEC77AF1EE10FA0ED9DFED277A78EE9E
:106C3000677AF0EEE77AF4EEC77AF1EE10FA07D849
:106C400004238DF80C3097E703238DF80C3093E77D
:106C5000DFED1E7A78EE677AF0EEE77AF4EEC77A27
:106C6000F1EE10FA03D805238DF80C3084E7F0EE2E
:106C7000087A78EE677AF0EEE77AF4EEC77AF1EE0A
:106C800010FA03D806238DF80C3075E7DFED107A83
:106C900078EE677AF0EEE77AF4EEC77AF1EE10FA62
:106CA00003D807238DF80C3066E70A4884E700BF55
:106CB0006F12833ACDCCCC3F6F12833D9A99D93F66
:106CC0006666E63FCDCC0C409A991940CDCC2C405D
:106CD0003333534041FDFFFF10B584B0D0F86C4111
:106CE00080F89D1104AA012302F8011D2046CDE978
:106CF00000339D21FAF798FC04B010BD2DE9F04750
:106D000084B004AC002504F8015D89461646984617
:106D10002246012340F6E70105469DF83070FEF754
:106D20004DFE10B104B0BDE8F0874FF0010A4346B4
:106D30003A463146CDF800A02846FEF71BFE002853
:106D4000F0D15FFA89F104222846FEF7E9FE002817
:106D5000E8D153462246284640F6E701FEF726FED4
:106D6000E0E700BFDFED057A80ED580A20EE270A44
:106D7000FCEEC07A17EE901AFEF794BE0000804930
:106D80002DE9F041037B84B006460C4623B1002276
:106D90001146FEF7D5FF00BB04AFD6F86C0107F82B
:106DA000084D01243A46CDE9004423468A21FAF7EA
:106DB0003BFC90B996F84D31D6F86C010194002B4C
:106DC00014BF30252025234600943A4693218DF8A0
:106DD0000850FAF729FC034610B104B0BDE8F08171
:106DE00096F87021D6F86C01ADF80C300D32032105
:106DF0008DF80E308DF809208DF80810CDE900448B
:106E00000A2507233A468821ADF80A50FAF70CFC08
:106E100080460028E1D1336844F2FF31D3F8F430E2
:106E200030469847CDF800800546434642464146E5
:106E30003046FEF7FBFD284300B20028CDD1D6F83E
:106E40006C112346CDE900403A4608467F2489214B
:106E50008DF80840FAF7E8FB0028BED1D6F86C316F
:106E6000186803680521DB69984705E0D6F86C319E
:106E7000186803685B6D9847D6F86C311868D96A52
:106E800003681B6998470028F0D1D6F86C01FAF71F
:106E900077FDA2E76FF01800704700BF6FF0180091
:106EA000704700BF6FF01800704700BF6FF0180008
:106EB000704700BF6FF01800704700BF6FF01800F8
:106EC000704700BF6FF01800704700BF6FF01800E8
:106ED000704700BF6FF01800704700BF6FF01800D8
:106EE000704700BF84B004A800E90E006FF01800DE
:106EF00004B070476FF01800704700BFBBEE090A7E
:106F0000704700BF82B08DE80C00002002B07047CF
:106F1000002070476FF01800704700BF6FF0180036
:106F2000704700BF00207047704700BF704700BF28
:106F30002DE9F0410368D3F8E0300F4690469847BA
:106F40000468416A236805469A6D5E692046904749
:106F50002B680146B8F1000F06D13A462046B446E8
:106F60009B69BDE8F04160473A462046B4465B69FC
:106F7000BDE8F041604700BF70B50368D3F8E0306A
:106F800098470468416A236820469A6D9D69904736
:106F90002B4601462046BDE870401847704700BFA9
:106FA0006FF01800704700BF0368044A5B699342A2
:106FB00002D16FF01800704700211847AD6E030032
:106FC00030B585B0056801920022CDE90222D5F8DE
:106FD000D8500C4A009195428DF8083003D16FF0DB
:106FE000180005B030BD6A4603210446A8470028B2
:106FF000F7D12368044AD3F8DC309342EFD020461F
:107000009847EEE7A16F0300A56E030070B5056811
:107010000E4ED5F8D85084B0B5420192089A00912E
:10702000CDE9023203D16FF0180004B070BD6A469A
:1070300002210446A8470028F7D12368044AD3F860
:10704000DC309342EFD020469847EEE7A16F030073
:10705000A56E030070B5114B0360044601260021A4
:107060000D4606732822103006F0C6F8A56329469F
:1070700004F13C004FF4807206F0BEF84FF07E53EE
:10708000C4F83C51C4F8405184F84451C4F8485104
:1070900084F84C51A6606360204670BDCC0B0400A0
:1070A000002370B41E46012505FA03F20A4200EBE4
:1070B000830403F1010303D022691F2A18BF16437A
:1070C000202BF1D1304670BC704700BF38B590F826
:1070D0004C316BB9D0F83C51D0F84821D0F8404140
:1070E00041EA45010A40A242C0F83C112BD038BD0C
:1070F00090F83A5090F83930054401249C4095F9B5
:107100003C2064B2D1B922EA0402D2B285F83C2014
:10711000591CC9B2082980F83910E8D10446104634
:1071200000F002F994F83A30E1180022013381F8B6
:107130003C0084F83A3084F8392038BD2243D2B27A
:1071400085F83C20E4E7012280F83A3080F83B30B3
:1071500080F8393080F84C2138BD00BF2DE9F84364
:107160005FEAC2090646846820D0002588462F467B
:107170000FE031784B1E24FA03F313F0010F18BF10
:10718000736805F101054FEA440418BF5C404D45A2
:107190000DD06B07EDD1337C18F807000137B3B978
:1071A0003178A1F1080398404440E3E70178F068A2
:1071B000737C604013B100F0B7F831784FF0FF33C3
:1071C000C1F1200123FA01F10840BDE8F88308214C
:1071D00000F0AAF8E4E700BF044B00220821197070
:1071E000C3E90122DA601A745A7470470C810020D6
:1071F0000022027042707047002341700370704794
:10720000002900F08A80002B00F087802DE9F04FE4
:1072100083B0002A7FD04FF0000890F801A0C34649
:10722000C146CDE900120AE0072C057050D0019A42
:1072300008F10108D14490451FFA89F950D04FEA6E
:10724000D805009A0678575D3549364A6FEA080432
:1072500004F007042741BAF1020F18BF964607F061
:1072600001074FEA960508BF8E46C7F1010C5EF88C
:1072700025504FEA8C0C6FEA060E5FFA8CFC0EF07C
:10728000030E0CEBCE0C25FA0CF54FF0020204FBBA
:107290000AFC05F00F0404FA0CF412FB06764BEA24
:1072A000040B06F03F0508F00704BDD106F00F06F9
:1072B000072C0670BBD11C464FEA1B2504F8025B65
:1072C00083F801B090F801A023464FF0000BAEE721
:1072D000BAF1030FEFD14FEA1B441C700133EAE708
:1072E00018F0070F0BD0BAF1030F03D14FEA1B427E
:1072F0001A7001334FEA1B2283F801B01A700C9BFD
:107300002BB10020C3F8009003B0BDE8F08F184601
:1073100003B0BDE8F08F9146F1E74FF0FF307047C2
:10732000B00C0400C00C040099B10022F0B4054672
:107330004F1E1046012606FA02F32B40BC1AD3401A
:107340000132A340D4B2A14240EA0300F3D8F0BC1A
:1073500070470846704700BF704700BF704700BFC6
:10736000704700BF08467047704700BFF0B4094C33
:10737000094F2568049EC360C0E901120599069A69
:10738000076000230661C0E90512C36105B92060EA
:10739000F0BC704720810020080D0400704700BF3A
:1073A000203000F0F7BA00BF203000F0E1BA00BF93
:1073B000203000F0F9BA00BF38B5437F0BB9002088
:1073C00038BD00F50A7420460D4600F0F7FA002893
:1073D000F5D12046294600F0B3FA012038BD00BFA0
:1073E0002DE9F0475AB30646DFF8588033681B682A
:1073F0004D1E434517464FF0000400F50A7915F875
:1074000001AF16D1737F13B92046BDE8F087484617
:1074100000F0D4FA0028F7D15146484600F090FA1F
:107420000134A742F0D0336815F801AF1B6843451B
:10743000E8D05146304698470028F1D1E4E7144699
:10744000E2E700BFB97303000AB910467047F8B508
:10745000054600F12007384614460E4600F082FA31
:107460002B69C3F888652A69012313622A69C2F867
:1074700034752A69C2F838452A6913602B6902E01D
:10748000D3F824211AB9D3F84C21002AF8D00022CD
:10749000C3F84C212B6902E0D3F824211AB9D3F8A0
:1074A0005C21002AF8D00022C3F85C212B6901225C
:1074B0005A612A69D2F80431002BFBD00021C2F8AE
:1074C00004112B69D3F8242112B1C3F824112B69BC
:1074D000D3F83C05C5F82002C0B2F8BD10B504468B
:1074E00000F50A7084F8301400F03CFA0123637749
:1074F00010BD00BFF8B50446026990F830040023BF
:107500006377C2F888052269C2F80431236901272C
:107510001F62236904F50A76C3F8446530460D46B8
:1075200000F038FA2369C3F8480523699F6023698E
:1075300002E0D3F824211AB9D3F85021002AF8D058
:107540000022C3F85021304600F024FA236940BBE2
:107550000022C3F86021236915B9D3F824212AB386
:1075600001225A612269D2F80431002BFBD000239A
:10757000C2F804312369D3F8240168B10022C3F8AA
:1075800024212369D3F8C404C3F8C404022803D017
:10759000042814BF04200320F8BDD3F82421002AB6
:1075A000D6D1D3F86021002AF7D0D1E70122DA61E1
:1075B0002269D2F84831002BFBD00023C2F84831B1
:1075C000D8E700BF70B52A4C6369D3F86421002A5C
:1075D0003BD1D3F86821EAB9D3F804216AB1227FFC
:1075E0000021C3F8041142B1D4F83824D3F83C0583
:1075F000C4F820020AB190476369D3F8242142B14C
:107600000022C3F82421D3F8D024C3F8D0240122C7
:107610005A6170BD0022C3F8682116482277012301
:10762000637700F09FF9D4F8343403B19847636965
:107630001048C3F844050023637700F0ABF9636991
:107640000122C3F848055A63C6E7002204F1200668
:10765000C3F8642101253046257700F083F963697A
:107660004FF40072C3F83465C3F838251D63B0E7E2
:10767000248100204C83002070B52A4C6369D3F824
:107680006421002A3BD1D3F86821EAB9D3F8042158
:107690006AB1227F0021C3F8041142B1D4F8382422
:1076A000D3F83C05C4F820020AB190476369D3F8C7
:1076B000242142B10022C3F82421D3F8D024C3F8F6
:1076C000D02401225A6170BD0022C3F868211648F7
:1076D00022770123637700F045F9D4F8343403B1FD
:1076E000984763691048C3F844050023637700F0A6
:1076F00051F963690122C3F848055A63C6E70022BD
:1077000004F12006C3F8642101253046257700F0F6
:1077100029F963694FF40072C3F83465C3F838255A
:107720001D63B0E760850020888700202DE9F843BD
:107730001A4DDFF878901A4C1A4F284600264FF45D
:107740007A7840F8209BC5E9016800F0EDF805F56E
:107750000A7000F0E9F803232B767B6B6B76C4E9A3
:1077600001682046104BBA6B40F8209BAA76C5E909
:1077700004336E7700F0D8F804F50A7000F0D4F8FE
:10778000D7E9181204204FF04023667720766176FF
:10779000A276C4E90433BDE8F88300BF2481002049
:1077A000608500208C0D040000300040700D040046
:1077B00008B50121232004F0E9FB232004F0A8FCF4
:1077C0002420012104F0E2FB2420BDE8084004F05D
:1077D0009FBC00BF2DE9F84380460F46051D00F110
:1077E0000709002615F8011B0A22384600F038F870
:1077F0002E210446384600F02FF84D45204406441B
:10780000F0D198F8071038460A2200F029F83044E1
:10781000BDE8F883024A026000224260704700BF60
:10782000540E040010B4002461F3070462F30F2423
:107830009DF80410044A63F3174461F31F64C0E920
:1078400000245DF8044B7047540E0400014AC0E95F
:1078500000217047540E040003681B68184700BFDE
:10786000F0B506688BB01AB9336898470BB0F0BD15
:107870000AAF0B46D2B20021022A07F8041D0546C2
:107880002CBF14460A241846B0FBF4F204FB120184
:10789000CBB2092903F130018ABF3733CBB2DBB257
:1078A000104607F8013D002AEED1384606F060FB8D
:1078B000736802463946284698470BB0F0BD00BFB2
:1078C000036870B505460C465E6849B1084606F087
:1078D0004FFB214602462846B0472B685E680446A7
:1078E000284602220149B047204470BD580E0400CA
:1078F0000EB430B5C2B045A9054651F8042B01912C
:107900000B4602A84FF4807106F084FB2B680446F6
:1079100002A95B68284622469847204642B0BDE847
:10792000304003B0704700BF08B54FF4007200212B
:1079300005F062FC0022C0F80022C0F8042208BD55
:10794000D0F8002210B4531CD0F80442C3F308034B
:107950009C4218BF81545DF8044B18BFC0F8003238
:10796000704700BF0023C0F80032C0F804327047EF
:10797000D0F80432D0F80022934207D05A1CC35CDE
:10798000C2F30802C0F80422184670474FF0FF30D7
:10799000704700BFD0F80032D0F80402181A48BF70
:1079A00000F50070704700BFD0F80432D0F8002214
:1079B000934214BFC05C4FF0FF307047D0F80032E4
:1079C000D0F804020133C3F30803181AB0FA80F0A8
:1079D00040097047114B124A1968BFF35B8F496821
:1079E000BFF35B8F914200D070470E4AD2F800156A
:1079F000C9070FD530B40C4C012500204FF0FF31E2
:107A00002560C2F8000530BCC2F86015186804494A
:107A100004F0EEBB1868024904F0EABB9C89002020
:107A2000546F6E6500200240042002402F2901D9C6
:107A30000020704770B5434E3368BFF35B8F0C4630
:107A40005B684149BFF35B8F8B4288B0054606D027
:107A5000306804F087FB10B9002008B070BD3268B0
:107A6000394BBFF35B8F5268BFF35B8F9A4259D09B
:107A7000364A374B52F82420698AEC7DC3F86025DA
:107A80004FF0FF32C3F864250120C3F86825C3F81E
:107A90006C250722C3F80005C3F80C250022C3F8A3
:107AA0000425C3F8081505F11401C3F81025C3F81F
:107AB0000042C3F80023C3F82015C3F84015C3F8EB
:107AC0002405C3F84405A968C3F828152149EE68C0
:107AD0002C8AC3F84865C3F82C25C3F84C25C3F895
:107AE00014450A600B680193019B4A6004311A4BEC
:107AF0000968029102991A601968039103995A6002
:107B00005968049104999A60996805910599DA6019
:107B1000D968069106991A6110331B680793079B71
:107B200008B070BD0A4BD3F80025D207A0D50B4A88
:107B30000120106000214FF0FF32C3F80015C3F898
:107B4000602595E79C890020546F6E658C0D0400BC
:107B500000200240042102400C2102400420024087
:107B60002DE9F843A1F1140446F294139C4215D870
:107B7000144606460D469AB94FF000084FF000092A
:107B8000634C64492368BFF35B8F5B68BFF35B8F13
:107B90008B421CD0206804F0E5FAC0B9BDE8F88338
:107BA000B2F57A7F09D202FB01F3B3F57A7F04D2F2
:107BB0004FF001084FF00009E2E74FF47A7200231A
:107BC000A4FB050105F078F880468946D8E72268CD
:107BD000504BBFF35B8F5268BFF35B8F9A42DDD18E
:107BE0004D4BD3F80025D20709D54C4A012010602F
:107BF00000214FF0FF32C3F80015C3F8602558EAA2
:107C000009034749B1FBF5F189B230D1454F464BE5
:107C10007982C7E900896FF07F486FF07F4943EAB6
:107C20005103C7E902894FF6FF70BB820822042383
:107C30003882BA75FB7531463A48FFF7F7FE0028DF
:107C4000ACD023683349BFF35B8F5B68BFF35B8FB6
:107C50008B4204D0206804F085FA00289ED0BB7DBA
:107C600003F1804303F5083301221A6096E7424688
:107C70004B4600205B084FEA320252EA030500F14E
:107C80000100F7D1252889DC2748264FB9F1000FDC
:107C900040EA510008BFB8F1010FB882C7E9008976
:107CA00079822CD040464946002349084FEA3000EB
:107CB00050EA010203F10103F7D11C4A5B00A2FB69
:107CC00003235B0801259D4018F1FF3049F1FF3186
:107CD0002A46002304F0F0FF72B96A084FF00C0C3A
:107CE0006B1E9B1A0130013A1021FB603882BA608A
:107CF00087F816C0F9759EE74FF0080CF0E7C7E962
:107D0000022301210C2210233982BA75FB7592E7F8
:107D10009C890020546F6E650020024004200240C0
:107D200048E80100A08900200080FFFFABAAAAAAB2
:107D3000024A034B92681A60704700BFA861002096
:107D40009C89002090F82304704700BF38B590F953
:107D50001D34002B04460DDB5A0920320121234833
:107D600003F01F0301FA03F340F82230BFF34F8FF3
:107D7000BFF36F8F23694FF48872C3F80823226919
:107D80000023C2F844312269C2F858312269012324
:107D900053602269D36001E003F006FE2369D3F843
:107DA0005821002AF8D0D3F84421002AF4D0002525
:107DB000C3F8005522694FF0FF33C2F80C35226931
:107DC000C2F814352269C2F80835226904F114009A
:107DD000C2F81035FFF7C6FDD4F8240401F0E8FC22
:107DE000C4F8245484F8235438BD00BF00E100E0F7
:107DF0001430FFF7CFBD00BF1430FFF7D5BD00BF73
:107E00001430FFF7B5BD00BF08B5D0F8240401F069
:107E1000C5FC002814BF4FF40070002008BD00BF4F
:107E200090F8233403B9704710B54FF0FF31044682
:107E3000D0F8240401F006FB0023D4F824041A46E9
:107E40001946BDE8104000F0B5BE00BF10B503688C
:107E5000104A5B6882B093428DF8071013D1044634
:107E60004FF0FF31D0F8240401F0ECFA22699DF8BC
:107E7000073084F81D320123C2F8483522691846BC
:107E8000936002B010BD01220DF10701984702B0C6
:107E900010BD00BF997E03002DE9F0472AB31746B5
:107EA0008846064600F21D2A00254FF001097C1B7A
:107EB000B4F5007F28BF4FF400744FF0FF31D6F8BF
:107EC000240401F0BFFA08EB05012246504605F0F4
:107ED0006FF93369C3F8484533692544AF42C3F8A5
:107EE0000890E4D82846BDE8F08715462846BDE846
:107EF000F08700BF70B504687D4A246A944240F060
:107F0000B68090F823240346002A40F0AF800D4647
:107F1000016990F81F04C1F80C05196993F81E0453
:107F2000C1F8140593F82214012900F0AF801969F3
:107F3000C1F86C25B5F5966F45D9B5F5166F40F2C9
:107F40009B80B5F5965F40F2AF80B5F5165F40F2C5
:107F5000AD80B5F5615F40F2AB80B5F5964F40F26C
:107F6000A980B5F5E14F40F2A78047F6122295426D
:107F700040F2A480B5F5164F40F2A3804DF6C02222
:107F8000954240F2A180B5F5614F40F2A080B5F571
:107F9000963F40F29F80B5F5E13F40F2A080B5F5F5
:107FA000613F40F29980534A954240F29E80B5F578
:107FB000E12F40F29780B5F5612F8CBF4FF08052D2
:107FC0004FF0706201E04FF49E221969C1F8242538
:107FD0001A690821C2F800151A6903F21D21C2F8B6
:107FE00044151A690021C2F820111A6903F50771B6
:107FF000C2F834151A690121C2F838151A691160DE
:108000001A694FF48870C2F8040393F91D24002AFA
:1080100035DB5409603402F01F02374801FA02F2DE
:1080200040F8242093F91D24002A28DB0244602113
:1080300082F8001393F91D24002A07DB2E4802F072
:108040001F0401215209A14040F8221003220021FF
:1080500001201C4600F06CFD00231A461946C4F8A6
:10806000240400F0A7FD012384F8233470BD2346C7
:108070000022BDE8704018474FF41D22A5E71F49B4
:1080800002F00F02114460220A76D3E71A6993F8CE
:108090002004C2F810051A6993F82104C2F80805F3
:1080A0001A69C2F86C1545E7154A8EE7154A8CE740
:1080B000154A8AE7154A88E7154A86E74FF4000211
:1080C00083E74FF41D0280E74FF465027DE74FF42C
:1080D0006B027AE70F4A78E74FF06C7275E74FF062
:1080E000EB7272E74FF0E8626FE74FF080626CE787
:1080F0001981030090D0030000E100E0FCEC00E0F7
:1081000000B013000050270000F03A0000A04E001D
:1081100000C0750000903A0190F82334002B5BD129
:1081200010B5036990F81F44C3F80C45036990F833
:108130001E44C3F8144590F82234012B036900F063
:10814000A080C3F86C25B1F5966F46D9B1F5166FCE
:1081500040F2A680B1F5965F40F2AC80B1F5165FB3
:1081600040F2AA80B1F5615F40F2A880B1F5964F68
:1081700040F2A680B1F5E14F40F2A48047F6122309
:10818000994240F2A180B1F5164F40F2A0804DF621
:10819000C023994240F29E80B1F5614F40F29D802C
:1081A000B1F5963F40F29C80B1F5E13F40F29A80F4
:1081B000B1F5613F40F29980504B994240F29B806B
:1081C000B1F5E12F40F29480B1F5612F8CBF4FF0F3
:1081D00080534FF0706302E070474FF49E230269B2
:1081E000C2F8243503690822C3F80025036900F2A8
:1081F0001D22C3F8442503690022C3F82021036926
:1082000000F50772C3F8342503690122C3F8382545
:1082100003691A6003694FF48871C3F8041390F975
:108220001D34002B3FDB5C09603403F01F0334492D
:1082300002FA03F341F8243090F91D34002B32DBAD
:108240000B44602283F8002390F91D34002B07DBD8
:108250002B4903F01F0401225B09A24041F82320AF
:10826000044603220021012000F062FC00231A468C
:108270001946C4F8240400F09DFC012384F823343B
:1082800010BD90F82044C3F81045036990F82144CC
:10829000C3F80845036942F00102C3F86C2552E7B0
:1082A0004FF41D239BE7174A03F00F031A44602382
:1082B0001376C9E7144B92E7144B90E7144B8EE703
:1082C000144B8CE7144B8AE74FF4000387E74FF415
:1082D0001D0384E74FF4650381E74FF46B037EE7EA
:1082E0000E4B7CE74FF0EB7379E74FF06C7376E75A
:1082F0004FF0E86373E74FF0806370E790D00300BE
:1083000000E100E0FCEC00E000B0130000502700AA
:1083100000F03A0000A04E0000C0750000903A0145
:1083200010B5114C2369D3F810213AB10022C3F8DB
:108330001021D3F83C2572B901221A60D3F820210C
:1083400002B910BD0021C3F82011D4F82404BDE8FF
:10835000104000F0B9BE94F81C1204F11400FFF7AD
:10836000EFFA2369E8E700BFB889002010B5114C87
:108370002369D3F810213AB10022C3F81021D3F8B1
:108380003C2572B901221A60D3F8202102B910BD30
:108390000021C3F82011D4F82404BDE8104000F0F7
:1083A00093BE94F81C1204F11400FFF7C9FA236974
:1083B000E8E700BFE08D00202DE9F8431C4D1D4C7F
:1083C000DFF880901C4F284600264FF47A7840F85A
:1083D000149BC5E90168FFF7A7FAC4E901682046C4
:1083E000164B2B610223FA6B85F81D3440F8149B61
:1083F0003B6C85F81E2485F81F3485F82264C5F887
:10840000246485F82364FFF78FFAD7E913230C4817
:1084100084F822642821C4F8246484F82364206149
:1084200084F81D1484F81E2484F81F34BDE8F883F2
:10843000B8890020E08D00208C0D04000020004051
:1084400000800240640E040008B50E4B1BB10E48BC
:10845000EDF74EFF90B90D4B1BB10D48FFF79AFA9F
:1084600048B90C4B1BB10C48FFF794FA00B908BD92
:10847000AFF3008008BDAFF30080F2E7AFF30080F8
:10848000E9E700BF00000000D86300200000000002
:10849000CC89002000000000F48D00202DE9F04779
:1084A0007C4F3D6806460C46904675B12F2E09D884
:1084B00028F48073032BC8F3002224D0042B59D056
:1084C000022B3BD00020BDE8F087294620227248CD
:1084D00004F092FE714A7249724B0D604FF0FF300A
:1084E000C2E9000040224D60C3F88020BFF34F8FE7
:1084F000BFF36F8F6021C3F8802183F806131A60E1
:1085000001233B60D2E74FF40037674B634853F8D1
:10851000265090F900102B0203F47C5343F0010322
:108520008D4243EA07030CD090F90160B54224D094
:1085300090F90270BD4222D1022603E04FF4403789
:10854000E3E70026B10001F1804101F5C041855506
:10855000D1F81005504F524D47F8264020F0031037
:1085600020F47C5003430120AA55C1F81035B040D7
:10857000BDE8F0874FF48037C7E70126E2E790F9BE
:1085800003C0654549D090F904E075455BD090F98A
:10859000058045456DD090F906904D4577D090F90E
:1085A00007A0AA4501D10726CCE7013123D13F49D5
:1085B000D1F8101589071ED10026B10001F18041C4
:1085C00001F5C0418555D1F81005334F344D47F8BA
:1085D000264020F0031020F47C500343C1F81035EE
:1085E0000023C1F800310120304BAA55B040C3F838
:1085F0000403BDE8F087013606D12C49D1F81415E3
:10860000890701D10126D8E7013708D12749D1F8D8
:1086100018158F0703D10226CFE7032692E7BCF196
:10862000FF3F06D12149D1F81C158E0701D1032641
:10863000C3E7BEF1FF3F08D11C49D1F820158907D7
:1086400003D10426B9E704267CE7B8F1FF3F06D141
:108650001649D1F824158F0701D10526ADE7B9F1E8
:10866000FF3F08D11149D1F828158E0703D10626FE
:10867000A3E7052666E7BAF1FF3F7FF423AF0B4976
:10868000D1F82C1589077FF41DAF072695E706263C
:1086900058E700BF3892002010920020309200204E
:1086A0000892002000E100E08C0D04000060004012
:1086B0002F2825D8264A274B52F8202093F900105E
:1086C0008A4238D093F901108A4236D093F90210C9
:1086D0008A4234D093F903108A4232D093F90410BD
:1086E0008A4230D093F905108A422ED093F90610B1
:1086F0008A4206D093F90710914208BF072101D0A2
:108700007047062170B40120134E144C144D88405C
:10871000C6F808038A00002002F1804244F82100D4
:10872000FF2402F5C0425C546854C2F8100570BCC6
:10873000C2F8000170470021E4E70121E2E70221CD
:10874000E0E70321DEE70421DCE70521DAE700BFEB
:108750008C0D040030920020006000401092002038
:10876000089200202DE9F0431B4B1C4FD3F8046303
:10877000DFF86C80DFF86C9085B000240123A20044
:10878000A34002F18045334205F5C0450FD0D5F82E
:10879000003163B1E357013306D052F808201AB113
:1087A00014F809307BB990470023C5F80031013433
:1087B000082CE3D1BFF34F8F00BF00BF00BF00BF45
:1087C00005B0BDE8F08304AB002143F8041D084662
:1087D000009103F0C3F9E7E7006000403092002009
:1087E0001092002008920020F8B500250446C0E948
:1087F0000055856091B108460E4605F0B9FB074665
:10880000411C284600F028F950B1A368C4E90007CC
:1088100003B90370A760314605F0A2FB2046F8BDFE
:10882000206808B100F002F900232360C4E9013395
:108830002046F8BD70B504468C424FF00000C4E9F4
:108840000000A06001D00D680DB9204670BD8E6893
:10885000711C00F001F950B1A368C4E9000603B926
:108860000370A660294605F07BFB204670BD20689A
:1088700008B100F0DBF800232360C4E9013320468F
:1088800070BD00BF10B50446006800F0CFF8204668
:1088900010BD00BF884270B5044609D00D6800685D
:1088A00045B908B100F0C2F80023C4E901332360E0
:1088B000204670BD8E6810B163689E4209D9711C54
:1088C00000F0CAF858B1A368C4E900060BB90370F8
:1088D0002068A660294605F043FB204670BD20684D
:1088E0000028DFD1E0E700BFF8B50446056849B9C4
:1088F00015B1284600F09AF800232360C4E901333B
:108900002046F8BD08460E4605F032FB074615B175
:10891000636898420BD92846791C00F09DF80546FB
:1089200060B1A368C4E900070BB903702568A760AC
:108930003146284605F014FB2046F8BD2068002883
:10894000DAD000F073F8D7E770B5044631B10846C5
:108950000D4605F00DFB58B9204670BD206808B1E2
:1089600000F064F800232360C4E90133204670BDA1
:10897000A2682368861813B161688E420DD9184623
:10898000711C00F069F803460028E7D0A268C4E92A
:10899000000612B902702368A2682946981805F0EB
:1089A000DFFAA660D8E700BFFEE700BF08B501F018
:1089B00077FA4FF47A72A0FB0223900A40EA8350C0
:1089C00008BD00BF014638B54FF47A72002380021B
:1089D000890D04F071F9054601F062FA0446EDF7DD
:1089E00077FC01F05DFA001B854200D838BD281ADB
:1089F000BDE8384001F078BB10B5044601F0CEFD6B
:108A0000022804D02046BDE8104004F059BB01F014
:108A10003FFA204604F054FB044601F0DFFA0CB1A3
:108A2000204610BD02F0D2FFFAE700BF10B50446A1
:108A300001F0B4FD02280AD144B101F029FA204620
:108A400004F046FBBDE8104001F0C8BA10BD204656
:108A5000BDE8104004F03CBB38B504460D4601F0BB
:108A60009DFD022805D029462046BDE8384005F086
:108A70001BBA01F00DFA2046294605F015FA044606
:108A800001F0ACFA0CB1204638BD02F09FFFFAE7C6
:108A900010B5044601F0FCF9204604F011FB044631
:108AA00001F09CFA0CB1204610BD02F08FFF204669
:108AB00010BD00BF50B110B5044601F0E9F92046E1
:108AC00004F006FBBDE8104001F088BA704700BF13
:108AD00038B51C469DF8105043B3002908BF1A460C
:108AE0000123C4E90F01226084F8463002F020F827
:108AF000D4E90F132268A26001FB03F1CB1A1344DF
:108B000000200A44FF21A063E36084F844106260FF
:108B100084F8451004F1100003F0D0FB04F12400A8
:108B200003F0CCFB02F00EF884F84C50204638BD20
:108B3000F8B5074615460E4669B100FB01F0503006
:108B4000FFF7A6FF044690B3002200F1500380F81F
:108B50004620036007E05020FFF79AFF044630B339
:108B600084F846602460C4E90F7601F0E1FFD4E99F
:108B70000F132268A26001FB03F1CB1A13440020FB
:108B80000A44FF21A063E36084F84410626084F823
:108B9000451004F1100003F091FB04F1240003F0F0
:108BA0008DFB01F0CFFF84F84C502046F8BD002427
:108BB0002046F8BD2DE9F04F044685B01D460192D0
:108BC000884601F0B5FFA26BE36BA84F4FF0000998
:108BD0009A424E46C0F08B80022D00F0068101982B
:108BE000002800F03081B9F1000F00F0958001F00D
:108BF000A9FF01F04DF901F09BFF94F84430FF2BE1
:108C000008BF84F8446094F84530FF2B08BF84F80F
:108C1000456001F097FF01A902A801F067FC002858
:108C200040F0188101F084FFA26BE36B9A4277D089
:108C300001F088FF01F07CFF94F845304FFA83FA89
:108C4000BAF1000F1ADD636AC3B104F1240907E029
:108C50000AF1FF33DBB24FFA83FA7BB1636A6BB17F
:108C6000484601F0E9FB0028F2D001F077FC0AF158
:108C7000FF33DBB24FFA83FA002BEFD1FF2384F8E6
:108C8000453001F05FFF01F053FF94F844304FFA94
:108C900083FABAF1000F1ADD2369C3B104F1100998
:108CA00007E00AF1FF33DBB24FFA83FA7BB12369A5
:108CB0006BB1484601F0C0FB0028F2D001F04EFC39
:108CC0000AF1FF33DBB24FFA83FA002BEFD1FF2317
:108CD00084F8443001F036FF01F080F901F028FFFC
:108CE000A26BE36B9A424FF00109BFF475AF226C9F
:108CF000A66B002A40F0FC8025680136002D00F0AC
:108D00001881A663636A002B40F08C8001F01AFF83
:108D1000012005B0BDE8F08F02A801F0DBFB66E79B
:108D200004F1100901F00EFF4846019901F008FB1B
:108D300001F0FEFE94F845A04FFA8AFABAF1000F4E
:108D40001CDD636AD3B104F1240B08E00AF1FF3A99
:108D50005FFA8AF34FFA83FA83B1636A73B15846B4
:108D600001F06AFB0028F1D00AF1FF3A01F0F6FBAE
:108D70005FFA8AF34FFA83FA002BEED1FF2384F8CF
:108D8000453001F0DFFE01F0D3FE94F844304FFA95
:108D900083FABAF1000F06DC15E00AF1FF33DBB20B
:108DA0004FFA83FA7BB123696BB1484601F044FB6B
:108DB0000028F2D001F0D2FB0AF1FF33DBB24FFA08
:108DC00083FA002BEFD1FF2384F8443001F0BAFE80
:108DD00001F004F9002881D14FF080537B6040BF3F
:108DE000BFF34F8FBFF36F8F78E7226CA66B002A1B
:108DF00082D04146E06804F0DBF9236CE268216828
:108E00005B421A448A42E26080F0898062681344BF
:108E1000E360022D00F083800136A663636A002BB5
:108E20003FF474AF04F1240001F006FB00283FF486
:108E30006DAF0E4B4FF080525A6040BFBFF34F8F63
:108E4000BFF36F8F62E7009001F07CFE009805B0E1
:108E5000BDE8F08F01F06CFE94F845506DB2002D26
:108E600018DD636AB3B104F1240607E000ED00E009
:108E7000013DEBB25DB26BB1636A5BB1304601F0AC
:108E8000DBFA0028F4D0013D01F068FBEBB25DB2E3
:108E9000002BF1D1FF2384F8453001F053FE01F09F
:108EA00047FE94F844506DB2002D16DD2369A3B13E
:108EB00004F1100605E0013DEBB25DB26BB1236930
:108EC0005BB1304601F0B8FA0028F4D0013D01F062
:108ED00045FBEBB25DB2002BF1D1FF2384F84430A7
:108EE00001F030FE01F07AF8002005B0BDE8F08F07
:108EF00041465DBBA06804F05BF9A368216C626821
:108F00000B44934206F10106A360FFF4FAAEA66398
:108F1000636A2268A260002B3FF4F8AE82E7002E5D
:108F20007FF4EFAE0123A363636A002B3FF4EEAE40
:108F300078E7606801F084FBA663636A6560002BD4
:108F40007FF470AF00287FF474AFDFE6E06804F0D0
:108F50002FF9236CE26821685B421A448A42E2607E
:108F6000BFF457AF52E700BFF8B50C4679B3002500
:108F70000123216081F84630C1E90F35064601F032
:108F8000D7FDD4E90F322168A56303FB02F39A1AD7
:108F90000A440B44FF27C4E90131E26084F84470BD
:108FA00004F1100084F8457003F088F904F12400FE
:108FB00003F084F901F0C6FDC4E90055E56084F8CA
:108FC0004C602B462A4629462046FFF7F3FD2046F3
:108FD000F8BD00BF2DE9F0418C4682B0044617462B
:108FE000EFF31186402282F31188806BE26B90428E
:108FF00021D3022B05D0002086F3118802B0BDE8F2
:10900000F08194F84550226CD4F838806DB252BB90
:10901000236808F10108002B4FD06B1CC4F838807E
:1090200037D001356DB284F84550012086F31188A0
:1090300002B0BDE8F08194F84550226CD4F8388035
:109040006DB2002AE4D073B9A06804F0B1F8A36847
:10905000216C62680B44934208F10108A360DCD3E1
:109060002368A360D9E76146E068019304F0A0F8A3
:10907000206CE2682168019B404202448A42E2601F
:1090800002D262681044E060022B10D008F101089F
:10909000C3E7636A002BC8D004F1240001F0CCF9C7
:1090A0000028C2D0002FC0D001203860A4E7B8F15A
:1090B000000F08BF4FF00108AFE76068019301F0AF
:1090C000BFFA019B6360A8E738B5EFF31184402332
:1090D00083F31188826BC36B93420ED990F84530AD
:1090E00001325BB282635A1C0BD001335BB280F851
:1090F0004530012084F3118838BD002084F31188A5
:1091000038BD436A002BF4D024300D4601F094F9A9
:109110000028EED0002DECD001202860EAE700BF47
:109120002DE9F047044684B08846019201F000FD25
:10913000D4F83890B9F1000F40F09380019B002BD8
:1091400000F00A8102A801F0C5F9B34F4E4604F1C0
:10915000240501F0F7FC00F09BFE01F0E9FC94F817
:109160004430FF2B08BF84F8446094F84530FF2B4F
:1091700008BF84F8456001F0E5FC01A902A801F0F0
:10918000B5F9002840F0878001F0D2FCA36B002BDA
:1091900040F0E88001F0D6FC0199284601F0D0F8B3
:1091A00001F0C6FC94F845304FFA83F9B9F1000F8D
:1091B00006DC15E009F1FF33DBB24FFA83F97BB12E
:1091C000636A6BB1284601F037F90028F2D001F04C
:1091D000C5F909F1FF33DBB24FFA83F9002BEFD168
:1091E000FF2384F8453001F0ADFC01F0A1FC94F8B8
:1091F00044304FFA83FABAF1000F1ADD2369C3B184
:1092000004F1100907E00AF1FF33DBB24FFA83FAE9
:109210007BB123696BB1484601F00EF90028F2D00A
:1092200001F09CF90AF1FF33DBB24FFA83FA002B0D
:10923000EFD1FF2384F8443001F084FC00F0CEFE2F
:1092400000287ED14FF080537B6040BFBFF34F8F2B
:10925000BFF36F8F01F06CFCD4F83890B9F1000FB8
:1092600076D0226C52B1E168636811449942E160A2
:1092700024BF2168E160404603F09AFF09F1FF3303
:10928000A3632369002B40F0C98001F05BFC01203F
:1092900004B0BDE8F08701F04BFC94F845304FFA7C
:1092A00083F9B9F1000F06DC15E009F1FF33DBB2F9
:1092B0004FFA83F97BB1636A6BB1284601F0BCF8C1
:1092C0000028F2D001F04AF909F1FF33DBB24FFA7E
:1092D00083F9002BEFD1FF2384F8453001F032FCF5
:1092E00001F026FC94F844304FFA83FABAF1000FEB
:1092F0001ADD2369C3B104F1100907E00AF1FF3355
:10930000DBB24FFA83FA7BB123696BB1484601F0B7
:1093100093F80028F2D001F021F90AF1FF33DBB213
:109320004FFA83FA002BEFD1FF2384F8443001F089
:1093300009FC00F053FE01F0FBFBA36B63B101F0ED
:1093400001FC01F0F5FBD4F83890B9F1000F88D199
:10935000019B002B7FF4FDAE01F0F4FB002004B074
:10936000BDE8F08701F0EEFB01F0E2FB94F8453038
:109370004FFA83F9B9F1000F06DC15E009F1FF336C
:10938000DBB24FFA83F97BB1636A6BB1284601F017
:1093900053F80028F2D001F0E1F809F1FF33DBB215
:1093A0004FFA83F9002BEFD1FF2384F8453001F009
:1093B000C9FB01F0BDFB94F844304FFA83FABAF1CF
:1093C000000F1ADD2369C3B104F1100907E00AF1A7
:1093D000FF33DBB24FFA83FA7BB123696BB14846A6
:1093E00001F02AF80028F2D001F0B8F80AF1FF33B2
:1093F000DBB24FFA83FA002BEFD1FF2384F844301D
:1094000001F0A0FB00F0EAFD01F092FBD4F83890E7
:10941000B9F1000F9CD024E700ED00E004F110004A
:1094200001F00AF800283FF430AF054B4FF08052AE
:109430005A6040BFBFF34F8FBFF36F8F25E700BF68
:1094400000ED00E02DE9F043044685B000260191CF
:1094500001F06EFBA36BB24FB0463546002B40F0D7
:10946000F380019B002B00F05D81B8F1000F00F04C
:10947000FC8001F067FB00F00BFD01F059FB94F854
:109480004430FF2B08BF84F8445094F84530FF2B3C
:1094900008BF84F8455001F055FB01A902A801F06E
:1094A00025F800286CD101F043FBA36B002B40F0A2
:1094B000E08001F047FB2368002B00F03C8104F1C1
:1094C00024094846019900F03BFF01F031FB94F874
:1094D00045304FFA83F8B8F1000F06DC15E008F1CB
:1094E000FF33DBB24FFA83F87BB1636A6BB1484656
:1094F00000F0A2FF0028F2D001F030F808F1FF33AD
:10950000DBB24FFA83F8002BEFD1FF2384F845300C
:1095100001F018FB01F00CFB94F844304FFA83F88B
:10952000B8F1000F1ADD2369C3B104F1100907E097
:1095300008F1FF33DBB24FFA83F87BB123696BB1DB
:10954000484600F079FF0028F2D001F007F808F152
:10955000FF33DBB24FFA83F8002BEFD1FF2384F8FF
:10956000443001F0EFFA00F039FD002864D14FF0EB
:1095700080537B6040BFBFF34F8FBFF36F8F5BE0C3
:1095800001F0D6FA94F845304FFA83F8B8F1000F9D
:109590001ADD636AC3B104F1240907E008F1FF335F
:1095A000DBB24FFA83F87BB1636A6BB1484600F0D7
:1095B00043FF0028F2D000F0D1FF08F1FF33DBB207
:1095C0004FFA83F8002BEFD1FF2384F8453001F0E8
:1095D000B9FA01F0ADFA94F844304FFA83F8B8F1D3
:1095E000000F1ADD2369C3B104F1100907E008F187
:1095F000FF33DBB24FFA83F87BB123696BB1484686
:1096000000F01AFF0028F2D000F0A8FF08F1FF33A5
:10961000DBB24FFA83F8002BEFD1FF2384F84430FC
:1096200001F090FA00F0DAFC01F082FAA36B002B53
:1096300000F08A8001F086FA01F07AFAA36B4FF00D
:109640000108002B3FF40DAF2268013BA363002A01
:1096500000F09E802369002B40F0898001F072FAAF
:109660000126304605B0BDE8F08302A800F032FFC5
:10967000FFE601F067FA01F05BFA94F845304FFA23
:1096800083F8B8F1000F1ADD636AC3B104F124094D
:1096900007E008F1FF33DBB24FFA83F87BB1636A6E
:1096A0006BB1484600F0C8FE0028F2D000F056FF2B
:1096B00008F1FF33DBB24FFA83F8002BEFD1FF2321
:1096C00084F8453001F03EFA01F032FA94F8443063
:1096D0004FFA83F8B8F1000F1ADD2369C3B104F122
:1096E000100907E008F1FF33DBB24FFA83F87BB1D2
:1096F00023696BB1484600F09FFE0028F2D000F0CD
:109700002DFF08F1FF33DBB24FFA83F8002BEFD1C6
:10971000FF2384F8443001F015FA00F05FFC8BE77A
:1097200000ED00E0009301F00DFA009B1E4630466C
:1097300005B0BDE8F08301F0FBF9606800F03EFF82
:10974000064601F0FFF9BAE601F0FCF9002E88D0D8
:1097500001F0EEF9616A19B1236B1968C1F10501D5
:10976000606800F099FF002601F0ECF979E704F158
:10977000100000F061FE00283FF470AF064B4FF080
:1097800080525A6040BFBFF34F8FBFF36F8F65E7C2
:1097900000F0B8FF60605DE700ED00E010B5044642
:1097A00001F0C6F9A46B01F0CDF9204610BD00BF51
:1097B000104B5A68904208D0DA68904208BF0122E4
:1097C00004D090F8463093B170470022002110B4C5
:1097D00003EBC20443F8321090F84630616013B1D5
:1097E0005DF8044B70475DF8044BFFF763B9FFF772
:1097F00061B900BFDC9C0020074B1A681AB19A6857
:1098000002B17047012210B403EBC20443F83210D6
:1098100060605DF8044B7047DC9C002070B5054625
:109820000C46164601F084F995F84430FF2B04BF2E
:10983000002385F8443095F84530FF2B04BF002302
:1098400085F8453001F07EF9AB6B2BB932462146E5
:1098500005F1240000F0B0FD01F06AF995F84540EB
:1098600064B2002C16DD6B6AA3B105F1240605E095
:10987000013CE3B25CB26BB16B6A5BB1304600F0A5
:10988000DBFD0028F4D0013C00F068FEE3B25CB2DE
:10989000002BF1D1FF2385F8453001F053F901F099
:1098A00047F995F8444064B2002C16DD2B69A3B14A
:1098B00005F1100605E0013CE3B25CB26BB12B6927
:1098C0005BB1304600F0B8FD0028F4D0013C00F058
:1098D00045FEE3B25CB2002BF1D1FF2385F84430A2
:1098E000BDE8704001F02EB92DE9F041044601F0C9
:1098F0001FF9344A344D1368013313602B68002B71
:109900002FD0324EE36A32682AB3314831490768B2
:109910000A689F4238BF03602F48013203EB83037C
:109920000A6000EB8300E263211D02F0D7FC01F026
:1099300009F933686BB12A68E36AD26A9A4208D29D
:10994000264B4FF080525A6040BFBFF34F8FBFF39A
:109950006F8FBDE8F0812A68D26A9A4298BF2C6066
:10996000D3E72C601368012B02D0E36A174ECCE7D3
:109970001948DFF894801A4F144E02F09FFC1948E2
:1099800002F09CFC184802F099FC184802F096FC82
:10999000174802F093FC404602F090FC384602F073
:1099A0008DFC144802F08AFC134802F087FC13482F
:1099B00002F084FC124B134AC2F800801F60E36A75
:1099C000A3E700BFAC9200203C9200200C93002043
:1099D000C0920020BC9200204892002000ED00E0E0
:1099E000D89200205C920020709200208492002087
:1099F00098920020F89200202493002010930020D9
:109A00004492002040920020C49200202DE9F843A7
:109A1000DDE90964002C60D016B93046BDE8F88352
:109A20000D469700984602233A4684F85130814605
:109A300026633046A52103F0DFFB2A78236B84F8E8
:109A40003420043F2A781F4427F0070702B36B78BD
:109A500084F835306B78DBB1AB7884F83630AB788E
:109A6000B3B1EB7884F83730EB788BB12B7984F88D
:109A700038302B7963B16B7984F839306B793BB12D
:109A8000AB7984F83A30AB7913B1EB7984F83B3099
:109A9000089D042D28BF04250026E5626564201D6D
:109AA00084F83B60A66402F015FCC5F1050504F1DD
:109AB000180002F00FFCE66442464946A5612461A5
:109AC00084F850606462384600F0F6FF206020465B
:109AD000FFF70AFF2046BDE8F8832046BDE8F8837B
:109AE0002DE9F0479600804630460D469946099F7D
:109AF000FEF7CEFF002869D082465420FEF7C8FF4B
:109B0000044600285BD00023C0F830A032465046FF
:109B100084F85130A52103F06FFB2A78236B84F879
:109B20003420043E2A781E4426F0070A02B36B78DC
:109B300084F835306B78DBB1AB7884F83630AB78AD
:109B4000B3B1EB7884F83730EB788BB12B7984F8AC
:109B500038302B7963B16B7984F839306B793BB14C
:109B6000AB7984F83A30AB7913B1EB7984F83B30B8
:109B7000089D042D28BF04250026E5626564201D8C
:109B800084F83B60A66402F0A5FBC5F1050504F16D
:109B9000180002F09FFBE664A561246184F8506020
:109BA00064624A464146504600F086FF206007B195
:109BB0003C602046FFF798FE0120BDE8F087504644
:109BC000FEF778FF4FF0FF30BDE8F0874FF0FF3031
:109BD000F3E700BF70B504464C4E00F0A9FF002C1F
:109BE00039D0251D284602F0A3FBA36A1BB104F15E
:109BF000180002F09DFB29464548464D02F06EFBD9
:109C000094F85030012B04BF002384F8503000F04A
:109C100099FF2B6893B93368A34200D070BD2B68BD
:109C2000DBB93B493C4A09681268914226D03B4B5C
:109C30001B682BB33A4B01221A6070BD00F078FF0D
:109C4000384B1A68126892B9374B4FF0FF321A60DE
:109C500000F078FFDFE73468C3E7344B4FF0805201
:109C60005A6040BFBFF34F8FBFF36F8F70BD1A684C
:109C70002D4BD268D26852681A60E9E7336070BD34
:109C8000274A13603268336812681B6B9A4236D9D0
:109C9000274C284922689300981880000858E0B99A
:109CA000551EAB0058198000085830BB951EAB00FC
:109CB00058198000085800BBD51EAB005819800009
:109CC0000858D0B9151FAB00581980000858A0B922
:109CD000053A930098188000085813449B00CD184B
:109CE00008336868406868600B44984204BF406865
:109CF0006860C3683360226070BD2A46EDE7306853
:109D00003168343101F060FEC2E700BF3C920020B0
:109D1000109300200C930020AC920020B8920020F9
:109D20003C93002040920020F092002000ED00E0E3
:109D3000C09200204892002080B170B51B4D2B6866
:109D400083420AD0044600F0F3FE194B62699A423E
:109D500005D0BDE8704000F0F5BE70BD7047A36A45
:109D6000144A9342F5D0002BF3D1261D304602F061
:109D7000DFFA114AE36A116810488B4288BF13600A
:109D800003EB830300EB8300314602F0A7FA2B6854
:109D9000E26ADB6A9A42DCD3094B4FF080525A6088
:109DA00040BFBFF34F8FBFF36F8FD2E73C920020CD
:109DB00010930020F8920020C092002048920020CA
:109DC00000ED00E070B584B0002503AA02A901A847
:109DD000CDE9015501F0FCFD019C002C46D0029814
:109DE000002843D0039E20630223B600A5213246FB
:109DF00084F8513003F000FA236B1F4A6263201D80
:109E000084F83850043E84F83B50E562C4E91155AB
:109E10001E4402F05FFA04F1180002F05BFA26F02B
:109E200007060523A3612A461449E56430462461E8
:109E3000646284F8505000F03FFE20602046FFF737
:109E400053FD0F4B1C6000F0DBFD012811D14023B6
:109E500083F311880B490C4A0C4B4FF0FF340C6014
:109E600010601D6000F03EFE04B070BD044B002287
:109E70001A6004B070BD00BF49444C456DA1030099
:109E8000EC920020F09200200C93002038930020E8
:109E9000024A136801331360704700BFB892002074
:109EA000014B1868704700BF38930020024A1368BE
:109EB00018441060704700BF389300202DE9F04F20
:109EC0003B4B1B6883B0002B42D13A4B1F680137D4
:109ED0001F60002F4AD0384B01931B68BB423BD810
:109EE000364EDFF8EC80DFF8ECA0DFF8EC900025D0
:109EF00025E03368DB68DC68636804F1040B9F428B
:109F0000584651D302F014FAA36A04F118000BB1B9
:109F100002F00EFAE36AD8F8002003EB83009342C4
:109F200059460AEB800088BFC8F8003002F0D6F925
:109F3000D9F80030E26ADB6A9A4228BF012533680B
:109F40001B68002BD5D1019A4FF0FF33136004E05A
:109F50001B4A13680133136000251A4B1B68002B42
:109F60000CBF2846012003B0BDE8F08F134E164BFE
:109F70003168164A1868306019601368013313603D
:109F800033681B683BB90C4B01931A464FF0FF3303
:109F900013601346A1E73368074ADB680192DB6868
:109FA0005B681360134698E7019A1360D5E700BF1A
:109FB000B892002038930020F092002040920020B8
:109FC000B49200203C93002044920020F4920020A0
:109FD000C0920020489200203C9200202DE9F047DA
:109FE00000F0A6FD354B1A68013A1A601C68002C77
:109FF00057D1334B1B68002B53D0DFF8E0A0314E14
:10A00000314FDFF8DC90DFF8DC80336813B3F3689E
:10A01000DC68251D04F1180002F08AF9284602F0D8
:10A0200087F9E36A3A6803EB83009342294609EB18
:10A03000800088BF3B6002F051F9D8F80030E26A36
:10A04000DB6A9A424FF00103DFD3CAF8003033686D
:10A05000002BDCD13CB11D4B1A6812683ABB1C4B7B
:10A060004FF0FF321A601B4D2C6844B10126FFF7F8
:10A0700025FF08B1CAF80060013CF8D12C60DAF87D
:10A08000003073B1144B4FF080525A6040BFBFF3A1
:10A090004F8FBFF36F8F012400F054FD2046BDE8C1
:10A0A000F087002400F04EFD2046BDE8F0871A68D6
:10A0B000074BD268D26852681A60D4E7B892002081
:10A0C000AC920020F8920020C09200204092002024
:10A0D000F0920020B492002000ED00E03C930020BC
:10A0E000489200203C92002070B548B9184B4FF0C0
:10A0F00080525A6040BFBFF34F8FBFF36F8F70BD68
:10A10000144A15491368154E013313600D6804464F
:10A110003068043002F00CF9336864195C600FD2C7
:10A120000F4B18683168043102F0E8F80D4B1A68DB
:10A13000944238BF1C60FFF751FF0028D6D070BD95
:10A14000094B18683168043102F0D8F8F3E700BF12
:10A1500000ED00E0B8920020389300203C920020EF
:10A1600040920020F0920020449200202DE9F84F08
:10A170003C4E3D4D3D4CDFF80891DFF80881DFF89B
:10A1800008B14FF0805A2368D3B100F0D1FCF368D6
:10A19000DF68381D02F0CCF82B68013B2B60236888
:10A1A000013B236000F0CEFC97F85130002B37D0F4
:10A1B000012BE8D13846FEF77DFC2368002BE4D163
:10A1C0002B4B1B68012B06D9CBF804A040BFBFF373
:10A1D0004F8FBFF36F8F00F041FED9F8003033BBD3
:10A1E000D8F80030DB6A002BCDD1214B1B68012B46
:10A1F000C9D8204B204A1B6812689B1A012BC2D970
:10A200001E4A136801331360D9F80030BBB1D8F887
:10A210000030DB6A0BB9164B1B68FFF7DFFEB2E7B5
:10A22000386BFEF747FC3846FEF744FCABE7D8F83E
:10A230000030DB6A002BA6D10D4B1B68A3E7D8F8D2
:10A240000030DB6A002BE8D1094B1B68012BE4D8F6
:10A25000084B1868084B1B68C01A0128DDD900F0AC
:10A26000DDFCDAE724930020AC920020B0920020BD
:10A2700048920020F092002038930020B8920020ED
:10A28000C09200203C92002000ED00E0274B1B68AC
:10A29000002B40D1264A70B5264C136022682368F3
:10A2A00012681B6B9A423AD9234D24492A689300BD
:10A2B000981880000858E0B9561EB300981980001D
:10A2C000085830BB961EB30098198000085800BB90
:10A2D000D61EB300981980000858D0B9161FB300D5
:10A2E000981980000858A0B9053A93009818800082
:10A2F000085813449B00CE1808337068406870609B
:10A300000B44984204BF40687060C36823602A60B1
:10A3100070BD3246EDE7064B01221A607047206897
:10A320002168343101F050FBBEE700BFB892002035
:10A330003C9300203C920020C092002048920020D4
:10A3400070B5174D2B680C4603F1180101F0D6FFCC
:10A35000144B1E682868043001F0EAFF631C17D014
:10A360002B68A4195C600BD20F4B18682968043164
:10A3700001F0C4FF0D4B1A68944238BF1C6070BDD9
:10A380000B4B18682968BDE87040043101F0B6BF76
:10A39000296808480431BDE8704001F09FBF00BF44
:10A3A0003C9200203893002040920020F092002040
:10A3B000449200201093002070B5194D2B680C4674
:10A3C000164603F1180101F089FF164B5EB11B68B8
:10A3D0002868043001F0ACFF296813480431BDE857
:10A3E000704001F07BBF1E682868043001F0A0FFB8
:10A3F0002B68A4195C600BD20C4B186829680431D7
:10A4000001F07CFF0A4B1A68944238BF1C6070BD93
:10A41000084B18682968BDE87040043101F06EBF30
:10A420003C9200203893002010930020409200209E
:10A43000F09200204492002038B5C368DC6804F133
:10A440001805284601F074FF1A4B1B682BBB251D0D
:10A45000284601F06DFF184AE36A116817488B42DD
:10A4600088BF136003EB8303294600EB830001F0F0
:10A4700035FF134BE26A1B68DB6A9A4282BF114BBD
:10A4800001201860104B1A68126898BF00204AB962
:10A490000E4B4FF0FF321A6038BD29460C4801F0D0
:10A4A0001DFFE6E71A68094BD268D26852681A6045
:10A4B00038BD00BFB8920020C09200204892002012
:10A4C0003C9200203C93002040920020F09200201B
:10A4D000F8920020034A044B12681B68C0E900236D
:10A4E000704700BFF492002038930020F8B50D4665
:10A4F000044600F01DFB2B681649581C0A6813D04F
:10A50000DFF854C0D4E90060DCF80070BE4201D02E
:10A5100090421AD9121A93420BD800232B600125BE
:10A5200000F010FB2846F8BD002500F00BFB284684
:10A53000F8BDDCF800009B1A0A682B60C4E9000231
:10A54000002500F0FFFA2846F8BD012500F0FAFAD0
:10A550002846F8BD38930020F4920020014B0122D8
:10A560001A6070473C930020084B186860B9084B8C
:10A570001B6853B9074A084B10681B68013B984297
:10A5800014BF01200220704700207047F89200207D
:10A590003C93002010930020AC920020054B1B68D8
:10A5A00033B1054B1B68002B0CBF02200020704705
:10A5B000012070470C930020B892002018B3F8B522
:10A5C0001C4CC36A2268D26A934214D28269002A60
:10A5D00004DB2268D26AC2F105028261164D42692B
:10A5E00003EB830305EB83039A420DD02368DB6AF8
:10A5F000C3620120F8BD2368406CDB6A98422CBF1F
:10A6000000200120F8BD7047061D0746304601F0C6
:10A610008FFE2268094BD06A1A68F862904200D90E
:10A62000186000EB800005EB8000314601F056FE1B
:10A630000120F8BD3C92002048920020C0920020EA
:10A6400050B138B5C16A836C426C013B914283645E
:10A6500000D01BB1002038BD00207047051D044606
:10A66000284601F065FE0A4A636C1168E362C3F193
:10A6700005008B42A061074888BF136003EB83038A
:10A6800000EB8300294601F029FE012038BD00BF00
:10A69000C09200204892002048B1426CC36A9142A7
:10A6A00038BF11468B4202D0826C012A00D070471D
:10A6B000826970B5114DC162002A03EB83034269C0
:10A6C000A8BFC1F1050105EB8303A8BF81619A42D0
:10A6D00000D070BD061D0446304601F029FE084B2F
:10A6E000E06A1A68904288BF186000EB800005EBB2
:10A6F00080003146BDE8704001F0F0BD4892002076
:10A70000C0920020044B1A681AB119688A6C013291
:10A710008A641868704700BF3C9200202DE9F04F12
:10A72000AD4EDFF8C482AD4D89B033681C68002C93
:10A7300000F08E80DB681C68FFF7AAFBFFF7B0FB18
:10A74000D8F80030984207465DD38442C8F800002C
:10A7500040F20B810022E11B2868FFF75FF8FFF74A
:10A760003DFC88B99E4A4FF08053536040BFBFF311
:10A770004F8FBFF36F8F07E0019B039920469847E7
:10A78000009B002B80F23881286800226946FEF782
:10A79000C7FC0028C9D0009B029C002BECDB63693E
:10A7A00013B1201D01F0C4FDFFF77AFBD8F800308B
:10A7B0009842814643D3009BC8F80090092BE3D808
:10A7C000012202FA03F313F4047F69D113F0C70FD7
:10A7D00040F0A1809B06D7D594F82C30002BD3D124
:10A7E0002046FEF767F9CFE7DB68DC68D3F800A006
:10A7F00004F10409484601F09BFD636A204698472E
:10A80000E369012B36D033681A68002AECD1754908
:10A81000C8F800700A6832600B60FFF7DFFBB3E72F
:10A82000DB68DF68D3F800B007F1040A504601F096
:10A830007FFD7B6A38469847FB69012B25D033683A
:10A840001A68002AECD167490A6832600B60B2E7E7
:10A85000FFF71EFBFFF724FBD8F8003083420746C2
:10A86000D1D8604BC8F800701B681A68B2FA82F23F
:10A87000520970E7A36953449A45494622D263605E
:10A880002461306801F03AFDBDE7BB695B449B453C
:10A89000514627D27B603F61306801F02FFDCEE743
:10A8A000019B246103EB09024A45A36162602CD835
:10A8B000002B3FF469AF4B4B211D186801F01EFDC2
:10A8C000286862E72B68002B9DD00023CDE9043A6D
:10A8D0000694FFF763FE00231A4604A92868FEF7D2
:10A8E00069F990E72B68002BA9D00023CDE9043B40
:10A8F0000697FFF753FE00231A4604A92868FEF7BF
:10A9000059F99CE74B4500D998B13068211D01F0F9
:10A91000F5FC286839E7019BA269246199182CBFCE
:10A920000120002049456160ECD8A9EB03039A425D
:10A93000C1D8636A20469847E369012B7FF424AFAE
:10A94000019BA2692868134400283FF41EAF00222F
:10A95000CDE904230694FFF721FE00231A4604A93B
:10A960002868FEF727F928680FE7FFF737FB3368F9
:10A97000DB68D3F80C9009F1040A504601F0D8FCCA
:10A98000D9F81C30012B04D0D9F824304846984718
:10A99000FAE6D9F81830C9F81090E218BA42C9F8A6
:10A9A000042004D95146306801F0A8FCECE73F1BB5
:10A9B000BB421BD82B68002BE6D00023CDE9043422
:10A9C000CDF81890FFF7EAFD00231A4604A928687D
:10A9D000FEF7F0F8D8E700BF40930020C4950020B0
:10A9E00000ED00E04493002070950020034B514699
:10A9F000186801F083FCC7E7029CD0E6449300206E
:10AA0000F0B5204C89B000F093F82568FDB100F056
:10AA100099F82068C8B1002407AA06A905A8CDE9BD
:10AA2000054400F0E3FFDDE905300221CDE9001027
:10AA3000079A0293144915482346FEF7E7FF144A84
:10AA40000346001B18BF0120136009B0F0BD114F71
:10AA5000114E384601F032FC304601F02FFC0F4A0F
:10AA60000F4900950F4B17600E600F4A10212020F0
:10AA7000FEF72EF820600028C9D00C49FEF7BCFE76
:10AA8000C5E700BFC4950020980E04001DA7030071
:10AA9000C8950020489500205C9500204093002038
:10AAA000449300207495002048930020900E0400E9
:10AAB000402383F31188FEE730B46FF002034FF0B8
:10AAC0008075074C40F8045C40F80C4C40F8081CBA
:10AAD00040F8202C40F8243C30BC4438704700BF7C
:10AAE000B1AA03000F4C08B5E02384F8223000F02F
:10AAF00077F80D4B0D4A00211960D4F8883043F4E3
:10AB00007003C4F88830536843F0404353602369AE
:10AB100043F01003236100F04FF9402383F31188C1
:10AB2000FEE700BF00ED00E0CC95002030EF00E034
:10AB3000402383F31188024A13680133136070477E
:10AB4000CC950020034A1368013B13600BB983F3D3
:10AB500011887047CC95002041DF704712DF7047A5
:10AB600070B51B4B00251D6082B01B680193019BD3
:10AB7000EFF31186402383F31188164A164BD2F85F
:10AB800004451D601B680093009BFFF789F9241A98
:10AB900024F07F44012C0DD844B1FFF78FF905460E
:10ABA00025B10E4B4FF080525A6040BF86F311889A
:10ABB00002B070BDFFF7F2FC0228EED1013CFFF7B6
:10ABC0007DF9013C631C45EA0005F8D1E8E700BFC8
:10ABD00040110140001001400011014000ED00E073
:10ABE0000B4B0C4930B41F200B4DC3F80805012254
:10ABF0000224E020C3F804232A601A60C3F8444307
:10AC000081F811034FF400330B6030BC704700BF74
:10AC10000010014000E100E0081001402DE9F04182
:10AC2000804684B0EFF3108272B6584CA36883B9A3
:10AC3000574B58480121A160D3F880100140216092
:10AC4000C3F88000D3F8841061604FF0FF31C3F87F
:10AC5000841002B962B6504ED6F80475FFF784FC32
:10AC600000283DD04D4A4E49424528BF4246BB18B8
:10AC700023F07F4301200025C6F80803C6F84035BD
:10AC80000D600B6801934FF480330199C6F80433CB
:10AC9000BFF34F8FB8F1000F54D13F4B404D4149A6
:10ACA0004FF48030C3F80803002028602D68039516
:10ACB000039D08600968029101210298C3F80413FA
:10ACC000D3F804353249DB1B23F07F45954228BF7A
:10ACD00015464FF40033012DC1F8803111D827D02B
:10ACE000A3685BB1EFF3108372B6294A2168116043
:10ACF000616851600022A26003B962B604B0BDE889
:10AD0000F081681EFFF7D2F8274BDB68DA010FD518
:10AD1000264A1368DB070BD5254B516803FB05F565
:10AD2000A5F57425A5F51075AD0A01EB85155560DF
:10AD3000FFF7C4F80028D3D01E4B4FF080525A6062
:10AD400040BFCDE7F1EE103A23F09F03E1EE103A59
:10AD5000F1EE103A0E4B04A84FF480614026C3F880
:10AD60008461C3F8841100F8045DFFF7F7FE9DF8D5
:10AD70000C1039B920BFD3F80001D3F804110143F6
:10AD8000F8D08AE7FFF7E8FE87E700BFF09C0020D5
:10AD900000E100E0FC06FFBD00100140FDFFFF00E8
:10ADA0004011014000110140F0ED00E0001000E012
:10ADB00040420F0000ED00E00748006880F308887B
:10ADC00062B661B6BFF34F8FBFF36F8F4FF0E000F5
:10ADD00080F3118800DF00BF00600200064B196895
:10ADE0000868B0E8F04F80F30988BFF36F8F4FF029
:10ADF000000080F3118870473C920020EFF3098037
:10AE0000BFF36F8F144B1A681EF0100F08BF20EDB0
:10AE1000108A20E9F04F10604DF8043D4FF04000DB
:10AE200080F31188BFF34F8FBFF36F8FFFF72EFAB8
:10AE30004FF0000080F3118808BC19680868B0E87A
:10AE4000F04F1EF0100F08BFB0EC108A80F3098895
:10AE5000BFF36F8F704700BF3C920020704700BF68
:10AE60000A490B4A0B4B9B1A03DD043BC858D050D0
:10AE7000FBDC094809494FF0AD3202600430043967
:10AE8000FBD100F055FCEBF7E3F90000C011040022
:10AE900000600020BC63002000F8032000080000D0
:10AEA000FEE7FEE7FEE7FEE7FEE7FEE7FEE7FEE77A
:10AEB000FEE7FEE708B50020EBF704FAF5F7D0FC53
:10AEC0000E4B43B10E4B7BB1F5F7C2FE00F06CFDAB
:10AED000FDF7BAFAF8E7F5F7BBFE00F065FDF5F708
:10AEE000B7FE00F061FDF6E7F5F7B2FE00F05CFD9D
:10AEF000F5F7AEFE00F058FDF6E700BF00000000D9
:10AF00004984030000B583B000F0BEFEFCF750FC9E
:10AF10000E4B019301234FF480620D4900930D48BD
:10AF20000023FEF7DDFD4FF4407000F05DFEFEF7FC
:10AF300049FFBFF34F8F0849084BCA6802F4E0622B
:10AF40001343CB60BFF34F8F00BFFDE7D0950020C8
:10AF5000A00E0400B5AE030000ED00E00400FA0509
:10AF600038B507480C461546EBF736FB00B938BD37
:10AF70002A4621460248BDE83840EBF705BA00BF33
:10AF8000D8630020FDF738BDFDF736BDFDF74EBD97
:10AF9000FDF74CBD084A094908B5136818448842B2
:10AFA00002D81060184608BD02F03AF80C2303607E
:10AFB0004FF0FF33184608BD9C61002000F80320C5
:10AFC000114B1A78EAB90178104810B40A464FF0CC
:10AFD000804402F00102C1F34001C4F88015C4F8B6
:10AFE00078250268D20706D4E021012280F80013F8
:10AFF000C0F880210260012205481A705DF8044BF8
:10B0000070470448704700BFEC9C002000E100E05E
:10B010000000AD0B0C00AD0B0268074B4FF08040F9
:10B0200010B400214FF46074C0F80843196002B1F5
:10B030001A605DF8044B7047DC9500204FF08043A8
:10B040004FF46072C3F80423704700BF10B54FF08F
:10B05000804386B0D3F80443620705D5D3F80821AE
:10B0600003F58473002A4ED1A30603D52A4B1A6830
:10B07000002A3FD1600603D5284B1A68002A2FD139
:10B08000210602D5264B1A680ABBE20502D5254BDC
:10B090001A6892B9A3050ED5234B1A685AB100223B
:10B0A0001A601A68214B0592059A1B68022006B0A7
:10B0B000BDE81040184706B010BD00221A601B4AB8
:10B0C0001B68049301201368049A9847E2E7002064
:10B0D0001860164A1B6803931368039A9847D4E7CD
:10B0E00000221A60124A1B68029301201368029A18
:10B0F0009847C5E7002018600D4A1B680193136844
:10B10000019A9847B6E700221A600A4A1B68009322
:10B110001368009A9847A7E71401004018010040FF
:10B120001C0100402001004024010040DC9500206B
:10B13000D8950020D49500202DE9F04F04799D4D3D
:10B14000E6003719BF0005EB070E83B09EF81CC060
:10B15000BCF1000F40F0E58091F80CC00068EA51A6
:10B16000CEF80430BCF1010F0B7840F2DE801F2BCB
:10B1700087BF03F01F08DFF840E298464FF0A04E6B
:10B18000012707FA08F7CEF808751F2B8BBF03F0CD
:10B190001F071F46DFF820E24FF0A04E07F5E077CB
:10B1A0004FF001084EF827804F78FF2F00F0E9801C
:10B1B0001F2F8ABF07F01F09B946DFF8FC810097EF
:10B1C00098BF4FF0A04809F5E07A4FF0010E0EFA53
:10B1D00009FE4FF00309C8F80CE548F82A9091F8E9
:10B1E00002E0BEF1FF0F00F0D580BEF11F0F91F815
:10B1F0000EA088BFDFF8C0B1CDF804E08EBF0EF01E
:10B200001F08F0464FF0A04B08F5E0784FEA8A0A95
:10B210004BF828A006EB040805EB880888F820E026
:10B2200091F803E088F81FE0BEF1FF0F2AD091F8F3
:10B230000490F046B9F1000F40F08680BEF11F0F78
:10B2400087BF0EF01F0B5C4FF3464FF0A0474FF047
:10B25000010A0AFA0BFAC7F808A5BEF11F0F86BF4C
:10B260000EF01F08DFF850A14FF0A04A08F5E07873
:10B2700006EB040E4FF0030B05EB8E0E4AF828B0D8
:10B280008EF81E9091F80DE0C0F80835009BD1F8BB
:10B290000880C0F80C351EF1000318BF0123019F80
:10B2A000C0F81075BCF1020FC0F824857FD0BCF146
:10B2B000030F79D0BCF1010F56D0C0F854358B790B
:10B2C000C0F8C035002A58D040220723C0F8042314
:10B2D000C0F800354A79000B43B25201002BD1B2BD
:10B2E000C0B25BDB5A09920002F1604203F1604395
:10B2F000012702F5614203F5614300F01F0007FAE0
:10B3000000F083F80013C2F880011060344405EBAC
:10B3100084052A48002201236A772B7703B0BDE811
:10B32000F08F274803B0BDE8F08F1F2B87BF03F0D5
:10B330001F08DFF884E098464FF0A04E012707FA77
:10B3400008F7CEF80C7520E7BEF11F0F87BF0EF08F
:10B350001F0B194FF3464FF0A0474FF0010A0AFAAE
:10B360000BFAC7F80CA578E743F00203C0F8543590
:10B370008B79C0F8C035002AA6D10723C0F8003564
:10B38000C4E791F802E04FF0FF37BEF1FF0F0097DE
:10B390007FF42BAF4FF0FF3701973BE7094B00F0ED
:10B3A0000F0003441976B1E743F0060385E743F045
:10B3B000040382E7E0950020000300500000AD0B7D
:10B3C0000500AD0BFCEC00E0F0B40479294A0368F9
:10B3D000E1000D19AD005659EEB11F0B7EB2002EE3
:10B3E00011DB760920360123DFF89CC007F01F0728
:10B3F00003FA07F74CF82670BFF34F8FBFF36F8F38
:10B40000555903683DB1081902EB80001A4DC3F885
:10B410000853407F10BB081902EB800090F8200011
:10B42000FF280BD01F288ABF00F01F004FF0A04557
:10B43000124D00F5E070022645F820601048002506
:10B440008342C3F8005502D10E4B012018602144FD
:10B4500002EB810200231377F0BC70470120586192
:10B46000D3F804010028FBD0081902EB8000002566
:10B470004577D0E7E0950020520108000003005016
:10B4800000F0024004F0024000E100E02DE9F04F3E
:10B490000479644F4FEAC40C0CEB04039B0086460E
:10B4A000F8180E46417F83B0002940F0918057F88C
:10B4B00003909046B9F1000F04D012F0140F04BFAE
:10B4C000012343770CEB040507EB850596E80F0095
:10B4D00095F81FA005F10C0BBAF1FF0F8BE80F00D8
:10B4E00010D0AA7F5346002A76D0BAF11F0F86BF2C
:10B4F0000AF01F034C494FF0A041012202FA03F366
:10B50000C1F8083532686AB102F06043B3F1005FF8
:10B5100008D0644407EB8407002344487B7703B0DA
:10B52000BDE8F08FB16821B101F06043B3F1005F75
:10B53000EFD1DEF800307568F068C3F844250022CA
:10B54000C3F84855C3F83415C3F83805C3F81821B3
:10B55000D3F818210192019A18F0010218BF0122B4
:10B56000C3F8502518F0020218BF012218F0080F86
:10B57000C3F8402504BF01221A61B9F1000F0BD0B6
:10B580002B48402218F0040F14BFC3F80823C3F857
:10B59000042303B0BDE8F08FD3F81821002AFBD0B4
:10B5A000BAF1FF0F2CD0644407EB8407BB7F4BB389
:10B5B000BAF11F0F84BF0AF01F0A1B4A1C4898BF2C
:10B5C0004FF0A042012303FA0AF3C2F80C35A6E7B4
:10B5D000184803B0BDE8F08FBAF11F0F4FF0010219
:10B5E00088BF0AF01F0302FA03F388BF0E493268CE
:10B5F00098BF4FF0A041C1F80C35002A84D191E7E3
:10B600000B488CE7BAF11F0F84BF0AF01F0A064AE5
:10B61000074898BF4FF0A042012303FA0AF3C2F88B
:10B6200008357CE7E0950020000300500A00AD0BD0
:10B630000000AD0B0B00AD0B194BD3F8182102B96C
:10B6400070470021174AC3F81811D3F81811D37F97
:10B6500082B0FF2B019101990DD0917F99B11F2BE1
:10B6600086BF03F01F0310484FF0A040012101FAEC
:10B6700003F3C0F80C35002353771372D2E900317D
:10B680000A4802B018471F2B86BF03F01F03064865
:10B690004FF0A040012101FA03F3C0F80835EAE7B2
:10B6A00000300240E095002000030050E8950020A3
:10B6B0001B4BD3F8182102B970470021194AC3F86F
:10B6C0001811D3F8181192F8433082B0FF2B019172
:10B6D00001990ED092F84210A9B11F2B86BF03F03A
:10B6E0001F0311484FF0A040012101FA03F3C0F8F5
:10B6F0000C35002382F8413082F82C30D2E9093130
:10B700000A4802B018471F2B86BF03F01F030648E4
:10B710004FF0A040012101FA03F3C0F80835E8E733
:10B7200000F00240E0950020000300500C9600203D
:10B73000604B1B6830B45C1C37D05F4A082B126822
:10B7400000F08F805B4B5C4A1B681268082B15D099
:10B75000591C23D0584A1268082B12D0574AD2F8E5
:10B76000883043F47003C2F88830BFF34F8FBFF3C3
:10B770006F8F534B534A1A6030BC7047002A00F059
:10B780008280032AEAD84FF08043D3F80024D207FE
:10B7900044BF6FF00102C3F80024DFE74A4A4B4B75
:10B7A00012681B78C2F30312D6E7484A464B127858
:10B7B0001B68082AC3F3031301D1032B53D9424A50
:10B7C000424B12681B78C2F30312082BBAD1032A2A
:10B7D000B8D84FF080523E4BD2F80414C3F820156D
:10B7E000D2F80814C3F82415D2F80C14C3F828159D
:10B7F000D2F81014C3F82C15D2F81414C3F830156D
:10B80000D2F81814C3F83415D2F81C14C3F8401534
:10B81000D2F82014C3F84415D2F82414C3F84815FC
:10B82000D2F82814C3F84C15D2F82C14C3F85015CC
:10B83000D2F83014C3F85415D2F83414C3F8601594
:10B84000D2F83814C3F86415D2F83C14C3F868155C
:10B85000D2F84014C3F86C15D2F84424C3F870250C
:10B8600070E7032A0CD8134B1B684FF0804200216D
:10B87000581CC2F80C11C2F81011C2F838159ED02D
:10B880000D4A1268A1E7134C1349144D2560144862
:10B89000144AFB24C1F8184501681268124C21F0C3
:10B8A0000F0102F00F020A434FF4007102602160A1
:10B8B00050E700BF300100103401001000ED00E03F
:10B8C000A06100200090D003E80F00F0E00F00F02E
:10B8D00000C000408C56004000F00040488103004A
:10B8E000E40E0040580200104096024070B4284C0C
:10B8F000284B2568284CA3FB05639B0C02FB03F235
:10B9000054F82000254B1F28A3FB02324FEA920275
:10B9100034D80123002903FA00F114BF084600209F
:10B920004FF0A04401E0013A25D0D4F810350B4087
:10B930008342F8D001E0013A1DD0D4F810350B4015
:10B940008342F8D1002002E00130824213D0D4F8C3
:10B9500010650E40B342F7D070B1114A43F2C823CC
:10B96000A2FB052503FB00F0AD0900F57A50B0FB02
:10B97000F5F070BC7047002070BC70472038012380
:10B98000002903FA00F114BF08460020054CCCE75B
:10B99000A061002083DE1B438C0D04004FECC44EDD
:10B9A000D34D62100003005008B5EAF791FC054B37
:10B9B0004FF080525A6040BFBFF34F8FBFF36F8F7D
:10B9C00008BD00BF00ED00E0704700BF704700BF3A
:10B9D000044B036010B46423034C0C6013605DF8E7
:10B9E000044B7047289600207C960020054B03608E
:10B9F00010B44FF48073044C0C6013605DF8044B7A
:10BA0000704700BF0C9800206098002070B51F4C54
:10BA100084B04FF0FF3203A92068FDF781FB0028B6
:10BA2000F7D00398037A4568052B0DD8DFE803F0BB
:10BA3000272A221C1503D0E90361D0E90523C06938
:10BA400000903046A847039803681BB11846FCF7DE
:10BA5000EDFF0398FCF7EAFFDBE7D0E90523D0E927
:10BA60000301A8470398EFE7D0E90412C068A8478C
:10BA70000398E9E7D0E90301A8470398E4E7A8475A
:10BA80000398E1E7C068A8470398DDE7649C0020BD
:10BA90002DE9F0432D4B2E4C5B6885B0C3F30803B2
:10BAA000019001AF2068002B44D0002339461A468C
:10BAB000FDF790FA01283AD0DFF89880D8F8000016
:10BAC000002240000421FDF733F8064678B3DFF882
:10BAD0008890D9F80000FEF77DF8FFF729F802E01A
:10BAE0003046FDF767F8002203A92068FDF718FB30
:10BAF00000230546642203A90028F1D12068FDF740
:10BB000057FE2660FFF71EF8D9F80000FEF714F97B
:10BB1000D8F800300D4A20685B00C8F80030536840
:10BB2000C3F30803394653B96422FDF743F805B05F
:10BB3000BDE8F08339466422FDF73CF8BAE72B46AE
:10BB40002A46FDF747FA05B0BDE8F08300ED00E0B6
:10BB5000649C0020609C0020689C00202DE9F84334
:10BB60009DF8205006460F4691469846CDB1A80054
:10BB70000C30FCF741FF044688B10023C0F8049064
:10BB80000572036006B177B92DB1AA00414604F1F0
:10BB90000C0001F00DFB2046FFF77AFF0120BDE805
:10BBA000F8831020E5E73846FCF726FF8146206041
:10BBB000A0B13A46314601F0FBFA002DEBD0691EE8
:10BBC000C9B208EB8101A8F1040353F8042FB24273
:10BBD00008BFC3F800909942F7D1D6E72046FCF79A
:10BBE00025FF4846DBE700BF30B540230B4D83B04F
:10BBF00004460022184604212B60FCF799FF084BED
:10BC0000084918600223CDE90031A2B20023064999
:10BC10000648FDF765FF03B030BD00BF609C002003
:10BC2000649C0020689C0020A80E04000DBA03004C
:10BC30004CDF704711DF704712DF704708B50446CC
:10BC4000FFF7F8FF0D4B4FF080414FF0FF32C3F884
:10BC50008020C3F88021C3F88420C3F88421C1F870
:10BC60001C45BFF34F8F0649064BCA6802F4E062D9
:10BC70001343CB60BFF34F8F00BFFDE700E100E04F
:10BC800000ED00E00400FA054FF08043194AD3F8B4
:10BC90000014194830B41160D3F80054D3F80024CC
:10BCA000164C17492A43C3F80024D4F840250260F3
:10BCB00001224FF40030C3F818259A60C1F88000C3
:10BCC000BFF34F8FBFF36F8F0E4C03F588334FF0E8
:10BCD000A0454FF480304FF0FF31C3F84803C3F85C
:10BCE00008035A609A60C5F80815C4F8081530BCF6
:10BCF000704700BF6C9C0020709C002000A000409A
:10BD000000E100E00003005008B55720FFF796FF60
:10BD100008B54E20FFF792FF00B583B00DF1030088
:10BD2000FFF78AFF9DF80320BAB9114B0121C3F830
:10BD300000211A461960D2F80031002BFBD0D2F84E
:10BD4000080500EE100ABAEECF0A01210023516067
:10BD5000C2F8003103B05DF804FB01A8FFF768FFEB
:10BD60009DED010ABAEECF0A03B05DF804FB00BFF7
:10BD700000C00040014B1860704700BFA461002064
:10BD800002381549042822D8DFE800F0090F151BF6
:10BD90000300124B0120022208601A6070470F4B0B
:10BDA0000020012208601A6070470C4B002002221C
:10BDB00008601A607047094B0020032208601A606F
:10BDC0007047064B0020042208601A607047034A3F
:10BDD00000230B60136070477C9C0020789C00203F
:10BDE0002F2819D8F0B4614B53F82030023B82B0B1
:10BDF0001D2B00F2B980DFE803F011A4A6A8B7B7A5
:10BE0000B7B7B7B7B7B7B7B7B7B7B7B7B7B7B7B7C2
:10BE1000B7B7B7B7AAACAEB0002070470127544BF4
:10BE20001C680023082CADF8063040F398800A2CDB
:10BE300040F397800D2CB5BF0C250E25022303235C
:10BE40004C494D4AC1F8F03501260023DFF834C1D2
:10BE50004A48C1F80065C1F81435C1F81035C2F878
:10BE60001435C2F81035C2F82435C2F82035C2F8AE
:10BE70003435C2F83035C2F84435C2F84035C2F81E
:10BE80005435C2F85035C2F86435C2F86035C2F88E
:10BE90007435C2F870353A4ADCF800300068126830
:10BEA000DFF8E4C01B02000300F4805003F4E063F9
:10BEB0001204034302F4E0229CF80000134343EA17
:10BEC00000630DF10602C1F818350846C1F8147573
:10BED000C1F81075C1F82C26C1F830660E60D0F894
:10BEE0000031002BFBD000210123224AC0F80011B1
:10BEF0004360D2F80431002BFBD0002001231D4900
:10BF0000C2F804019360D1F81431002BFBD0002358
:10BF1000C1F81431BDF80620120448BFADF8063050
:10BF2000144B0022C3F80025BDF80600AC4200B255
:10BF300004D035BF2C1B641BE040A04002B0F0BC15
:10BF4000704702276BE7032769E7042767E70527A0
:10BF500065E7062763E7072761E708275FE7082506
:10BF60006EE70A2501236BE70020E7E78C0D04004C
:10BF7000A461002000700040107000407C9C0020F4
:10BF8000809C0020789C0020749C00202F281BD8C7
:10BF90003C4B53F820301F2B86BF03F01F033A4A57
:10BFA0004FF0A0420E290FD8DFE801F0655F59532A
:10BFB0004D474039322B241D160F080003F5E0735E
:10BFC00040F2037142F82310704703F5E07340F22A
:10BFD000036142F82310704703F5E07340F2035108
:10BFE00042F82310704703F5E07340F2034142F832
:10BFF0002310704703F5E07340F2033142F8231039
:10C00000704703F5E07340F2032142F823107047B4
:10C0100003F5E07340F2031142F82310704703F573
:10C02000E0734FF4403142F82310704703F5E0739A
:10C030004FF4003142F82310704703F5E0731349C1
:10C0400042F82310704703F5E073114942F82310BA
:10C05000704703F5E073042142F82310704703F59D
:10C06000E0730C2142F82310704703F5E0730321BD
:10C0700042F82310704703F5E073002142F82310C3
:10C08000704700BF8C0D0400000300500400020044
:10C090000C0003002F2811D80A4B53F820301F2B17
:10C0A00088BF03F01F034FF001028CBF06484FF01A
:10C0B000A04002FA03F311B1C0F808357047C0F888
:10C0C0000C3570478C0D0400000300502F2818D841
:10C0D0000D4B53F820201F2A8ABF0C494FF0A04176
:10C0E00002F01F02D1F8140501239340034214BF4C
:10C0F000D1F80425D1F81025134214BF01200020E7
:10C1000070470020704700BF8C0D040000030050F2
:10C110002F280DD8074B53F820201F2A86BF02F086
:10C120001F0205494FF0A04101239340C1F80C358F
:10C13000704700BF8C0D04000003005030B4016054
:10C140000022BFF35B8F4260BFF35B8F01688260A8
:10C15000FF254FF0FF340582C2608274C1F8644548
:10C1600030BC7047214B5B6809B90020704710B4A0
:10C17000BFF35B8F4368BFF35B8F994200F1040408
:10C1800016D0BFF35B8F4368BFF35B8F83B903683F
:10C19000D3F86025D3F86405D2430028D3F86805A6
:10C1A0004FEAD272A8BF0132002805DBD3F86C3504
:10C1B00000205DF8044B7047D3F86C050028F7DACF
:10C1C000002AF5D1D3F80035002BF1D1BFF35B8FF6
:10C1D00054E8003F002B03D144E80012002AF7D1B5
:10C1E000BFF35B8F0CBF01200020E2E700ED00E011
:10C1F0001F4B5B6809B90020704710B4BFF35B8F19
:10C200004368BFF35B8F8B4200F1040403D000202E
:10C210005DF8044B70470368D3F86025D3F86405D4
:10C22000D2430028D3F868054FEAD272A8BF013282
:10C23000002802DBD3F86C35E9E7D3F86C05002859
:10C24000E5DA002AE3D1D3F80035002BDFD1BFF3C4
:10C250005B8F54E8003F8B4203D144E80020002864
:10C26000F7D1BFF35B8F0CBF01200020D0E700BFE8
:10C2700000ED00E008B509490948FFF75FFF0949EB
:10C280000948FFF75BFF09490948FFF757FF0949CC
:10C290000948BDE80840FFF751BF00BF00C001409A
:10C2A000849C002000100240989C00200020024046
:10C2B000AC9C002000D00240C09C002000F108038C
:10C2C0004FF0FF310022816002604360C0E9033318
:10C2D000704700BF00230361704700BF43680268D6
:10C2E00010B49C688C609C684B60013261609960FE
:10C2F0005DF8044B08610260704700BF30B40D6800
:10C300006B1C11D000F1080200E01A4653681C684B
:10C31000AC42FAD904684B60013499608A6051607C
:10C320000861046030BC704702695368F2E700BFDF
:10C3300042688168036910B4916081685C684A60F2
:10C340001A68844208BF5960013A002101611A60ED
:10C3500018685DF8044B70470B460146184600F01C
:10C3600051BE000010EE102A22F00041CB0D7F3BA1
:10C37000162B1CDC002B10EE100A21DB1949194189
:10C380000A421CD0DFED187A70EE277AF5EEC07AFB
:10C39000F1EE10FA13DD002A04DD4FF4000242FA38
:10C3A00003F3184420EA010300EE103A7047B1F19C
:10C3B000FF4F04D330EE000A70479FED0C0A704720
:10C3C000DFED097A70EE277AF5EEC07AF1EE10FA19
:10C3D000F5DD002AF1DB0029F7EE007A18BFB0EE98
:10C3E000670A7047FFFF7F00CAF2497100000080B2
:10C3F00010EE102A22F00041CB0D7F3B162B1CDCE7
:10C40000002B10EE100A1EDB194919410A4227D0F1
:10C41000DFED187A70EE277AF5EEC07AF1EE10FAB9
:10C420001EDD002A04DA4FF4000242FA03F3184436
:10C4300020EA010300EE103A7047B1F1FF4F0FD32D
:10C4400030EE000A7047DFED0B7A70EE277AF5EEDA
:10C45000C07AF1EE10FA03DD002A02DB9FED060A36
:10C4600070470029FFEE007A18BFB0EE670A7047E8
:10C47000FFFF7F00CAF249710000000081F0004117
:10C4800002E000BF83F0004330B54FEA41044FEAB9
:10C49000430594EA050F08BF90EA020F1FBF54EA54
:10C4A000000C55EA020C7FEA645C7FEA655C00F0F0
:10C4B000E2804FEA5454D4EB5555B8BF6D420CDDC1
:10C4C0002C4480EA020281EA030382EA000083EA44
:10C4D000010180EA020281EA0303362D88BF30BDE4
:10C4E00011F0004F4FEA01314FF4801C4CEA11313A
:10C4F00002D0404261EB410113F0004F4FEA033399
:10C500004CEA133302D0524263EB430394EA050F23
:10C5100000F0A780A4F10104D5F1200E0DDB02FA92
:10C520000EFC22FA05F2801841F1000103FA0EF226
:10C53000801843FA05F359410EE0A5F120050EF1EC
:10C54000200E012A03FA0EFC28BF4CF0020C43FA1D
:10C5500005F3C01851EBE37101F0004507D54FF02A
:10C56000000EDCF1000C7EEB00006EEB0101B1F57A
:10C57000801F1BD3B1F5001F0CD349085FEA3000C0
:10C580004FEA3C0C04F101044FEA445212F5800FCB
:10C5900080F09A80BCF1004F08BF5FEA500C50F168
:10C5A000000041EB045141EA050130BD5FEA4C0C4B
:10C5B000404141EB010111F4801FA4F10104E9D1D4
:10C5C00091F0000F04BF01460020B1FA81F308BFCB
:10C5D0002033A3F10B03B3F120020CDA0C3208DD97
:10C5E00002F1140CC2F10C0201FA0CF021FA02F172
:10C5F0000CE002F11402D8BFC2F1200C01FA02F1E2
:10C6000020FA0CFCDCBF41EA0C019040E41AA2BF06
:10C6100001EB0451294330BD6FEA04041F3C1CDACE
:10C620000C340EDC04F11404C4F1200220FA04F0EE
:10C6300001FA02F340EA030021FA04F345EA030198
:10C6400030BDC4F10C04C4F1200220FA02F001FA5A
:10C6500004F340EA0300294630BD21FA04F02946DC
:10C6600030BD94F0000F83F4801306BF81F4801175
:10C670000134013D4EE77FEA645C18BF7FEA655CE8
:10C6800029D094EA050F08BF90EA020F05D054EABA
:10C69000000C04BF1946104630BD91EA030F1EBFBF
:10C6A0000021002030BD5FEA545C05D140004941C3
:10C6B00028BF41F0004130BD14F580043CBF01F5B6
:10C6C000801130BD01F0004545F0FE4141F470019C
:10C6D0004FF0000030BD7FEA645C1ABF1946104677
:10C6E0007FEA655C1CBF0B46024650EA013406BF78
:10C6F00052EA033591EA030F41F4002130BD00BF37
:10C7000090F0000F04BF0021704730B54FF48064F3
:10C7100004F132044FF000054FF0000150E700BF74
:10C7200090F0000F04BF0021704730B54FF48064D3
:10C7300004F1320410F0004548BF40424FF00001C0
:10C740003EE700BF42004FEAE2014FEA31014FEA03
:10C7500002701FBF12F07F4393F07F4F81F0605152
:10C76000704732F07F4208BF704793F07F4F04BF9D
:10C7700041F40021704730B54FF4607401F000457A
:10C7800021F000411CE700BF50EA010208BF7047DA
:10C7900030B54FF000050AE050EA010208BF7047CB
:10C7A00030B511F0004502D5404261EB41014FF434
:10C7B000806404F132045FEA915C3FF4D8AE4FF03C
:10C7C00003025FEADC0C18BF03325FEADC0C18BF1F
:10C7D000033202EBDC02C2F1200300FA03FC20FA70
:10C7E00002F001FA03FE40EA0E0021FA02F11444BD
:10C7F000BDE600BF70B54FF0FF0C4CF4E06C1CEAD6
:10C8000011541DBF1CEA135594EA0C0F95EA0C0F46
:10C8100000F0DEF82C4481EA030621EA4C5123EAB9
:10C820004C5350EA013518BF52EA033541F48011E8
:10C8300043F4801338D0A0FB02CE4FF00005E1FB9B
:10C8400002E506F00042E0FB03E54FF00006E1FBE5
:10C8500003569CF0000F18BF4EF0010EA4F1FF0428
:10C86000B6F5007F64F5407404D25FEA4E0E6D4168
:10C8700046EB060642EAC62141EA55514FEAC52079
:10C8800040EA5E504FEACE2EB4F1FD0C88BFBCF5F5
:10C89000E06F1ED8BEF1004F08BF5FEA500E50F1A6
:10C8A000000041EB045170BD06F0004646EA01016C
:10C8B00040EA020081EA0301B4EB5C04C2BFD4EB9E
:10C8C0000C0541EA045170BD41F480114FF0000E97
:10C8D000013C00F3AB8014F1360FDEBF002001F005
:10C8E000004170BDC4F10004203C35DA0C341BDC7F
:10C8F00004F11404C4F1200500FA05F320FA04F051
:10C9000001FA05F240EA020001F0004221F0004184
:10C9100010EBD37021FA04F642EB06015EEA430EF7
:10C9200008BF20EAD37070BDC4F10C04C4F1200527
:10C9300000FA04F320FA05F001FA04F240EA0200DA
:10C9400001F0004110EBD37041F100015EEA430EAB
:10C9500008BF20EAD37070BDC4F1200500FA05F2CB
:10C960004EEA020E20FA04F301FA05F243EA02034A
:10C9700021FA04F001F0004121FA04F220EA020059
:10C9800000EBD3705EEA430E08BF20EAD37070BD9F
:10C9900094F0000F0FD101F00046400041EB01017F
:10C9A00011F4801F08BF013CF7D041EA060195F061
:10C9B000000F18BF704703F00046520043EB03031B
:10C9C00013F4801F08BF013DF7D043EA0603704708
:10C9D00094EA0C0F0CEA135518BF95EA0C0F0CD013
:10C9E00050EA410618BF52EA4306D1D181EA030159
:10C9F00001F000414FF0000070BD50EA410606BF53
:10CA00001046194652EA430619D094EA0C0F02D197
:10CA100050EA013613D195EA0C0F05D152EA0336DC
:10CA20001CBF104619460AD181EA030101F00041FA
:10CA300041F0FE4141F470014FF0000070BD41F043
:10CA4000FE4141F4780170BD70B54FF0FF0C4CF41D
:10CA5000E06C1CEA11541DBF1CEA135594EA0C0F3C
:10CA600095EA0C0F00F0A7F8A4EB050481EA030E89
:10CA700052EA03354FEA013100F088804FEA033370
:10CA80004FF0805545EA131343EA12634FEA02223E
:10CA900045EA111545EA10654FEA00260EF00041FF
:10CAA0009D4208BF964244F1FD0404F5407402D251
:10CAB0005B084FEA3202B61A65EB03055B084FEAE2
:10CAC00032024FF480104FF4002CB6EB020E75EBDF
:10CAD000030E22BFB61A754640EA0C005B084FEA07
:10CAE0003202B6EB020E75EB030E22BFB61A754684
:10CAF00040EA5C005B084FEA3202B6EB020E75EBCF
:10CB0000030E22BFB61A754640EA9C005B084FEA46
:10CB10003202B6EB020E75EB030E22BFB61A754653
:10CB200040EADC0055EA060E18D04FEA051545EA42
:10CB300016754FEA06164FEAC30343EA52734FEAEB
:10CB4000C2025FEA1C1CC0D111F4801F0BD141EA64
:10CB500000014FF000004FF0004CB6E711F4801FC9
:10CB600004BF01430020B4F1FD0C88BFBCF5E06FA9
:10CB70003FF6AFAEB5EB030C04BFB6EB020C5FEAB9
:10CB8000500C50F1000041EB045170BD0EF0004E0E
:10CB90004EEA113114EB5C04C2BFD4EB0C0541EA40
:10CBA000045170BD41F480114FF0000E013C90E63D
:10CBB00045EA060E8DE60CEA135594EA0C0F08BF01
:10CBC00095EA0C0F3FF43BAF94EA0C0F0AD150EA00
:10CBD00001347FF434AF95EA0C0F7FF425AF104693
:10CBE00019462CE795EA0C0F06D152EA03353FF4BB
:10CBF000FDAE1046194622E750EA410618BF52EA38
:10CC000043067FF4C5AE50EA41047FF40DAF52EA0B
:10CC100043057FF4EBAE12E74FEA4102B2F1E04385
:10CC200024BFB3F5001CDCF1FE5C0DD901F0004C13
:10CC30004FEAC0024CEA5070B2F1004F40EB830063
:10CC400008BF20F00100704711F0804F21D113F18F
:10CC50003872BCBF01F00040704741F480114FEAC8
:10CC60005252C2F11802C2F1200C10FA0CF320FA51
:10CC700002F018BF40F001004FEAC1234FEAD3236E
:10CC800003FA0CFC40EA0C0023FA02F34FEA4303D8
:10CC9000CCE77FEA625307D150EA01331EBF4FF061
:10CCA000FE4040F44000704701F0004040F0FE407C
:10CCB00040F40000704700BF53B94AB9002908BFCB
:10CCC00000281CBF4FF0FF314FF0FF3000F072B969
:10CCD000ADF1080C6DE904CE00F006F8DDF804E0D3
:10CCE000DDE9022304B070472DE9F047089E0446B1
:10CCF0008846002B4BD18A42154667D9B2FA82F298
:10CD00004AB1C2F1200701FA02F320FA07F7954071
:10CD100047EA030894404FEA154E230CB8FBFEF790
:10CD20001FFA85FC0EFB178843EA084307FB0CF14A
:10CD3000994209D9EB1807F1FF3080F01B81994225
:10CD400040F21881023F2B445B1AA4B2B3FBFEF001
:10CD50000EFB103344EA034400FB0CFCA44509D944
:10CD60002C1900F1FF3380F00781A44540F20481C3
:10CD700002382C4440EA0740A4EB0C0400271EB103
:10CD8000D4400023C6E900433946BDE8F0878B4212
:10CD900009D9002E00F0EB800027C6E900013846D3
:10CDA0003946BDE8F087B3FA83F7002F47D18B42AD
:10CDB00002D3824200F2FA80841A61EB030301205D
:10CDC0009846002EE0D0C6E90048DDE702B9FFDE54
:10CDD000B2FA82F2002A40F08F80491B4FEA154ECA
:10CDE0001FFA85F80127B1FBFEFC230C0EFB1C117A
:10CDF00043EA014308FB0CF1994207D9EB180CF107
:10CE0000FF3002D2994200F2CD808446591AA3B273
:10CE1000B1FBFEF00EFB101443EA044408FB00F8DB
:10CE2000A04507D92C1900F1FF3302D2A04500F22A
:10CE3000B6801846A4EB080440EA0C409FE7C7F10F
:10CE4000200CBB4022FA0CFE4EEA030E01FA07F456
:10CE500020FA0CF521FA0CF34FEA1E482543B3FBE8
:10CE6000F8F92C0C08FB19331FFA8EFA44EA034335
:10CE700009FB0AF49C4202FA07F200FA07F10BD907
:10CE80001EEB030309F1FF3080F087809C4240F2E3
:10CE90008480A9F1020973441B1BADB2B3FBF8F007
:10CEA00008FB103345EA034400FB0AFAA24508D9FF
:10CEB0001EEB040400F1FF336BD2A24569D902389E
:10CEC000744440EA0940A0FB0289A4EB0A044C45E3
:10CED000C2464B4654D351D0002E69D0B1EB0A055F
:10CEE00064EB030404FA0CFCFD40FC404CEA05052D
:10CEF000C6E90054002747E7C2F1200320FA03F7F0
:10CF0000954001FA02F021FA03F34FEA154E384337
:10CF1000010CB3FBFEF71FFA85F80EFB173341EA4D
:10CF2000034107FB08F38B4204FA02F407D969189E
:10CF300007F1FF3C2FD28B422DD9023F2944CB1A57
:10CF400081B2B3FBFEF00EFB103341EA034100FB5C
:10CF500008F38B4207D9691800F1FF3C17D28B42C6
:10CF600015D902382944C91A40EA07473BE7374632
:10CF7000304609E70746E7E61846FBE64145ABD2EF
:10CF8000B8EB020A69EB0E0201381346A4E76046CB
:10CF9000E9E7184695E76746D1E781467CE702381E
:10CFA0002C4447E7ACF1020C2B442FE7384608E746
:10CFB0003746E9E6704700BF08B5062000F0B4FF29
:10CFC000012002F03BFF00001FB51C46094B1B6807
:10CFD0000546D86852B1084B0091CDE901320749A6
:10CFE0002B46224600F036F8FFF7E6FF044B1A46C0
:10CFF000F2E700BFB8610020B40E0400C10E0400C7
:10D00000EF0E040010B5054C13462CB10A4601463C
:10D010000220AFF3008010BD2046FCE700000000B6
:10D02000014B1868704700BFB861002008B5074B76
:10D03000044613B10021AFF30080054B1868836AE2
:10D0400003B19847204602F0F9FE00BF000000003F
:10D05000F00E04000EB403B5014603AB054853F8C7
:10D06000042B0068019300F0AFF902B05DF804EB07
:10D0700003B07047B861002070B50D4E0D4CA41B75
:10D08000A4100025A54209D10B4E0C4C02F0D8FE8D
:10D09000A41BA4100025A54205D170BD56F825306B
:10D0A00098470135EEE756F8253098470135F2E705
:10D0B000886300208863002088630020B863002014
:10D0C000024B0146186800F0FBB800BFB8610020B1
:10D0D000024B0146186800F0A5B800BFB8610020F7
:10D0E00082B001B901A942B14BB113780B6012783B
:10D0F000101C18BF012002B070471046FBE76FF00C
:10D100000100F8E70000000000000000000000003F
:10D1100001F0FF01102A2BDB10F0070F08D010F8E8
:10D12000013B013A8B422DD010F0070F42B3F6D1EC
:10D13000F0B441EA012141EA014122F007047FF005
:10D1400000070023F0E80256083C85EA010586EA5C
:10D15000010685FA47F5A3FA87F586FA47F6A5FA98
:10D1600087F68EB9EED1F0BC01F0FF0102F00702A4
:10D1700032B110F8013B013A83EA010313B1F8D14F
:10D180000020704701387047002D06BF3546033830
:10D19000073815F0010F07D1013015F4807F02BF69
:10D1A000013015F4C03F0130F0BC0138704700BFBA
:10D1B00010B5431E0A44914200D110BD11F8014B35
:10D1C00003F8014FF7E7884210B501EB020307D8D7
:10D1D000421E99420AD011F8014B02F8014FF8E7BC
:10D1E0008342F5D98118D21AD34200D110BD13F869
:10D1F000014D01F8014DF7E702440346934200D187
:10D20000704703F8011BF9E738B502FB01F421462A
:10D2100000F056F8054618B122460021FFF7ECFF52
:10D22000284638BD38B50546002945D051F8043C9C
:10D230000C1F002BB8BFE41801F0FAFF1F4A136857
:10D24000104633B9636014602846BDE8384001F0E9
:10D25000F0BFA3420CD921686218934204BF1A6838
:10D260005B68636004BF521822600460ECE71346F9
:10D270005A680AB1A242FAD919685818A0420BD1CB
:10D2800020680144581882421960DDD11068526844
:10D290005A6001441960D7E702D90C232B60D3E709
:10D2A000206821188A4204BF11685268626004BF76
:10D2B000091821605C60C7E738BD00BFD49C00201E
:10D2C00070B5CD1C25F0030508350C2D38BF0C2595
:10D2D000002D064601DBA94203D90C233360002050
:10D2E00070BD01F0A5FF214A1468214691B9204C78
:10D2F00023681BB9304600F0DFFD20602946304628
:10D3000000F0DAFD431C24D10C233360304601F0D9
:10D3100090FFE4E70B685B1B18D40B2B0FD90B6055
:10D32000CD50CC18304601F084FF04F10B00231DD2
:10D3300020F00700C31AD3D05A42E250D0E78C4203
:10D340004B6816BF636013600C46EBE70C464968F8
:10D35000CCE7C41C24F00304A04205D0211A3046B7
:10D3600000F0AAFD0130CFD02560DBE7D49C00207F
:10D37000D89C00209368013B002B10B4936008DA1E
:10D380009469A34201DB0A2903D15DF8044B00F044
:10D390004FBE1368581C1060197008465DF8044BA6
:10D3A0007047F8B506460F461446D518AC4201D171
:10D3B000002007E03A4614F8011B3046FFF7DAFF79
:10D3C000431CF3D1F8BD00002DE9F04F9DB00C4691
:10D3D00017460393064618B183690BB901F02CFE7A
:10D3E0007B4B9C4257D17468A38918075DD523698C
:10D3F000002B5AD00023099320238DF829303023A5
:10D400008DF82A304FF0010BB846454615F8013B20
:10D410000BB1252B54D1B8EB070A0BD053463A4633
:10D4200021463046FFF7BDFF013000F0C280099B66
:10D430005344099398F80030002B00F0BA80002381
:10D440004FF0FF32CDE90523049307938DF8533055
:10D450001A93A846052218F8011B5E48FFF758FEEC
:10D46000049B78BBD90644BF20228DF853201A07AD
:10D4700044BF2B228DF853202A782A2A2AD0079AD3
:10D48000A84600200A25414611F8013B303B092BF4
:10D4900069D960B324E0504B9C4201D1B468A3E742
:10D4A0004E4B9C4208BFF4689EE72146304600F090
:10D4B0001FFE00289ED04FF0FF301DB0BDE8F08F5A
:10D4C000A846A2E7434A801A0BFA00F018430490DA
:10D4D0004546BEE7039A111D12680391002A01DB3D
:10D4E000079204E0524243F002030792049398F833
:10D4F00000302E2B0ED198F801302A2B38D1039B07
:10D500001A1D1B680392002BB8BF4FF0FF3308F1C0
:10D5100002080593324D98F8001003222846FFF7C1
:10D52000F7FD40B14023401B03FA00F0049B034386
:10D5300008F10108049398F800102A488DF8281083
:10D54000062208F10107FFF7E3FD002837D0264B3C
:10D550001BBB039B073323F0070308330393099B8B
:10D560004B44099350E705FB0232012088468AE7C5
:10D57000002308F10108059319460A25404610F8D2
:10D58000012B303A092A03D9002BC3D00591C1E7FA
:10D5900005FB012101238046F0E703AB00932246FF
:10D5A000124B04A9304600F0B7F8B0F1FF3F8146B6
:10D5B000D5D1A3895B063FF57EAF09987DE703AB24
:10D5C00000932246094B04A9304600F05BFBECE7D0
:10D5D00074100400FE0E04009410040054100400A3
:10D5E000040F0400080F040019D70300A3D303009D
:10D5F0002DE9FF4755EC104B0D9FDDF830A0002DB5
:10D600000E4691461946B8BF22462B4627F0200702
:10D61000BBBF05F100431D4600232D23B8BF1446B0
:10D62000462F0B7004D0452F00D10136022100E0B7
:10D63000032103AB019302AB00933246534645EC02
:10D64000104B00F051FE472F804602D119F0010F18
:10D6500026D0462F08EB060911D198F80030302B60
:10D660000AD1002200232046294602F03FFB18B9C8
:10D67000C6F10106CAF80060DAF8003099440022C9
:10D6800000232046294602F031FB38B93022039BA3
:10D690004B4505D2591C03911A70F8E7CDF80C9050
:10D6A000039B0E9AA3EB08034046136004B0BDE849
:10D6B000F087F7B500290446BABF49422D232B2332
:10D6C000092904F8022B437020DD0DF107031F46E2
:10D6D0000A2691FBF6F506FB15113031092D03F8EA
:10D6E000011C03F1FF32294609DC3031023B02F80C
:10D6F000011CBB42224604D3101A03B0F0BD1346EE
:10D70000E7E713F8012B04F8012BF2E73023194463
:10D710008370021DC170EFE72DE9F04F8DB00C460C
:10D72000DDF8588016461F46054601F00FFD0368D8
:10D730000493184600F01CFC00230A93D8F800302C
:10D740000590073323F0070303F1080294F818A0AB
:10D75000D4F800B0C8F80020D3E90023C4E91223AC
:10D76000D4E9128929F000430793CDF818804FF0CF
:10D77000FF32A74BDDE9060102F0EAFA70BB4FF079
:10D78000FF32A34BDDE9060102F0C4FA30BB0022F0
:10D7900000234046494602F0B3FA10B12D2384F825
:10D7A00043309C4A9C4BBAF1470F8CBF9046984639
:10D7B00003232BF00402236122604FF0000900973D
:10D7C00033460BAA2146284600F0E6F9013040F026
:10D7D0008D804FF0FF300DB0BDE8F08F42464B46D4
:10D7E0004046494602F0B4FA10B18C4A8C4BDAE755
:10D7F00061684B1C4BF480620AA83ED1062363602B
:10D800000023CDE9020309AB009349EC108B0DF125
:10D8100023032260CDF804A061682846FFF7E8FEE4
:10D820000AF0DF03472B804609D1099BD81C02DB95
:10D830006268934247DDAAF1020A5FFA8AFABAF1F6
:10D84000650F099924D80139524604F15000099115
:10D85000FFF72FFF0A9A1318012A8146236102DC81
:10D860002268D10701D5013323619DF82330002BB5
:10D87000A5D02D2384F84330A1E7BAF1670F00F05B
:10D880007781BAF1470FBBD10029B9D10123B6E79F
:10D89000BAF1660F19D1002963680CDD216113B953
:10D8A0002268D20702D501330B442361099BA3658B
:10D8B0004FF00009D9E713B92268D00701D5023328
:10D8C000F3E70123F1E74FF0670ADDE909329342FC
:10D8D00005DB22682361D107E8D50133E5E7002B9A
:10D8E000D4BFC3F1020301231344DEE723685A05C2
:10D8F00007D42369424631462846B84701302BD128
:10D9000067E7BAF1650F40F2DC8000220023D4E91A
:10D91000120102F0EBF9002833D00123414A3146CD
:10D920002846B84701303FF454AFDDE909239A4255
:10D9300002DB2368D8070FD5DDE9042331462846EA
:10D94000B84701303FF445AF4FF0000804F11A0921
:10D950000A9B013B434509DC23689B0700F10381D7
:10D96000E0680B9B9842B8BF184634E701234A464B
:10D9700031462846B84701303FF42BAF08F1010883
:10D98000E6E7099B002B2BDC0123264A314628467B
:10D99000B84701303FF41DAF099B23B90A9B13B967
:10D9A0002368D907D8D5DDE9042331462846B8478E
:10D9B00001303FF40EAF4FF0000904F11A0A099B41
:10D9C0005B424B4501DC0A9B94E7012352463146FA
:10D9D0002846B84701303FF4FCAE09F10109EEE7F3
:10D9E0000A9AA36D9A42A8BF1A46002A914607DDFB
:10D9F0001346314642462846B84701303FF4E9AE67
:10DA000004F11A034FF0000B29EAE979069315E0B7
:10DA1000FFFFEF7F130F04000F0F04001B0F040024
:10DA2000170F04001F0F04000123069A31462846F1
:10DA3000B84701303FF4CDAE0BF1010BD4F858A03C
:10DA4000AAEB09035B45EFDCDDE909239A42D044E8
:10DA500015DB2368DA0712D40A9B0999A3EB0A02A3
:10DA6000A3EB010A9245A8BF9246BAF1000F0EDC63
:10DA70004FF000082AEAEA7A04F11A0919E0DDE910
:10DA8000042331462846B8470130E5D1A1E6534684
:10DA9000424631462846B8470130E9D199E601238C
:10DAA0004A4631462846B84701303FF492AE08F165
:10DAB0000108DDE909239B1AA3EB0A034345EEDCC9
:10DAC0004AE70A9A012A01DCDB073AD501234246DC
:10DAD00031462846B84701303FF47BAEDDE90423E8
:10DAE00031462846B847013008F101083FF471AECD
:10DAF0000A9B002203F1FF3AD4E91201002302F04D
:10DB0000F5F8C8B95346424631462846B847013071
:10DB10000ED15EE60123524631462846B847013011
:10DB20003FF457AE08F101080A9B013B4345F1DC85
:10DB30004B4604F15002DEE64FF0000804F11A0AE9
:10DB4000F2E70123DFE701234A4631462846B8477A
:10DB500001303FF43EAE08F10108E3680B9A9B1ACE
:10DB60004345F0DCFCE64FF0000804F11909F4E746
:10DB700000293FF48BAE0023CDE9020309AB0093EB
:10DB800049EC108B2260CDF804A00DF12303284648
:10DB9000FFF72EFD804648E62DE9F04791461F46E7
:10DBA0008A680B69DDF820809342B8BF1346C9F834
:10DBB000003091F8432006460C4612B10133C9F8F3
:10DBC00000302368990642BFD9F800300233C9F803
:10DBD0000030256815F0060507D104F1190AE3683D
:10DBE000D9F800209B1AAB4228DC94F84330226815
:10DBF000003318BF012392062DD404F143023946A5
:10DC00003046C047013020D02368E568D9F80020AD
:10DC100003F00603042B08BFAD1AA36822690CBFEA
:10DC200025EAE57500259342C4BF9B1AED184FF015
:10DC300000091A344D451AD1002008E0012352464C
:10DC400039463046C047013003D14FF0FF30BDE8C0
:10DC5000F0870135C3E7E1185A1C302081F84300F2
:10DC6000224494F8451082F843100233C5E701239B
:10DC7000224639463046C0470130E6D009F1010955
:10DC8000D8E700002DE9F04301F1430C0C46097E72
:10DC900085B06E291746064698460C9A00F0B38068
:10DCA00022D8632936D00AD8002900F0B980582933
:10DCB00000F0838004F1420584F8421032E06429C8
:10DCC00001D06929F6D120681368050603F1040123
:10DCD0002AD51B681160002B03DA2D225B4284F8E1
:10DCE00043206F480A2239E0732900F09D8008D84C
:10DCF0006F2920D07029DDD1236843F020032360F1
:10DD000003E0752917D07829D4D1782384F84530D9
:10DD1000644855E01368191D1B68116004F1420541
:10DD200084F8423001238CE01B68116010F0400F32
:10DD300018BF1BB2CFE713682568181D10602806AE
:10DD400001D51B6802E06806FBD51B8854486F2983
:10DD500014BF0A220822002184F843106568A560D8
:10DD6000002DC0F29580216821F004012160002B74
:10DD70003DD1002D40F08E806546082A0BD12368E6
:10DD8000DB0708D5236962689A42DEBF302305F8B5
:10DD9000013C05F1FF35ACEB05032361CDF80080B4
:10DDA0003B4603AA21463046FFF7F6FE01304DD12F
:10DDB0004FF0FF3005B0BDE8F083394884F84510D6
:10DDC000136821681D1D1B6815600A060BD5CA075C
:10DDD00044BF41F0200121601BB9226822F02002DB
:10DDE00022601022B7E74D0648BF9BB2EFE76546B9
:10DDF000B3FBF2F102FB1133C35C05F8013D0B46A6
:10DE00000029F5D1B9E7136825686169181D10600C
:10DE100028061B6801D5196002E06A06FBD5198047
:10DE2000002323616546B9E71368191D11601D6859
:10DE3000626800212846FFF76BF908B1401B60605B
:10DE400063682361002384F84330A7E723692A46E7
:10DE500039463046C0470130AAD023689B0713D407
:10DE6000E068039B9842B8BF1846A3E701234A46DF
:10DE700039463046C04701309AD00135E368039AED
:10DE80009B1AAB42F2DCEBE7002504F11909F5E738
:10DE9000002BACD1037884F8423004F142056CE7E2
:10DEA000210F0400320F0400024B0A460146186895
:10DEB00001F09CBCB861002038B5064C0023054633
:10DEC00008462360FDF766F8431C02D1236803B1BE
:10DED0002B6038BDFC9C00201F2938B504460D4638
:10DEE00004D9162303604FF0FF3038BD426C12B1E5
:10DEF00052F821304BB9204600F030F82A4601464E
:10DF00002046BDE8384000F017B8012B0AD0591C54
:10DF100003D1162303600120E7E7002442F82540DF
:10DF2000284698470020E0E7024B01461868FFF7B3
:10DF3000D3BF00BFB861002038B5074C00230546A9
:10DF400008461146236001F061FF431C02D123689B
:10DF500003B12B6038BD00BFFC9C002001F046BF20
:10DF6000034611F8012B03F8012B002AF9D1704761
:10DF7000034613F8012B002AFBD1181A0138704709
:10DF800010B56AB10139841810F8013B11F8012F5E
:10DF9000934203D1A04201D0002BF5D1981A10BDB5
:10DFA0001046FCE710B5034601448B4202D01A78B4
:10DFB0005C1C0AB9181A10BD2346F6E730B5141ECA
:10DFC00005469BB0184605DA8B232B604FF0FF30D7
:10DFD0001BB030BD4FF40273ADF80C3014BF04F128
:10DFE000FF332346029305934FF6FF73009104918C
:10DFF000ADF80E3002461E9B6946284601F076FCBD
:10E00000431CBCBF8B232B60002CE1D0009B002263
:10E010001A70DDE707B5009313460A460146034828
:10E020000068FFF7CBFF03B05DF804FBB861002088
:10E03000F8B50E461446054618B183690BB900F0D1
:10E04000FBFF214B9C422AD16C68A369A360A38982
:10E050001A072ED5236963B323692068C01A636940
:10E06000F6B28342374604DC2146284600F07AFFA8
:10E0700028BBA368013BA36023685A1C22601E7062
:10E0800063690130834204D0A389DB0719D50A2EC6
:10E0900017D12146284600F065FF90B10FE00B4BE9
:10E0A0009C4201D1AC68D0E7094B9C4208BFEC68A8
:10E0B000CBE72146284600F01BF80028CCD04FF0D3
:10E0C000FF373846F8BD00BF7410040094100400F8
:10E0D0005410040049B1FF2A85BF8A2303600A70E7
:10E0E0004FF0FF3098BF012070470846704700008E
:10E0F000324B70B51D6806460C4625B1AB6913B9A5
:10E10000284600F099FF2E4B9C420FD16C68B4F961
:10E110000C309AB215072CD4D00611D409223260E3
:10E1200043F04003A3814FF0FF303EE0254B9C427B
:10E1300001D1AC68EBE7244B9C4208BFEC68E6E7F2
:10E14000510712D5616B41B104F14403994202D0E9
:10E150003046FFF767F800236363A38923F02403A5
:10E16000A3810023636023692360A38943F008032C
:10E17000A38123694BB9A38903F42073B3F5007F0E
:10E1800003D02146304601F013F8A28912F00103B2
:10E190000CD00023A36063695B42A361236953B978
:10E1A000B4F90C3013F08000BAD170BD920758BF9B
:10E1B0006369A360F2E70020F7E700BFB8610020C1
:10E1C0007410040094100400541004002DE9F74F5B
:10E1D00003690C69A3428046C0F28280013C01F1D0
:10E1E00014074FEA840C00F1140657F8245056F82F
:10E1F000240006EB0C03013507EB0C090193B0FB7F
:10E20000F5F595B34FF0000A3846B646D34650F8B8
:10E21000042B93B205FB03A34FEA134A9BB2ABEB6B
:10E220000303120CDEF800B005FB02A213FA8BF315
:10E230004FEA124A1FFA82FBDEF80020CBEB1242B3
:10E2400002EB23429BB243EA024381454FEA224B51
:10E250004EF8043BDBD256F80C3033B9019B043B3B
:10E260009E421A4630D3C8F81040404601F0F8F9F3
:10E27000002825DB013530464FF0000C57F8042B01
:10E28000D0F800E093B2ACEB0303120C13FA8EF358
:10E29000C2EB1E4202EB23429BB243EA0243B94562
:10E2A0004FEA224C40F8043BE8D256F8242006EB13
:10E2B00084032AB9043B9E421A460BD3C8F8104087
:10E2C000284603B0BDE8F08F1268043B002ACAD18B
:10E2D000013CC5E71268043B002AEFD1013CEAE7A4
:10E2E0000020EEE7000000002DE9F04F57EC106B26
:10E2F00097B0456A069104460B921293DDF8808030
:10E30000CDE900673DB91020FAF776FB6062C0E9FD
:10E3100001550560C560636A196851B15A684A6061
:10E32000012393408B60204600F0B8FF636A00220F
:10E330001A603B1EBBBF23F0004301930023012260
:10E34000ACBFC8F80030C8F80020AF4BDDF804803F
:10E3500033EA080314D1129A42F20F731360009B40
:10E3600023B9C8F31300002800F04285219BDFF891
:10E37000ACB2002B00F044850BF1030300F03EBD6E
:10E38000DDE90067002200233046394601F0AEFC8B
:10E39000814668B1129A01231360219B002B00F083
:10E3A00024859A4B219A03F1FF3B136000F028BDAE
:10E3B00014AA15A947EC106B204601F0C8F9C8F360
:10E3C0000A550490002D7CD0C7F3130343F07F5B04
:10E3D000B2464BF4401BA5F2FF35CDF84C9000221D
:10E3E0008B4B50465946FEF74DF881A3D3E90023E5
:10E3F000FEF700FA80A3D3E90023FEF745F80646AE
:10E4000028460F46FEF78CF97DA3D3E90023FEF7DB
:10E41000F1F902460B4630463946FEF735F8064616
:10E420000F4601F0ABFC00228246002330463946FD
:10E4300001F066FC48B15046FEF772F932463B46A1
:10E4400001F054FC08B90AF1FF3ABAF1160F59D895
:10E45000704901EBCA01DDE90023D1E9000101F0B7
:10E460006DFC002850D00AF1FF3A00230F93149B53
:10E470005D1BB5F1010849BFC5F1010300230593F8
:10E480004FF0000858BF0593BAF1000F3EDB0023A0
:10E49000D044CDF838A00793069B092B00F290805A
:10E4A000052BC4BF043B0693069BA3F10203CCBF1C
:10E4B00000250125032B00F28F80DFE803F07D7F2C
:10E4C0003171DDE914531D4405F23240202813DD7B
:10E4D000C0F14000009B08FA00F805F2124023FA50
:10E4E00000F048EA0000FEF70BF901238246A1F193
:10E4F000F87B013D139372E7009BC0F1200003FA03
:10E5000000F0F0E70123B1E70F90B0E7059BA3EB24
:10E510000A030593CAF10003079300230E93BBE798
:10E5200001230A930B9B002B59DD02939946666ADF
:10E5300000227260042202F114009842716853D9DB
:10E54000204600F077FE636A3060B9F10E0FD3F811
:10E5500000B000F2E680002D00F0E3809DED007B2E
:10E56000BAF1000F8DED107B74DD2A4A0AF00F031B
:10E5700002EBC30393ED007B4FEA2A16F0068DED04
:10E58000087B65D5244BDDE91001D3E90823FEF7AC
:10E590005BFACDE9000106F00F0603251E4F4CE0A3
:10E5A00001230A930B9B534403F1010902934B4649
:10E5B000012BB8BF0123BAE70023B2E70023F0E73D
:10E5C0000125002306930A954FF0FF3302939946E5
:10E5D000002212230B92AAE701230A93F4E70123F6
:10E5E000029399461A46F5E7013171605200A2E79D
:10E5F00061436F63A787D23FB3C8608B288AC63F49
:10E60000FB799F501344D33F0000F07F200F04009C
:10E610000000F83FE0100400B81004004D100400A2
:10E62000F10708D5DDE90801D7E90023FEF7E2F894
:10E63000CDE90801013576100837002EF0D1DDE96B
:10E640000823DDE90001FEF7FFF9CDE900011AE03A
:10E650000225A3E700F0A080CAF100069F4BA04F5F
:10E6600006F00F0203EBC203D3E90023DDE910013A
:10E67000FEF7C0F8CDE90001361100230225002E77
:10E680007FD1002BE1D10F9B002B00F08780DDE9CB
:10E6900000670022934B3046394601F031FB0028D9
:10E6A0007CD0B9F1000F79D0029B002B35DD0AF147
:10E6B000FF330893394600228B4B3046FEF79AF819
:10E6C000CDE90001029F01352846FEF729F8DDE972
:10E6D0000023FEF78FF80022844BFDF7D5FE054698
:10E6E000A1F15076002F5DD10022814BDDE90001C0
:10E6F000FDF7C8FE2A463346CDE9000101F01EFBB6
:10E70000002840F088822A4606F10043DDE9000136
:10E7100001F0F6FA002840F07C82DDE91023CDE913
:10E720000023159B002BC0F25081BAF10E0F00F3AD
:10E730004C816A4B03EBCA0393ED007B0B9B002BD0
:10E740008DED027B80F2D880B9F1000F00F3D48008
:10E7500040F05E820022664B51EC170BFEF74AF840
:10E76000DDE9002301F0E0FA4F464E46002840F074
:10E77000348231230BF101058BF800300AF1010AD4
:10E780002FE2F20705D5D7E90023FEF733F801356C
:10E7900001237610083772E7022574E7CDF820A030
:10E7A0004F4691E74D4B03EBC70353E902010A9B28
:10E7B000002B47D002460B4600204E49FEF744F995
:10E7C0002A463346FDF75EFECDE90C015D46DDE9E4
:10E7D000000101F0D3FA0646FDF7A2FF02460B4600
:10E7E000DDE90001FDF74EFE303605F8016BDDE98D
:10E7F0000C23CDE9000101F083FA002863D1DDE9A3
:10E80000002300203749FDF73DFEDDE90C2301F030
:10E8100077FA002840F0B780A5EB0B039F427FF703
:10E820007CAF0022304BDDE90C01FDF7E3FF002255
:10E83000CDE90C012C4BDDE90001FDF7DBFFCDE953
:10E840000001C4E72A463346FDF7D4FFCDE90C01A9
:10E850000BEB07055E46DDE9000101F08FFA074684
:10E86000FDF75EFF303702460B46DDE90001FDF79C
:10E8700009FE06F8017BAE42CDE900014FF000022F
:10E8800026D11C4BDDE90C01FDF7FEFD02460B46CF
:10E89000DDE9000101F052FA002874D1DDE90C2312
:10E8A00000201449FDF7EEFD02460B46DDE90001AC
:10E8B00001F026FA00283FF430AF15F8013C302B68
:10E8C00005F1FF3202D0DDF820A04AE01546F4E75A
:10E8D000054BFDF78FFFCDE90001BCE7E010040018
:10E8E000B81004000000F03F0000244000001C406D
:10E8F000000014400000E03FDDE900675D46DDE90F
:10E90000022330463946FEF79FF801F037FA804679
:10E91000FDF706FFDDE90223FDF76CFF02460B461B
:10E920003046394608F13006FDF7ACFD05F8016BBD
:10E93000A5EB0B06B14502460B4639D1FDF7A4FD08
:10E94000DDE9022306460F4601F0F8F9C8B9DDE912
:10E9500002233046394601F0C9F910B118F0010F11
:10E960000FD10499204600F099FC0023129A2B70D5
:10E970000AF101031360219B002B00F041821D600E
:10E980003EE2CDF820A015F8012C392A05F1FF331D
:10E9900008D19B450AD1089B0133089330238BF89B
:10E9A00000305B461A7801321A708CE71D46EAE7A0
:10E9B00000229B4BFDF71EFF0022002306460F4658
:10E9C00001F094F900289AD0CBE70A9A002A00F0C7
:10E9D0008B80069A012A6EDC139A002A67D003F214
:10E9E0003343079F059D059A01211A44204605924D
:10E9F000984400F0F3FC0646002D0CDDB8F1000F42
:10EA000009DD4545059A2B46A8BF4346D21A059213
:10EA1000ED1AA8EB0308079BEBB10A9B002B67D00C
:10EA20008FB131463A46204600F078FD049A0146FF
:10EA30000646204600F0DBFC04990890204600F0D2
:10EA40002DFC089B0493079BDA1B04D004992046F5
:10EA500000F064FD04900121204600F0BFFC0E9BF5
:10EA60000746002B00F0D0811A460146204600F0F0
:10EA700055FD069B012B074640DC009B002B39D13E
:10EA8000019BC3F31303002B36D1019B23F00043FA
:10EA90001B0D1B052BB1059B0133059308F10108E4
:10EAA000012307930E9B002B2AD1012030E0149BF9
:10EAB000C3F1360395E7079B09F1FF37BB42BFBFA0
:10EAC000079B0797FA1A0E9BBBBF9B180E93DF1B81
:10EAD0000027B9F1000FB5BF059B059DA3EB090504
:10EAE0004B46B8BF00237EE7079F059D0A9E83E73C
:10EAF000079AABE70023D4E7009BD2E700230793F4
:10EB00003B6907EB8303186900F01AFCC0F1200091
:10EB1000404410F01F0047D0C0F12003042B3BDD20
:10EB2000059BC0F11C000344059305448044059BEC
:10EB3000002B05DD1A460499204600F03DFD0490A7
:10EB4000B8F1000F05DD39464246204600F034FD9D
:10EB500007460F9B53B33946049800F081FD002807
:10EB600024DA00230A220499204600F0AEFB0A9B17
:10EB700004900AF1FF3A002B00F04D81002331464A
:10EB80000A22204600F0A1FB029B002B06464FDC28
:10EB9000069B022B4CDD11E0C9D0059A1C331A44A8
:10EBA00005921D449844C2E70346F6E7B9F1000F09
:10EBB00038DC069B022B35DDCDF80890029B63B94B
:10EBC00039460522204600F080FB0146074604989E
:10EBD00000F046FD00283FF7CCAD0B9B5D466FEA89
:10EBE000030A4FF000093946204600F057FB002E7B
:10EBF0003FF4B7AEB9F1000F05D0B14503D0494697
:10EC0000204600F04BFB3146204600F047FBA8E6CB
:10EC100000273E46E1E7DDF820A03E46A9E500BF1B
:10EC2000000024400A9BCDF80890002B00F0FA80E9
:10EC3000002D05DD31462A46204600F0BDFC064683
:10EC4000079B002B4CD07168204600F0F3FA326924
:10EC500002320546920006F10C010C30FEF7A8FACC
:10EC600001222946204600F0A7FC009BCDF814B0F5
:10EC700003F00103B1460793064639460498FFF7AF
:10EC8000A5FA4946054600F13008049800F0E8FC72
:10EC9000324600903946204600F0FCFCC36802462C
:10ECA00003BB01460890049800F0DAFC089A03467A
:10ECB00011462046089300F0F1FA089BA3B9069A82
:10ECC00092B9079A82B9B8F1390F29D0009B002B6D
:10ECD00001DD05F13108059B5D1C83F8008082E7AA
:10ECE0003046C2E70123E3E7009A002A04DB25D17E
:10ECF000069A1ABB079A0ABB002BECDD0122049985
:10ED0000204600F059FC3946049000F0A9FC002888
:10ED100003DCE0D118F0010FDDD0B8F1390FD8D104
:10ED2000059B059A5D1C3923137015F8013C392B9E
:10ED300005F1FF324FD00133137054E7059A002BD1
:10ED400002F1010506DDB8F1390FE9D008F101083B
:10ED5000059BC2E7029A05F8018CA5EB0B039342D1
:10ED600021D000230A220499204600F0AEFAB145D2
:10ED700004904FF000034FF00A024946204605D1A7
:10ED800000F0A3FA81460646059576E700F09DFA65
:10ED90003146814600230A22204600F096FA0646B4
:10EDA000F2E74FF0000901220499204600F004FC2C
:10EDB0003946049000F054FC0028B6DC02D118F06B
:10EDC000010FB2D115F8013C302B05F1FF327FF471
:10EDD0000AAF1546F6E7934505D131230AF1010A3A
:10EDE0008BF80030FFE615469FE7DFF864B007E0D8
:10EDF000219BDFF860B01BB10BF10803219A13606F
:10EE0000584617B0BDE8F08F069B012B7FF735AE53
:10EE10000E9B079349E6029B002B03DC069B022B0B
:10EE20003FF7CCAE5D4639460498FFF7CFF900F1C5
:10EE3000300805F8018B029AA5EB0B039A42B0DD6E
:10EE400000230A220499204600F03FFA0490EAE7E2
:10EE50001F0F0400441004008A892DE9F041054683
:10EE600010070C4658D44B68002B05DC0B6C002BAC
:10EE700002DC0020BDE8F081E66A002EF9D0002314
:10EE800012F480522F68216A2B6032D0606DA38902
:10EE90005A0705D56368C01A636B0BB1236CC01A9F
:10EEA00000230246E66A216A2846B047431CA3892C
:10EEB00006D129681D2948D8294ACA40D60744D511
:10EEC00000226260D9042269226004D5421C01D16B
:10EED0002B6803B96065616B2F600029C9D004F10C
:10EEE0004403994202D02846FEF79CF90020606353
:10EEF000C0E701232846B047411CC8D12B68002B2E
:10EF0000C5D01D2B01D0162B01D12F60B1E7A389ED
:10EF100043F04003A381ADE70F69002FA9D0930709
:10EF20000E6808BF4B690F6018BF0023A6EB0708E7
:10EF30008B60B8F1000F9CDD43463A46216AA66A11
:10EF40002846B047002806DCA38943F04003A3818C
:10EF50004FF0FF308EE70744A8EB0008E9E700BF59
:10EF60000100402038B50B6905460C46DBB118B1ED
:10EF700083690BB900F060F80C4B9C4209D16C68B6
:10EF8000B4F90C307BB121462846BDE83840FFF784
:10EF900063BF074B9C4201D1AC68F1E7054B9C4233
:10EFA00008BFEC68ECE7002038BD00BF7410040017
:10EFB0009410040054100400002310B50446C0E966
:10EFC0000033836081814366C281C0E90433836179
:10EFD000194608225C30FEF70FF9054B6362054BBA
:10EFE000A362054BE362054B2462236310BD00BF9F
:10EFF000D9FA0300FBFA030033FB030057FB0300BD
:10F00000014900F085B800BF65EF030070B54A1EE6
:10F01000682555430E4605F17401FEF751F9044683
:10F0200040B10021C0E900160C30A06005F1680273
:10F03000FEF7E2F8204670BD836910B5044633BB85
:10F04000C0E912330365124B124A1B688262984270
:10F0500004BF0123836100F01FF86060204600F0C8
:10F060001BF8A060204600F017F80022E0600421A1
:10F070006068FFF7A1FF01220921A068FFF79CFF4C
:10F0800002221221E068FFF797FF0123A36110BD60
:10F09000F00E040001F00300F8B51B4B1E68B369C5
:10F0A000074613B93046FFF7C7FF4836D6E90134A3
:10F0B000013B03D5336833B13668F7E7B4F90C5038
:10F0C0006DB16834F4E704213846FFF79FFF3060E4
:10F0D0000028F1D10C233B6004462046F8BD0B4BC1
:10F0E0006566C4E90055A560C4E90335C4E9055562
:10F0F0000822294604F15C00FEF77EF8C4E90D55AC
:10F10000C4E91255E9E700BFF00E04000100FFFF5B
:10F110002DE9F8438046894600F14804002614B9D9
:10F120003046BDE8F883D4E90175013F01D5246874
:10F13000F5E7AB89012B07D9B5F90E30013303D0C0
:10F1400029464046C84706436835EEE7044B1B682E
:10F15000186A044B002808BF1846F030704700BFFB
:10F16000B86100201C62002070B50E46B1F90E1087
:10F17000002996B014461D4607DA00232B60B38998
:10F180001A0610D44FF480630EE06A4600F00AFDC0
:10F190000028F2DB019A02F47042A2F500535A42B1
:10F1A0005A412A60EEE740230020236016B070BD6C
:10F1B0008B8973B59D0706460C4607D504F14703B6
:10F1C000236023610123636102B070BD01AB6A4615
:10F1D000FFF7CAFF009905463046FEF771F848B9B7
:10F1E000B4F90C309A05EFD423F0030343F0020383
:10F1F000A381E3E70D4BB362A389206043F0800352
:10F20000A381009B6361019B20615BB1B4F90E1087
:10F21000304600F0D9FC28B1A38923F0030343F062
:10F220000103A381A3891D43A581CDE701F003005C
:10F230007047704770B5456A04460E463DB91020C8
:10F24000F9F7DAFB6062C0E901550560C560656ADF
:10F25000EB6883B1636ADB6853F82600B8B9012113
:10F2600001FA06F56A1D92002046FDF7CDFF60B158
:10F27000C0E901650EE0212204212046FDF7C4FF0C
:10F28000636AE860DB68002BE4D1002070BD02688F
:10F2900043F826200023C0E90333F7E770B5446A3A
:10F2A00006460D463CB91020F9F7A6FB7062C0E98E
:10F2B00001440460C4603DB1736A6A68DB6853F856
:10F2C0002210296043F8225070BD2DE9F0410D69EC
:10F2D0001F4606460C4601F1140C0023DCF8000022
:10F2E00081B202FB01710F0C000C02FB007089B2AD
:10F2F000013301EB00419D424FEA10474CF8041BDB
:10F30000ECDCD7B1A368AB4212DC61683046013156
:10F31000FFF790FF2269023204F10C01804692004F
:10F320000C30FDF745FF21463046FFF7B7FF444656
:10F3300004EB850301355F6125612046BDE8F0815E
:10F34000020C12040346B2B90304102013F07F4FDD
:10F3500004BF1B02083013F0704F04BF1B010430C0
:10F3600013F0404F04BF9B000230002B06DB5B0014
:10F3700003D5013070470020E8E72020704703687C
:10F3800013F0070201460BD0DA0723D4980749BFD0
:10F390005B089B0801200B605CBF0B60022070477C
:10F3A00098B2A8B91B0C102013F0FF0F04BF1B0A62
:10F3B00008301A0704BF1B0904309A0704BF9B08D2
:10F3C0000230DA0702D45B0806D001300B607047C8
:10F3D0001046E9E7002070472020704710B50C4622
:10F3E0000121FFF727FF01224461026110BD2DE9D1
:10F3F000F74F14460A6923699A42B8BF0B468846FC
:10F40000BCBFA0461C46D8F81070D4F81090D8F8AD
:10F410000830D8F8041007EB0906B342B8BF013131
:10F42000FFF708FF00F1140505EB860E2B460022BE
:10F43000734516D304F1140208F1140102EB890399
:10F4400001EB87070093009B019293420CD8002E9A
:10F4500003DD5EF8043D002B5DD0066103B0BDE81E
:10F46000F08F43F8042BE3E7B2F800B0BBF1000FD4
:10F4700023D08946AC464FF0000859F8044BDCF81D
:10F4800000A0A3B21FFA8AFA0BFB03A34FEA144AA7
:10F49000DCF8004043444FEA14480BFB0A8404EBB9
:10F4A0001344E2469BB243EA04434F454FEA1448F3
:10F4B0004AF8043B2BD8CCF80480019BB3F802A097
:10F4C0000432BAF1000F20D02B688946A8464FF0CD
:10F4D000000BB9F800C0B8F802400AFB0C445C44C9
:10F4E000C4469BB243EA04434CF8043B59F8043B3E
:10F4F000B8F804B01B0C0AFB03B303EB14434F45ED
:10F500004FEA134B05D8C8F8043004359BE7D446BE
:10F51000B3E7E046DDE7013E99E700002DE9F84357
:10F52000154612F0030206460F4607D0013A214C59
:10F53000002354F82220FFF7C8FE0746AD1035D04F
:10F54000746A3CB91020F9F757FA7062C0E90144B7
:10F550000460C460D6F82480D8F808404CB940F262
:10F5600071213046FFF73AFF0023C8F8080004462F
:10F5700003604FF00008EB070AD5394622463046B3
:10F58000FFF735FF394681463046FFF787FE4F4685
:10F590006D100BD0206838B9224621463046FFF75F
:10F5A00026FF2060C0F800800446E4E73846BDE846
:10F5B000F88300BFA81104002DE9F0470C464FEA7C
:10F5C000621A236949680AEB0309A36807461646CD
:10F5D00009F10105AB4232DB3846FFF72BFE002371
:10F5E000804600F114011A4653452BDB20692AEAB4
:10F5F000EA7A04F1140316F01F0201EB8A0103EB0F
:10F60000800C25D0C2F1200E00201E688A4696404C
:10F6100030434AF8040B53F8040B9C4520FA0EF0D3
:10F6200014D8486008B109F10205013D3846C8F810
:10F6300010502146FFF732FE4046BDE8F087013109
:10F640005B00C7E741F823200133CDE75146DCE7F3
:10F65000043953F8042B41F8042F9C45F9D8E4E70A
:10F6600003690A699B1A30B50CD192001430143129
:10F670008418114454F8045D51F8042D954203D0C8
:10F6800005D30123184630BDA042F3D3FAE74FF06B
:10F69000FF33F7E72DE9F0470D46074611462846A8
:10F6A0001446FFF7DDFF061E08D131463846FFF746
:10F6B000C1FD0123C0E90436BDE8F087A4BF23469D
:10F6C0002C4638466168A6BF1D4600260126FFF776
:10F6D000B1FD2B69C660266905F1140904F1140215
:10F6E00002EB860709EB830800F114054FF0000ECA
:10F6F00052F804AB59F8044B1EFA8AF1A3B2C91AA6
:10F70000230CC3EB1A4303EB214389B24FEA234E88
:10F71000C84541EA0343944645F8043BE8D8BC4554
:10F7200004D355F8043D83B10661C5E75CF8041BBA
:10F730001EFA81F31A1402EB11429BB243EA024310
:10F740004FEA224E45F8043BE9E7013EE9E72DE99F
:10F75000F7430E46012159EC108B1546FFF76AFD61
:10F76000C9F30A540746C9F3130334BB0193B8F134
:10F77000000327D002A840F8083DFFF700FE0099DB
:10F78000F0B1019AC0F1200302FA03F30B43C24027
:10F790007B610192019BBB61002B14BF02210121FF
:10F7A0003961C4B1A4F2334404443460C0F135007B
:10F7B0002860384603B0BDE8F08343F48013D5E7F2
:10F7C0007961E7E701A8FFF7DAFD019B7B61012181
:10F7D00039612030E5E707EB8103A0F23240306069
:10F7E0001869FFF7ADFDC0EB4110E1E7F8B507463A
:10F7F00014460E4621B91146BDE8F840FDF760BD3C
:10F8000022B9FDF70FFD25462846F8BD00F0FEF9A8
:10F81000A0420FD221463846FDF752FD054600288A
:10F82000F2D031462246FDF7C3FC31463846FDF79B
:10F83000F9FCE9E73546E7E72DE9F0478E689E4297
:10F8400082460C469046994637D88A8912F4906FC2
:10F8500031D0256809696F1A6569022305EB4505F2
:10F8600095FBF3F509F101033B449D4238BF1D466A
:10F87000530530D52946FDF723FD064650B90C2324
:10F88000CAF80030A38943F04003A3814FF0FF3052
:10F89000BDE8F0873A462169FDF78AFCA38923F485
:10F8A000906343F08003A381266165613E44ED1BB4
:10F8B0002660A5604E464E4500D94E46324641462A
:10F8C0002068FDF780FCA3689B1BA36023681E448F
:10F8D00026600020DCE72A46FFF788FF064600285E
:10F8E000E2D121695046FDF79DFCC8E72DE9F04FB4
:10F8F0009DB0804603938B891D060C4616460FD596
:10F900000B696BB94021FDF7DBFC2060206128B951
:10F910000C23C8F800304FF0FF30C7E0402363618C
:10F920000023099320238DF8293030238DF82A30C5
:10F930004FF0010B37463D4615F8013B0BB1252B27
:10F940003ED1B7EB060A0BD053463246214640461D
:10F95000FFF772FF013000F0A480099B5344099324
:10F960003B78002B00F09D8000234FF0FF32CDE963
:10F970000523049307938DF853301A932F460522DD
:10F9800017F8011B4F48FDF7C3FB049BD0B9D906FC
:10F9900044BF20228DF853201A0744BF2B228DF834
:10F9A00053202A782A2A15D0079A2F4600200A25A4
:10F9B000394611F8013B303B092B4DD9B8B10FE066
:10F9C0002F46B8E73F4A801A0BFA00F0184304901C
:10F9D0003D46D3E7039A111D12680391002A01DB0B
:10F9E000079204E0524243F00203079204933B78EB
:10F9F0002E2B0CD17B782A2B33D1039B1A1D1B682D
:10FA00000392002BB8BF4FF0FF33023705932E4D02
:10FA1000397803222846FDF77BFB38B14023401B91
:10FA200003FA00F0049B0343013704933978274815
:10FA30008DF8281006227E1CFDF76AFB002838D0BE
:10FA4000234B13BB039B073323F0070308330393B4
:10FA5000099B4B4409936DE705FB023201200F46D9
:10FA6000A6E700230137059319460A25384610F802
:10FA7000012B303A092A03D9002BC8D00591C6E7DB
:10FA800005FB012101230746F0E703AB0093224663
:10FA9000104B04A94046FDF73FFEB0F1FF3F814601
:10FAA000D6D1A3895B063FF536AF09981DB0BDE8F6
:10FAB000F08F03AB00932246064B04A94046FEF7A5
:10FAC000E1F8EAE7FE0E0400040F0400080F04004A
:10FAD00019D7030039F8030010B50C46B1F90E1020
:10FAE00000F09CF80028ABBF636DA3891B1823F4BA
:10FAF0008053ACBF6365A38110BD2DE9F0411F4663
:10FB00008B89DB0505460C46164605D502230022E7
:10FB1000B1F90E1000F068F8A389B4F90E1023F4BF
:10FB20008053A38132463B462846BDE8F04100F0B1
:10FB300017B810B50C46B1F90E1000F055F8431C7B
:10FB4000A38915BF606523F4805343F48053A381D8
:10FB500018BFA38110BDB1F90E1000F013B800005A
:10FB600038B5074C054608461146002222601A4661
:10FB7000FBF7F6F9431C02D1236803B12B6038BDB3
:10FB8000FC9C002038B5064C00230546084623603F
:10FB900000F01CF9431C02D1236803B12B6038BD6F
:10FBA000FC9C002038B5074C00230546084611464A
:10FBB000236000F013F9431C02D1236803B12B60CA
:10FBC00038BD00BFFC9C002038B5064C002305461C
:10FBD0000846236000F012F9431C02D1236803B1E8
:10FBE0002B6038BDFC9C002038B5074C0546084604
:10FBF0001146002222601A4600F010F9431C02D17F
:10FC0000236803B12B6038BDFC9C002051F8043CF4
:10FC1000181F002BBCBF0B58C018704738B5074CD5
:10FC2000054608461146002222601A4600F0FEF8FA
:10FC3000431C02D1236803B12B6038BDFC9C00201B
:10FC40004FF0FF3C06E000BF4FF0010C02E000BFA8
:10FC50004FF0010C4DF804CD4FEA410C7FEA6C5C8B
:10FC60004FEA430C18BF7FEA6C5C1BD001B050EA2E
:10FC7000410C0CBF52EA430C91EA030F02BF90EA19
:10FC8000020F0020704710F1000F91EA030F58BFD8
:10FC9000994208BF90422CBFD8176FEAE37040F03A
:10FCA000010070474FEA410C7FEA6C5C02D150EAD8
:10FCB000013C07D14FEA430C7FEA6C5CD6D152EA93
:10FCC000033CD3D05DF8040B704700BF8446104658
:10FCD00062468C461946634600E000BF01B5FFF757
:10FCE000B7FF002848BF10F1000F01BD4DF808ED27
:10FCF000FFF7F4FF0CBF012000205DF808FB00BFF8
:10FD00004DF808EDFFF7EAFF34BF012000205DF851
:10FD100008FB00BF4DF808EDFFF7E0FF94BF01209E
:10FD200000205DF808FB00BF4DF808EDFFF7CEFF9F
:10FD300094BF012000205DF808FB00BF4DF808EDDE
:10FD4000FFF7C4FF34BF012000205DF808FB00BFAF
:10FD50004FEA410C7FEA6C5C02D150EA013C0AD1C7
:10FD60004FEA430C7FEA6C5C02D152EA033C02D1B9
:10FD70004FF0000070474FF0010070474FEA41021A
:10FD800012F5001215D211D56FF47873B3EB6252ED
:10FD900012D94FEAC12343F0004343EA505311F014
:10FDA000004F23FA02F018BF404270474FF00000A6
:10FDB000704750EA013005D111F0004008BF6FF0E4
:10FDC000004070474FF00000704700BF024B5822C0
:10FDD0001A604FF0FF307047FC9C0020024B582205
:10FDE0001A604FF0FF307047FC9C0020024B5822F5
:10FDF0001A604FF0FF307047FC9C0020024B5822E5
:10FE00001A600020704700BFFC9C0020024B582263
:10FE10001A604FF0FF307047FC9C0020024B5822C4
:10FE20001A604FF0FF307047FC9C0020024B5822B4
:10FE30001A604FF0FF307047FC9C0020FEE700BFC7
:10FE4000F8B500BFF8BC08BC9E467047F8B500BFC7
:10FE5000F8BC08BC9E46704754696E7955534220E1
:10FE600053657269616C0000000000000000000032
:10FE70003165020089630200796302006D6302004C
:10FE8000F16202003D63020011630200D1630200CF
:10FE9000F0FFFFFF000000002965020012010002D0
:10FEA000000000409A2329800001010203010000A4
:10FEB00009020900000100A0320000003031323395
:10FEC00034353637383941424344454652414B7701
:10FED0006972656C6573730052414B343633312D52
:10FEE0006F70656E486F702D5553420041646166B6
:10FEF00072756974000000004D6173732053746F54
:10FF00007261676500000000312E30007573626415
:10FF100000000000050F3900021810050038B6086F
:10FF200034A909A0478BFDA0768815B665000101AC
:10FF3000011C100500DF60DDD88945C74C9CD265E7
:10FF40009D9E648A9F00000306B200020001030028
:10FF50000000000019700200A9700200D5700200B4
:10FF60001D71020029720200FD72020000000000F3
:10FF700000000000757D020000000000857D020089
:10FF8000957D02002D7E02007D7F020000000000B2
:10FF900000000000B5740200CD740200D1740200AC
:10FFA000E9740200B1750200D97702000000000078
:10FFB00000000000758C0200998C02009D8C0200EC
:10FFC000C18C0200E98D020069950200000000006A
:10FFD00000000000997802000979020035790200DA
:10FFE0005D790200917A0200957A0200000000001B
:10FFF000000000004D860200A5860200C1860200B6
:020000024000BC
:10000000E58602003D6D02001D8802000000000030
:100010005F757362645F7164656600003A0000009A
:100020005A0000000000000000000000B1D30200F0
:10003000ADD40200A13D0300AD570300ED5703000E
:100040002D580300B5D302000D7003002D3B0300B3
:10005000C16F03004537030045390300D939030058
:100060005D35030049350300A52303007D620300CD
:10007000A95E03002D670300156A0300F16A0300FF
:10008000092403006923030099670300D961030071
:1000900055630300296503004D3803002938030028
:1000A000E9370300D5320300693F03009D340300A4
:1000B000AD35030095350300BD3403008D380300D2
:1000C00065370300BD3A030095320300693C030025
:1000D000D9350300C934030019370300316F030019
:1000E000796F0300315F0300795F0300315F030024
:1000F000795F0300315F0300795F0300492F03003C
:1001000015350300E9420300A1360300D134030092
:10011000195E0300495E0300AD5F0300695E0300E2
:100120007D5A0300F92D0300492C03002128030008
:10013000BD2A0300C925030055290300F526030045
:100140006D240300F801040018050400E006040013
:100150002A262E2F2B2D2C00FF000000FFFF010070
:10016000FF01FFFFFFFFFFFFFFFFFFFF01FF01FF99
:1001700001000000FFFF010000000000000200007D
:10018000000000000000000000000000000000006F
:1001900000000000000000FF160100006666E63F58
:1001A0008C000101010000FFFF00FFFF00100E00A6
:1001B000FFFF000080250000FF01FF00010000FF9D
:1001C000FFFFFF0000000000000000000000000032
:1001D000000000000000FFFF000000002501FF00FC
:1001E000FF00FF0001FF010000FF0101000000000F
:1001F00000000000FFFF000052414B343633312035
:10020000555342006170706C79436F6E6669672068
:10021000626F6172643D25732066773D257320709F
:1002200077725F7265713D2564207077723D256439
:10023000206D61783D2564207365744F7574707509
:1002400074506F7765723D2564206F63705F6265DF
:10025000666F72653D25646D41206F63705F6166F6
:100260007465723D25646D41000000006167632E76
:1002700072657365742E696E74657276616C206642
:10028000697265642061667465722025752073004B
:100290004F4E00004F4646006175746F2D43414438
:1002A0003A206368616E6E656C20627573792061B7
:1002B0006674657220726574726965732C20616260
:1002C0006F7274205458000054585F524551554580
:1002D0005354206C656E3D2575207372633D257502
:1002E0002073746174653D2564000000737461724D
:1002F000745472616E736D69742829206661696C2B
:1003000065642C2073746174653D256400000000F1
:1003100054585F444F4E452061697274696D653D64
:10032000256C752075732C2073656E742076696159
:10033000207372633D2575005458206861726420F3
:1003400074696D656F7574202825752062797465F0
:10035000732C2064696F315F64656C74613D256C3A
:10036000752920E2809420726573657474696E67E4
:1003700020726164696F000043414420495251205A
:1003800074696D656F757420E28094207265736581
:100390007474696E6720726164696F005345545FBD
:1003A000434F4E4649472072656376207372633D22
:1003B000257520626F6172643D25732066773D2547
:1003C0007320667265713D256C752062773D256CE2
:1003D000752073663D25752063723D257520707705
:1003E000725F7265713D25642073796E633D30786C
:1003F00025303458207072653D2575002D2D2D0057
:100400006175746F2D4341442025730064697370D6
:100410006C6179206E616D6520E2869220272573DC
:1004200027000000726164696F205354414E4442BA
:1004300059000000726164696F20524553554D4563
:1004400020286F6B3D25642900000000454E54456F
:10045000525F424F4F544C4F414445522072657198
:1004600075657374656420E2809420656E746572AE
:10047000696E67205553422073657269616C204430
:10048000465520626F6F746C6F6164657200000086
:100490004F54415F424547494E2072656365697616
:1004A000656420E2809420666C61736820777269CD
:1004B000746572206E6F7420696D706C656D656E09
:1004C000746564006672616D652070617273652089
:1004D0006572726F7220307825303258202873721E
:1004E000633D257529000000494E464F000000007D
:1004F00045525220000000005741524E00000000BB
:100500005B25735D2025730A0000000076312E34D0
:100510002E3000002D00000072616B343633315FE5
:10052000757362005B424F4F545D20726573657452
:100530005F726561736F6E3D256420282573290AFB
:1005400000000000726164696F2E626567696E2049
:100550006E73733D25642064696F313D256420729C
:1005600073743D256420627573793D256420737032
:10057000693D2825642C25642C2564290000000091
:10058000726164696F2E626567696E2028544358F2
:100590004F3D252E3166205629202D3E2025640012
:1005A0005B424F4F545D2053583132363220696ED2
:1005B0006974206661696C656420E2809420636FD1
:1005C0006E74696E75696E67207769746820576903
:1005D0002D46692F636F6E66696720706F72746154
:1005E0006C206F6E6C7900005B494E464F5D207346
:1005F000657444696F3241735266537769746368F6
:10060000287472756529202D3E2025640A0000009B
:100610005B494E464F5D2073657443757272656E1B
:10062000744C696D6974282564206D4129202D3E24
:100630002025640A000000005B494E464F5D207390
:1006400065745278426F6F737465644761696E4D6B
:100650006F6465287472756529202D3E2025640A13
:10066000000000005B494E464F5D20535831323642
:10067000782072656769737465722070617463684D
:1006800020307830384235202D3E2025640A000085
:1006900044494F3120495251206174746163686547
:1006A00064206F6E204750494F2564005B424F4FD6
:1006B000545D206669726D77617265202573206FC5
:1006C0006E20257320726561647920286C6F6F70CD
:1006D0002057445420257573290A00003F0000006C
:1006E0006F70656E686F702D72616B75736200005C
:1006F00000000000000000000000000000000000FA
:100700000000000000000000705F73706920213D50
:10071000204E554C4C0000002F686F6D652F727590
:100720006E6E65722F2E706C6174666F726D696F7C
:100730002F7061636B616765732F6672616D65779A
:100740006F726B2D61726475696E6F616461667240
:100750007569746E726635322F6C69627261726986
:1007600065732F5350492F5350492E63707000000A
:10077000535049436C6173733A3A535049436C6127
:100780007373284E52465F5350494D5F54797065DC
:100790002A2C2075696E74385F742C2075696E740C
:1007A000385F742C2075696E74385F7429000000FE
:1007B0000000FFFF000080000000000008000800AB
:1007C0000000000000000000E8030000FFFFFFFF42
:1007D000FFFFFFFFFFFFFFFFFFFFFFFFFFFFFFFF29
:1007E0000000000000000000BD210300D52203002E
:1007F000C5220300B5220300A522030095220300B1
:100800008922030081220300A52103007D22030029
:100810004522030031220300C121030021220300ED
:10082000D121030019220300C9210300052303007D
:10083000E522030005220300F9210300F52103004E
:10084000B9210300697303000000000000000000EC
:100850000338FDD8704700000000D9439A999940A9
:100860000A0000000000D9439A9999400000A04076
:100870000000FA420A0010000000D9430000FA42CA
:100880000907120A0800000022FB120011032100D0
:100890001106210322021406110B120B110E120E67
:1008A00011141116220B13152111240D21142116D8
:1008B0002215231541134114331452136116521695
:1008C00053166316641674165358313236310000CD
:1008D00000000000000000009123030095230300A6
:1008E000A13D0300AD570300ED5703002D58030051
:1008F000B93203000D7003002D3B0300C16F0300EC
:100900004537030045390300D93903005D3503003D
:1009100049350300A52303007D620300A95E03009F
:100920002D670300156A0300F16A03000924030020
:100930006923030099670300D9610300556303002D
:10094000296503004D38030029380300E937030007
:10095000D5320300693F03009D340300AD35030029
:1009600095350300BD3403008D380300653703005F
:10097000BD3A030095320300693C0300D9350300FA
:10098000C934030019370300316F0300796F030086
:10099000315F0300795F0300315F0300795F03007B
:1009A000315F0300795F0300492F03001535030011
:1009B000E9420300A1360300D1340300195E0300AD
:1009C000495E0300AD5F0300695E03007D5A0300CA
:1009D000F92D0300492C030021280300BD2A030040
:1009E000C925030055290300F52603006D240300E3
:1009F000FFFFFFFF000000008001000080010000F9
:100A000012AD101B12AD000000000000000000003D
:100A10001135030035370300A13D0300AD57030036
:100A2000ED5703002D580300B93203000D70030089
:100A30002D3B0300C16F0300453703004539030018
:100A4000D93903005D35030049350300C56E030045
:100A50007D620300A95E03002D670300156A030091
:100A6000F16A0300D56E0300DD6E03009967030091
:100A7000D961030055630300296503004D38030065
:100A800029380300E9370300D5320300693F03002A
:100A90009D340300AD35030095350300BD340300DC
:100AA0008D38030065370300BD3A0300953203001B
:100AB000693C0300D9350300C9340300193703002A
:100AC000316F0300796F0300315F0300795F03002A
:100AD000315F0300795F0300315F0300795F03003A
:100AE000AD6E030015350300E9420300A136030093
:100AF000D1340300195E0300495E0300AD5F0300BB
:100B0000695E03007D5A030001010000010001003D
:100B100000000100010000005000B0001801780141
:100B2000B0021803C8053006300C980C0F060300FD
:100B300000122436480416283A4C081A2C3E0C1E83
:100B400030421022344601132537490517293B4D01
:100B5000091B2D3F0D1F3143112335470214263841
:100B60004A06182A3C4E0A1C2E400E203244031519
:100B700027394B07192B3D4F0B1D2F410F213345B3
:100B80003500420055006B008400AB00D70008011F
:100B90005601AE011002AC025C0320045805B506F4
:100BA0003C08AC0A640D6B101F170F1E160E1D15A6
:100BB0000D1C140C1B130B1A120A1911090000004A
:100BC0000108AC0000000000000000000000000070
:100BD00000000000956E0300A56E0300A96F0300DE
:100BE000AD6E0300A56E03000D7003009D6E030043
:100BF000C16F0300A56E0300A56E0300B56E030070
:100C0000BD6E0300A56E0300C56E0300C56E030034
:100C1000C56E0300AD6E0300AD6E0300CD6E030024
:100C2000D56E0300DD6E0300B56E0300BD6E0300DC
:100C3000E56E0300E56E0300F56E0300FD6E030034
:100C4000FD6E0300056F0300116F0300116F0300B9
:100C5000156F0300BD6E0300BD6E0300A56E03009B
:100C60001D6F0300A56E0300A56E03001D6F03003A
:100C7000256F0300296F03002D6F0300316F030000
:100C8000796F0300296F03009D6F0300296F030034
:100C90009D6F0300296F03009D6F0300AD6E03007D
:100CA0001D6F0300A16F0300A56E0300A989030057
:100CB000302112031203302103122130213003129C
:100CC000437034072516526152612516340743706C
:100CD000073470436152162516256152704307345C
:100CE000340743705261251625165261437034074C
:100CF000704307341625615261521625073470433C
:100D000000000000000000000000000000000000E3
:100D1000A9890300A9890300A9890300A9890300FF
:100D2000A9890300A9890300A9890300A9890300EF
:100D3000A9890300A9890300A9890300A9890300DF
:100D4000A9890300A9890300A98903005973030035
:100D5000597303005D73030061730300597303004B
:100D600065730300697303000000000000000000C9
:100D7000B9730300E1730300996A02009D730300D5
:100D8000A1730300A9730300B1730300FF00000007
:100D9000FF0000000200000003000000040000004B
:100DA0000500000006000000070000000800000029
:100DB000090000000A0000000B0000000C00000009
:100DC0000D0000000E0000000F00000010000000E9
:100DD00011000000120000001300000014000000C9
:100DE00015000000160000001700000018000000A9
:100DF000190000001A0000001B0000001C00000089
:100E00001D0000001E0000001F0000002000000068
:100E10002100000022000000230000002400000048
:100E20002500000026000000270000002800000028
:100E3000290000002A0000002B0000002C00000008
:100E40002D0000002E0000002F0000000000000018
:100E500000000000D57703000D0A0000000000002C
:100E6000000000004D7E0300997E0300097E030010
:100E7000217E0300F17D0300017E0300F97D030064
:100E8000F57E0300198103004D7D0300457D0300BD
:100E9000546D725100000000546D7220537663004F
:100EA0006C6F6F700000000043616C6C6261636B7B
:100EB000000000002C2066756E6374696F6E3A2026
:100EC00000617373657274696F6E2022257322202E
:100ED0006661696C65643A2066696C6520222573D9
:100EE000222C206C696E65202564257325730A0009
:100EF000BC6100204300504F534958002E00232D61
:100F0000302B2000686C4C006566674546470049F9
:100F10004E4600696E66004E414E006E616E0030B6
:100F20000030313233343536373839414243444565
:100F300046003031323334353637383961626364D4
:100F4000656600002020202020202020202828283E
:100F50002828202020202020202020202020202081
:100F600020202020881010101010101010101010C9
:100F700010101010040404040404040404041010E9
:100F80001010101010414141414141010101010186
:100F90000101010101010101010101010101011032
:100FA000101010101042424242424202020202025B
:100FB0000202020202020202020202020202021003
:100FC00010101020000000000000000000000000D1
:100FD0000000000000000000000000000000000011
:100FE0000000000000000000000000000000000001
:100FF00000000000000000000000000000000000F1
:1010000000000000000000000000000000000000E0
:1010100000000000000000000000000000000000D0
:1010200000000000000000000000000000000000C0
:1010300000000000000000000000000000000000B0
:1010400000000000496E66696E697479004E614E59
:101050000000000000000000000000000000000090
:101060000000000000000000000000000000000080
:101070000000000000000000000000000000000070
:101080000000000000000000000000000000000060
:101090000000000000000000000000000000000050
:1010A0000000000000000000000000000000000040
:1010B00000000000000000000080E03779C34143D9
:1010C000176E05B5B5B89346F5F93FE9034F384DAE
:1010D000321D30F94877825A3CBF737FDD4F15755A
:1010E000000000000000F03F00000000000024406D
:1010F00000000000000059400000000000408F4048
:10110000000000000088C34000000000006AF840B2
:101110000000000080842E4100000000D0126341D6
:101120000000000084D797410000000065CDCD414C
:10113000000000205FA00242000000E8764837422D
:10114000000000A2941A6D42000040E59C30A242CB
:101150000000901EC4BCD64200003426F56B0C4340
:101160000080E03779C3414300A0D88557347643E7
:1011700000C84E676DC1AB43003D9160E458E14348
:10118000408CB5781DAF154450EFE2D6E41A4B44BD
:1011900092D54D06CFF08044F64AE1C7022DB54402
:1011A000B49DD9794378EA44050000001900000095
:0811B0007D00000000000000BA
:0811B8009850FE7F01000000C9
:1011C000000000000A00000000000306B200080052
:1011D00001000000A800080002000000A0001400A8
:1011E000030057494E555342000000000000000024
:1011F00000008400040007002A0044006500760017
:1012000069006300650049006E00740065007200AB
:101210006600610063006500470055004900440016
:101220007300000050007B00390037003500460095
:1012300034003400440039002D00300044003000F8
:1012400038002D0034003300460044002D003800E3
:101250004200330045002D003100320037004300CA
:101260004100380041004600460046003900440075
:101270007D000000000000000400000010000C00D1
:10128000F4720020100004000000000000000000C4
:10129000000000000000000000000000000000004E
:1012A000000000000000000000000000000000003E
:1012B000000000000000000000000000000000002E
:1012C000000000000000000000000000000000001E
:1012D0000000000000000000FF00FFFF16000000FB
:1012E0000000C6C25051D53324F40000080816127D
:1012F0000010000000000000FFFF00000A010000D5
:101300000D0A526164696F4C696220496E666F0A0A
:1013100056657273696F6E3A202022372E382E314F
:101320002E30220D0A506C6174666F726D3A202265
:101330004164616672756974206E52463532220DC1
:101340000A224F6374202036203230323622202287
:1013500031363A35313A323722000000009D002004
:101360000090D0030A000000849C0020989C00207C
:10137000AC9C0020C09C0020BC610020000000004C
:1013800074100400941004005410040000000000C5
:10139000000000000000000000000000000000004D
:1013A000000000000000000000000000000000003D
:1013B000000000000000000000000000000000002D
:1013C000000000000000000000000000000000001D
:1013D00000000000000000000000000043000000CA
:1013E00000000000000000000000000000000000FD
:1013F00000000000000000000000000043000000AA
:1014000000000000000000000000000000000000DC
:101410000000000000000000000000004300000089
:1014200000000000000000000000000000000000BC
:101430000000000000000000000000004300000069
:10144000000000000000000000000000000000009C
:101450000000000000000000000000004300000049
:10146000000000000000000000000000000000007C
:101470000000000000000000000000004300000029
:10148000000000000000000000000000000000005C
:101490000000000000000000000000004300000009
:1014A000000000000000000000000000000000003C
:1014B000000000000000000000000000D5E0030074
:1014C000E1D0030000000000430F0400FC0E040004
:1014D000EF0E0400EF0E0400EF0E0400EF0E040008
:1014E000EF0E0400EF0E0400EF0E0400EF0E0400F8
:1014F000EF0E0400FFFFFFFFFFFFFFFFFFFFFFFFF7
:10150000FFFF000001004153434949000000000073
:1015100000000000000000000000000000000000CB
:101520000000000000004153434949000000000052
:1015300000000000000000000000000000000000AB
:10154000000000000000000001620200356202009D
:1015500025660200B5D202000DD70200ED1003008F
:10156000A1570300D97103002D770300317D0300DB
:0C157000B983030075C203001162020081
:040000033000AE61BA
:00000001FF
